{
  "avg_path_score": 0.3003564490634286,
  "original_path_ratio": 0.9610062893081761,
  "predicted_path_ratio": 0.0389937106918239,
  "target_hit@1": 0.0,
  "target_hit@3": 0.007547169811320755,
  "target_hit@10": 0.02012578616352201,
  "target_mrr": 0.01277699241763002,
  "pathway_hit@1": 0.03018867924528302,
  "pathway_hit@3": 0.2930817610062893,
  "pathway_hit@10": 0.45660377358490567,
  "pathway_mrr": 0.17489746505235937,
  "disease_hit@1": 0.27672955974842767,
  "disease_hit@3": 0.39245283018867927,
  "disease_hit@10": 0.5044025157232704,
  "disease_mrr": 0.3602565196589784,
  "symptom_hit@1": 0.0012578616352201257,
  "symptom_hit@3": 0.007547169811320755,
  "symptom_hit@10": 0.013836477987421384,
  "symptom_mrr": 0.01133701054433355,
  "fusion_auc": 1.0,
  "fusion_auprc": 1.0,
  "stage1_auprc": 0.5
}