Compound ID,	Common name,Gene Symbol,UniprotID,lit_n
C0001,(-)-Demecolcine,MAPK1,P28482,1
C0002,Decursinol,MMP2,P08253,1
C0002,Decursinol,MMP9,P14780,1
C0003,Deguelin,AKT1,P31749,4
C0003,Deguelin,AURKB,Q96GD4,3
C0003,Deguelin,Bcl2l1,Q64373,1
C0003,Deguelin,CDC45,O75419,1
C0003,Deguelin,GSK3B,P49841,1
C0003,Deguelin,MCM3,P25205,1
C0003,Deguelin,MET,P08581,1
C0003,Deguelin,NEK2,P51955,1
C0003,Deguelin,NFKB1,P19838,1
C0003,Deguelin,NPM1,P06748,1
C0003,Deguelin,PIGK,Q92643,1
C0003,Deguelin,STAT1,P42224,1
C0003,Deguelin,STAT3,P40763,1
C0004,Delphinidin,AKT1,P31749,2
C0004,Delphinidin,CASP14,P31944,1
C0004,Delphinidin,CASP3,P42574,1
C0004,Delphinidin,CASP7,P55210,1
C0004,Delphinidin,CASP8,Q14790,1
C0004,Delphinidin,CCND1,P24385,1
C0004,Delphinidin,CTNNB1,P35222,2
C0004,Delphinidin,CYP1A1,P04798,1
C0004,Delphinidin,CYP3A4,P08684,1
C0004,Delphinidin,EGFR,P00533,1
C0004,Delphinidin,EIF4E,P06730,1
C0004,Delphinidin,FLG,P20930,1
C0004,Delphinidin,FOSL1,P15407,1
C0004,Delphinidin,FOSL2,P15408,1
C0004,Delphinidin,HDAC3,O15379,1
C0004,Delphinidin,HIF1A,Q16665,2
C0004,Delphinidin,IFI27,P40305,1
C0004,Delphinidin,JUNB,P17275,1
C0004,Delphinidin,JUND,P17535,1
C0004,Delphinidin,KRT1,P04264,1
C0004,Delphinidin,KRT10,P13645,1
C0004,Delphinidin,LORICRIN,P23490,1
C0004,Delphinidin,MAPK8,P45983,1
C0004,Delphinidin,MMP1,P03956,1
C0004,Delphinidin,MMP2,P08253,1
C0004,Delphinidin,MMP9,P14780,1
C0004,Delphinidin,MT1A,P04731,1
C0004,Delphinidin,MT2A,P02795,1
C0004,Delphinidin,MTOR,P42345,2
C0004,Delphinidin,NFKB1,P19838,1
C0004,Delphinidin,NSFL1C,Q9UNZ2,1
C0004,Delphinidin,PLEK,P08567,1
C0004,Delphinidin,PRKAA1,Q13131,1
C0004,Delphinidin,RPS6KB1,P23443,1
C0004,Delphinidin,TERT,O14746,1
C0004,Delphinidin,VDR,P11473,1
C0004,Delphinidin,VEGFA,P15692,2
C0005,DelphinidinChloride,BAX,Q07812,1
C0005,DelphinidinChloride,CASP3,P42574,1
C0005,DelphinidinChloride,CBR1,P16152,1
C0005,DelphinidinChloride,EGFR,P00533,1
C0005,DelphinidinChloride,JUN,P05412,1
C0005,DelphinidinChloride,PCNA,P12004,1
C0006,DeoxycholicAcid,APC,P25054,1
C0006,DeoxycholicAcid,BIRC2,Q13490,1
C0006,DeoxycholicAcid,CACUL1,Q86Y37,1
C0006,DeoxycholicAcid,CYP2E1,P05181,1
C0006,DeoxycholicAcid,CYP3A4,P08684,1
C0006,DeoxycholicAcid,CYP7A1,P22680,1
C0006,DeoxycholicAcid,Cyp2b1,P00176,1
C0006,DeoxycholicAcid,EGFR,P00533,1
C0006,DeoxycholicAcid,FGF19,O95750,1
C0006,DeoxycholicAcid,GPBAR1,Q8TDU6,1
C0006,DeoxycholicAcid,HMGCR,P04035,1
C0006,DeoxycholicAcid,ICAM1,P05362,1
C0006,DeoxycholicAcid,LDLR,P01130,1
C0006,DeoxycholicAcid,MIR21,nan,1
C0006,DeoxycholicAcid,MMP9,P14780,1
C0006,DeoxycholicAcid,MUC2,Q02817,1
C0006,DeoxycholicAcid,NR1H4,Q96RI1,1
C0006,DeoxycholicAcid,PTGS2,P35354,1
C0006,DeoxycholicAcid,SOD2,P04179,1
C0006,DeoxycholicAcid,VCAM1,P19320,1
C0007,Deoxyguanosine,TLR7,Q9NYK1,1
C0008,D-Epigalbacin,MAPK8,P45983,1
C0009,Desmethoxyyangonin,MAPK14,Q16539,1
C0010,Desoxycorticosterone,AR,P10275,1
C0010,Desoxycorticosterone,FOS,P01100,1
C0010,Desoxycorticosterone,SLC26A4,O43511,1
C0011,DiallylSulfide,CYP2E1,P05181,9
C0011,DiallylSulfide,MAPK1,P28482,1
C0011,DiallylSulfide,MAPK3,P27361,1
C0012,Diazepam,ACHE,P22303,1
C0012,Diazepam,FOS,P01100,1
C0012,Diazepam,GABRG2,P18507,1
C0012,Diazepam,HDAC1,Q13547,1
C0012,Diazepam,HDAC2,Q92769,1
C0012,Diazepam,LCN2,P80188,1
C0012,Diazepam,MAOA,P21397,1
C0012,Diazepam,PDE4D,Q08499,1
C0012,Diazepam,SLC12A5,Q9H2X9,1
C0013,Dibenzoylmethane,CYBB,P04839,1
C0013,Dibenzoylmethane,HMOX1,P09601,1
C0013,Dibenzoylmethane,MAPK14,Q16539,1
C0013,Dibenzoylmethane,NFE2L2,Q16236,2
C0013,Dibenzoylmethane,NOX4,Q9NPH5,1
C0013,Dibenzoylmethane,PRKAA1,Q13131,1
C0013,Dibenzoylmethane,SLC2A4,P14672,1
C0014,DibutylPhthalate,AHR,P35869,1
C0014,DibutylPhthalate,AKT1,P31749,1
C0014,DibutylPhthalate,BCL2,P10415,1
C0014,DibutylPhthalate,BID,P55957,1
C0014,DibutylPhthalate,CASP3,P42574,2
C0014,DibutylPhthalate,CYP11A1,P05108,1
C0014,DibutylPhthalate,CYP17A1,P05093,1
C0014,DibutylPhthalate,ESR1,P03372,4
C0014,DibutylPhthalate,ESR2,Q92731,1
C0014,DibutylPhthalate,FSHR,P23945,1
C0014,DibutylPhthalate,HIF1A,Q16665,1
C0014,DibutylPhthalate,INS,P01308,1
C0014,DibutylPhthalate,MAPK1,P28482,1
C0014,DibutylPhthalate,MAPK3,P27361,1
C0014,DibutylPhthalate,MYC,P01106,1
C0014,DibutylPhthalate,NR1I3,Q14994,1
C0014,DibutylPhthalate,SLC2A2,P11168,1
C0014,DibutylPhthalate,TRPV1,Q8NER1,1
C0014,DibutylPhthalate,VIM,P08670,1
C0015,Dichlorvos,ACHE,P22303,3
C0015,Dichlorvos,APEH,P13798,1
C0016,Dictamnine,HIF1A,Q16665,1
C0017,Dicumarol,MAPK8,P45983,1
C0017,Dicumarol,NFKB1,P19838,1
C0017,Dicumarol,NQO1,P15559,17
C0017,Dicumarol,PDK1,Q15118,1
C0017,Dicumarol,PSG1,P11464,1
C0019,Digitoxin,SLCO1B1,Q9Y6L6,1
C0020,Digoxin,ABCB1,P08183,1
C0020,Digoxin,DNAH8,Q96JB1,1
C0020,Digoxin,HIF1A,Q16665,6
C0020,Digoxin,MAPK1,P28482,1
C0020,Digoxin,PKM,P14618,1
C0020,Digoxin,SRC,P12931,1
C0022,Dihydrocapsaicin,GAA,P10253,1
C0022,Dihydrocapsaicin,TRPM8,Q7Z2W7,1
C0022,Dihydrocapsaicin,TRPV1,Q8NER1,3
C0023,DihydrotanshinoneI,ACHE,P22303,2
C0024,Dimethylformamide,CCND1,P24385,1
C0024,Dimethylformamide,FXN,Q16595,1
C0024,Dimethylformamide,TNFRSF10B,O14763,1
C0025,Dioscin,AHR,P35869,1
C0025,Dioscin,AKT1,P31749,1
C0025,Dioscin,CEBPA,P49715,1
C0025,Dioscin,CTNNB1,P35222,1
C0025,Dioscin,ESR2,Q92731,1
C0025,Dioscin,GJA1,P17302,1
C0025,Dioscin,HOTAIR,nan,1
C0025,Dioscin,ITGA5,P08648,1
C0025,Dioscin,KEAP1,Q14145,1
C0025,Dioscin,LRP5,O75197,1
C0025,Dioscin,MITF,O75030,1
C0025,Dioscin,NLRP3,Q96P20,1
C0025,Dioscin,NR1H4,Q96RI1,1
C0025,Dioscin,PRDX1,Q06830,1
C0025,Dioscin,STAT3,P40763,1
C0025,Dioscin,TNFRSF11B,O00300,1
C0026,Diosmetin,CCND1,P24385,1
C0026,Diosmetin,CDK2,P24941,1
C0026,Diosmetin,CDK4,P11802,1
C0026,Diosmetin,CDKN1B,P46527,1
C0026,Diosmetin,ESR1,P03372,1
C0026,Diosmetin,FOXO3,O43524,1
C0026,Diosmetin,MYC,P01106,1
C0026,Diosmetin,PPIP5K1,Q6PFW1,1
C0027,Diosmin,ABCB1,P08183,1
C0027,Diosmin,TP53,P04637,1
C0028,Diphenhydramine,CYP2D6,P10635,1
C0028,Diphenhydramine,HRH1,P35367,5
C0028,Diphenhydramine,TAS2R14,Q9NYV8,1
C0029,Diphenylether,PTPN1,P18031,1
C0029,Diphenylether,PTPN2,P17706,1
C0030,Diphyllin,DNAH8,Q96JB1,1
C0031,Disogenin,AKT1,P31749,1
C0031,Disogenin,CAT,P04040,1
C0031,Disogenin,FASN,P49327,1
C0031,Disogenin,MTOR,P42345,1
C0031,Disogenin,PLA2G4A,P47712,1
C0031,Disogenin,SOD1,P00441,1
C0031,Disogenin,VEGFA,P15692,1
C0033,Dopa,ALDH1A1,P00352,1
C0033,Dopa,DRD2,P14416,1
C0033,Dopa,DRD3,P35462,1
C0033,Dopa,NR4A2,P43354,1
C0034,Dopamine,ACHE,P22303,1
C0034,Dopamine,ADRA2A,P08913,1
C0034,Dopamine,BDNF,P23560,1
C0034,Dopamine,BMP2,P12643,1
C0034,Dopamine,CALM3;CALM1;CALM2,P0DP25;P0DP23;P0DP24,1
C0034,Dopamine,CXCL8,P10145,1
C0034,Dopamine,DRD2,P14416,4
C0034,Dopamine,DRD4,P21917,1
C0034,Dopamine,GSK3B,P49841,1
C0034,Dopamine,HTR2A,P28223,1
C0034,Dopamine,IL6,P05231,1
C0034,Dopamine,MMP9,P14780,1
C0034,Dopamine,NR4A2,P43354,1
C0034,Dopamine,OPRD1,P41143,1
C0034,Dopamine,PPARD,Q03181,2
C0034,Dopamine,SLC6A3,Q01959,1
C0034,Dopamine,SLC9A3,P48764,1
C0034,Dopamine,SNCA,P37840,1
C0034,Dopamine,TAC1,P20366,1
C0034,Dopamine,TH,P07101,2
C0035,Dronabinol,AANAT,Q16613,1
C0035,Dronabinol,ABCB1,P08183,1
C0035,Dronabinol,ACHE,P22303,1
C0035,Dronabinol,AKT1,P31749,1
C0035,Dronabinol,CNR1,P21554,1
C0035,Dronabinol,CRH,P06850,1
C0035,Dronabinol,CTSD,P07339,1
C0035,Dronabinol,CYP1A1,P04798,1
C0035,Dronabinol,CYP1A2,P05177,1
C0035,Dronabinol,CYP1B1,Q16678,1
C0035,Dronabinol,DRD2,P14416,1
C0035,Dronabinol,ESR2,Q92731,1
C0035,Dronabinol,FOS,P01100,1
C0035,Dronabinol,GATA3,P23771,1
C0035,Dronabinol,IL13,P35225,1
C0035,Dronabinol,IL2,P60568,1
C0035,Dronabinol,IL4,P05112,1
C0035,Dronabinol,IL5,P05113,1
C0035,Dronabinol,KDR,P35968,1
C0035,Dronabinol,MMP2,P08253,1
C0035,Dronabinol,POMC,P01189,1
C0035,Dronabinol,TH,P07101,1
C0035,Dronabinol,TIMP1,P01033,1
C0035,Dronabinol,TRPV2,Q9Y5S1,1
C0036,Duvoglustat,GAA,P10253,3
C0036,Duvoglustat,KLRB1,Q12918,1
C0036,Duvoglustat,SLC5A4,Q9NY91,1
C0037,Ecdysone,GJD4,Q96KN9,1
C0037,Ecdysone,MICAL1,Q8TDZ2,1
C0038,Eckol,AKTIP,Q9H8T0,1
C0038,Eckol,BCL2,P10415,1
C0038,Eckol,CASP3,P42574,1
C0038,Eckol,CASP9,P55211,1
C0038,Eckol,MAOA,P21397,1
C0038,Eckol,MMP1,P03956,1
C0038,Eckol,SOD2,P04179,1
C0039,EllagicAcid,ABCB1,P08183,1
C0039,EllagicAcid,AR,P10275,1
C0039,EllagicAcid,ATP2A3,Q93084,1
C0039,EllagicAcid,BDNF,P23560,1
C0039,EllagicAcid,CHS2,P14180,1
C0039,EllagicAcid,CXCL8,P10145,1
C0039,EllagicAcid,ESR1,P03372,1
C0039,EllagicAcid,GSTA1,P08263,1
C0039,EllagicAcid,GSTA2,P09210,1
C0039,EllagicAcid,GSTM1,P09488,1
C0039,EllagicAcid,GSTM2,P28161,1
C0039,EllagicAcid,GSTP1,P09211,1
C0039,EllagicAcid,IGF2,P01344,1
C0039,EllagicAcid,MAOB,P27338,1
C0039,EllagicAcid,MAP3K1,Q13233,1
C0039,EllagicAcid,MAPK8,P45983,1
C0039,EllagicAcid,NFKBIA,P25963,1
C0039,EllagicAcid,NME1,P15531,1
C0039,EllagicAcid,NME4,O00746,1
C0039,EllagicAcid,PRKCB,P05771,1
C0039,EllagicAcid,SPHK1,Q9NYA1,1
C0039,EllagicAcid,TYR,P14679,1
C0040,Embelin,ADAM17,P78536,1
C0040,Embelin,AKT1,P31749,2
C0040,Embelin,ALOX5,P09917,1
C0040,Embelin,ALPI,P09923,1
C0040,Embelin,CD14,P08571,1
C0040,Embelin,CTNNB1,P35222,1
C0040,Embelin,ITGAM,P11215,1
C0040,Embelin,MTOR,P42345,1
C0040,Embelin,NFKB1,P19838,1
C0040,Embelin,PPARG,P37231,1
C0040,Embelin,PTGES,O14684,2
C0040,Embelin,PTGS2,P35354,1
C0040,Embelin,SERPINI1,Q99574,1
C0040,Embelin,STAT3,P40763,1
C0040,Embelin,XIAP,P98170,12
C0041,Emodin,ABCB1,P08183,2
C0041,Emodin,ABCB11,O95342,2
C0041,Emodin,AKT1,P31749,1
C0041,Emodin,AQP1,P29972,1
C0041,Emodin,AQP5,P55064,1
C0041,Emodin,AR,P10275,1
C0041,Emodin,BAX,Q07812,1
C0041,Emodin,BCL2,P10415,1
C0041,Emodin,BTK,Q06187,1
C0041,Emodin,CASP3,P42574,1
C0041,Emodin,CLDN5,O00501,1
C0041,Emodin,CSF2,P04141,1
C0041,Emodin,CSNK2A2,P19784,1
C0041,Emodin,CTNNB1,P35222,1
C0041,Emodin,CYP1A1,P04798,1
C0041,Emodin,DDIT3,P35638;P0DPQ6,1
C0041,Emodin,EGF,P01133,1
C0041,Emodin,EGR1,P18146,1
C0041,Emodin,ESR1,P03372,1
C0041,Emodin,FASLG,P48023,1
C0041,Emodin,FLT1,P17948,1
C0041,Emodin,FLT4,P35916,1
C0041,Emodin,FOXD3,Q9UJU5,1
C0041,Emodin,FXR1,P51114,1
C0041,Emodin,HIF1A,Q16665,1
C0041,Emodin,HSD11B1,P28845,1
C0041,Emodin,HSP90AA1,P07900,1
C0041,Emodin,HSPA5,P11021,1
C0041,Emodin,IFNA1;IFNA13,P01562,1
C0041,Emodin,IL1B,P01584,2
C0041,Emodin,KDR,P35968,1
C0041,Emodin,KIT,P10721,1
C0041,Emodin,MAOB,P27338,1
C0041,Emodin,MAPK1,P28482,1
C0041,Emodin,MAPK3,P27361,1
C0041,Emodin,MIR145,nan,1
C0041,Emodin,MMP1,P03956,1
C0041,Emodin,MMP9,P14780,1
C0041,Emodin,MYC,P01106,1
C0041,Emodin,NFKB1,P19838,1
C0041,Emodin,NOS2,P35228,1
C0041,Emodin,OCLN,Q16625,1
C0041,Emodin,PGAM1,P18669,1
C0041,Emodin,PPARG,P37231,1
C0041,Emodin,PRKAA1,Q13131,1
C0041,Emodin,PTP4A3,O75365,1
C0041,Emodin,SIRT1,Q96EB6,1
C0041,Emodin,SLC2A1,P11166,1
C0041,Emodin,SLC2A4,P14672,1
C0041,Emodin,SMAD3,P84022,1
C0041,Emodin,STAT3,P40763,2
C0041,Emodin,TGFB1,P01137,1
C0041,Emodin,TGFB2,P61812,1
C0041,Emodin,TLR4,O00206,1
C0041,Emodin,TNF,P01375,2
C0041,Emodin,TNFSF10,P50591,1
C0041,Emodin,TP53,P04637,1
C0042,Endosulfan,BCHE,P06276,1
C0042,Endosulfan,CXADR,P78310,1
C0042,Endosulfan,JUN,P05412,1
C0042,Endosulfan,NCCRP1,Q6ZVX7,1
C0042,Endosulfan,NR1I2,O75469,1
C0043,Enkephalin,IKZF1,Q13422,1
C0044,Enoxolone,HSD11B1,P28845,1
C0044,Enoxolone,HSD11B2,P80365,4
C0044,Enoxolone,HSP90AA1,P07900,1
C0045,EpicatechinGallate,IRS1,P35568,1
C0045,EpicatechinGallate,KEAP1,Q14145,1
C0045,EpicatechinGallate,MAPK14,Q16539,1
C0045,EpicatechinGallate,TAS2R39,P59534,1
C0046,Epigallocatechin,ABCB1,P08183,1
C0046,Epigallocatechin,CASP3,P42574,1
C0046,Epigallocatechin,CBR1,P16152,1
C0046,Epigallocatechin,CCL2,P13500,1
C0046,Epigallocatechin,CXCL8,P10145,1
C0046,Epigallocatechin,CYP3A,nan,1
C0046,Epigallocatechin,DNMT1,P26358,1
C0046,Epigallocatechin,EGFR,P00533,1
C0046,Epigallocatechin,ELANE,P08246,1
C0046,Epigallocatechin,FASN,P49327,1
C0046,Epigallocatechin,G3BP1,Q13283,1
C0046,Epigallocatechin,GAA,P10253,1
C0046,Epigallocatechin,HSPA5,P11021,1
C0046,Epigallocatechin,MME,P08473,1
C0046,Epigallocatechin,NOTCH1,P46531,1
C0046,Epigallocatechin,PLAU,P00749,1
C0046,Epigallocatechin,PPARG,P37231,1
C0046,Epigallocatechin,RYR1,P21817,1
C0046,Epigallocatechin,SULT1A1,P50225,1
C0046,Epigallocatechin,TLR4,O00206,1
C0047,EpigalocatechinGallate,AHR,P35869,1
C0047,EpigalocatechinGallate,AKT1,P31749,1
C0047,EpigalocatechinGallate,BAD,Q92934,1
C0047,EpigalocatechinGallate,BAX,Q07812,1
C0047,EpigalocatechinGallate,BCL2,P10415,1
C0047,EpigalocatechinGallate,CASP3,P42574,1
C0047,EpigalocatechinGallate,CASP8,Q14790,1
C0047,EpigalocatechinGallate,CASP9,P55211,1
C0047,EpigalocatechinGallate,CAT,P04040,1
C0047,EpigalocatechinGallate,CAV1,Q03135,1
C0047,EpigalocatechinGallate,CCND1,P24385,1
C0047,EpigalocatechinGallate,CD4,P01730,1
C0047,EpigalocatechinGallate,CDK2,P24941,1
C0047,EpigalocatechinGallate,CDK6,Q00534,1
C0047,EpigalocatechinGallate,CEBPA,P49715,1
C0047,EpigalocatechinGallate,CYP3A7,P24462,1
C0047,EpigalocatechinGallate,CYP7A1,P22680,1
C0047,EpigalocatechinGallate,DNMT3A,Q9Y6K1,1
C0047,EpigalocatechinGallate,DNMT3B,Q9UBC3,1
C0047,EpigalocatechinGallate,EGFR,P00533,1
C0047,EpigalocatechinGallate,EGR1,P18146,1
C0047,EpigalocatechinGallate,ELK1,P19419,1
C0047,EpigalocatechinGallate,EPHA2,P29317,1
C0047,EpigalocatechinGallate,ERBB2,P04626,1
C0047,EpigalocatechinGallate,ESR2,Q92731,1
C0047,EpigalocatechinGallate,FAS,P25445,1
C0047,EpigalocatechinGallate,FGF2,P09038,1
C0047,EpigalocatechinGallate,FGFR1,P11362,1
C0047,EpigalocatechinGallate,FLT1,P17948,1
C0047,EpigalocatechinGallate,FOS,P01100,1
C0047,EpigalocatechinGallate,FOSB,P53539,1
C0047,EpigalocatechinGallate,FYN,P06241,1
C0047,EpigalocatechinGallate,HOXD1,Q9GZZ0,1
C0047,EpigalocatechinGallate,HSPA5,P11021,1
C0047,EpigalocatechinGallate,IGF1R,P08069,1
C0047,EpigalocatechinGallate,IL10,P22301,1
C0047,EpigalocatechinGallate,IL6,P05231,1
C0047,EpigalocatechinGallate,IRF3,Q14653,1
C0047,EpigalocatechinGallate,JUN,P05412,1
C0047,EpigalocatechinGallate,JUNB,P17275,1
C0047,EpigalocatechinGallate,JUND,P17535,1
C0047,EpigalocatechinGallate,KDR,P35968,1
C0047,EpigalocatechinGallate,LDLR,P01130,1
C0047,EpigalocatechinGallate,MADD,Q8WXG6,1
C0047,EpigalocatechinGallate,MAPK3,P27361,1
C0047,EpigalocatechinGallate,MDM2,Q00987,1
C0047,EpigalocatechinGallate,ME1,P48163,1
C0047,EpigalocatechinGallate,MMP7,P09237,1
C0047,EpigalocatechinGallate,MMP9,P14780,1
C0047,EpigalocatechinGallate,MUC5AC,P98088,1
C0047,EpigalocatechinGallate,NOS2,P35228,1
C0047,EpigalocatechinGallate,ODC1,P11926,1
C0047,EpigalocatechinGallate,PCNA,P12004,1
C0047,EpigalocatechinGallate,PDGFB,P01127,1
C0047,EpigalocatechinGallate,PPARG,P37231,1
C0047,EpigalocatechinGallate,PRKCA,P17252,1
C0047,EpigalocatechinGallate,PRKCE,Q02156,1
C0047,EpigalocatechinGallate,RAF1,P04049,1
C0047,EpigalocatechinGallate,RYR1,P21817,1
C0047,EpigalocatechinGallate,SOD1,P00441,1
C0047,EpigalocatechinGallate,SP1,P08047,1
C0047,EpigalocatechinGallate,STAT1,P42224,1
C0047,EpigalocatechinGallate,STAT3,P40763,1
C0047,EpigalocatechinGallate,TEP1,Q99973,1
C0047,EpigalocatechinGallate,TIMP1,P01033,1
C0047,EpigalocatechinGallate,TLR4,O00206,1
C0047,EpigalocatechinGallate,TNF,P01375,1
C0047,EpigalocatechinGallate,VCAM1,P19320,1
C0047,EpigalocatechinGallate,VIM,P08670,1
C0048,Epinephrine,ADRB1,P08588,1
C0048,Epinephrine,ADRB2,P07550,7
C0048,Epinephrine,CAT,P04040,1
C0048,Epinephrine,MAOA,P21397,1
C0048,Epinephrine,MAOB,P27338,1
C0048,Epinephrine,MAP2K7,O14733,1
C0048,Epinephrine,MAPK1,P28482,1
C0048,Epinephrine,MAPK3,P27361,1
C0048,Epinephrine,NRG1,Q02297,1
C0048,Epinephrine,PPARGC1A,Q9UBK2,1
C0048,Epinephrine,PRL,P01236,1
C0048,Epinephrine,PTGS2,P35354,1
C0048,Epinephrine,RAP1B,P61224,1
C0048,Epinephrine,RAPGEF4,Q8WZA2,1
C0048,Epinephrine,SERPINE1,P05121,1
C0049,Ergosterol,CASP3,P42574,1
C0050,Eriodictyol,MAPK8,P45983,1
C0050,Eriodictyol,MPO,P05164,1
C0050,Eriodictyol,NOS2,P35228,1
C0050,Eriodictyol,TRPV1,Q8NER1,1
C0051,ErucicAcid,AKT1,P31749,1
C0052,Escitalopram,AKT1,P31749,1
C0052,Escitalopram,BDNF,P23560,1
C0052,Escitalopram,CYP2D6,P10635,1
C0052,Escitalopram,GSK3B,P49841,1
C0052,Escitalopram,NR3C1,P04150,1
C0052,Escitalopram,SLC6A4,P31645,4
C0052,Escitalopram,VCAM1,P19320,1
C0053,Esculetin,ACE2,Q9BYF1,1
C0053,Esculetin,BCL2,P10415,1
C0053,Esculetin,CASP3,P42574,1
C0053,Esculetin,CDK2,P24941,1
C0053,Esculetin,CDK4,P11802,1
C0053,Esculetin,CDKN1A,P38936,1
C0053,Esculetin,KEAP1,Q14145,1
C0053,Esculetin,MMP1,P03956,1
C0053,Esculetin,MMP3,P08254,1
C0053,Esculetin,RB1,P06400,1
C0054,Esculin,NFE2L2,Q16236,1
C0055,Estradiol,ABCB1,P08183,2
C0055,Estradiol,ABCG2,Q9UNQ0,1
C0055,Estradiol,ACHE,P22303,1
C0055,Estradiol,AGTR1,P30556,1
C0055,Estradiol,AHR,P35869,2
C0055,Estradiol,AKR1B1,P15121,1
C0055,Estradiol,AKT1,P31749,1
C0055,Estradiol,APOA1,P02647,1
C0055,Estradiol,APOA4,P06727,1
C0055,Estradiol,APOM,O95445,1
C0055,Estradiol,AVP,P01185,1
C0055,Estradiol,BCL2,P10415,2
C0055,Estradiol,BDNF,P23560,2
C0055,Estradiol,BGLAP,P02818,1
C0055,Estradiol,BMP2,P12643,1
C0055,Estradiol,BSG,P35613,1
C0055,Estradiol,CACNA1C,Q13936,1
C0055,Estradiol,CALM3;CALML2;CAM3;CAMC;CAMIII,P62158,1
C0055,Estradiol,CASP3,P42574,3
C0055,Estradiol,CASP6,P55212,1
C0055,Estradiol,CASP7,P55210,1
C0055,Estradiol,CASP8,Q14790,1
C0055,Estradiol,CAT,P04040,1
C0055,Estradiol,CAV1,Q03135,1
C0055,Estradiol,CCL24,O00175,1
C0055,Estradiol,CCR1,P32246,1
C0055,Estradiol,CD44,P16070,1
C0055,Estradiol,CDH11,P55287,1
C0055,Estradiol,CDKN1A,P38936,1
C0055,Estradiol,CFL1,P23528,1
C0055,Estradiol,CMA1,P23946,1
C0055,Estradiol,CSF3R,Q99062,1
C0055,Estradiol,CXCL12,P48061,1
C0055,Estradiol,CXCR4,P61073,1
C0055,Estradiol,CYP1A1,P04798,1
C0055,Estradiol,CYP2E1,P05181,1
C0055,Estradiol,CYP3A4,P08684,1
C0055,Estradiol,DNMT3A,Q9Y6K1,1
C0055,Estradiol,ESR1,P03372,6
C0055,Estradiol,ESR2,Q92731,2
C0055,Estradiol,FASLG,P48023,1
C0055,Estradiol,FASN,P49327,1
C0055,Estradiol,FGF10,O15520,1
C0055,Estradiol,FGF7,P21781,1
C0055,Estradiol,FGFR2,P21802,2
C0055,Estradiol,FN1,P02751,2
C0055,Estradiol,GHSR,Q92847,2
C0055,Estradiol,GJA1,P17302,1
C0055,Estradiol,GNRH1,P01148,1
C0055,Estradiol,GNRH2,O43555,1
C0055,Estradiol,GPER1,Q99527,1
C0055,Estradiol,GRIN1,Q05586,1
C0055,Estradiol,GSTA1,P08263,2
C0055,Estradiol,GSTP1,P09211,1
C0055,Estradiol,HIF1A,Q16665,1
C0055,Estradiol,HLA-G,P17693,1
C0055,Estradiol,HMOX1,P09601,1
C0055,Estradiol,HSD11B1,P28845,1
C0055,Estradiol,HSF1,Q00613,1
C0055,Estradiol,HSP90AA1,P07900,1
C0055,Estradiol,HSPA1A;HSPA1B,P0DMV8;P0DMV9,1
C0055,Estradiol,IFNA1;IFNA13,P01562,1
C0055,Estradiol,IFNG,P01579,1
C0055,Estradiol,IGF1,P05019,2
C0055,Estradiol,IGF1R,P08069,1
C0055,Estradiol,IL1B,P01584,1
C0055,Estradiol,IL21,Q9HBE4,1
C0055,Estradiol,INS,P01308,1
C0055,Estradiol,IRS1,P35568,1
C0055,Estradiol,ISG20,Q96AZ6,1
C0055,Estradiol,ITGAM,P11215,1
C0055,Estradiol,JAG1,P78504,1
C0055,Estradiol,KISS1,Q15726,2
C0055,Estradiol,KLK10,O43240,1
C0055,Estradiol,KLK3,P07288,1
C0055,Estradiol,LEP,P41159,1
C0055,Estradiol,LEPR,P48357,1
C0055,Estradiol,MAPK1,P28482,2
C0055,Estradiol,MAPK3,P27361,1
C0055,Estradiol,MAPK8,P45983,1
C0055,Estradiol,MDM2,Q00987,1
C0055,Estradiol,MIR144,nan,1
C0055,Estradiol,MIR148A,nan,1
C0055,Estradiol,MIR190B,nan,1
C0055,Estradiol,MME,P08473,1
C0055,Estradiol,MMP1,P03956,1
C0055,Estradiol,MMP13,P45452,1
C0055,Estradiol,MMP2,P08253,2
C0055,Estradiol,MMP9,P14780,1
C0055,Estradiol,MYL9,P24844,1
C0055,Estradiol,MYOC,Q99972,1
C0055,Estradiol,MYOD1,P15172,1
C0055,Estradiol,NDRG2,Q9UN36,1
C0055,Estradiol,NF2,P35240,1
C0055,Estradiol,NFKB1,P19838,2
C0055,Estradiol,NGF,P01138,1
C0055,Estradiol,NOS2,P35228,4
C0055,Estradiol,NOS3,P29474,2
C0055,Estradiol,NOTCH1,P46531,1
C0055,Estradiol,NPR2,P20594,1
C0055,Estradiol,NPVF,Q9HCQ7,1
C0055,Estradiol,NR3C1,P04150,1
C0055,Estradiol,P4HB,P07237,1
C0055,Estradiol,PAWR,Q96IZ0,2
C0055,Estradiol,PGR,P06401,1
C0055,Estradiol,PLAT,P00750,1
C0055,Estradiol,PLAU,P00749,1
C0055,Estradiol,PPARG,P37231,1
C0055,Estradiol,PPP5C,P53041,1
C0055,Estradiol,PRDM2,Q13029,1
C0055,Estradiol,PRKAA1,Q13131,1
C0055,Estradiol,PRKCA,P17252,1
C0055,Estradiol,PRKCD,Q05655,1
C0055,Estradiol,PRL,P01236,1
C0055,Estradiol,PTEN,P60484,1
C0055,Estradiol,PTGER2,P43116,1
C0055,Estradiol,PTGER4,P35408,1
C0055,Estradiol,PTGES,O14684,1
C0055,Estradiol,PTGFR,P43088,1
C0055,Estradiol,RACK1,P63244,1
C0055,Estradiol,RELA,Q04206,3
C0055,Estradiol,RETN,Q9HD89,1
C0055,Estradiol,RHOA,P61586,1
C0055,Estradiol,RUNX2,Q13950,1
C0055,Estradiol,SELE,P16581,2
C0055,Estradiol,SERPINA1,P01009,1
C0055,Estradiol,SERPINF2,P08697,1
C0055,Estradiol,SHBG,P04278,1
C0055,Estradiol,SIRT1,Q96EB6,1
C0055,Estradiol,SIX6,O95475,1
C0055,Estradiol,SLC1A1,P43005,1
C0055,Estradiol,SLC2A4,P14672,1
C0055,Estradiol,SLC32A1,Q9H598,1
C0055,Estradiol,SMAD2,Q15796,1
C0055,Estradiol,SMAD3,P84022,1
C0055,Estradiol,SOD1,P00441,1
C0055,Estradiol,SOST,Q9BQB4,1
C0055,Estradiol,STK11,Q15831,1
C0055,Estradiol,TGFB1,P01137,1
C0055,Estradiol,TGFB3,P10600,1
C0055,Estradiol,TGFBR2,P37173,1
C0055,Estradiol,TH,P07101,1
C0055,Estradiol,TLR5,O60602,1
C0055,Estradiol,TNF,P01375,1
C0055,Estradiol,TRPV1,Q8NER1,1
C0055,Estradiol,TSHB,P01222,1
C0055,Estradiol,TYR,P14679,1
C0055,Estradiol,UGT1A1,P22309,1
C0055,Estradiol,VCAM1,P19320,2
C0055,Estradiol,VEGFA,P15692,1
C0055,Estradiol,WWOX,Q9NZC7,1
C0055,Estradiol,XDH,P47989,1
C0056,Estriol,GPER1,Q99527,1
C0056,Estriol,LDLR,P01130,1
C0056,Estriol,SDC3,O75056,1
C0057,Estrone,ABCC1,P33527,1
C0058,EthacrynicAcid,GSTK1,Q9Y2Q3,2
C0058,EthacrynicAcid,GSTP1,P09211,1
C0058,EthacrynicAcid,HPGDS,O60760,2
C0058,EthacrynicAcid,KEAP1,Q14145,1
C0059,EthinylEstradiol,BDNF,P23560,1
C0059,EthinylEstradiol,HPSE,Q9Y251,1
C0059,EthinylEstradiol,TH,P07101,1
C0060,EthylAcetate,MPO,P05164,1
C0060,EthylAcetate,NEU1,Q99519,1
C0061,EthylVanillin,TRPA1,O75762,1
C0062,EthyleneGlycol,CALM3;CALM1;CALM2,P0DP25;P0DP23;P0DP24,1
C0062,EthyleneGlycol,VEGFA,P15692,1
C0063,Eucalyptol,ACHE,P22303,1
C0063,Eucalyptol,AHR,P35869,1
C0063,Eucalyptol,IL1B,P01584,1
C0063,Eucalyptol,IL5,P05113,1
C0063,Eucalyptol,MPO,P05164,1
C0063,Eucalyptol,TNF,P01375,1
C0063,Eucalyptol,TRPA1,O75762,1
C0063,Eucalyptol,TRPM8,Q7Z2W7,3
C0063,Eucalyptol,TRPV1,Q8NER1,1
C0064,Eugenol,ABCC2,Q92887,1
C0064,Eugenol,ANO1,Q5XXA6,1
C0064,Eugenol,CYP1B1,Q16678,1
C0064,Eugenol,MAOA,P21397,1
C0064,Eugenol,MAOB,P27338,1
C0064,Eugenol,NOS2,P35228,1
C0064,Eugenol,PTGS2,P35354,2
C0065,Eupafolin,JUN,P05412,1
C0066,Eupatilin,AKT1,P31749,1
C0066,Eupatilin,CASP3,P42574,1
C0066,Eupatilin,CCNB1,P14635,1
C0066,Eupatilin,CCND1,P24385,1
C0066,Eupatilin,CDK1,P06493,1
C0066,Eupatilin,CDK2,P24941,1
C0066,Eupatilin,CYP1A2,P05177,1
C0066,Eupatilin,CYP2C9,P11712,1
C0066,Eupatilin,MAPK8,P45983,1
C0066,Eupatilin,MAPKAP1,Q9BPZ7,1
C0066,Eupatilin,MMP2,P08253,1
C0066,Eupatilin,MMP9,P14780,1
C0066,Eupatilin,NFKB1,P19838,1
C0066,Eupatilin,PPARA,Q07869,2
C0066,Eupatilin,TP53,P04637,2
C0067,Eupatorin,CYP1A2,P05177,1
C0067,Eupatorin,PDIA3,P30101,1
C0068,Evodiamine,AHR,P35869,1
C0068,Evodiamine,BAX,Q07812,2
C0068,Evodiamine,BCL2,P10415,1
C0068,Evodiamine,CCNB1,P14635,1
C0068,Evodiamine,MCL1,Q07820,1
C0068,Evodiamine,MTDH,Q86UE4,1
C0068,Evodiamine,MTOR,P42345,2
C0068,Evodiamine,PPARG,P37231,1
C0068,Evodiamine,SLC6A4,P31645,1
C0068,Evodiamine,STAT3,P40763,1
C0068,Evodiamine,TRPV1,Q8NER1,1
C0069,Famotidine,CA1,P00915,1
C0069,Famotidine,CA2,P00918,1
C0069,Famotidine,GSK3B,P49841,1
C0069,Famotidine,HRH2,P25021,6
C0070,Fanchinin,SMAD7,O15105,1
C0071,Fangchinoline,PTK2,Q05397,2
C0072,Farnesol,BAK1,Q16611,2
C0072,Farnesol,CASP3,P42574,2
C0072,Farnesol,ESR1,P03372,2
C0072,Farnesol,IVL,P07476,1
C0072,Farnesol,NR1H4,Q96RI1,1
C0072,Farnesol,PGR,P06401,1
C0072,Farnesol,PPARA,Q07869,1
C0072,Farnesol,TJP1,Q07157,1
C0072,Farnesol,TLR2,O60603,1
C0072,Farnesol,TLR4,O00206,1
C0073,FerulicAcid,ACHE,P22303,1
C0073,FerulicAcid,BCHE,P06276,1
C0073,FerulicAcid,CTNNB1,P35222,1
C0073,FerulicAcid,CXCL8,P10145,1
C0073,FerulicAcid,CYP2C9,P11712,1
C0073,FerulicAcid,ENO2,P09104,1
C0073,FerulicAcid,HPCA,P84074,1
C0073,FerulicAcid,MAOA,P21397,1
C0073,FerulicAcid,MAP2K1,Q02750,1
C0073,FerulicAcid,MAP2K2,P36507,1
C0073,FerulicAcid,NFE2L2,Q16236,2
C0073,FerulicAcid,PEA15,Q15121,1
C0073,FerulicAcid,PKB_RS07820,nan,1
C0073,FerulicAcid,PRDX2,P32119,1
C0073,FerulicAcid,PRKAA1,Q13131,1
C0073,FerulicAcid,PVALB,P20472,2
C0074,Fisetin,ADAM9,Q13443,1
C0074,Fisetin,AKT1,P31749,2
C0074,Fisetin,AR,P10275,2
C0074,Fisetin,AURKB,Q96GD4,1
C0074,Fisetin,CASP3,P42574,4
C0074,Fisetin,CASP8,Q14790,1
C0074,Fisetin,CASP9,P55211,1
C0074,Fisetin,CCND1,P24385,4
C0074,Fisetin,CCND2,P30279,1
C0074,Fisetin,CDC25C,P30307,1
C0074,Fisetin,CDK2,P24941,3
C0074,Fisetin,CDK4,P11802,3
C0074,Fisetin,CDKN1A,P38936,3
C0074,Fisetin,CREB1,P16220,1
C0074,Fisetin,CTNNB1,P35222,1
C0074,Fisetin,EGFR,P00533,1
C0074,Fisetin,HSF1,Q00613,1
C0074,Fisetin,IL4,P05112,1
C0074,Fisetin,JUN,P05412,1
C0074,Fisetin,MAP2K1,Q02750,1
C0074,Fisetin,MAP2K2,P36507,1
C0074,Fisetin,MAP3K20,Q9NYL2,1
C0074,Fisetin,MAPK8,P45983,1
C0074,Fisetin,MAPK9,P45984,1
C0074,Fisetin,MMP2,P08253,1
C0074,Fisetin,MMP7,P09237,1
C0074,Fisetin,MMP9,P14780,1
C0074,Fisetin,MTOR,P42345,1
C0074,Fisetin,NTRK2,Q16620,1
C0074,Fisetin,PARP1,P09874,1
C0074,Fisetin,PRKCD,Q05655,1
C0074,Fisetin,PTGS2,P35354,1
C0074,Fisetin,SIRT1,Q96EB6,1
C0074,Fisetin,SLC2A4,P14672,1
C0074,Fisetin,TET1,Q8NFU7,1
C0074,Fisetin,TLR4,O00206,1
C0074,Fisetin,TNF,P01375,1
C0074,Fisetin,TOP1,P11387,1
C0074,Fisetin,TP53,P04637,1
C0075,Flavanone,MAOB,P27338,1
C0075,Flavanone,RPS6KA3,P51812,1
C0076,FlavinAdenineDinucleotide,POR,P16435,1
C0077,Flavone,BCL2,P10415,1
C0077,Flavone,CASP10,Q92851,1
C0077,Flavone,CASP2,P42575,1
C0077,Flavone,CASP3,P42574,1
C0077,Flavone,CASP8,Q14790,1
C0077,Flavone,CASP9,P55211,1
C0077,Flavone,CDKN1A,P38936,1
C0077,Flavone,CYP1A1,P04798,1
C0077,Flavone,DLC1,Q96QB1,1
C0077,Flavone,ESR1,P03372,1
C0077,Flavone,HIF1A,Q16665,1
C0077,Flavone,PKM,P14618,1
C0077,Flavone,PRSS50,Q9UI38,1
C0077,Flavone,SOCS3,O14543,1
C0078,Flavonol,AURKB,Q96GD4,1
C0078,Flavonol,ERN2,Q76MJ5,1
C0079,Fluoranthene,CYP1A1,P04798,3
C0079,Fluoranthene,CYP1A2,P05177,3
C0080,Fluoxetine,BCHE,P06276,2
C0080,Fluoxetine,BCL2,P10415,1
C0080,Fluoxetine,BDNF,P23560,1
C0080,Fluoxetine,CYP2D6,P10635,5
C0080,Fluoxetine,FGF2,P09038,1
C0080,Fluoxetine,FOSB,P53539,1
C0080,Fluoxetine,HTR1A,P08908,1
C0080,Fluoxetine,HTR1B,P28222,1
C0080,Fluoxetine,HTR2B,P41595,1
C0080,Fluoxetine,HTR7,P34969,1
C0080,Fluoxetine,KCNK2,O95069,1
C0080,Fluoxetine,MAPK1,P28482,1
C0080,Fluoxetine,MCL1,Q07820,1
C0080,Fluoxetine,MECP2,P51608,1
C0080,Fluoxetine,NLRP3,Q96P20,1
C0080,Fluoxetine,PIGK,Q92643,1
C0080,Fluoxetine,SLC6A3,Q01959,1
C0080,Fluoxetine,SLC6A4,P31645,11
C0080,Fluoxetine,SMPD1,P17405,1
C0081,FolicAcid,CASP3,P42574,1
C0081,FolicAcid,FOLH1,Q04609,1
C0081,FolicAcid,HSD11B2,P80365,1
C0081,FolicAcid,IGF2,P01344,1
C0081,FolicAcid,SFTPA1,Q8IWL2,1
C0082,Fomepizole,ADH4,P08319,1
C0082,Fomepizole,AKR1A1,P14550,3
C0083,Formononetin,ABCB1,P08183,1
C0083,Formononetin,AKT1,P31749,1
C0083,Formononetin,CASP3,P42574,1
C0083,Formononetin,ESR2,Q92731,1
C0083,Formononetin,FGFR2,P21802,1
C0083,Formononetin,NLRP3,Q96P20,1
C0083,Formononetin,PTGR1,Q14914,1
C0083,Formononetin,SIRT1,Q96EB6,1
C0083,Formononetin,USP5,P45974,1
C0084,Forsythiaside,ACHE,P22303,2
C0084,Forsythiaside,NFE2L2,Q16236,1
C0085,Fraxetin,AKT1,P31749,1
C0085,Fraxetin,BMP2,P12643,1
C0085,Fraxetin,BMP4,P12644,1
C0085,Fraxetin,CASP3,P42574,1
C0085,Fraxetin,CASP8,Q14790,1
C0085,Fraxetin,TNF,P01375,1
C0086,FumaricAcid,HIF1A,Q16665,1
C0086,FumaricAcid,TET2,Q6N021,1
C0086,FumaricAcid,VEGFA,P15692,1
C0087,(4-Prop-1-En-2-Ylcyclohexen-1-Yl)Methanol,TAC1,P20366,1
C0088,Gabapentin,CACNA2D1,P54289,1
C0088,Gabapentin,CNR1,P21554,1
C0088,Gabapentin,FGF2,P09038,1
C0088,Gabapentin,FOS,P01100,1
C0088,Gabapentin,KCNQ3,O43525,1
C0089,Galangin,ADAM9,Q13443,1
C0089,Galangin,AHR,P35869,3
C0089,Galangin,BAX,Q07812,1
C0089,Galangin,BCHE,P06276,1
C0089,Galangin,BCL2,P10415,1
C0089,Galangin,CCND3,P30281,1
C0089,Galangin,CDH1,P12830,1
C0089,Galangin,CDK1,P06493,1
C0089,Galangin,CDK4,P11802,1
C0089,Galangin,CXADR,P78310,1
C0089,Galangin,CYP1A1,P04798,1
C0089,Galangin,DDIT3,P35638;P0DPQ6,1
C0089,Galangin,GSTP1,P09211,1
C0089,Galangin,LIPG,Q9Y5X9,1
C0089,Galangin,MAPK8,P45983,1
C0089,Galangin,PTK2,Q05397,1
C0089,Galangin,TRPC5,Q9UL62,1
C0089,Galangin,VIM,P08670,1
C0089,Galangin,WNT3A,P56704,1
C0090,GallicAcid,ABCB1,P08183,1
C0090,GallicAcid,ACHE,P22303,1
C0090,GallicAcid,BACE1,P56817,1
C0090,GallicAcid,CASP3,P42574,2
C0090,GallicAcid,CASP9,P55211,2
C0090,GallicAcid,CAT,P04040,1
C0090,GallicAcid,CDC25A,P30304,1
C0090,GallicAcid,DGAT1,O75907,1
C0090,GallicAcid,DPP4,P27487,1
C0090,GallicAcid,FASLG,P48023,2
C0090,GallicAcid,IL33,O95760,1
C0090,GallicAcid,LPO,P22079,1
C0090,GallicAcid,MAOA,P21397,1
C0090,GallicAcid,MARK4,Q96L34,1
C0090,GallicAcid,MGST1,P10620,2
C0090,GallicAcid,MMP2,P08253,1
C0090,GallicAcid,MMP9,P14780,1
C0090,GallicAcid,MYD88,Q99836,1
C0090,GallicAcid,NFE2L2,Q16236,1
C0090,GallicAcid,NFKB1,P19838,2
C0090,GallicAcid,NOS2,P35228,1
C0090,GallicAcid,PIK3CG,P48736,1
C0090,GallicAcid,PRKCD,Q05655,1
C0090,GallicAcid,PTGR1,Q14914,1
C0090,GallicAcid,SULT1A1,P50225,2
C0090,GallicAcid,TP53,P04637,2
C0091,Gallocatechin,MMP9,P14780,1
C0093,GambogicAcid,ABCB1,P08183,2
C0093,GambogicAcid,HSP90AA1,P07900,2
C0093,GambogicAcid,PDGFRB,P09619,1
C0093,GambogicAcid,YAP1,P46937,1
C0094,Gamma-AminobutyricAcid,ABAT,P80404,4
C0094,Gamma-AminobutyricAcid,AR,P10275,1
C0094,Gamma-AminobutyricAcid,BCL2,P10415,1
C0094,Gamma-AminobutyricAcid,BDNF,P23560,2
C0094,Gamma-AminobutyricAcid,CASP3,P42574,1
C0094,Gamma-AminobutyricAcid,CHAT,P28329,1
C0094,Gamma-AminobutyricAcid,GABARAP,O95166,1
C0094,Gamma-AminobutyricAcid,GAD1,Q99259,1
C0094,Gamma-AminobutyricAcid,GCK,P35557,1
C0094,Gamma-AminobutyricAcid,IL6,P05231,1
C0094,Gamma-AminobutyricAcid,MGAT1,P26572,2
C0094,Gamma-AminobutyricAcid,PDX1,P52945,1
C0094,Gamma-AminobutyricAcid,SLC2A2,P11168,1
C0094,Gamma-AminobutyricAcid,SLC32A1,Q9H598,1
C0094,Gamma-AminobutyricAcid,SLC6A11,P48066,2
C0095,GamolenicAcid,CASP3,P42574,1
C0095,GamolenicAcid,CNP,P09543,1
C0095,GamolenicAcid,FASN,P49327,2
C0095,GamolenicAcid,MBP,P02686,1
C0095,GamolenicAcid,OCLN,Q16625,1
C0095,GamolenicAcid,PPARG,P37231,1
C0095,GamolenicAcid,TNF,P01375,1
C0096,Ganciclovir,GRM1,Q13255,2
C0096,Ganciclovir,GRM5,P41594,3
C0097,GanodericAcidF,AKR1B1,P15121,1
C0098,Gdp,DYNC1LI1,Q9Y6G9,1
C0098,Gdp,EIF5B,O60841,1
C0098,Gdp,KRAS,P01116,1
C0098,Gdp,RALA,P11233,1
C0098,Gdp,SNCAIP,Q9Y6H5,1
C0098,Gdp,UCP1,P25874,5
C0098,Gdp,UCP2,P55851,1
C0098,Gdp,UCP3,P55916,1
C0099,Gedunin,HSP90AA1,P07900,2
C0099,Gedunin,PTGES3,Q15185,2
C0099,Gedunin,SHH,Q15465,1
C0100,Gefitinib,ABCG2,Q9UNQ0,3
C0100,Gefitinib,BAX,Q07812,1
C0100,Gefitinib,BCL2,P10415,1
C0100,Gefitinib,CD274,Q9NZQ7,1
C0100,Gefitinib,CTNNB1,P35222,1
C0100,Gefitinib,EGF,P01133,4
C0100,Gefitinib,EGFR,P00533,20
C0100,Gefitinib,ERBB3,P21860,1
C0100,Gefitinib,ETS1,P14921,1
C0100,Gefitinib,FCGR1CP,nan,1
C0100,Gefitinib,FN1,P02751,1
C0100,Gefitinib,FOXO3,O43524,1
C0100,Gefitinib,GAK,O14976,2
C0100,Gefitinib,HSPA4,P34932,1
C0100,Gefitinib,IKBKB,O14920,1
C0100,Gefitinib,MAP1LC3A,Q9H492,2
C0100,Gefitinib,MAPK1,P28482,1
C0100,Gefitinib,MAPK3,P27361,1
C0100,Gefitinib,MAPK8,P45983,1
C0100,Gefitinib,MIR29B1,nan,1
C0100,Gefitinib,PRKAA1,Q13131,1
C0100,Gefitinib,PTGER4,P35408,1
C0100,Gefitinib,RIPK2,O43353,4
C0100,Gefitinib,STAT3,P40763,1
C0100,Gefitinib,TET1,Q8NFU7,1
C0100,Gefitinib,TOB1,P50616,1
C0100,Gefitinib,TXK,P42681,3
C0101,Genistein,ABCG2,Q9UNQ0,1
C0101,Genistein,AKR1B1,P15121,1
C0101,Genistein,AKT1,P31749,2
C0101,Genistein,APEX1,P27695,1
C0101,Genistein,APOA1,P02647,1
C0101,Genistein,AR,P10275,3
C0101,Genistein,ATM,Q13315,1
C0101,Genistein,BAX,Q07812,3
C0101,Genistein,BCL2,P10415,3
C0101,Genistein,BHLHE40,O14503,1
C0101,Genistein,BIRC7,Q96CA5,1
C0101,Genistein,BMP2,P12643,1
C0101,Genistein,BUB1,O43683,1
C0101,Genistein,CASP3,P42574,2
C0101,Genistein,CASP9,P55211,1
C0101,Genistein,CCL2,P13500,1
C0101,Genistein,CCN2,P29279,2
C0101,Genistein,CCNA2,P20248,1
C0101,Genistein,CCNB1,P14635,4
C0101,Genistein,CDC20,Q12834,1
C0101,Genistein,CDC25C,P30307,1
C0101,Genistein,CDK1,P06493,3
C0101,Genistein,CDKN1A,P38936,5
C0101,Genistein,CDKN2A,P42771,1
C0101,Genistein,CFTR,P13569,2
C0101,Genistein,CHEK2,O96017,2
C0101,Genistein,CRYAB,P02511,1
C0101,Genistein,CXCL8,P10145,1
C0101,Genistein,CYCS,P99999,1
C0101,Genistein,CYP1A2,P05177,1
C0101,Genistein,CYP2A6,P11509,1
C0101,Genistein,DFFA,O00273,1
C0101,Genistein,DNMT1,P26358,1
C0101,Genistein,DNMT3B,Q9UBC3,1
C0101,Genistein,EGFR,P00533,3
C0101,Genistein,ERBB2,P04626,2
C0101,Genistein,ESR1,P03372,4
C0101,Genistein,ESR2,Q92731,2
C0101,Genistein,FASN,P49327,1
C0101,Genistein,FGFR4,P22455,1
C0101,Genistein,FN1,P02751,1
C0101,Genistein,FOS,P01100,2
C0101,Genistein,GCK,P35557,1
C0101,Genistein,GFAP,P14136,1
C0101,Genistein,GJA1,P17302,1
C0101,Genistein,GLB1,P16278,1
C0101,Genistein,GSTP1,P09211,1
C0101,Genistein,H6PD,O95479,1
C0101,Genistein,HDAC6,Q9UBN7,1
C0101,Genistein,HDAC9,Q9UKV0,1
C0101,Genistein,HIF1A,Q16665,1
C0101,Genistein,HMGCR,P04035,2
C0101,Genistein,HSD11B1,P28845,1
C0101,Genistein,ICAM1,P05362,1
C0101,Genistein,IGF1R,P08069,1
C0101,Genistein,IL1B,P01584,1
C0101,Genistein,JUN,P05412,2
C0101,Genistein,KIF20A,O95235,1
C0101,Genistein,LDLR,P01130,2
C0101,Genistein,MAP2K4,P45985,1
C0101,Genistein,MAP2K5,Q13163,1
C0101,Genistein,MAP2K7,O14733,1
C0101,Genistein,MAPK1,P28482,1
C0101,Genistein,MAPK3,P27361,1
C0101,Genistein,MDC1,Q14676,1
C0101,Genistein,MDM2,Q00987,1
C0101,Genistein,MIR29B1,nan,1
C0101,Genistein,MMP9,P14780,1
C0101,Genistein,NCOR1,O75376,1
C0101,Genistein,NFKB1,P19838,2
C0101,Genistein,NOS2,P35228,1
C0101,Genistein,NOS3,P29474,1
C0101,Genistein,PBK,Q96KB5,1
C0101,Genistein,PECAM1,P16284,1
C0101,Genistein,PLK1,P53350,1
C0101,Genistein,PML,P29590,1
C0101,Genistein,PPARA,Q07869,2
C0101,Genistein,PPARG,P37231,1
C0101,Genistein,PRKDC,P78527,1
C0101,Genistein,PTEN,P60484,1
C0101,Genistein,PTGS2,P35354,3
C0101,Genistein,PTK2B,Q14289,2
C0101,Genistein,PTPA,Q15257,1
C0101,Genistein,RAF1,P04049,2
C0101,Genistein,RELA,Q04206,4
C0101,Genistein,RUNX2,Q13950,1
C0101,Genistein,SELE,P16581,1
C0101,Genistein,SLC26A6,Q9BXS9,1
C0101,Genistein,SLC4A4,Q9Y6R1,1
C0101,Genistein,SLC6A3,Q01959,1
C0101,Genistein,SLC9A1,P19634,1
C0101,Genistein,SLC9A2,Q9UBY0,1
C0101,Genistein,SLC9A3,P48764,1
C0101,Genistein,SRC,P12931,1
C0101,Genistein,STAT1,P42224,1
C0101,Genistein,STAT3,P40763,1
C0101,Genistein,SYK,P43405,1
C0101,Genistein,TGFB1,P01137,3
C0101,Genistein,TGFB2,P61812,1
C0101,Genistein,TIMP1,P01033,2
C0101,Genistein,TNF,P01375,1
C0101,Genistein,TNFRSF11B,O00300,3
C0101,Genistein,TNFSF11,O14788,2
C0101,Genistein,TP53,P04637,2
C0101,Genistein,TRPC5,Q9UL62,1
C0101,Genistein,UGT1A1,P22309,1
C0101,Genistein,VCAM1,P19320,2
C0101,Genistein,VEGFA,P15692,3
C0101,Genistein,ZBTB16,Q05516,1
C0102,Geraniol,BAK1,Q16611,1
C0102,Geraniol,CCND1,P24385,1
C0102,Geraniol,CDK2,P24941,1
C0102,Geraniol,CDK4,P11802,1
C0102,Geraniol,CES2,O00748,1
C0102,Geraniol,CYP2B6,P20813,1
C0102,Geraniol,HMGCR,P04035,1
C0103,Geranylgeraniol,NFKB1,P19838,1
C0103,Geranylgeraniol,PPARG,P37231,1
C0103,Geranylgeraniol,UBIAD1,Q9Y5Z9,1
C0104,GinsenosideRh2,BAX,Q07812,1
C0104,GinsenosideRh2,CASP1,P29466,1
C0104,GinsenosideRh2,CASP3,P42574,1
C0104,GinsenosideRh2,EGFR,P00533,1
C0104,GinsenosideRh2,IL1B,P01584,1
C0105,Glabridin,MAPK8,P45983,1
C0105,Glabridin,MAPK9,P45984,1
C0106,Glutathione,AKR1B1,P15121,1
C0106,Glutathione,SELENOW,P63302,1
C0106,Glutathione,TPO,P07202,2
C0107,Glycinebetaine,IGFBP1,P08833,1
C0107,Glycinebetaine,TNF,P01375,1
C0108,Glycybenzofuran,PTPN1,P18031,1
C0109,Glycyrol,PPP3CA,Q08209,1
C0110,Glycyrrhizin,CASP3,P42574,2
C0110,Glycyrrhizin,CCL11,P51671,1
C0110,Glycyrrhizin,CYP11B2,P19099,1
C0110,Glycyrrhizin,HMGB1,P09429,1
C0110,Glycyrrhizin,HMOX1,P09601,1
C0110,Glycyrrhizin,HSD11B2,P80365,2
C0110,Glycyrrhizin,IL2,P60568,1
C0110,Glycyrrhizin,IL6,P05231,1
C0110,Glycyrrhizin,JUN,P05412,1
C0110,Glycyrrhizin,MPO,P05164,1
C0110,Glycyrrhizin,NOS2,P35228,1
C0110,Glycyrrhizin,PPARG,P37231,1
C0110,Glycyrrhizin,PTGS2,P35354,1
C0110,Glycyrrhizin,STAT3,P40763,1
C0110,Glycyrrhizin,TNF,P01375,2
C0112,Gossypol,APEX1,P27695,1
C0112,Gossypol,BCL2,P10415,6
C0112,Gossypol,BCL2L1,Q07817,6
C0112,Gossypol,Bcl2l1,Q64373,1
C0112,Gossypol,CASP3,P42574,1
C0112,Gossypol,CASP8,Q14790,1
C0112,Gossypol,CASP9,P55211,1
C0112,Gossypol,CXCL8,P10145,1
C0112,Gossypol,GJA1,P17302,1
C0112,Gossypol,HSD11B1,P28845,1
C0112,Gossypol,ICAM1,P05362,1
C0112,Gossypol,LDHA,P00338,2
C0112,Gossypol,NCOA1,Q15788,1
C0112,Gossypol,NCOA3,Q9Y6Q9,2
C0112,Gossypol,PCLAF,Q15004,1
C0112,Gossypol,PLG,P00747,1
C0113,Guanine,CIDEB,Q9UHD4,1
C0113,Guanine,LRRK2,Q5S007,1
C0113,Guanine,RHOA,P61586,1
C0113,Guanine,SPHK1,Q9NYA1,1
C0114,(-)-Epicatechin,ABCG2,Q9UNQ0,2
C0114,(-)-Epicatechin,ACE,P12821,1
C0114,(-)-Epicatechin,CASP3,P42574,1
C0114,(-)-Epicatechin,COMT,P21964,1
C0114,(-)-Epicatechin,GSS,P48637,1
C0114,(-)-Epicatechin,IL1A,P01583,1
C0114,(-)-Epicatechin,IL6,P05231,1
C0114,(-)-Epicatechin,JUN,P05412,1
C0114,(-)-Epicatechin,NOS3,P29474,2
C0114,(-)-Epicatechin,RYR1,P21817,1
C0114,(-)-Epicatechin,TNF,P01375,1
C0115,Harmine,DYRK1A,Q13627,6
C0115,Harmine,MAOA,P21397,4
C0115,Harmine,NFATC1,O95644,1
C0116,Harpagoside,NFKBIA,P25963,1
C0118,Hesperetin,CYP19A1,P11511,1
C0118,Hesperetin,NOTCH1,P46531,2
C0118,Hesperetin,SIRT1,Q96EB6,1
C0119,Hesperidin,BACE1,P56817,1
C0119,Hesperidin,BAX,Q07812,1
C0119,Hesperidin,BCL2,P10415,1
C0119,Hesperidin,CAMK4,Q16566,1
C0119,Hesperidin,CASP3,P42574,1
C0119,Hesperidin,ICAM1,P05362,1
C0119,Hesperidin,NFKB1,P19838,1
C0119,Hesperidin,NOS2,P35228,1
C0119,Hesperidin,PCNA,P12004,1
C0119,Hesperidin,TNF,P01375,1
C0119,Hesperidin,VCAM1,P19320,1
C0122,Hinokitiol,BMI1,P35226,1
C0123,HippuricAcid,PPARG,P37231,1
C0124,Hispidulin,HIF1A,Q16665,1
C0124,Hispidulin,PIM1,P11309,1
C0125,Histamine,CDH5,P33151,1
C0125,Histamine,CRH,P06850,1
C0125,Histamine,CRHR1,P34998,1
C0125,Histamine,DEFB4A;DEFB4B,O15263,1
C0125,Histamine,HRH1,P35367,2
C0125,Histamine,MMP9,P14780,1
C0125,Histamine,NFKB1,P19838,1
C0125,Histamine,PTGS2,P35354,1
C0125,Histamine,SELP,P16109,1
C0126,Honokiol,FOXM1,Q08050,1
C0126,Honokiol,GP6,Q9HCN6,1
C0126,Honokiol,PPARG,P37231,1
C0126,Honokiol,RXRA,P19793,1
C0126,Honokiol,SIRT3,Q9NTG7,4
C0127,Humulone,IKBKB,O14920,1
C0127,Humulone,JUN,P05412,1
C0127,Humulone,PTGS2,P35354,1
C0127,Humulone,RELA,Q04206,1
C0128,Hydrastine,PAK4,O96013,1
C0129,Hydrocortisone,ALB,P02768,1
C0129,Hydrocortisone,BCL2L12,Q9HB09,1
C0129,Hydrocortisone,DEPTOR,Q8TB45,1
C0129,Hydrocortisone,IL6,P05231,1
C0129,Hydrocortisone,KCNA3,P22001,1
C0129,Hydrocortisone,NR3C1,P04150,1
C0129,Hydrocortisone,SERPINA6,P08185,3
C0129,Hydrocortisone,THRB,P10828,1
C0129,Hydrocortisone,TP53,P04637,1
C0130,Hydroquinone,GRM1,Q13255,2
C0130,Hydroquinone,TNF,P01375,1
C0130,Hydroquinone,TYR,P14679,1
C0132,Hyperforin,CXCL8,P10145,1
C0132,Hyperforin,CYP3A4,P08684,1
C0132,Hyperforin,ICAM1,P05362,1
C0132,Hyperforin,NR1I2,O75469,1
C0132,Hyperforin,STAT1,P42224,2
C0132,Hyperforin,TRPC6,Q9Y210,2
C0133,Hyperoside,CASP3,P42574,1
C0133,Hyperoside,CAT,P04040,1
C0133,Hyperoside,HMOX1,P09601,1
C0133,Hyperoside,NFE2L2,Q16236,1
C0133,Hyperoside,SIRT1,Q96EB6,1
C0134,Ibuprofen,HIF1A,Q16665,1
C0134,Ibuprofen,PTGS2,P35354,1
C0134,Ibuprofen,SLC15A1,P46059,1
C0135,Icariin,ACHE,P22303,1
C0135,Icariin,AKT1,P31749,1
C0135,Icariin,APP,P05067,1
C0135,Icariin,BMP4,P12644,1
C0135,Icariin,CTSK,P43235,1
C0135,Icariin,ID1,P41134,1
C0135,Icariin,MMP9,P14780,1
C0135,Icariin,NFE2L2,Q16236,1
C0135,Icariin,NFKB1,P19838,1
C0135,Icariin,NOS3,P29474,1
C0135,Icariin,NOX4,Q9NPH5,1
C0135,Icariin,NRF1,Q16656,1
C0135,Icariin,PPARA,Q07869,1
C0135,Icariin,RUNX2,Q13950,1
C0135,Icariin,TLR9,Q9NR96,1
C0135,Icariin,TNFRSF11B,O00300,1
C0135,Icariin,TNFSF11,O14788,1
C0135,Icariin,TNNT2,P45379,1
C0136,IcarisideIi,CXCR4,P61073,1
C0136,IcarisideIi,JAK2,O60674,1
C0136,IcarisideIi,NOS2,P35228,1
C0136,IcarisideIi,STAT3,P40763,1
C0137,Icaritin,BAX,Q07812,1
C0137,Icaritin,BCL2,P10415,2
C0137,Icaritin,PIK3R1,P27986,1
C0138,Icosapent,CRP,P02741,1
C0138,Icosapent,ILK,Q13418,1
C0138,Icosapent,MAPK1,P28482,1
C0138,Icosapent,MAPK3,P27361,1
C0138,Icosapent,PPARG,P37231,2
C0138,Icosapent,SOD1,P00441,1
C0138,Icosapent,TNF,P01375,1
C0139,Ifenprodil,GRIN1,Q05586,1
C0139,Ifenprodil,GRIN2B,Q13224,2
C0140,Imidazole,MAPK14,Q16539,1
C0140,Imidazole,PTGES2,Q9H7Z7,1
C0141,Indigo,AHR,P35869,2
C0141,Indigo,CDC25B,P30305,1
C0141,Indigo,IL22,Q9GZX6,1
C0142,Indirubin,AHR,P35869,1
C0142,Indirubin,CDC25B,P30305,1
C0142,Indirubin,CDK9,P50750,1
C0143,Indole,IFNG,P01579,1
C0143,Indole,KRAS,P01116,1
C0143,Indole,MAOA,P21397,1
C0143,Indole,PKLR,P30613,1
C0144,Inosine,ADORA3,P0DMS8,1
C0144,Inosine,P2RY1,P47900,1
C0145,Inositol,AKT1,P31749,1
C0145,Inositol,ALPI,P09923,1
C0145,Inositol,CDK5,Q00535,1
C0145,Inositol,PTEN,P60484,1
C0145,Inositol,TRPV1,Q8NER1,1
C0146,Isatin,GAPDH,P04406,1
C0146,Isatin,MAOB,P27338,2
C0147,Isoalantolactone,CCNB1,P14635,1
C0148,Isoeugenol,IL2,P60568,1
C0148,Isoeugenol,RELA,Q04206,1
C0149,IsoferulicAcid,ADRA1A,P35348,2
C0150,Isoguvacine,GABRG1,Q8N1C3,1
C0151,Isoimperatorin,CASP3,P42574,1
C0151,Isoimperatorin,CASP8,Q14790,1
C0151,Isoimperatorin,CASP9,P55211,1
C0151,Isoimperatorin,PTGS2,P35354,1
C0152,Isoliquiritigenin,BAX,Q07812,1
C0152,Isoliquiritigenin,CDK2,P24941,1
C0152,Isoliquiritigenin,CISD1,Q9NZ45,1
C0152,Isoliquiritigenin,FOS,P01100,1
C0152,Isoliquiritigenin,GUSB,P08236,1
C0152,Isoliquiritigenin,HMGB1,P09429,1
C0152,Isoliquiritigenin,HSPA5,P11021,1
C0152,Isoliquiritigenin,JAK2,O60674,1
C0152,Isoliquiritigenin,MAPK8,P45983,1
C0152,Isoliquiritigenin,MIR374A,nan,1
C0152,Isoliquiritigenin,NLRP3,Q96P20,1
C0152,Isoliquiritigenin,PTEN,P60484,1
C0152,Isoliquiritigenin,SELE,P16581,1
C0152,Isoliquiritigenin,TYR,P14679,1
C0152,Isoliquiritigenin,VCAM1,P19320,1
C0153,Isoorientin,NFE2L2,Q16236,1
C0153,Isoorientin,NQO1,P15559,1
C0154,Isopimpinellin,Cyp2b10,P12791,1
C0155,IsopropylAlcohol,PRKAA1,Q13131,1
C0156,Isoquercetin,CYP1A1,P04798,1
C0156,Isoquercetin,P4HB,P07237,1
C0156,Isoquercetin,PRKAA1,Q13131,1
C0157,Isorhamnetin,MAP2K1,Q02750,1
C0157,Isorhamnetin,MAP2K7,O14733,1
C0157,Isorhamnetin,NCF1,P14598,1
C0157,Isorhamnetin,NOS2,P35228,1
C0157,Isorhamnetin,OLR1,P78380,1
C0157,Isorhamnetin,PPARG,P37231,2
C0157,Isorhamnetin,PTGS2,P35354,1
C0157,Isorhamnetin,SLC47A1,Q96FL8,1
C0157,Isorhamnetin,XDH,P47989,1
C0158,Isotretinoin,IGF1,P05019,1
C0158,Isotretinoin,TP53,P04637,1
C0159,Isovitexin,FOXM1,Q08050,1
C0159,Isovitexin,NOS2,P35228,1
C0159,Isovitexin,PTGS2,P35354,1
C0159,Isovitexin,TNF,P01375,1
C0160,Isoxanthohumol,ABCB1,P08183,1
C0160,Isoxanthohumol,ACHE,P22303,1
C0160,Isoxanthohumol,CYP2C8,P10632,1
C0161,Jaceosidine,CASP3,P42574,1
C0162,Jatrorrhizine,MAOA,P21397,1
C0162,Jatrorrhizine,MAOB,P27338,1
C0162,Jatrorrhizine,SLC22A2,O15244,1
C0163,Juglone,CAT,P04040,1
C0163,Juglone,CSF2,P04141,1
C0163,Juglone,G6PD,P11413,1
C0163,Juglone,IL5,P05113,1
C0163,Juglone,PIN1,Q13526,5
C0163,Juglone,SOD1,P00441,1
C0163,Juglone,TP53,P04637,1
C0164,Kaempferol,AHR,P35869,2
C0164,Kaempferol,BAX,Q07812,1
C0164,Kaempferol,BCL2,P10415,1
C0164,Kaempferol,BIRC2,Q13490,1
C0164,Kaempferol,BIRC3,Q13489,1
C0164,Kaempferol,BMPR2,Q13873,1
C0164,Kaempferol,CASP3,P42574,1
C0164,Kaempferol,CDK1,P06493,1
C0164,Kaempferol,CLDN2,P57739,1
C0164,Kaempferol,CXCL8,P10145,1
C0164,Kaempferol,CYP1A1,P04798,1
C0164,Kaempferol,CYP1A2,P05177,1
C0164,Kaempferol,CYP1B1,Q16678,1
C0164,Kaempferol,DIO1,P49895,1
C0164,Kaempferol,ESRRA,P11474,2
C0164,Kaempferol,FOXP3,Q9BZS1,1
C0164,Kaempferol,GSTM1,P09488,1
C0164,Kaempferol,GSTM2,P28161,1
C0164,Kaempferol,HMOX1,P09601,1
C0164,Kaempferol,ICAM1,P05362,2
C0164,Kaempferol,JUN,P05412,1
C0164,Kaempferol,MAPK14,Q16539,1
C0164,Kaempferol,MAPK8,P45983,1
C0164,Kaempferol,MCU,Q8NE86,1
C0164,Kaempferol,MIR21,nan,1
C0164,Kaempferol,MMP1,P03956,2
C0164,Kaempferol,MMP9,P14780,1
C0164,Kaempferol,NFKB1,P19838,1
C0164,Kaempferol,NFKBIA,P25963,1
C0164,Kaempferol,NOS2,P35228,4
C0164,Kaempferol,NR1I2,O75469,1
C0164,Kaempferol,NR1I3,Q14994,1
C0164,Kaempferol,NSFL1C,Q9UNZ2,2
C0164,Kaempferol,PKB_RS07820,nan,1
C0164,Kaempferol,PLEK,P08567,2
C0164,Kaempferol,PPARG,P37231,3
C0164,Kaempferol,PTGS2,P35354,3
C0164,Kaempferol,RPS6KA3,P51812,1
C0164,Kaempferol,SELE,P16581,1
C0164,Kaempferol,STAT1,P42224,1
C0164,Kaempferol,TJP1,Q07157,1
C0164,Kaempferol,TNF,P01375,2
C0164,Kaempferol,VCAM1,P19320,1
C0164,Kaempferol,XDH,P47989,1
C0166,Ketoprofen,SLC22A7,Q9Y694,1
C0167,Kinetin,IVL,P07476,1
C0167,Kinetin,KRT10,P13645,1
C0167,Kinetin,PINK1,Q9BXM7,1
C0168,KojicAcid,TYR,P14679,1
C0169,Kurarinol,STAT3,P40763,1
C0170,KuwanonC,TYR,P14679,1
C0171,Kynurenine,AHR,P35869,1
C0171,Kynurenine,BCL2,P10415,1
C0171,Kynurenine,BIRC2,Q13490,1
C0171,Kynurenine,BIRC3,Q13489,1
C0171,Kynurenine,XIAP,P98170,1
C0172,L-2-Hydroxyglutarate,KDM4C,Q9H3R0,1
C0173,LacticAcid,AHR,P35869,3
C0173,LacticAcid,NR2C2,P49116,1
C0174,LanatosideC,MYC,P01106,1
C0175,L-Carnosine,GLB1,P16278,1
C0175,L-Carnosine,PARP1,P09874,1
C0175,L-Carnosine,PARP2,Q9UGN5,1
C0176,LecanoricAcid,AXIN2,Q9Y2T1,1
C0177,LeukotrieneD4,CYSLTR1,Q9Y271,1
C0177,LeukotrieneD4,GLB1,P16278,1
C0178,Levocarnitine,CPT1A,P50416,1
C0178,Levocarnitine,HDAC9,Q9UKV0,2
C0179,Levodopa,CRTC1,Q6UUV9,1
C0179,Levodopa,DDC,P20711,1
C0179,Levodopa,DRD2,P14416,1
C0179,Levodopa,DRD3,P35462,1
C0179,Levodopa,MAPK1,P28482,1
C0179,Levodopa,MAPK3,P27361,1
C0179,Levodopa,PPP1R1B,Q9UD71,1
C0179,Levodopa,PTPN11,Q06124,1
C0179,Levodopa,SRC,P12931,1
C0179,Levodopa,VEGFA,P15692,1
C0180,Levofloxacin,CASP3,P42574,1
C0180,Levofloxacin,FABP4,P15090,1
C0181,Levomenthol,CYP2A13,Q16696,1
C0181,Levomenthol,CYP2A6,P11509,1
C0181,Levomenthol,TRPA1,O75762,1
C0181,Levomenthol,TRPM8,Q7Z2W7,1
C0182,Levothyroxine,MIF,P14174,2
C0182,Levothyroxine,TTR,P02766,1
C0183,L-Fucose,CD209,Q9NNX6,1
C0184,LicarinA,CASP3,P42574,1
C0185,LicoagrochaconeA,BCL2,P10415,1
C0185,LicoagrochaconeA,FOSL2,P15408,1
C0185,LicoagrochaconeA,STAT3,P40763,1
C0186,Ligustilide,ATG12,O94817,1
C0186,Ligustilide,ATG5,Q9H1Y0,1
C0186,Ligustilide,ATG7,O95352,1
C0186,Ligustilide,MAP1LC3B,Q9GZQ8,1
C0186,Ligustilide,TNFRSF9,Q07011,1
C0187,Limonin,CYP3A4,P08684,1
C0188,Linalool,NPY,P01303,1
C0188,Linalool,PPARA,Q07869,1
C0188,Linalool,SOD2,P04179,1
C0189,LinoleicAcid,BCL2,P10415,1
C0189,LinoleicAcid,CCL2,P13500,1
C0189,LinoleicAcid,FOS,P01100,1
C0189,LinoleicAcid,ICAM1,P05362,1
C0189,LinoleicAcid,JUN,P05412,1
C0189,LinoleicAcid,LCN2,P80188,1
C0189,LinoleicAcid,NFATC4,Q14934,1
C0189,LinoleicAcid,NFKB1,P19838,2
C0189,LinoleicAcid,NPPA,P01160,1
C0189,LinoleicAcid,NPPB,P16860,1
C0189,LinoleicAcid,PLA2G7,Q13093,1
C0189,LinoleicAcid,POMC,P01189,1
C0189,LinoleicAcid,PPARA,Q07869,1
C0189,LinoleicAcid,SCD,O00767,1
C0190,LinolenicAcid,ACHE,P22303,1
C0190,LinolenicAcid,CASP3,P42574,1
C0190,LinolenicAcid,FASN,P49327,1
C0190,LinolenicAcid,GCG,P01275,1
C0190,LinolenicAcid,HNF1A,P20823,1
C0190,LinolenicAcid,HNF4A,P41235,1
C0190,LinolenicAcid,PTGS2,P35354,1
C0190,LinolenicAcid,SCARB1,Q8WTV0,1
C0190,LinolenicAcid,UCP2,P55851,1
C0191,Liothyronine,CRP,P02741,1
C0191,Liothyronine,CYP51A1,Q16850,1
C0191,Liothyronine,UCP1,P25874,1
C0192,LipoicAcid,ACHE,P22303,1
C0192,LipoicAcid,ALDH2,P05091,2
C0192,LipoicAcid,BCL2,P10415,1
C0192,LipoicAcid,CASP9,P55211,1
C0192,LipoicAcid,CAT,P04040,1
C0192,LipoicAcid,CCND1,P24385,1
C0192,LipoicAcid,CRP,P02741,2
C0192,LipoicAcid,CX3CL1,P78423,1
C0192,LipoicAcid,CYBA,P13498,1
C0192,LipoicAcid,FXN,Q16595,1
C0192,LipoicAcid,HMOX1,P09601,2
C0192,LipoicAcid,IL6,P05231,1
C0192,LipoicAcid,INS,P01308,1
C0192,LipoicAcid,NCF1,P14598,1
C0192,LipoicAcid,NFE2L2,Q16236,1
C0192,LipoicAcid,NFKB1,P19838,1
C0192,LipoicAcid,NOS2,P35228,1
C0192,LipoicAcid,PDK4,Q16654,1
C0192,LipoicAcid,PNPLA2,Q96AD5,1
C0192,LipoicAcid,POR,P16435,1
C0192,LipoicAcid,PPARG,P37231,2
C0192,LipoicAcid,PPARGC1A,Q9UBK2,1
C0192,LipoicAcid,PTPN1,P18031,1
C0192,LipoicAcid,SMPD2,O60906,1
C0192,LipoicAcid,SOD2,P04179,1
C0192,LipoicAcid,TNF,P01375,1
C0192,LipoicAcid,TYR,P14679,1
C0192,LipoicAcid,VCAM1,P19320,1
C0193,Liquiritin,AKR1C1,Q04828,1
C0194,LithocholicAcid,AKR1C3,P42330,1
C0194,LithocholicAcid,CYP3A,nan,1
C0194,LithocholicAcid,GPBAR1,Q8TDU6,2
C0194,LithocholicAcid,MDM2,Q00987,1
C0194,LithocholicAcid,MDM4,O15151,1
C0194,LithocholicAcid,NR1H4,Q96RI1,1
C0194,LithocholicAcid,NR1I2,O75469,2
C0194,LithocholicAcid,POLB,P06746,1
C0196,Loperamide,ABCB1,P08183,1
C0196,Loperamide,ANGPT1,Q15389,1
C0196,Loperamide,ANGPT2,O15123,1
C0196,Loperamide,CES2,O00748,1
C0197,Loratadine,HRH1,P35367,1
C0197,Loratadine,KCNK18,Q7Z418,1
C0197,Loratadine,MGLL,Q99685,1
C0198,Lupeol,AR,P10275,1
C0198,Lupeol,BCL2,P10415,1
C0198,Lupeol,CASP3,P42574,1
C0198,Lupeol,CDC25C,P30307,1
C0198,Lupeol,CDK1,P06493,1
C0198,Lupeol,EGFR,P00533,1
C0198,Lupeol,ESR1,P03372,1
C0198,Lupeol,IFNG,P01579,1
C0198,Lupeol,LAMP1,P11279,1
C0198,Lupeol,MMP9,P14780,1
C0198,Lupeol,PLK1,P53350,1
C0198,Lupeol,PRF1,P14222,1
C0198,Lupeol,PTGS2,P35354,1
C0198,Lupeol,SFN,P31947,1
C0199,Luteolin,ABCC2,Q92887,1
C0199,Luteolin,ABCG2,Q9UNQ0,1
C0199,Luteolin,ACHE,P22303,1
C0199,Luteolin,ADORA1,P30542,1
C0199,Luteolin,ADORA2A,P29274,1
C0199,Luteolin,AKT1,P31749,3
C0199,Luteolin,ANO1,Q5XXA6,1
C0199,Luteolin,AURKB,Q96GD4,1
C0199,Luteolin,BCL2,P10415,2
C0199,Luteolin,BCL2L1,Q07817,1
C0199,Luteolin,CASP3,P42574,3
C0199,Luteolin,CASP9,P55211,1
C0199,Luteolin,CCNB1,P14635,1
C0199,Luteolin,CCND1,P24385,1
C0199,Luteolin,CDK2,P24941,1
C0199,Luteolin,CDK4,P11802,1
C0199,Luteolin,CDK9,P50750,1
C0199,Luteolin,CDKN1A,P38936,2
C0199,Luteolin,CLDN2,P57739,2
C0199,Luteolin,EGFR,P00533,1
C0199,Luteolin,ERBB2,P04626,1
C0199,Luteolin,ERG,P11308,1
C0199,Luteolin,ESR1,P03372,1
C0199,Luteolin,FASN,P49327,1
C0199,Luteolin,FLT3,P36888,1
C0199,Luteolin,GAK,O14976,1
C0199,Luteolin,GSTK1,Q9Y2Q3,1
C0199,Luteolin,HDAC9,Q9UKV0,1
C0199,Luteolin,HMGB1,P09429,1
C0199,Luteolin,HMOX1,P09601,1
C0199,Luteolin,HSP90AA1,P07900,1
C0199,Luteolin,ICAM1,P05362,1
C0199,Luteolin,IFNG,P01579,1
C0199,Luteolin,IL10,P22301,1
C0199,Luteolin,IL17A,Q16552,1
C0199,Luteolin,IL4,P05112,1
C0199,Luteolin,IL6,P05231,3
C0199,Luteolin,INSR,P06213,1
C0199,Luteolin,JUN,P05412,3
C0199,Luteolin,MAOA,P21397,1
C0199,Luteolin,MAPK1,P28482,1
C0199,Luteolin,MAPK14,Q16539,1
C0199,Luteolin,MAPK3,P27361,1
C0199,Luteolin,MAPK8,P45983,1
C0199,Luteolin,MCL1,Q07820,1
C0199,Luteolin,MDM2,Q00987,1
C0199,Luteolin,MET,P08581,1
C0199,Luteolin,MIR132,nan,1
C0199,Luteolin,MIR203A,nan,1
C0199,Luteolin,MIR384,nan,1
C0199,Luteolin,MMP1,P03956,1
C0199,Luteolin,MMP2,P08253,1
C0199,Luteolin,MMP9,P14780,1
C0199,Luteolin,MTOR,P42345,1
C0199,Luteolin,NFE2L2,Q16236,2
C0199,Luteolin,NFKB1,P19838,1
C0199,Luteolin,NFKBIA,P25963,1
C0199,Luteolin,NOS2,P35228,6
C0199,Luteolin,PARP1,P09874,1
C0199,Luteolin,PRKCE,Q02156,1
C0199,Luteolin,PTGES,O14684,1
C0199,Luteolin,PTGS2,P35354,4
C0199,Luteolin,PTN,P21246,1
C0199,Luteolin,SIRT3,Q9NTG7,1
C0199,Luteolin,SLC2A4,P14672,1
C0199,Luteolin,SMAD3,P84022,1
C0199,Luteolin,SRC,P12931,1
C0199,Luteolin,TBK1,Q9UHD2,1
C0199,Luteolin,TERT,O14746,1
C0199,Luteolin,TNF,P01375,3
C0199,Luteolin,TOP1,P11387,1
C0199,Luteolin,TOP2A,P11388,1
C0199,Luteolin,TP53,P04637,3
C0199,Luteolin,TYR,P14679,1
C0199,Luteolin,VEGFA,P15692,2
C0199,Luteolin,VRK1,Q99986,1
C0199,Luteolin,XDH,P47989,4
C0199,Luteolin,XIAP,P98170,1
C0199,Luteolin,ZHX2,Q9Y6X8,1
C0200,Lycopene,AKT1,P31749,1
C0200,Lycopene,GSK3B,P49841,1
C0200,Lycopene,MAPK1,P28482,1
C0200,Lycopene,MAPK3,P27361,1
C0200,Lycopene,MIR21,nan,1
C0200,Lycopene,MMP7,P09237,1
C0200,Lycopene,NFKB1,P19838,1
C0201,Lycorine,BAX,Q07812,2
C0201,Lycorine,BCL2,P10415,2
C0201,Lycorine,CASP3,P42574,1
C0201,Lycorine,CASP8,Q14790,1
C0201,Lycorine,CASP9,P55211,1
C0201,Lycorine,CDK4,P11802,1
C0201,Lycorine,STAT3,P40763,1
C0202,Maackiain,HSP90AA1,P07900,1
C0203,Magnolol,BAX,Q07812,1
C0203,Magnolol,BDNF,P23560,1
C0203,Magnolol,KDR,P35968,1
C0203,Magnolol,MAPK14,Q16539,1
C0203,Magnolol,NOS2,P35228,1
C0203,Magnolol,STAT3,P40763,1
C0203,Magnolol,TLR4,O00206,1
C0204,MalonicAcid,SRR,Q9GZT4,1
C0205,Mangostin,GLI1,P08151,1
C0205,Mangostin,KDR,P35968,1
C0205,Mangostin,MARK4,Q96L34,2
C0205,Mangostin,SMPD1,P17405,1
C0206,Mannitol,SLC5A1,P13866,1
C0207,MaslinicAcid,PLA2G2A,P14555,1
C0208,Matairesinol,ADIPOR1,Q96A54,1
C0209,Meglutol,CAT,P04040,1
C0209,Meglutol,G6PD,P11413,1
C0209,Meglutol,TLR4,O00206,1
C0210,Melatonin,ACVR1,Q04771,1
C0210,Melatonin,ADAM10,O14672,1
C0210,Melatonin,ADIPOQ,Q15848,1
C0210,Melatonin,AKT1,P31749,3
C0210,Melatonin,ALPL,P05186,1
C0210,Melatonin,ARNTL,O00327,1
C0210,Melatonin,ATF6,P18850,1
C0210,Melatonin,ATP2A2,P16615,1
C0210,Melatonin,BAX,Q07812,1
C0210,Melatonin,BCL2,P10415,1
C0210,Melatonin,BMPR2,Q13873,1
C0210,Melatonin,Bcl2l1,Q64373,1
C0210,Melatonin,CALM3;CALM1;CALM2,P0DP25;P0DP23;P0DP24,2
C0210,Melatonin,CASP3,P42574,2
C0210,Melatonin,CASP9,P55211,1
C0210,Melatonin,CAT,P04040,2
C0210,Melatonin,CYBB,P04839,1
C0210,Melatonin,CYP17A1,P05093,1
C0210,Melatonin,DSPP,Q9NZW4,1
C0210,Melatonin,ELAVL4,P26378,1
C0210,Melatonin,EYA3,Q99504,1
C0210,Melatonin,FAS,P25445,1
C0210,Melatonin,FASLG,P48023,1
C0210,Melatonin,FLT1,P17948,1
C0210,Melatonin,HMOX1,P09601,1
C0210,Melatonin,HOXC13,P31276,1
C0210,Melatonin,IFIH1,Q9BYX4,1
C0210,Melatonin,IRS1,P35568,1
C0210,Melatonin,ITPR1,Q14643,1
C0210,Melatonin,KISS1,Q15726,1
C0210,Melatonin,LEP,P41159,1
C0210,Melatonin,LOC102724197,nan,1
C0210,Melatonin,MAPK8,P45983,1
C0210,Melatonin,MIR98,nan,1
C0210,Melatonin,MMP9,P14780,1
C0210,Melatonin,MPO,P05164,2
C0210,Melatonin,MTOR,P42345,1
C0210,Melatonin,NES,P48681,1
C0210,Melatonin,NFE2L2,Q16236,1
C0210,Melatonin,NOS2,P35228,2
C0210,Melatonin,PDE5A,O76074,1
C0210,Melatonin,PER1,O15534,1
C0210,Melatonin,PIN1,Q13526,1
C0210,Melatonin,PPARG,P37231,1
C0210,Melatonin,PRNP,F7VJQ1;P04156,1
C0210,Melatonin,RAD51,Q06609,1
C0210,Melatonin,ROCK1,Q13464,2
C0210,Melatonin,ROCK2,O75116,1
C0210,Melatonin,SIRT1,Q96EB6,1
C0210,Melatonin,SLC18A2,Q05940,1
C0210,Melatonin,SLPI,P03973,1
C0210,Melatonin,SMAD6,O43541,1
C0210,Melatonin,SMAD7,O15105,1
C0210,Melatonin,SOCS1,O15524,1
C0210,Melatonin,SOD1,P00441,2
C0210,Melatonin,SOD2,P04179,1
C0210,Melatonin,SP1,P08047,1
C0210,Melatonin,SYK,P43405,1
C0210,Melatonin,TLR4,O00206,1
C0210,Melatonin,TP53,P04637,1
C0210,Melatonin,VEGFA,P15692,2
C0210,Melatonin,XBP1,P17861,1
C0211,Menadione,AOX1,Q06278,2
C0211,Menadione,CDC25A,P30304,1
C0211,Menadione,CDH1,P12830,1
C0211,Menadione,EGFR,P00533,1
C0211,Menadione,SIAH2,O43255,1
C0212,Mesalamine,PPARG,P37231,1
C0213,Metformin,ACACA,Q13085,1
C0213,Metformin,ACAN,P16112,1
C0213,Metformin,ADIPOQ,Q15848,1
C0213,Metformin,AKT1,P31749,3
C0213,Metformin,AMH,P03971,1
C0213,Metformin,APOA5,Q6Q788,1
C0213,Metformin,APOE,P02649,1
C0213,Metformin,BCHE,P06276,1
C0213,Metformin,BCL2,P10415,1
C0213,Metformin,BDNF,P23560,1
C0213,Metformin,CAV1,Q03135,1
C0213,Metformin,CCL2,P13500,1
C0213,Metformin,CCND1,P24385,2
C0213,Metformin,CDK4,P11802,1
C0213,Metformin,CDK6,Q00534,1
C0213,Metformin,CLIC1,O00299,1
C0213,Metformin,COL2A1,P02458,1
C0213,Metformin,CREB1,P16220,1
C0213,Metformin,CRTC1,Q6UUV9,1
C0213,Metformin,CYP19A1,P11511,1
C0213,Metformin,CYP4F3,Q08477,1
C0213,Metformin,DPP4,P27487,2
C0213,Metformin,EIF4E,P06730,1
C0213,Metformin,ERBB2,P04626,1
C0213,Metformin,ERCC1,P07992,1
C0213,Metformin,ESR1,P03372,1
C0213,Metformin,ESR2,Q92731,1
C0213,Metformin,F2RL1,P55085,1
C0213,Metformin,FBLN1,P23142,1
C0213,Metformin,FBXO32,Q969P5,1
C0213,Metformin,FOXO1,Q12778,1
C0213,Metformin,FOXO3,O43524,1
C0213,Metformin,GCG,P01275,2
C0213,Metformin,GDF15,Q99988,1
C0213,Metformin,GLO1,Q04760,3
C0213,Metformin,GLP1R,P43220,1
C0213,Metformin,GLS,O94925,1
C0213,Metformin,GPD2,P43304,2
C0213,Metformin,H6PD,O95479,1
C0213,Metformin,HES3,Q5TGS1,1
C0213,Metformin,HIF1A,Q16665,1
C0213,Metformin,HMGB1,P09429,1
C0213,Metformin,HULC,nan,1
C0213,Metformin,ICAM1,P05362,1
C0213,Metformin,IFI27,P40305,1
C0213,Metformin,IGF1R,P08069,2
C0213,Metformin,ILK,Q13418,1
C0213,Metformin,IPMK,Q8NFU5,1
C0213,Metformin,JUN,P05412,1
C0213,Metformin,LIN28A,Q9H9Z2,1
C0213,Metformin,LIN28B,Q6ZN17,1
C0213,Metformin,MAPK10,P53779,1
C0213,Metformin,MAPK14,Q16539,1
C0213,Metformin,MAPK8,P45983,4
C0213,Metformin,MAPK9,P45984,1
C0213,Metformin,MIR26A1,nan,1
C0213,Metformin,MIR34A,nan,1
C0213,Metformin,MMP2,P08253,1
C0213,Metformin,MMP9,P14780,1
C0213,Metformin,MTOR,P42345,2
C0213,Metformin,NANOG,Q9H9S0,1
C0213,Metformin,NFE2L2,Q16236,1
C0213,Metformin,NFKB1,P19838,1
C0213,Metformin,NLK,Q9UBE8,2
C0213,Metformin,NOS3,P29474,1
C0213,Metformin,NUAK2,Q9H093,1
C0213,Metformin,PAK1,Q13153,1
C0213,Metformin,PDX1,P52945,1
C0213,Metformin,PFKFB3,Q16875,1
C0213,Metformin,PLAU,P00749,1
C0213,Metformin,PON1,P27169,1
C0213,Metformin,PRKAA1,Q13131,16
C0213,Metformin,PRKCI,P41743,1
C0213,Metformin,PRL,P01236,1
C0213,Metformin,PTEN,P60484,1
C0213,Metformin,RARRES2,Q99969,1
C0213,Metformin,RELA,Q04206,1
C0213,Metformin,SERPINE1,P05121,1
C0213,Metformin,SERPINF1,P36955,1
C0213,Metformin,SIRT1,Q96EB6,3
C0213,Metformin,SIRT3,Q9NTG7,1
C0213,Metformin,SKP2,Q13309,1
C0213,Metformin,SLC22A1,O15245,1
C0213,Metformin,SLC2A4,P14672,3
C0213,Metformin,SLC5A2,P31639,1
C0213,Metformin,SMAD2,Q15796,1
C0213,Metformin,SMAD3,P84022,3
C0213,Metformin,SNCA,P37840,1
C0213,Metformin,SOD2,P04179,1
C0213,Metformin,SPHK1,Q9NYA1,1
C0213,Metformin,SREBF1,P36956,1
C0213,Metformin,SREBF2,Q12772,1
C0213,Metformin,STAT3,P40763,4
C0213,Metformin,TGFB1,P01137,2
C0213,Metformin,TIPARP,Q7Z3E1,1
C0213,Metformin,TP53,P04637,3
C0213,Metformin,TRIB3,Q96RU7,1
C0213,Metformin,TXN,P10599,1
C0213,Metformin,UCP2,P55851,1
C0213,Metformin,VEGFA,P15692,1
C0214,Methoxsalen,CYP2A6,P11509,1
C0215,MethylAlcohol,CYP1A1,P04798,1
C0216,MethylRosmarinate,RPS6KB1,P23443,1
C0218,Methyldopa,CRYBA1,P05813,1
C0218,Methyldopa,HDAC11,Q96DB2,1
C0219,Methyleugenol,HDAC1,Q13547,1
C0220,Methylprednisolone,BDNF,P23560,1
C0220,Methylprednisolone,NFKB1,P19838,1
C0220,Methylprednisolone,SELP,P16109,1
C0220,Methylprednisolone,TNF,P01375,2
C0221,Methylthioadenosine,PRMT5,O14744,1
C0221,Methylthioadenosine,TNF,P01375,1
C0222,Metoprolol,ADRB1,P08588,9
C0222,Metoprolol,CYP2D6,P10635,1
C0222,Metoprolol,FOS,P01100,1
C0222,Metoprolol,GJA1,P17302,1
C0222,Metoprolol,GRK2,P25098,1
C0222,Metoprolol,MYH7,P12883,1
C0223,Miltirone,IQGAP2,Q13576,1
C0224,Monocrotaline,CCN2,P29279,1
C0224,Monocrotaline,MMP2,P08253,1
C0224,Monocrotaline,MMP9,P14780,1
C0224,Monocrotaline,NOS2,P35228,1
C0224,Monocrotaline,SLC6A4,P31645,1
C0225,Morin,ABCB1,P08183,1
C0225,Morin,ACP1,P24666,1
C0225,Morin,ADA,P00813,1
C0225,Morin,CD36,P16671,1
C0225,Morin,DAPK1,P53355,1
C0225,Morin,EDN1,P05305,1
C0225,Morin,FAS,P25445,1
C0225,Morin,GSK3B,P49841,1
C0225,Morin,GSR,P00390,1
C0225,Morin,NR1H2,P55055,1
C0225,Morin,NR1H3,Q13133,1
C0225,Morin,PPARG,P37231,2
C0225,Morin,TOP1,P11387,1
C0226,Morphine,ADCY8,P40145,1
C0226,Morphine,ARC,Q7LC44,1
C0226,Morphine,ARRB1,P49407,1
C0226,Morphine,AZIN2,Q96A70,1
C0226,Morphine,BAX,Q07812,1
C0226,Morphine,BCL2,P10415,2
C0226,Morphine,BDNF,P23560,1
C0226,Morphine,CAMK4,Q16566,1
C0226,Morphine,CAMKK2,Q96RR4,1
C0226,Morphine,CASP3,P42574,2
C0226,Morphine,CAT,P04040,1
C0226,Morphine,CCK,P06307,1
C0226,Morphine,CCKBR,P32239,1
C0226,Morphine,CCL4,P13236,1
C0226,Morphine,CCR3,P51677,1
C0226,Morphine,CCR5,P51681,2
C0226,Morphine,CD14,P08571,1
C0226,Morphine,CKB,P12277,2
C0226,Morphine,CNR1,P21554,1
C0226,Morphine,CREB1,P16220,2
C0226,Morphine,CRH,P06850,1
C0226,Morphine,CXCL10,P02778,1
C0226,Morphine,CXCR4,P61073,1
C0226,Morphine,CYP3A4,P08684,1
C0226,Morphine,DBI,P07108,2
C0226,Morphine,DLG4,P78352,1
C0226,Morphine,EIF2AK3,Q9NZJ5,1
C0226,Morphine,FAS,P25445,1
C0226,Morphine,FASLG,P48023,2
C0226,Morphine,FASN,P49327,2
C0226,Morphine,FOS,P01100,1
C0226,Morphine,GATA3,P23771,1
C0226,Morphine,GNA12,Q03113,1
C0226,Morphine,GRIA1,P42261,1
C0226,Morphine,GRIN1,Q05586,3
C0226,Morphine,GRIN2A,Q12879,1
C0226,Morphine,GUSB,P08236,1
C0226,Morphine,HDAC1,Q13547,1
C0226,Morphine,HIF1A,Q16665,2
C0226,Morphine,HSPA4,P34932,1
C0226,Morphine,IFNG,P01579,2
C0226,Morphine,IL1B,P01584,2
C0226,Morphine,IL2,P60568,3
C0226,Morphine,IL4,P05112,2
C0226,Morphine,IL5,P05113,1
C0226,Morphine,IL6,P05231,2
C0226,Morphine,MAPK1,P28482,1
C0226,Morphine,MAPK10,P53779,1
C0226,Morphine,MAPK3,P27361,2
C0226,Morphine,MARCKS,P29966,1
C0226,Morphine,MC4R,P32245,1
C0226,Morphine,MDK,P21741,1
C0226,Morphine,MMP9,P14780,1
C0226,Morphine,MPO,P05164,1
C0226,Morphine,MYC,P01106,1
C0226,Morphine,MYD88,Q99836,1
C0226,Morphine,NOS2,P35228,1
C0226,Morphine,OPRK1,P41145,1
C0226,Morphine,OPRM1,P35372,3
C0226,Morphine,PCSK1,P29120,1
C0226,Morphine,PCSK2,P16519,1
C0226,Morphine,PLAT,P00750,1
C0226,Morphine,PLCG1,P19174,1
C0226,Morphine,PTGS1,P23219,1
C0226,Morphine,PTGS2,P35354,2
C0226,Morphine,PVALB,P20472,1
C0226,Morphine,SGK1,O00141,1
C0226,Morphine,SLC17A7,Q9P2U7,1
C0226,Morphine,SLC1A1,P43005,1
C0226,Morphine,SMPD1,P17405,1
C0226,Morphine,SOD2,P04179,1
C0226,Morphine,STAT3,P40763,2
C0226,Morphine,TH,P07101,1
C0226,Morphine,THBS1,P07996,1
C0226,Morphine,TLR4,O00206,1
C0226,Morphine,TNF,P01375,2
C0226,Morphine,TNFRSF1A,P19438,1
C0226,Morphine,TNFSF10,P50591,1
C0226,Morphine,TP53,P04637,1
C0226,Morphine,TRPV1,Q8NER1,1
C0226,Morphine,TXN,P10599,1
C0226,Morphine,UGT2B7,P16662,1
C0226,Morphine,VEGFA,P15692,2
C0227,Muscarine,CHRM4,P08173,1
C0228,M-Xylene,CYP2E1,P05181,2
C0228,M-Xylene,CYP4B1,P13584,1
C0228,M-Xylene,Cyp2b1,P00176,1
C0229,Myricetin,AATF,Q9NY61,1
C0229,Myricetin,ABCB1,P08183,1
C0229,Myricetin,AHR,P35869,1
C0229,Myricetin,AKT1,P31749,3
C0229,Myricetin,BAD,Q92934,1
C0229,Myricetin,BAX,Q07812,1
C0229,Myricetin,BMP2,P12643,1
C0229,Myricetin,CASP3,P42574,4
C0229,Myricetin,CASP8,Q14790,1
C0229,Myricetin,CD36,P16671,1
C0229,Myricetin,CDK5,Q00535,1
C0229,Myricetin,COMT,P21964,1
C0229,Myricetin,CTSK,P43235,1
C0229,Myricetin,CYP19A1,P11511,1
C0229,Myricetin,CYP2C9,P11712,1
C0229,Myricetin,CYP2D6,P10635,1
C0229,Myricetin,ESR1,P03372,1
C0229,Myricetin,FYN,P06241,1
C0229,Myricetin,GLP1R,P43220,1
C0229,Myricetin,IL1B,P01584,1
C0229,Myricetin,IL6,P05231,1
C0229,Myricetin,IMPDH1,P20839,1
C0229,Myricetin,IMPDH2,P12268,1
C0229,Myricetin,JAK1,P23458,1
C0229,Myricetin,JUN,P05412,1
C0229,Myricetin,MAPK1,P28482,1
C0229,Myricetin,MIR146B,nan,1
C0229,Myricetin,MMP2,P08253,1
C0229,Myricetin,MPO,P05164,1
C0229,Myricetin,PARP1,P09874,1
C0229,Myricetin,PCK1,P35558,1
C0229,Myricetin,PDX1,P52945,1
C0229,Myricetin,PIM1,P11309,1
C0229,Myricetin,PTGS2,P35354,1
C0229,Myricetin,PTP4A3,O75365,2
C0229,Myricetin,RPS6KA3,P51812,1
C0229,Myricetin,SLC2A4,P14672,1
C0229,Myricetin,SMAD1,Q15797,2
C0229,Myricetin,STAT3,P40763,1
C0229,Myricetin,TNF,P01375,3
C0229,Myricetin,TOP1,P11387,1
C0229,Myricetin,XDH,P47989,1
C0229,Myricetin,ZHX2,Q9Y6X8,1
C0230,Myricitrin,BAX,Q07812,1
C0230,Myricitrin,BCL2,P10415,1
C0230,Myricitrin,CASP3,P42574,1
C0230,Myricitrin,COMT,P21964,1
C0230,Myricitrin,MPO,P05164,1
C0231,MyristicAcid,SIGMAR1,Q99720,1
C0232,(R)-Cysteine,CSTB,P04080,1
C0232,(R)-Cysteine,CTSK,P43235,1
C0232,(R)-Cysteine,CTSS,P25774,1
C0232,(R)-Cysteine,IKBKB,O14920,1
C0232,(R)-Cysteine,NFKB1,P19838,1
C0232,(R)-Cysteine,PTPRH,Q9HD43,1
C0232,(R)-Cysteine,SERPINB3,P29508,1
C0233,(-)-Lobeline,CHRNA4,P43681,2
C0233,(-)-Lobeline,SLC18A2,Q05940,2
C0235,Nalorphine,OPRK1,P41145,1
C0236,Naloxone,HAVCR1,Q96D42,1
C0236,Naloxone,MPO,P05164,1
C0236,Naloxone,OPRK1,P41145,1
C0236,Naloxone,OPRM1,P35372,5
C0236,Naloxone,TLR4,O00206,2
C0237,Nanafrocin,DNMT3B,Q9UBC3,1
C0238,Nandrolone,AR,P10275,1
C0238,Nandrolone,DDIT4L,Q96D03,1
C0238,Nandrolone,FOXO1,Q12778,1
C0238,Nandrolone,MDM2,Q00987,1
C0238,Nandrolone,NGF,P01138,1
C0238,Nandrolone,NGFR,P08138,1
C0238,Nandrolone,RCAN2,Q14206,1
C0239,NandroloneDecanoate,NPY,P01303,1
C0240,Naphthalene,BCL2,P10415,1
C0240,Naphthalene,CXCL8,P10145,1
C0240,Naphthalene,CYP1A1,P04798,1
C0240,Naphthalene,FUS,P35637,1
C0240,Naphthalene,MPO,P05164,1
C0240,Naphthalene,UCHL1,P09936,1
C0241,Naproxen,CAT,P04040,1
C0241,Naproxen,COL10A1,Q03692,1
C0241,Naproxen,COX8A,P10176,1
C0241,Naproxen,GSK3B,P49841,2
C0241,Naproxen,HIF1A,Q16665,1
C0241,Naproxen,IL6,P05231,1
C0241,Naproxen,MMP2,P08253,1
C0241,Naproxen,PTGS1,P23219,1
C0241,Naproxen,PTGS2,P35354,2
C0241,Naproxen,TGFB1,P01137,1
C0241,Naproxen,TNF,P01375,1
C0242,Naringenin,AKT1,P31749,1
C0242,Naringenin,ATF3,P18847,1
C0242,Naringenin,CFTR,P13569,1
C0242,Naringenin,CYP19A1,P11511,1
C0242,Naringenin,CYP2C19,P33261,1
C0242,Naringenin,FOS,P01100,1
C0242,Naringenin,HSPA5,P11021,1
C0242,Naringenin,IL10,P22301,1
C0242,Naringenin,ITGB3,P05106,1
C0242,Naringenin,JUN,P05412,1
C0242,Naringenin,LDLR,P01130,1
C0242,Naringenin,MAPK1,P28482,1
C0242,Naringenin,MRC1,P22897,1
C0242,Naringenin,NFE2L2,Q16236,2
C0242,Naringenin,NFKB1,P19838,1
C0242,Naringenin,NR1H3,Q13133,1
C0242,Naringenin,PTEN,P60484,1
C0242,Naringenin,SMAD3,P84022,1
C0242,Naringenin,TF,P02787,1
C0242,Naringenin,TNF,P01375,2
C0243,Naringin,ABCB1,P08183,1
C0243,Naringin,ADRB2,P07550,1
C0243,Naringin,AKT1,P31749,1
C0243,Naringin,AQP1,P29972,1
C0243,Naringin,AQP5,P55064,1
C0243,Naringin,BCHE,P06276,1
C0243,Naringin,BMP2,P12643,1
C0243,Naringin,CFTR,P13569,1
C0243,Naringin,ESR1,P03372,1
C0243,Naringin,FOS,P01100,1
C0243,Naringin,GDNF,P39905,1
C0243,Naringin,GLO1,Q04760,1
C0243,Naringin,MIR126,nan,1
C0243,Naringin,MMP9,P14780,1
C0243,Naringin,NFATC1,O95644,1
C0243,Naringin,NFKB1,P19838,2
C0243,Naringin,NR1H3,Q13133,1
C0243,Naringin,PKB_RS07820,nan,1
C0243,Naringin,PTK2,Q05397,1
C0243,Naringin,SEMA3A,Q14563,1
C0243,Naringin,SLCO1A2,P46721,1
C0243,Naringin,SLCO2B1,O94956,1
C0243,Naringin,SRC,P12931,2
C0243,Naringin,ZEB1,P37275,1
C0244,NectandrinB,PRKAA1,Q13131,2
C0245,Niacin,ADIPOQ,Q15848,1
C0245,Niacin,APOB,P04114,2
C0245,Niacin,CETP,P11597,1
C0245,Niacin,HCAR2,Q8TDS4,1
C0245,Niacin,HIF1A,Q16665,1
C0245,Niacin,HP,P00738,1
C0245,Niacin,LIPG,Q9Y5X9,1
C0245,Niacin,LPL,P06858,1
C0245,Niacin,MAGEC3,Q8TD91,1
C0245,Niacin,MAPK14,Q16539,1
C0245,Niacin,NOS3,P29474,1
C0245,Niacin,SIRT1,Q96EB6,1
C0245,Niacin,TRPV1,Q8NER1,1
C0246,Niacinamide,ADIPOQ,Q15848,1
C0246,Niacinamide,BHMT,Q93088,1
C0246,Niacinamide,CD38,P28907,2
C0246,Niacinamide,CEBPE,Q15744,1
C0246,Niacinamide,H1-0,P07305,1
C0246,Niacinamide,KDM1A,O60341,1
C0246,Niacinamide,MAPK1,P28482,1
C0246,Niacinamide,MAPK3,P27361,1
C0246,Niacinamide,MCL1,Q07820,1
C0246,Niacinamide,PARP1,P09874,3
C0246,Niacinamide,PTGDS,P41222,1
C0246,Niacinamide,RAF1,P04049,1
C0246,Niacinamide,SARM1,Q6SZW1,1
C0246,Niacinamide,SIRT1,Q96EB6,28
C0246,Niacinamide,SIRT3,Q9NTG7,3
C0246,Niacinamide,TDO2,P48775,1
C0246,Niacinamide,UBE3A,Q05086,1
C0247,Nicotine,ABCA1,O95477,1
C0247,Nicotine,ABCB1,P08183,1
C0247,Nicotine,ABCG1,P45844,1
C0247,Nicotine,AKT1,P31749,1
C0247,Nicotine,BDNF,P23560,1
C0247,Nicotine,CARTPT,Q16568,1
C0247,Nicotine,CCN2,P29279,1
C0247,Nicotine,CD24,P25063,1
C0247,Nicotine,CDH1,P12830,1
C0247,Nicotine,CDH2,P19022,1
C0247,Nicotine,CHGA,P10645,1
C0247,Nicotine,CHRNA4,P43681,17
C0247,Nicotine,CHRNA5,P30532,1
C0247,Nicotine,CHRNA7,P36544,7
C0247,Nicotine,CREB1,P16220,1
C0247,Nicotine,CRHBP,P24387,1
C0247,Nicotine,CRHR1,P34998,1
C0247,Nicotine,CRHR2,Q13324,1
C0247,Nicotine,CRP,P02741,1
C0247,Nicotine,CYP3A4,P08684,1
C0247,Nicotine,DRD3,P35462,1
C0247,Nicotine,EGR1,P18146,1
C0247,Nicotine,ERBB4,Q15303,1
C0247,Nicotine,ESR2,Q92731,1
C0247,Nicotine,FLG,P20930,1
C0247,Nicotine,FOS,P01100,1
C0247,Nicotine,GAD1,Q99259,1
C0247,Nicotine,GAST,P01350,1
C0247,Nicotine,GHRL,Q9UBU3,1
C0247,Nicotine,HDAC6,Q9UBN7,2
C0247,Nicotine,HINT1,P49773,1
C0247,Nicotine,MAPK1,P28482,2
C0247,Nicotine,MAPK3,P27361,1
C0247,Nicotine,MCL1,Q07820,1
C0247,Nicotine,MGMT,P16455,1
C0247,Nicotine,MMP2,P08253,1
C0247,Nicotine,MMP9,P14780,1
C0247,Nicotine,NFKB1,P19838,1
C0247,Nicotine,NGF,P01138,1
C0247,Nicotine,NR1H3,Q13133,1
C0247,Nicotine,NR3C1,P04150,1
C0247,Nicotine,NRG3,P56975,1
C0247,Nicotine,PAK1,Q13153,1
C0247,Nicotine,PIK3CB,P42338,1
C0247,Nicotine,PNPLA2,Q96AD5,1
C0247,Nicotine,PPP1R12A,O14974,1
C0247,Nicotine,PTHLH,P12272,1
C0247,Nicotine,SCARB1,Q8WTV0,1
C0247,Nicotine,SHC1,P29353,1
C0247,Nicotine,SLC1A3,P43003,1
C0247,Nicotine,STAT3,P40763,1
C0247,Nicotine,TET2,Q6N021,1
C0247,Nicotine,TNFSF9,P41273,1
C0247,Nicotine,UGT2B10,P36537,1
C0247,Nicotine,VCAM1,P19320,1
C0247,Nicotine,VIM,P08670,1
C0248,Nifedipine,ADRB2,P07550,1
C0248,Nifedipine,CACNA1I,Q9P0X4,1
C0248,Nifedipine,CACNA1S,Q13698,1
C0248,Nifedipine,CALM3;CALM1;CALM2,P0DP25;P0DP23;P0DP24,1
C0248,Nifedipine,CCL2,P13500,1
C0248,Nifedipine,MYH11,P35749,1
C0248,Nifedipine,NOS1,P29475,1
C0248,Nifedipine,PPARG,P37231,1
C0248,Nifedipine,TFRC,P02786,2
C0248,Nifedipine,TNNI3,P19429,1
C0248,Nifedipine,TRPM3,Q9HCF6,2
C0249,Nobiletin,BAX,Q07812,2
C0249,Nobiletin,BCL2,P10415,2
C0249,Nobiletin,CASP9,P55211,1
C0249,Nobiletin,CREB1,P16220,1
C0249,Nobiletin,JUN,P05412,1
C0249,Nobiletin,KIT,P10721,1
C0249,Nobiletin,MAPK8,P45983,1
C0249,Nobiletin,MMP2,P08253,1
C0249,Nobiletin,NFKB1,P19838,1
C0249,Nobiletin,PLA2G4A,P47712,1
C0249,Nobiletin,PPARG,P37231,1
C0249,Nobiletin,PTGS2,P35354,1
C0249,Nobiletin,TIMP1,P01033,1
C0249,Nobiletin,TP53,P04637,1
C0249,Nobiletin,TXNIP,Q9H3M7,2
C0249,Nobiletin,XPO1,O14980,1
C0250,Nodakenin,ACHE,P22303,1
C0251,Nonane,CCL2,P13500,1
C0251,Nonane,IL1A,P01583,1
C0251,Nonane,TNF,P01375,1
C0252,Nootkatone,PRKAA1,Q13131,2
C0252,Nootkatone,PRKAA2,P54646,1
C0253,Norathyriol,PTPN1,P18031,1
C0254,NordihydroguaiareticAcid,CRTC1,Q6UUV9,2
C0254,NordihydroguaiareticAcid,F2RL1,P55085,1
C0254,NordihydroguaiareticAcid,LOX,P28300,4
C0254,NordihydroguaiareticAcid,NEIL2,Q969S2,1
C0254,NordihydroguaiareticAcid,NOS3,P29474,1
C0254,NordihydroguaiareticAcid,SLC2A1,P11166,1
C0255,Norepinephrine,ADRB2,P07550,1
C0255,Norepinephrine,AQP2,P41181,1
C0255,Norepinephrine,BDNF,P23560,1
C0255,Norepinephrine,CD40,P25942,1
C0255,Norepinephrine,COMT,P21964,1
C0255,Norepinephrine,CREM,Q03060,1
C0255,Norepinephrine,DBH,P09172,1
C0255,Norepinephrine,EDN1,P05305,1
C0255,Norepinephrine,ESR1,P03372,1
C0255,Norepinephrine,FGF2,P09038,1
C0255,Norepinephrine,FOS,P01100,1
C0255,Norepinephrine,GJA1,P17302,1
C0255,Norepinephrine,HP,P00738,1
C0255,Norepinephrine,IL6,P05231,1
C0255,Norepinephrine,LEP,P41159,1
C0255,Norepinephrine,MAOA,P21397,1
C0255,Norepinephrine,NFE2L2,Q16236,1
C0255,Norepinephrine,NOS2,P35228,1
C0255,Norepinephrine,NOX1,Q9Y5S8,1
C0255,Norepinephrine,OXT,P01178,1
C0255,Norepinephrine,PER1,O15534,1
C0255,Norepinephrine,PPARG,P37231,1
C0255,Norepinephrine,PRL,P01236,1
C0255,Norepinephrine,PTGS2,P35354,1
C0255,Norepinephrine,SLC16A7,O60669,2
C0255,Norepinephrine,SLC4A4,Q9Y6R1,1
C0255,Norepinephrine,SLC5A2,P31639,1
C0255,Norepinephrine,SLC9A3,P48764,1
C0255,Norepinephrine,TH,P07101,1
C0255,Norepinephrine,TNF,P01375,1
C0255,Norepinephrine,UCP1,P25874,1
C0255,Norepinephrine,UCP2,P55851,1
C0256,Noscapine,AHR,P35869,1
C0256,Noscapine,HIF1A,Q16665,1
C0257,Obacunone,GPBAR1,Q8TDU6,1
C0258,OctanoicAcid,FABP1,P07148,1
C0258,OctanoicAcid,ISYNA1,Q9NPH2,1
C0259,Octanol,TRPA1,O75762,1
C0260,Octopamine,ADRB1,P08588,1
C0260,Octopamine,ADRB2,P07550,1
C0260,Octopamine,ADRB3,P13945,2
C0261,Oleamide,CNR1,P21554,3
C0262,Oleanolic_Acid,CASP3,P42574,1
C0262,Oleanolic_Acid,CASP9,P55211,1
C0262,Oleanolic_Acid,HMOX1,P09601,1
C0262,Oleanolic_Acid,ICAM1,P05362,1
C0262,Oleanolic_Acid,NQO1,P15559,1
C0263,OleicAcid,AQP3,Q92482,1
C0263,OleicAcid,AQP9,O43315,1
C0263,OleicAcid,BCL2,P10415,1
C0263,OleicAcid,BDNF,P23560,1
C0263,OleicAcid,CCK,P06307,1
C0263,OleicAcid,CETP,P11597,1
C0263,OleicAcid,CRP,P02741,1
C0263,OleicAcid,DNPEP,Q9ULA0,1
C0263,OleicAcid,EDN1,P05305,1
C0263,OleicAcid,ERBB2,P04626,1
C0263,OleicAcid,FABP1,P07148,1
C0263,OleicAcid,FABP5,Q01469,1
C0263,OleicAcid,GAP43,P17677,1
C0263,OleicAcid,GCG,P01275,1
C0263,OleicAcid,GLP1R,P43220,1
C0263,OleicAcid,HMGCR,P04035,1
C0263,OleicAcid,INS,P01308,1
C0263,OleicAcid,LALBA,P00709,1
C0263,OleicAcid,MMP13,P45452,1
C0263,OleicAcid,MMP3,P08254,1
C0263,OleicAcid,MPO,P05164,1
C0263,OleicAcid,MSI1,O43347,1
C0263,OleicAcid,NOS2,P35228,2
C0263,OleicAcid,NTRK2,Q16620,1
C0263,OleicAcid,PAM,P19021,1
C0263,OleicAcid,PDX1,P52945,1
C0263,OleicAcid,PLG,P00747,1
C0263,OleicAcid,PON1,P27169,1
C0263,OleicAcid,PPARA,Q07869,2
C0263,OleicAcid,PPARD,Q03181,1
C0263,OleicAcid,PPARG,P37231,1
C0263,OleicAcid,PRSS1,P07477,1
C0263,OleicAcid,RBP2,P50120,1
C0263,OleicAcid,SERPINE1,P05121,1
C0263,OleicAcid,SLC2A2,P11168,1
C0263,OleicAcid,SOAT1,P35610,1
C0263,OleicAcid,STAT5A,P42229,1
C0263,OleicAcid,STAT5B,P51692,1
C0263,OleicAcid,UCP2,P55851,1
C0263,OleicAcid,UCP3,P55916,1
C0264,Oleoylethanolamide,GPR119,Q8TDV5,1
C0264,Oleoylethanolamide,PPARA,Q07869,11
C0265,Oleuropein,AKT1,P31749,1
C0265,Oleuropein,BAX,Q07812,1
C0265,Oleuropein,BCL2,P10415,1
C0265,Oleuropein,CASP3,P42574,1
C0265,Oleuropein,CCND1,P24385,1
C0265,Oleuropein,PIGK,Q92643,1
C0265,Oleuropein,PPARG,P37231,1
C0266,Orcinol,NR1I2,O75469,1
C0267,OroxylinA,ABCB1,P08183,2
C0267,OroxylinA,BCL2,P10415,1
C0267,OroxylinA,CASP3,P42574,1
C0267,OroxylinA,CCNA2,P20248,1
C0267,OroxylinA,CCNB1,P14635,1
C0267,OroxylinA,CDK1,P06493,1
C0267,OroxylinA,CDK7,P50613,1
C0267,OroxylinA,CTNNB1,P35222,1
C0267,OroxylinA,CYP1A2,P05177,1
C0267,OroxylinA,CYP2C9,P11712,1
C0267,OroxylinA,GABRG1,Q8N1C3,1
C0267,OroxylinA,IL6,P05231,1
C0267,OroxylinA,SIRT3,Q9NTG7,1
C0267,OroxylinA,TIGAR,Q9NQ88,1
C0267,OroxylinA,TIMP2,P16035,1
C0268,Osajin,RPS6KA3,P51812,1
C0269,Oseltamivir,NEU1,Q99519,25
C0270,Osthenol,MAOA,P21397,2
C0271,Osthole,ABCB1,P08183,1
C0271,Osthole,AKT1,P31749,2
C0271,Osthole,APP,P05067,1
C0271,Osthole,BACE1,P56817,1
C0271,Osthole,BMP2,P12643,1
C0271,Osthole,CASP3,P42574,1
C0271,Osthole,CTNNB1,P35222,1
C0271,Osthole,DGAT1,O75907,1
C0271,Osthole,DIABLO,Q9NR28,1
C0271,Osthole,ERCC1,P07992,1
C0271,Osthole,FASN,P49327,1
C0271,Osthole,HMGCR,P04035,1
C0271,Osthole,ICAM1,P05362,1
C0271,Osthole,IL6,P05231,1
C0271,Osthole,MAPK1,P28482,1
C0271,Osthole,MIR107,nan,1
C0271,Osthole,MPO,P05164,1
C0271,Osthole,NFKB1,P19838,1
C0271,Osthole,NFKBIA,P25963,1
C0271,Osthole,PTGS2,P35354,2
C0271,Osthole,PTK2,Q05397,1
C0271,Osthole,SMAD1,Q15797,1
C0271,Osthole,TNF,P01375,1
C0271,Osthole,VCAM1,P19320,1
C0271,Osthole,VEGFA,P15692,1
C0272,Ouabain,ABCB1,P08183,1
C0272,Ouabain,ATP1A1,P05023,1
C0272,Ouabain,CASP3,P42574,1
C0272,Ouabain,COL1A1,P02452,1
C0272,Ouabain,EGFR,P00533,2
C0272,Ouabain,FN1,P02751,1
C0272,Ouabain,OCLN,Q16625,1
C0272,Ouabain,TAC1,P20366,3
C0273,Oxidopamine,PPP1R1B,Q9UD71,1
C0274,Oxiglutatione,STAT3,P40763,1
C0275,Oxitriptan,NPY,P01303,1
C0275,Oxitriptan,SLC15A1,P46059,1
C0275,Oxitriptan,SLC36A1,Q7Z2H8,1
C0276,Oxycodone,NFKBIA,P25963,1
C0276,Oxycodone,OPRK1,P41145,1
C0276,Oxycodone,OPRM1,P35372,3
C0276,Oxycodone,TNF,P01375,1
C0277,O-Xylene,CYP1A1,P04798,1
C0277,O-Xylene,Cyp2b1,P00176,1
C0278,Oxypurinol,NOS2,P35228,1
C0278,Oxypurinol,SLC2A9,Q9NRM0,1
C0278,Oxypurinol,XDH,P47989,2
C0279,Oxyresveratrol,PDE4D,Q08499,1
C0279,Oxyresveratrol,TYR,P14679,1
C0280,Oxytocin,AKT1,P31749,1
C0280,Oxytocin,CNP,P09543,1
C0280,Oxytocin,ENO2,P09104,1
C0280,Oxytocin,GFAP,P14136,1
C0280,Oxytocin,HSPB1,P04792,1
C0280,Oxytocin,MAP2,P11137,1
C0280,Oxytocin,MAPK1,P28482,1
C0280,Oxytocin,NPPA,P01160,1
C0280,Oxytocin,OXT,P01178,1
C0280,Oxytocin,OXTR,P30559,1
C0280,Oxytocin,RAC1,P63000,1
C0280,Oxytocin,SLC12A5,Q9H2X9,1
C0280,Oxytocin,SLC18A2,Q05940,1
C0281,Paclitaxel,ATP7A,Q04656,1
C0281,Paclitaxel,BCL2,P10415,1
C0281,Paclitaxel,CASP1,P29466,1
C0281,Paclitaxel,CASP8,Q14790,1
C0281,Paclitaxel,CASP9,P55211,1
C0281,Paclitaxel,CCND1,P24385,1
C0281,Paclitaxel,CD274,Q9NZQ7,1
C0281,Paclitaxel,CDA,P32320,1
C0281,Paclitaxel,CDK1,P06493,1
C0281,Paclitaxel,CENPE,Q02224,1
C0281,Paclitaxel,CLCN3,P51790,1
C0281,Paclitaxel,CYP3A4,P08684,1
C0281,Paclitaxel,EGFR,P00533,1
C0281,Paclitaxel,EIF4E,P06730,1
C0281,Paclitaxel,EIF4EBP1,Q13541,1
C0281,Paclitaxel,FOXM1,Q08050,1
C0281,Paclitaxel,HIF1A,Q16665,3
C0281,Paclitaxel,IL10,P22301,1
C0281,Paclitaxel,IRAK1,P51617,1
C0281,Paclitaxel,ITPR1,Q14643,1
C0281,Paclitaxel,MAP3K1,Q13233,1
C0281,Paclitaxel,MAPK8,P45983,1
C0281,Paclitaxel,MELK,Q14680,1
C0281,Paclitaxel,MIR143,nan,1
C0281,Paclitaxel,MIR145,nan,1
C0281,Paclitaxel,MIR182,nan,1
C0281,Paclitaxel,MIR183,nan,1
C0281,Paclitaxel,MIR197,nan,1
C0281,Paclitaxel,MIR216B,nan,1
C0281,Paclitaxel,MIR96,nan,1
C0281,Paclitaxel,MTOR,P42345,1
C0281,Paclitaxel,NFKB1,P19838,1
C0281,Paclitaxel,NOS3,P29474,1
C0281,Paclitaxel,NR1I2,O75469,1
C0281,Paclitaxel,NR5A1,Q13285,1
C0281,Paclitaxel,PKD2,Q13563,1
C0281,Paclitaxel,POU5F1,Q01860,2
C0281,Paclitaxel,PRC1,O43663,1
C0281,Paclitaxel,PRKAR1A,P10644,1
C0281,Paclitaxel,PTEN,P60484,1
C0281,Paclitaxel,SELENOS,Q9BQE4,1
C0281,Paclitaxel,SRSF3,P84103,1
C0281,Paclitaxel,STAT3,P40763,4
C0281,Paclitaxel,TF,P02787,1
C0281,Paclitaxel,TGFB1,P01137,1
C0281,Paclitaxel,THBD,P07204,1
C0281,Paclitaxel,TLR4,O00206,1
C0281,Paclitaxel,TNF,P01375,1
C0281,Paclitaxel,TRPA1,O75762,1
C0281,Paclitaxel,TUBA1B,P68363,1
C0281,Paclitaxel,TXNDC17,Q9BRA2,1
C0281,Paclitaxel,VASP,P50552,1
C0281,Paclitaxel,VEGFA,P15692,1
C0282,Paeoniflorin,ALB,P02768,1
C0282,Paeoniflorin,APP,P05067,1
C0282,Paeoniflorin,HIF1A,Q16665,1
C0282,Paeoniflorin,IGF1,P05019,1
C0282,Paeoniflorin,MIR29B1,nan,1
C0282,Paeoniflorin,MMP9,P14780,1
C0282,Paeoniflorin,PTGS2,P35354,1
C0282,Paeoniflorin,SNCA,P37840,1
C0282,Paeoniflorin,SOCS3,O14543,1
C0282,Paeoniflorin,TLR2,O60603,1
C0282,Paeoniflorin,TNF,P01375,1
C0282,Paeoniflorin,VEGFA,P15692,1
C0283,Paeonol,BAX,Q07812,1
C0283,Paeonol,BCL2,P10415,1
C0283,Paeonol,ICAM1,P05362,1
C0283,Paeonol,IKBKB,O14920,1
C0283,Paeonol,IL1B,P01584,1
C0283,Paeonol,IL2,P60568,1
C0283,Paeonol,MAOA,P21397,1
C0283,Paeonol,MAOB,P27338,1
C0283,Paeonol,MAPK1,P28482,1
C0283,Paeonol,MIR21,nan,1
C0283,Paeonol,MIR30A,nan,1
C0283,Paeonol,NFKBIA,P25963,1
C0283,Paeonol,NOTCH1,P46531,1
C0283,Paeonol,PBK,Q96KB5,1
C0283,Paeonol,PKB_RS07820,nan,1
C0283,Paeonol,PTEN,P60484,1
C0283,Paeonol,PTGS2,P35354,1
C0283,Paeonol,RELA,Q04206,2
C0283,Paeonol,TNF,P01375,1
C0283,Paeonol,TNNI3,P19429,1
C0283,Paeonol,TYR,P14679,1
C0284,Palmidrol,IL1A,P01583,1
C0284,Palmidrol,PPARA,Q07869,5
C0285,PalmiticAcid,ABHD15,Q6UXT9,1
C0285,PalmiticAcid,APOM,O95445,1
C0285,PalmiticAcid,BCL2,P10415,1
C0285,PalmiticAcid,CRTC2,Q53ET0,1
C0285,PalmiticAcid,GUCA2A,Q02747,1
C0285,PalmiticAcid,IDE,P14735,1
C0285,PalmiticAcid,IL10,P22301,1
C0285,PalmiticAcid,IL1A,P01583,1
C0285,PalmiticAcid,PTEN,P60484,1
C0285,PalmiticAcid,TLR2,O60603,1
C0285,PalmiticAcid,TNF,P01375,1
C0285,PalmiticAcid,YWHAZ,P63104,1
C0286,Palmitine,TH,P07101,1
C0287,PalmitoleicAcid,EIF2AK2,P19525,8
C0288,PamoicAcid,GPR35,Q9HC97,2
C0288,PamoicAcid,POLB,P06746,1
C0289,Pantoprazole,ABCG2,Q9UNQ0,2
C0289,Pantoprazole,ATP4A,P20648,5
C0289,Pantoprazole,CYP2C19,P33261,1
C0289,Pantoprazole,PBK,Q96KB5,1
C0289,Pantoprazole,SLC22A2,O15244,1
C0290,Papaverine,ADM,P35318,1
C0290,Papaverine,PDE10A,Q9Y233,2
C0291,Paraben,MIP,P30301,1
C0292,Parathion,AHR,P35869,1
C0293,Paroxypropione,PREP,P48147,1
C0294,Pelargonidin,CYP1A1,P04798,1
C0294,Pelargonidin,ESR1,P03372,1
C0294,Pelargonidin,PTK2,Q05397,1
C0295,Pentachlorophenol,CHST10,O43529,1
C0295,Pentachlorophenol,SULT1A1,P50225,1
C0296,Pentazocine,OPRK1,P41145,1
C0297,Permethrin,HSPA4,P34932,1
C0298,Phenanthrene,PARP1,P09874,1
C0299,Phenethylamine,CNR1,P21554,1
C0299,Phenethylamine,CNR2,P34972,1
C0299,Phenethylamine,HTR2A,P28223,1
C0299,Phenethylamine,PPARA,Q07869,2
C0300,Phenol,ACE,P12821,1
C0300,Phenol,AGTR2,P50052,1
C0300,Phenol,MB,P02144,1
C0300,Phenol,STAT3,P40763,1
C0301,Phenylephrine,ADRA1A,P35348,2
C0301,Phenylephrine,ADRA1B,P35368,1
C0301,Phenylephrine,ADRA1D,P25100,1
C0301,Phenylephrine,AGT,P01019,1
C0301,Phenylephrine,NAMPT,P43490,1
C0301,Phenylephrine,NPPA,P01160,1
C0301,Phenylephrine,SIRT1,Q96EB6,1
C0302,Phloretin,HMOX1,P09601,1
C0302,Phloretin,ICAM1,P05362,1
C0302,Phloretin,PTGS2,P35354,1
C0302,Phloretin,SLC16A1,P53985,1
C0302,Phloretin,SLC23A1,Q9UHI7,1
C0302,Phloretin,SLC23A2,Q9UGH3,1
C0302,Phloretin,SLC2A1,P11166,4
C0302,Phloretin,SLC2A2,P11168,3
C0302,Phloretin,SREBF1,P36956,1
C0302,Phloretin,TLR2,O60603,1
C0303,Phlorizin,ANGPTL4,Q9BY76,1
C0303,Phlorizin,MFSD4B,Q5TF39,1
C0303,Phlorizin,NFE2L2,Q16236,1
C0303,Phlorizin,SLC2A2,P11168,1
C0303,Phlorizin,SLC5A1,P13866,9
C0303,Phlorizin,SLC5A2,P31639,3
C0304,Phloroglucinol,PCK2,Q16822,1
C0304,Phloroglucinol,STAT1,P42224,1
C0305,PhorbolMyristateAcetate,ABCB1,P08183,1
C0305,PhorbolMyristateAcetate,ABCG2,Q9UNQ0,1
C0305,PhorbolMyristateAcetate,ADAM17,P78536,2
C0305,PhorbolMyristateAcetate,ADCYAP1,P18509,1
C0305,PhorbolMyristateAcetate,AKT1,P31749,1
C0305,PhorbolMyristateAcetate,AQP4,P55087,1
C0305,PhorbolMyristateAcetate,BSG,P35613,1
C0305,PhorbolMyristateAcetate,CAV1,Q03135,1
C0305,PhorbolMyristateAcetate,CCN2,P29279,1
C0305,PhorbolMyristateAcetate,CD14,P08571,1
C0305,PhorbolMyristateAcetate,ECE1,P42892,1
C0305,PhorbolMyristateAcetate,EDN1,P05305,1
C0305,PhorbolMyristateAcetate,GCM1,Q9NP62,1
C0305,PhorbolMyristateAcetate,GRK5,P34947,1
C0305,PhorbolMyristateAcetate,GSK3B,P49841,1
C0305,PhorbolMyristateAcetate,HK2,P52789,1
C0305,PhorbolMyristateAcetate,IL18,Q14116,1
C0305,PhorbolMyristateAcetate,JUNB,P17275,1
C0305,PhorbolMyristateAcetate,MAPK1,P28482,3
C0305,PhorbolMyristateAcetate,MAPK3,P27361,1
C0305,PhorbolMyristateAcetate,MMP1,P03956,1
C0305,PhorbolMyristateAcetate,MMP2,P08253,1
C0305,PhorbolMyristateAcetate,MMP9,P14780,5
C0305,PhorbolMyristateAcetate,MUC5AC,P98088,2
C0305,PhorbolMyristateAcetate,MYLK,Q15746,1
C0305,PhorbolMyristateAcetate,NFKB1,P19838,3
C0305,PhorbolMyristateAcetate,NPPA,P01160,1
C0305,PhorbolMyristateAcetate,NPY,P01303,1
C0305,PhorbolMyristateAcetate,NTN1,O95631,1
C0305,PhorbolMyristateAcetate,PLAU,P00749,1
C0305,PhorbolMyristateAcetate,PLD1,Q13393,1
C0305,PhorbolMyristateAcetate,PPARG,P37231,1
C0305,PhorbolMyristateAcetate,PRKCA,P17252,1
C0305,PhorbolMyristateAcetate,PRKCE,Q02156,2
C0305,PhorbolMyristateAcetate,PRKD3,O94806,1
C0305,PhorbolMyristateAcetate,PRRT2,Q7Z6L0,10
C0305,PhorbolMyristateAcetate,PTGS2,P35354,1
C0305,PhorbolMyristateAcetate,RAB9A,P51151,1
C0305,PhorbolMyristateAcetate,RAC1,P63000,2
C0305,PhorbolMyristateAcetate,RELA,Q04206,1
C0305,PhorbolMyristateAcetate,REST,Q13127,1
C0305,PhorbolMyristateAcetate,S100A9,P06702,1
C0305,PhorbolMyristateAcetate,S1PR1,P21453,1
C0305,PhorbolMyristateAcetate,SERPINE1,P05121,3
C0305,PhorbolMyristateAcetate,SHC1,P29353,1
C0305,PhorbolMyristateAcetate,SIRT3,Q9NTG7,1
C0305,PhorbolMyristateAcetate,SKIL,P12757,1
C0305,PhorbolMyristateAcetate,SLC1A1,P43005,1
C0305,PhorbolMyristateAcetate,SP3,Q02447,1
C0305,PhorbolMyristateAcetate,SPHK1,Q9NYA1,2
C0305,PhorbolMyristateAcetate,TIMP1,P01033,1
C0305,PhorbolMyristateAcetate,TNF,P01375,1
C0306,Physcion,PGD,P52209,2
C0307,PhytanicAcid,RXRA,P19793,1
C0307,PhytanicAcid,SCP2,P22307,1
C0308,Piceatannol,AKT1,P31749,1
C0308,Piceatannol,JAK1,P23458,1
C0308,Piceatannol,MIR183,nan,1
C0308,Piceatannol,MMP10,P09238,1
C0308,Piceatannol,NFKB1,P19838,1
C0308,Piceatannol,NQO2,P16083,1
C0308,Piceatannol,SIRT1,Q96EB6,1
C0308,Piceatannol,STAT3,P40763,2
C0308,Piceatannol,STAT5A,P42229,1
C0308,Piceatannol,SYK,P43405,6
C0309,Piceid,CDK5,Q00535,1
C0309,Piceid,NFE2L2,Q16236,2
C0309,Piceid,SIRT1,Q96EB6,1
C0309,Piceid,SIRT3,Q9NTG7,1
C0309,Piceid,SLC5A1,P13866,1
C0309,Piceid,SLC5A2,P31639,1
C0309,Piceid,STAT3,P40763,1
C0309,Piceid,XDH,P47989,1
C0310,Picropodophyllotoxin,IGF1R,P08069,1
C0311,PidolicAcid,ALDH1A3,P47895,1
C0311,PidolicAcid,AR,P10275,1
C0311,PidolicAcid,CDKN2A,Q8N726;P42771,1
C0311,PidolicAcid,CTBP2,P56545,1
C0311,PidolicAcid,GNRH1,P01148,1
C0311,PidolicAcid,GPR137,Q96N19,1
C0311,PidolicAcid,HOTTIP,nan,1
C0311,PidolicAcid,MAOA,P21397,1
C0311,PidolicAcid,MIR133B,nan,1
C0311,PidolicAcid,MIR34A,nan,2
C0311,PidolicAcid,NFATC1,O95644,1
C0311,PidolicAcid,NPEPPS,P55786,1
C0311,PidolicAcid,PTGS2,P35354,1
C0311,PidolicAcid,TGFB1,P01137,1
C0311,PidolicAcid,TXN,P10599,1
C0312,Pinocembrin,HDC,P19113,1
C0312,Pinocembrin,MMP9,P14780,1
C0312,Pinocembrin,TICAM2,Q86XR7,1
C0314,Pinosylvin,CASP3,P42574,1
C0315,Piperine,ABCB1,P08183,1
C0315,Piperine,ALB,P02768,1
C0315,Piperine,ATF2,P15336,1
C0315,Piperine,BIRC5,O15392,1
C0315,Piperine,CASP3,P42574,1
C0315,Piperine,CREB1,P16220,1
C0315,Piperine,FOS,P01100,1
C0315,Piperine,ICAM1,P05362,1
C0315,Piperine,IL12B,P29460,1
C0315,Piperine,IL1B,P01584,1
C0315,Piperine,IL6,P05231,1
C0315,Piperine,MAOA,P21397,1
C0315,Piperine,MAOB,P27338,1
C0315,Piperine,NR1I2,O75469,2
C0315,Piperine,SOAT2,O75908,1
C0315,Piperine,TNF,P01375,2
C0315,Piperine,TRPV1,Q8NER1,3
C0316,Piplartine,AKR1B1,P15121,1
C0316,Piplartine,BCL2,P10415,1
C0316,Piplartine,CASP3,P42574,1
C0316,Piplartine,HSP90AA1,P07900,1
C0316,Piplartine,PRC1,O43663,1
C0316,Piplartine,TXNRD1,Q16881,1
C0317,Plumbagin,AKT1,P31749,1
C0317,Plumbagin,BAX,Q07812,1
C0317,Plumbagin,BCL2,P10415,1
C0317,Plumbagin,CDC25A,P30304,1
C0317,Plumbagin,CXCR4,P61073,2
C0317,Plumbagin,CYBB,P04839,1
C0317,Plumbagin,CYP1A2,P05177,1
C0317,Plumbagin,CYP2E1,P05181,1
C0317,Plumbagin,CYP2J2,P51589,2
C0317,Plumbagin,EP300,Q09472,1
C0317,Plumbagin,IFNG,P01579,1
C0317,Plumbagin,IL17A,Q16552,1
C0317,Plumbagin,IL2,P60568,1
C0317,Plumbagin,IL4,P05112,1
C0317,Plumbagin,IL6,P05231,1
C0317,Plumbagin,NFE2L2,Q16236,1
C0317,Plumbagin,NFKB1,P19838,2
C0317,Plumbagin,NOX1,Q9Y5S8,1
C0317,Plumbagin,NOX4,Q9NPH5,2
C0317,Plumbagin,SRC,P12931,1
C0317,Plumbagin,STAT3,P40763,1
C0317,Plumbagin,TRPA1,O75762,1
C0317,Plumbagin,TXNRD1,Q16881,1
C0318,P-Nitrophenol,SULT1A1,P50225,1
C0320,Polygodial,TRPV1,Q8NER1,1
C0321,PonasteroneA,GRM1,Q13255,1
C0322,Prasterone,ADIPOQ,Q15848,1
C0322,Prasterone,AGT,P01019,1
C0322,Prasterone,AKAP12,Q02952,1
C0322,Prasterone,AKT1,P31749,2
C0322,Prasterone,BCL2,P10415,1
C0322,Prasterone,CASP3,P42574,1
C0322,Prasterone,CD69,Q07108,1
C0322,Prasterone,CRP,P02741,1
C0322,Prasterone,CRTC1,Q6UUV9,1
C0322,Prasterone,CTNNB1,P35222,1
C0322,Prasterone,CXCL16,Q9H2A7,1
C0322,Prasterone,ESR2,Q92731,1
C0322,Prasterone,FABP5,Q01469,2
C0322,Prasterone,FABP7,O15540,1
C0322,Prasterone,FFAR1,O14842,1
C0322,Prasterone,FFAR4,Q5NUL3,1
C0322,Prasterone,G6PD,P11413,7
C0322,Prasterone,HIF1A,Q16665,1
C0322,Prasterone,HSD11B1,P28845,1
C0322,Prasterone,ICAM1,P05362,1
C0322,Prasterone,IL1B,P01584,1
C0322,Prasterone,IL4,P05112,1
C0322,Prasterone,IL6,P05231,1
C0322,Prasterone,IRF3,Q14653,1
C0322,Prasterone,MAPK1,P28482,1
C0322,Prasterone,MAPK3,P27361,1
C0322,Prasterone,MITF,O75030,1
C0322,Prasterone,MMP13,P45452,1
C0322,Prasterone,MPO,P05164,1
C0322,Prasterone,MTOR,P42345,1
C0322,Prasterone,NFE2L2,Q16236,1
C0322,Prasterone,NFKB1,P19838,1
C0322,Prasterone,NFKBIA,P25963,1
C0322,Prasterone,NLRC4,Q9NPP4,1
C0322,Prasterone,NOS2,P35228,1
C0322,Prasterone,NPEPPS,P55786,1
C0322,Prasterone,NR3C2,P08235,1
C0322,Prasterone,PCNA,P12004,1
C0322,Prasterone,PKM,P14618,1
C0322,Prasterone,PLD1,Q13393,1
C0322,Prasterone,PMAIP1,Q13794,1
C0322,Prasterone,PTGS2,P35354,1
C0322,Prasterone,SELE,P16581,1
C0322,Prasterone,SERPINE1,P05121,1
C0322,Prasterone,SIGMAR1,Q99720,4
C0322,Prasterone,STAT3,P40763,1
C0322,Prasterone,SULT2A1,Q06520,1
C0322,Prasterone,TLR4,O00206,1
C0322,Prasterone,TNF,P01375,2
C0322,Prasterone,VEGFA,P15692,2
C0323,Pregnenolone,CLIP1,P30622,1
C0323,Pregnenolone,MAP2,P11137,1
C0323,Pregnenolone,NR1I2,O75469,2
C0323,Pregnenolone,SIGMAR1,Q99720,1
C0323,Pregnenolone,STXBP1,P61764,1
C0323,Pregnenolone,TRPM3,Q9HCF6,1
C0324,Procaine,CASP12,Q6UXS9,1
C0324,Procaine,CATSPER1,Q8NEC5,1
C0324,Procaine,GSK3B,P49841,1
C0324,Procaine,PLA2G1B,P04054,1
C0325,Progesterone,ABCB1,P08183,1
C0325,Progesterone,ABCG2,Q9UNQ0,1
C0325,Progesterone,ADCYAP1,P18509,1
C0325,Progesterone,ADRA2A,P08913,1
C0325,Progesterone,AGRN,O00468,1
C0325,Progesterone,AKR1C1,Q04828,1
C0325,Progesterone,AKT1,P31749,3
C0325,Progesterone,ANO1,Q5XXA6,1
C0325,Progesterone,BCL2,P10415,2
C0325,Progesterone,BDNF,P23560,1
C0325,Progesterone,BGLAP,P02818,1
C0325,Progesterone,CASP3,P42574,1
C0325,Progesterone,CATSPER1,Q8NEC5,1
C0325,Progesterone,CCL2,P13500,1
C0325,Progesterone,CCL5,P13501,1
C0325,Progesterone,CCN5,O76076,1
C0325,Progesterone,CCNB1,P14635,2
C0325,Progesterone,CCND1,P24385,2
C0325,Progesterone,CCNG1,P51959,1
C0325,Progesterone,CD55,P08174,1
C0325,Progesterone,CDH1,P12830,1
C0325,Progesterone,CDH6,P55285,1
C0325,Progesterone,CDK2,P24941,1
C0325,Progesterone,CDKN1B,P46527,1
C0325,Progesterone,CDR1,P51861,1
C0325,Progesterone,CLDN3,O15551,1
C0325,Progesterone,COMT,P21964,1
C0325,Progesterone,CREB1,P16220,1
C0325,Progesterone,CRISPLD2,Q9H0B8,1
C0325,Progesterone,CRYAB,P02511,1
C0325,Progesterone,CTNNB1,P35222,1
C0325,Progesterone,CXCL12,P48061,1
C0325,Progesterone,CXCL8,P10145,2
C0325,Progesterone,CXCR4,P61073,1
C0325,Progesterone,CYP11A1,P05108,1
C0325,Progesterone,CYP3A,nan,1
C0325,Progesterone,DUSP1,P28562,1
C0325,Progesterone,EDN1,P05305,1
C0325,Progesterone,EDN2,P20800,1
C0325,Progesterone,EDN3,P14138,1
C0325,Progesterone,EGF,P01133,1
C0325,Progesterone,EGR1,P18146,1
C0325,Progesterone,EGR2,P11161,2
C0325,Progesterone,EMP2,P54851,1
C0325,Progesterone,ENPEP,Q07075,1
C0325,Progesterone,F3,P13726,1
C0325,Progesterone,FAAH,O00519,2
C0325,Progesterone,FAH,P16930,1
C0325,Progesterone,FASLG,P48023,2
C0325,Progesterone,FBLN1,P23142,2
C0325,Progesterone,FBLN2,P98095,1
C0325,Progesterone,FGFR2,P21802,1
C0325,Progesterone,FN1,P02751,1
C0325,Progesterone,FOS,P01100,1
C0325,Progesterone,FOXO1,Q12778,2
C0325,Progesterone,GABRA4,P48169,1
C0325,Progesterone,GNRH1,P01148,1
C0325,Progesterone,GPER1,Q99527,1
C0325,Progesterone,GSK3B,P49841,2
C0325,Progesterone,HDC,P19113,1
C0325,Progesterone,HIF1A,Q16665,1
C0325,Progesterone,HMGB1,P09429,1
C0325,Progesterone,HMGN1,P05114,1
C0325,Progesterone,HMGN3,Q15651,1
C0325,Progesterone,HMGN5,P82970,1
C0325,Progesterone,HOXA11,P31270,1
C0325,Progesterone,HSD11B2,P80365,1
C0325,Progesterone,IDO1,P14902,2
C0325,Progesterone,IFI27,P40305,1
C0325,Progesterone,IGF1R,P08069,1
C0325,Progesterone,IGFBP2,P18065,1
C0325,Progesterone,IGFBP5,P24593,2
C0325,Progesterone,IL13RA2,Q14627,1
C0325,Progesterone,IL18,Q14116,1
C0325,Progesterone,IL1A,P01583,2
C0325,Progesterone,IL1B,P01584,1
C0325,Progesterone,IL6,P05231,1
C0325,Progesterone,INS,P01308,1
C0325,Progesterone,ITGA3,P26006,1
C0325,Progesterone,ITGB1,P05556,1
C0325,Progesterone,ITGB3,P05106,1
C0325,Progesterone,JUN,P05412,2
C0325,Progesterone,KDR,P35968,1
C0325,Progesterone,KISS1,Q15726,1
C0325,Progesterone,KLK4,Q9Y5K2,1
C0325,Progesterone,KRT5,P13647,1
C0325,Progesterone,LIF,P15018,1
C0325,Progesterone,MAPK1,P28482,2
C0325,Progesterone,MAPK3,P27361,2
C0325,Progesterone,MAPT,P10636,1
C0325,Progesterone,MBP,P02686,1
C0325,Progesterone,MGST1,P10620,1
C0325,Progesterone,MMP13,P45452,1
C0325,Progesterone,MMP14,P50281,2
C0325,Progesterone,MMP2,P08253,1
C0325,Progesterone,MMP3,P08254,1
C0325,Progesterone,MPZ,P25189,1
C0325,Progesterone,MSTN,O14793,1
C0325,Progesterone,MSX2,P35548,1
C0325,Progesterone,MYC,P01106,1
C0325,Progesterone,NFKBIA,P25963,1
C0325,Progesterone,NOS2,P35228,4
C0325,Progesterone,NOTCH1,P46531,1
C0325,Progesterone,NR1H4,Q96RI1,1
C0325,Progesterone,NR3C2,P08235,1
C0325,Progesterone,NRG1,Q02297,1
C0325,Progesterone,PAEP,P09466,1
C0325,Progesterone,PAK1,Q13153,1
C0325,Progesterone,PECAM1,P16284,1
C0325,Progesterone,PGR,P06401,1
C0325,Progesterone,PGRMC1,O00264,3
C0325,Progesterone,PRL,P01236,1
C0325,Progesterone,PTGS2,P35354,3
C0325,Progesterone,PTPA,Q15257,1
C0325,Progesterone,RBP4,P02753,1
C0325,Progesterone,RTN4,Q9NQC3,1
C0325,Progesterone,SIGMAR1,Q99720,1
C0325,Progesterone,SOCS1,O15524,1
C0325,Progesterone,SP6,Q3SY56,1
C0325,Progesterone,SPHK1,Q9NYA1,1
C0325,Progesterone,SPP1,P10451,1
C0325,Progesterone,SPTLC2,O15270,1
C0325,Progesterone,STAR,P49675,1
C0325,Progesterone,STAT4,Q14765,1
C0325,Progesterone,STAT5A,P42229,1
C0325,Progesterone,STAT5B,P51692,1
C0325,Progesterone,TGFB1,P01137,1
C0325,Progesterone,TGFB2,P61812,1
C0325,Progesterone,TGFB3,P10600,1
C0325,Progesterone,TH,P07101,1
C0325,Progesterone,THBS1,P07996,1
C0325,Progesterone,TIMP2,P16035,1
C0325,Progesterone,TLR3,O15455,1
C0325,Progesterone,TLR5,O60602,1
C0325,Progesterone,TNF,P01375,2
C0325,Progesterone,TRPC5,Q9UL62,1
C0325,Progesterone,TRPM3,Q9HCF6,1
C0325,Progesterone,TRPM7,Q96QT4,1
C0325,Progesterone,TYR,P14679,1
C0325,Progesterone,UGP2,Q16851,1
C0325,Progesterone,VASH1,Q7L8A9,1
C0325,Progesterone,VCAM1,P19320,1
C0325,Progesterone,VDR,P11473,1
C0325,Progesterone,VEGFA,P15692,2
C0325,Progesterone,WT1,P19544,1
C0326,Propoxur,VDAC1,P21796,1
C0327,Propranolol,ADRB1,P08588,7
C0327,Propranolol,ADRB2,P07550,10
C0327,Propranolol,ARC,Q7LC44,1
C0327,Propranolol,BCL2,P10415,1
C0327,Propranolol,CRH,P06850,1
C0327,Propranolol,CYP2B7P,nan,1
C0327,Propranolol,CYP2D6,P10635,1
C0327,Propranolol,GSK3B,P49841,1
C0327,Propranolol,HMGB1,P09429,1
C0327,Propranolol,HTR1A,P08908,1
C0327,Propranolol,IL2,P60568,1
C0327,Propranolol,KCNMB1,Q16558,1
C0327,Propranolol,KITLG,P21583,1
C0327,Propranolol,LEP,P41159,1
C0327,Propranolol,MTOR,P42345,2
C0327,Propranolol,MYD88,Q99836,1
C0327,Propranolol,VEGFA,P15692,2
C0328,PropylGallate,AOX1,Q06278,1
C0328,PropylGallate,COL18A1,P39060,1
C0328,PropylGallate,PTGS2,P35354,1
C0329,PropyleneGlycol,CYP2E1,P05181,1
C0330,ProstaglandinA2,NR4A1,P22736,1
C0331,ProstaglandinD2,PTGDS,P41222,2
C0332,Protocatechualdehyde,ODC1,P11926,1
C0333,ProtocatechuicAcid,AKT1,P31749,1
C0333,ProtocatechuicAcid,MGAM,O43451,1
C0334,Prunetin,MMP3,P08254,1
C0335,Psoralen,ACHE,P22303,1
C0335,Psoralen,CRH,P06850,1
C0335,Psoralen,ESR1,P03372,1
C0335,Psoralen,ESR2,Q92731,1
C0335,Psoralen,MC1R,Q01726,2
C0336,Pterostilbene,GPD1,P21695,1
C0336,Pterostilbene,NFE2L2,Q16236,2
C0336,Pterostilbene,SIRT1,Q96EB6,1
C0336,Pterostilbene,SOD2,P04179,3
C0336,Pterostilbene,TP53,P04637,1
C0337,Puerarin,ACHE,P22303,1
C0337,Puerarin,AKR1A1,P14550,1
C0337,Puerarin,AKT1,P31749,1
C0337,Puerarin,BCL2,P10415,1
C0337,Puerarin,CASP3,P42574,2
C0337,Puerarin,CASP9,P55211,1
C0337,Puerarin,CAT,P04040,1
C0337,Puerarin,CAV3,P56539,1
C0337,Puerarin,CRP,P02741,1
C0337,Puerarin,CXCL2,P19875,1
C0337,Puerarin,CYP1A2,P05177,1
C0337,Puerarin,DUSP1,P28562,1
C0337,Puerarin,ESR1,P03372,1
C0337,Puerarin,ESR2,Q92731,1
C0337,Puerarin,GRIA1,P42261,1
C0337,Puerarin,MAPK14,Q16539,2
C0337,Puerarin,MIR22,nan,1
C0337,Puerarin,MMP9,P14780,1
C0337,Puerarin,NFKB1,P19838,2
C0337,Puerarin,NLRP3,Q96P20,1
C0337,Puerarin,NOS2,P35228,1
C0337,Puerarin,PARP1,P09874,2
C0337,Puerarin,PRKCD,Q05655,1
C0337,Puerarin,PRKCG,P05129,1
C0337,Puerarin,SOD1,P00441,1
C0337,Puerarin,SREBF1,P36956,1
C0337,Puerarin,TGFB1,P01137,1
C0337,Puerarin,TLR4,O00206,1
C0337,Puerarin,TNF,P01375,1
C0337,Puerarin,UGT2B28,Q9BY64,1
C0338,Punicalagin,DGAT1,O75907,1
C0338,Punicalagin,PDIA3,P30101,1
C0338,Punicalagin,PTPN1,P18031,1
C0339,Purpurin,MAOA,P21397,2
C0340,Putrescine,NFKB1,P19838,1
C0340,Putrescine,PLD1,Q13393,1
C0340,Putrescine,POMC,P01189,1
C0340,Putrescine,RELA,Q04206,1
C0340,Putrescine,TLR2,O60603,1
C0340,Putrescine,TNF,P01375,1
C0342,PyrazinoicAcid,PAND1,nan,1
C0343,Pyrene,AHR,P35869,2
C0343,Pyrene,CXADR,P78310,1
C0343,Pyrene,CXCL8,P10145,2
C0343,Pyrene,UGT1A1,P22309,1
C0343,Pyrene,UGT1A6,P19224,1
C0344,Pyridine,BTK,Q06187,1
C0344,Pyridine,DSPP,Q9NZW4,1
C0344,Pyridine,GRM5,P41594,3
C0344,Pyridine,SIRT3,Q9NTG7,2
C0344,Pyridine,TEK,Q02763,1
C0344,Pyridine,TTK,P33981,1
C0345,Pyridoxal,CBS;CBSL,P35520;P0DN79,1
C0345,Pyridoxal,GLUD1,P00367,1
C0346,PyridoxalPhosphate,CBS;CBSL,P35520;P0DN79,2
C0346,PyridoxalPhosphate,GOT1,P17174,1
C0346,PyridoxalPhosphate,PLP1,P60201,1
C0346,PyridoxalPhosphate,PNPO,Q9NVS9,1
C0347,Pyridoxamine,AGER,Q15109,1
C0347,Pyridoxamine,GLO1,Q04760,1
C0347,Pyridoxamine,PCNA,P12004,1
C0348,Pyridoxine,GCK,P35557,1
C0348,Pyridoxine,IGF1,P05019,1
C0348,Pyridoxine,IGFBP3,P17936,1
C0348,Pyridoxine,INSR,P06213,1
C0349,Pyrogallol,FCER1A,P12319,1
C0349,Pyrogallol,NOS2,P35228,1
C0350,PyroglutamicAcid,ALDH1A3,P47895,1
C0350,PyroglutamicAcid,ARG2,P78540,1
C0350,PyroglutamicAcid,CCR2,P41597,1
C0350,PyroglutamicAcid,CTBP2,P56545,1
C0350,PyroglutamicAcid,DNER,Q8NFT8,1
C0350,PyroglutamicAcid,EGF,P01133,1
C0350,PyroglutamicAcid,ESR1,P03372,1
C0350,PyroglutamicAcid,FOLH1,Q04609,1
C0350,PyroglutamicAcid,GNRH1,P01148,1
C0350,PyroglutamicAcid,GPR137,Q96N19,1
C0350,PyroglutamicAcid,MAOA,P21397,1
C0350,PyroglutamicAcid,NFATC1,O95644,1
C0350,PyroglutamicAcid,NPEPPS,P55786,1
C0350,PyroglutamicAcid,PTGS2,P35354,1
C0350,PyroglutamicAcid,SPAG5,Q96R06,1
C0350,PyroglutamicAcid,SPARC,P09486,1
C0350,PyroglutamicAcid,SPRY1,O43609,1
C0350,PyroglutamicAcid,TXN,P10599,1
C0350,PyroglutamicAcid,TYR,P14679,1
C0350,PyroglutamicAcid,YBX1,P67809,1
C0351,Quercetagetin,AURKB,Q96GD4,1
C0351,Quercetagetin,MAPK8,P45983,2
C0351,Quercetagetin,PIM1,P11309,2
C0352,Quercetin,ABCA1,O95477,2
C0352,Quercetin,ABCG2,Q9UNQ0,2
C0352,Quercetin,ACHE,P22303,1
C0352,Quercetin,ADIPOQ,Q15848,1
C0352,Quercetin,AHR,P35869,1
C0352,Quercetin,AKT1,P31749,7
C0352,Quercetin,APOE,P02649,1
C0352,Quercetin,AR,P10275,2
C0352,Quercetin,ATF4,P18848,1
C0352,Quercetin,AURKB,Q96GD4,1
C0352,Quercetin,AXIN1,O15169,1
C0352,Quercetin,AXIN2,Q9Y2T1,1
C0352,Quercetin,BAX,Q07812,7
C0352,Quercetin,BCL2,P10415,8
C0352,Quercetin,BCL2L1,Q07817,4
C0352,Quercetin,BDNF,P23560,1
C0352,Quercetin,BMP2,P12643,1
C0352,Quercetin,BRCA1,P38398,1
C0352,Quercetin,CASP3,P42574,12
C0352,Quercetin,CASP8,Q14790,1
C0352,Quercetin,CASP9,P55211,1
C0352,Quercetin,CAT,P04040,2
C0352,Quercetin,CAV1,Q03135,1
C0352,Quercetin,CCL2,P13500,3
C0352,Quercetin,CCNB1,P14635,4
C0352,Quercetin,CCND1,P24385,3
C0352,Quercetin,CD40LG,P29965,1
C0352,Quercetin,CDH1,P12830,1
C0352,Quercetin,CDK1,P06493,2
C0352,Quercetin,CDKN1A,P38936,7
C0352,Quercetin,CDKN2A,P42771,2
C0352,Quercetin,CEBPB,P17676,1
C0352,Quercetin,CHEK2,O96017,1
C0352,Quercetin,CHUK,O15111,1
C0352,Quercetin,CLDN4,O14493,1
C0352,Quercetin,CLDN5,O00501,1
C0352,Quercetin,COL1A1,P02452,1
C0352,Quercetin,COMT,P21964,1
C0352,Quercetin,CREB1,P16220,1
C0352,Quercetin,CRH,P06850,1
C0352,Quercetin,CRP,P02741,2
C0352,Quercetin,CRTC1,Q6UUV9,1
C0352,Quercetin,CTNNB1,P35222,1
C0352,Quercetin,CTSD,P07339,1
C0352,Quercetin,CXCL10,P02778,1
C0352,Quercetin,CXCL2,P19875,2
C0352,Quercetin,CXCL8,P10145,2
C0352,Quercetin,CYP1A1,P04798,2
C0352,Quercetin,CYP1A2,P05177,2
C0352,Quercetin,CYP1B1,Q16678,2
C0352,Quercetin,CYP2C19,P33261,1
C0352,Quercetin,CYP2C8,P10632,1
C0352,Quercetin,CYP2E1,P05181,1
C0352,Quercetin,CYP3A4,P08684,4
C0352,Quercetin,DNAJC5,Q9H3Z4,1
C0352,Quercetin,E2F1,Q01094,1
C0352,Quercetin,E2F2,Q14209,1
C0352,Quercetin,EGF,P01133,1
C0352,Quercetin,EGFR,P00533,3
C0352,Quercetin,EGR1,P18146,1
C0352,Quercetin,EIF2S1,P05198,1
C0352,Quercetin,ELK1,P19419,1
C0352,Quercetin,ERBB2,P04626,4
C0352,Quercetin,ERBB3,P21860,2
C0352,Quercetin,ERN2,Q76MJ5,1
C0352,Quercetin,F2,P00734,2
C0352,Quercetin,F3,P13726,1
C0352,Quercetin,FASN,P49327,1
C0352,Quercetin,FOS,P01100,1
C0352,Quercetin,FOSL1,P15407,1
C0352,Quercetin,GAA,P10253,1
C0352,Quercetin,GABRR3,A8MPY1,1
C0352,Quercetin,GCK,P35557,1
C0352,Quercetin,GK,P32189,1
C0352,Quercetin,GSK3B,P49841,1
C0352,Quercetin,GSTM1,P09488,1
C0352,Quercetin,GSTM2,P28161,1
C0352,Quercetin,GSTP1,P09211,3
C0352,Quercetin,HIF1A,Q16665,2
C0352,Quercetin,HK2,P52789,1
C0352,Quercetin,HMOX1,P09601,2
C0352,Quercetin,HNRNPA1,P09651,1
C0352,Quercetin,HSF1,Q00613,2
C0352,Quercetin,HSP90AA1,P07900,2
C0352,Quercetin,HSP90B2P,Q58FF3,2
C0352,Quercetin,HSPA1A;HSPA1B,P0DMV8;P0DMV9,2
C0352,Quercetin,HSPA4,P34932,10
C0352,Quercetin,HSPA5,P11021,1
C0352,Quercetin,HSPB1,P04792,2
C0352,Quercetin,HVCN1,Q96D96,1
C0352,Quercetin,ICAM1,P05362,5
C0352,Quercetin,IFNG,P01579,1
C0352,Quercetin,IGFBP3,P17936,2
C0352,Quercetin,IL10,P22301,2
C0352,Quercetin,IL17A,Q16552,1
C0352,Quercetin,IL1A,P01583,1
C0352,Quercetin,IL1B,P01584,1
C0352,Quercetin,IL2,P60568,1
C0352,Quercetin,IL6,P05231,2
C0352,Quercetin,INSR,P06213,1
C0352,Quercetin,IRF1,P10914,1
C0352,Quercetin,JAK2,O60674,2
C0352,Quercetin,JUN,P05412,9
C0352,Quercetin,KDM1A,O60341,1
C0352,Quercetin,KHK,P50053,1
C0352,Quercetin,LDLR,P01130,1
C0352,Quercetin,LEF1,Q9UJU2,1
C0352,Quercetin,LYN,P07948,1
C0352,Quercetin,MAOA,P21397,1
C0352,Quercetin,MAP3K5,Q99683,1
C0352,Quercetin,MAPK1,P28482,5
C0352,Quercetin,MAPK14,Q16539,2
C0352,Quercetin,MAPK3,P27361,2
C0352,Quercetin,MAPK8,P45983,3
C0352,Quercetin,MCL1,Q07820,1
C0352,Quercetin,MECP2,P51608,1
C0352,Quercetin,MLXIPL,Q9NP71,1
C0352,Quercetin,MMP1,P03956,4
C0352,Quercetin,MMP2,P08253,2
C0352,Quercetin,MMP9,P14780,3
C0352,Quercetin,MPO,P05164,1
C0352,Quercetin,MTOR,P42345,4
C0352,Quercetin,MUC5AC,P98088,1
C0352,Quercetin,MYC,P01106,1
C0352,Quercetin,NCF1,P14598,1
C0352,Quercetin,NDUFV2,P19404,1
C0352,Quercetin,NFE2L2,Q16236,1
C0352,Quercetin,NFKB1,P19838,1
C0352,Quercetin,NFKBIA,P25963,1
C0352,Quercetin,NGF,P01138,1
C0352,Quercetin,NKX3-1,Q99801,1
C0352,Quercetin,NLRP3,Q96P20,1
C0352,Quercetin,NOS2,P35228,11
C0352,Quercetin,NOS3,P29474,2
C0352,Quercetin,NPEPPS,P55786,1
C0352,Quercetin,NQO1,P15559,1
C0352,Quercetin,NR1H3,Q13133,1
C0352,Quercetin,NR1I2,O75469,2
C0352,Quercetin,NR1I3,Q14994,1
C0352,Quercetin,NRF1,Q16656,1
C0352,Quercetin,ODC1,P11926,1
C0352,Quercetin,P2RX4,Q99571,1
C0352,Quercetin,PARP1,P09874,2
C0352,Quercetin,PGP,A6NDG6,1
C0352,Quercetin,PIK3CB,P42338,1
C0352,Quercetin,PLAT,P00750,4
C0352,Quercetin,PLAU,P00749,3
C0352,Quercetin,PON1,P27169,1
C0352,Quercetin,POR,P16435,1
C0352,Quercetin,PPARA,Q07869,1
C0352,Quercetin,PRKAA1,Q13131,2
C0352,Quercetin,PRKAA2,P54646,1
C0352,Quercetin,PRKCA,P17252,1
C0352,Quercetin,PRKCB,P05771,2
C0352,Quercetin,PRKCD,Q05655,2
C0352,Quercetin,PTEN,P60484,1
C0352,Quercetin,PTGS1,P23219,3
C0352,Quercetin,PTGS2,P35354,8
C0352,Quercetin,PTK2B,Q14289,1
C0352,Quercetin,PTPN11,Q06124,1
C0352,Quercetin,PTX3,P26022,1
C0352,Quercetin,RAF1,P04049,1
C0352,Quercetin,RASSF1,Q9NS23,1
C0352,Quercetin,RB1,P06400,2
C0352,Quercetin,RELA,Q04206,9
C0352,Quercetin,RUNX2,Q13950,1
C0352,Quercetin,SCD,O00767,1
C0352,Quercetin,SELE,P16581,1
C0352,Quercetin,SERPINE1,P05121,1
C0352,Quercetin,SIRT1,Q96EB6,1
C0352,Quercetin,SLC16A1,P53985,1
C0352,Quercetin,SLC23A1,Q9UHI7,1
C0352,Quercetin,SLC2A1,P11166,2
C0352,Quercetin,SLC2A4,P14672,1
C0352,Quercetin,SLPI,P03973,1
C0352,Quercetin,SPP1,P10451,1
C0352,Quercetin,STAT1,P42224,2
C0352,Quercetin,STAT3,P40763,1
C0352,Quercetin,SULT1E1,P49888,1
C0352,Quercetin,TGFB1,P01137,1
C0352,Quercetin,THBS1,P07996,1
C0352,Quercetin,TJP1,Q07157,2
C0352,Quercetin,TNF,P01375,7
C0352,Quercetin,TNFRSF10B,O14763,1
C0352,Quercetin,TOP1,P11387,1
C0352,Quercetin,TOP2A,P11388,1
C0352,Quercetin,TP53,P04637,5
C0352,Quercetin,TXN,P10599,2
C0352,Quercetin,TXNIP,Q9H3M7,1
C0352,Quercetin,TYR,P14679,3
C0352,Quercetin,UGT1A9,O60656,1
C0352,Quercetin,UQCRC1,P31930,1
C0352,Quercetin,USP10,Q14694,1
C0352,Quercetin,VCAM1,P19320,3
C0352,Quercetin,VDR,P11473,3
C0352,Quercetin,VEGFA,P15692,3
C0352,Quercetin,VIM,P08670,1
C0352,Quercetin,VIM2P,nan,1
C0352,Quercetin,XBP1,P17861,1
C0352,Quercetin,XDH,P47989,1
C0352,Quercetin,gyrB,P0AES6,1
C0353,QuercetinDihydrate,IFNG,P01579,1
C0353,QuercetinDihydrate,IL2,P60568,1
C0353,QuercetinDihydrate,IL6,P05231,1
C0354,Quercitrin,MAPK1,P28482,1
C0354,Quercitrin,RPS6KA3,P51812,2
C0355,Quetiapine,DRD2,P14416,2
C0355,Quetiapine,FOS,P01100,1
C0355,Quetiapine,MAPK14,Q16539,1
C0355,Quetiapine,RPS6KA1,Q15418,1
C0355,Quetiapine,SOD1,P00441,1
C0356,Quinalizarin,CSNK2A1,P68400,1
C0357,Quinazolinone,GAA,P10253,1
C0357,Quinazolinone,RAD51,Q06609,1
C0357,Quinazolinone,SMN1;SMN2,Q16637,1
C0358,Quinoline,BRD4,O60885,1
C0358,Quinoline,CEL,P19835,1
C0358,Quinoline,MIF,P14174,1
C0358,Quinoline,MTOR,P42345,1
C0358,Quinoline,NQO2,P16083,1
C0358,Quinoline,PTGS2,P35354,1
C0359,QuinolinicAcid,TNF,P01375,1
C0361,(-)-Antofine,PTPA,Q15257,1
C0362,Resorcinol,HSP90AA1,P07900,1
C0362,Resorcinol,TYR,P14679,2
C0363,Resveratrol,AAGAB,Q6PD74,1
C0363,Resveratrol,ABCB1,P08183,1
C0363,Resveratrol,ABCC3,O15438,1
C0363,Resveratrol,ABCG1,P45844,1
C0363,Resveratrol,ABCG2,Q9UNQ0,1
C0363,Resveratrol,ACE,P12821,1
C0363,Resveratrol,ACE2,Q9BYF1,1
C0363,Resveratrol,ACHE,P22303,1
C0363,Resveratrol,ADIPOQ,Q15848,2
C0363,Resveratrol,ADIPOR1,Q96A54,1
C0363,Resveratrol,ADIPOR2,Q86V24,1
C0363,Resveratrol,ADRB2,P07550,1
C0363,Resveratrol,AGTR1,P30556,1
C0363,Resveratrol,AHR,P35869,2
C0363,Resveratrol,AKT1,P31749,9
C0363,Resveratrol,AKT2,P31751,1
C0363,Resveratrol,ALB,P02768,1
C0363,Resveratrol,APAF1,O14727,1
C0363,Resveratrol,APEX1,P27695,1
C0363,Resveratrol,AR,P10275,1
C0363,Resveratrol,BAX,Q07812,8
C0363,Resveratrol,BCL2,P10415,9
C0363,Resveratrol,BCL2A1,Q16548,1
C0363,Resveratrol,BCL2L1,Q07817,4
C0363,Resveratrol,BIRC2,Q13490,1
C0363,Resveratrol,BIRC5,O15392,4
C0363,Resveratrol,BIRC7,Q96CA5,1
C0363,Resveratrol,BRCA1,P38398,1
C0363,Resveratrol,BRCA2,P51587,1
C0363,Resveratrol,BSG,P35613,1
C0363,Resveratrol,CASP3,P42574,9
C0363,Resveratrol,CASP9,P55211,4
C0363,Resveratrol,CAT,P04040,1
C0363,Resveratrol,CBR1,P16152,1
C0363,Resveratrol,CCL2,P13500,2
C0363,Resveratrol,CCNA2,P20248,3
C0363,Resveratrol,CCND1,P24385,8
C0363,Resveratrol,CCND2,P30279,1
C0363,Resveratrol,CCNE2,O96020,1
C0363,Resveratrol,CCR2,P41597,1
C0363,Resveratrol,CD28,P10747,1
C0363,Resveratrol,CD80,P33681,1
C0363,Resveratrol,CD83,Q01151,1
C0363,Resveratrol,CD86,P42081,1
C0363,Resveratrol,CDC42,P60953,1
C0363,Resveratrol,CDH1,P12830,2
C0363,Resveratrol,CDH2,P19022,1
C0363,Resveratrol,CDK1,P06493,3
C0363,Resveratrol,CDK2,P24941,2
C0363,Resveratrol,CDK4,P11802,6
C0363,Resveratrol,CDK6,Q00534,2
C0363,Resveratrol,CDK7,P50613,1
C0363,Resveratrol,CDKN1A,P38936,8
C0363,Resveratrol,CFLAR,O15519,1
C0363,Resveratrol,CPT1A,P50416,1
C0363,Resveratrol,CRP,P02741,1
C0363,Resveratrol,CS,O75390,1
C0363,Resveratrol,CTNNB1,P35222,1
C0363,Resveratrol,CX3CL1,P78423,1
C0363,Resveratrol,CXCL8,P10145,1
C0363,Resveratrol,CYP17A1,P05093,2
C0363,Resveratrol,CYP19A1,P11511,1
C0363,Resveratrol,CYP1A1,P04798,2
C0363,Resveratrol,CYP1B1,Q16678,2
C0363,Resveratrol,CYP21A2,P08686,1
C0363,Resveratrol,CYP2E1,P05181,2
C0363,Resveratrol,DDIT3,P35638,1
C0363,Resveratrol,DDX5,P17844,2
C0363,Resveratrol,DNAH8,Q96JB1,1
C0363,Resveratrol,DNMT1,P26358,1
C0363,Resveratrol,EDN1,P05305,1
C0363,Resveratrol,EGFR,P00533,2
C0363,Resveratrol,EGR1,P18146,1
C0363,Resveratrol,EIF2S1,P05198,1
C0363,Resveratrol,EIF4EBP1,Q13541,1
C0363,Resveratrol,ERBB2,P04626,1
C0363,Resveratrol,ESR1,P03372,2
C0363,Resveratrol,ESR2,Q92731,1
C0363,Resveratrol,F3,P13726,1
C0363,Resveratrol,FASN,P49327,1
C0363,Resveratrol,FGF2,P09038,1
C0363,Resveratrol,FOXO1,Q12778,3
C0363,Resveratrol,FOXO3,O43524,1
C0363,Resveratrol,FXN,Q16595,2
C0363,Resveratrol,G3BP1,Q13283,1
C0363,Resveratrol,GADD45A,P24522,1
C0363,Resveratrol,GCLC,P48506,1
C0363,Resveratrol,GJA1,P17302,1
C0363,Resveratrol,GLI1,P08151,3
C0363,Resveratrol,GLO1,Q04760,1
C0363,Resveratrol,GLUL,P15104,2
C0363,Resveratrol,HAMP,P81172,1
C0363,Resveratrol,HDAC9,Q9UKV0,1
C0363,Resveratrol,HGF,P14210,1
C0363,Resveratrol,HIF1A,Q16665,4
C0363,Resveratrol,HK2,P52789,1
C0363,Resveratrol,HMOX1,P09601,4
C0363,Resveratrol,HSD11B1,P28845,1
C0363,Resveratrol,HSF1,Q00613,1
C0363,Resveratrol,HSPA5,P11021,1
C0363,Resveratrol,HSPB1,P04792,1
C0363,Resveratrol,ICAM1,P05362,1
C0363,Resveratrol,IDO1,P14902,1
C0363,Resveratrol,IGF1,P05019,1
C0363,Resveratrol,IL10,P22301,1
C0363,Resveratrol,IL17B,Q9UHF5,1
C0363,Resveratrol,IL1A,P01583,2
C0363,Resveratrol,IL1B,P01584,1
C0363,Resveratrol,IL6,P05231,3
C0363,Resveratrol,INS,P01308,2
C0363,Resveratrol,IRS1,P35568,1
C0363,Resveratrol,ITGAV,P06756,2
C0363,Resveratrol,ITGB1,P05556,1
C0363,Resveratrol,JAK1,P23458,1
C0363,Resveratrol,JAK2,O60674,1
C0363,Resveratrol,JUN,P05412,7
C0363,Resveratrol,KCNN4,O15554,1
C0363,Resveratrol,KL,Q9UEF7,1
C0363,Resveratrol,KLF4,O43474,1
C0363,Resveratrol,LEP,P41159,1
C0363,Resveratrol,LGSN,Q5TDP6,1
C0363,Resveratrol,LPIN1,Q14693,1
C0363,Resveratrol,LRIG1,Q96JA1,1
C0363,Resveratrol,LTA4H,P09960,1
C0363,Resveratrol,MALAT1,nan,1
C0363,Resveratrol,MAOA,P21397,1
C0363,Resveratrol,MAPK1,P28482,3
C0363,Resveratrol,MAPK3,P27361,2
C0363,Resveratrol,MAPK8,P45983,2
C0363,Resveratrol,MBTPS1,Q14703,1
C0363,Resveratrol,MCL1,Q07820,1
C0363,Resveratrol,MIR15A,nan,1
C0363,Resveratrol,MIR183,nan,1
C0363,Resveratrol,MIR18A,nan,1
C0363,Resveratrol,MIR196B,nan,1
C0363,Resveratrol,MMP13,P45452,1
C0363,Resveratrol,MMP2,P08253,3
C0363,Resveratrol,MMP9,P14780,8
C0363,Resveratrol,MPO,P05164,1
C0363,Resveratrol,MTOR,P42345,1
C0363,Resveratrol,MYC,P01106,1
C0363,Resveratrol,NFE2L2,Q16236,1
C0363,Resveratrol,NFKB1,P19838,3
C0363,Resveratrol,NFKBIA,P25963,1
C0363,Resveratrol,NOS2,P35228,6
C0363,Resveratrol,NOS3,P29474,3
C0363,Resveratrol,NOTCH1,P46531,1
C0363,Resveratrol,NPHS1,O60500,1
C0363,Resveratrol,NPHS2,Q9NP85,1
C0363,Resveratrol,NPY,P01303,1
C0363,Resveratrol,NQO2,P16083,1
C0363,Resveratrol,NR1H3,Q13133,1
C0363,Resveratrol,NR1I2,O75469,1
C0363,Resveratrol,NUP62,P37198,1
C0363,Resveratrol,ODC1,P11926,1
C0363,Resveratrol,ORAI1,Q96D31,1
C0363,Resveratrol,PARK7,Q99497,1
C0363,Resveratrol,PARP1,P09874,1
C0363,Resveratrol,PDE4A,P27815,1
C0363,Resveratrol,PECAM1,P16284,1
C0363,Resveratrol,PFN1,P07737,1
C0363,Resveratrol,PLA2G7,Q13093,1
C0363,Resveratrol,PON1,P27169,3
C0363,Resveratrol,PPARA,Q07869,1
C0363,Resveratrol,PPARG,P37231,4
C0363,Resveratrol,PPARGC1A,Q9UBK2,2
C0363,Resveratrol,PRKAA1,Q13131,7
C0363,Resveratrol,PRKACA,P17612,1
C0363,Resveratrol,PRKCA,P17252,1
C0363,Resveratrol,PRKCD,Q05655,2
C0363,Resveratrol,PRKD1,Q15139,1
C0363,Resveratrol,PRKG1,Q13976,1
C0363,Resveratrol,PSEN1,P49768,1
C0363,Resveratrol,PTEN,P60484,1
C0363,Resveratrol,PTGES,O14684,1
C0363,Resveratrol,PTGS1,P23219,1
C0363,Resveratrol,PTGS2,P35354,8
C0363,Resveratrol,PTPN1,P18031,1
C0363,Resveratrol,RASSF1,Q9NS23,1
C0363,Resveratrol,REG3A,Q06141,1
C0363,Resveratrol,RELA,Q04206,12
C0363,Resveratrol,RFX5,P48382,1
C0363,Resveratrol,RPS6KB1,P23443,1
C0363,Resveratrol,SELE,P16581,1
C0363,Resveratrol,SGK1,O00141,1
C0363,Resveratrol,SHH,Q15465,1
C0363,Resveratrol,SIRT1,Q96EB6,6
C0363,Resveratrol,SIRT3,Q9NTG7,3
C0363,Resveratrol,SLC2A4,P14672,2
C0363,Resveratrol,SNAI1,O95863,1
C0363,Resveratrol,SOD1,P00441,2
C0363,Resveratrol,SOD2,P04179,1
C0363,Resveratrol,SPARC,P09486,1
C0363,Resveratrol,SPHK1,Q9NYA1,2
C0363,Resveratrol,SPP1,P10451,1
C0363,Resveratrol,SRC,P12931,2
C0363,Resveratrol,STAT1,P42224,1
C0363,Resveratrol,STAT3,P40763,3
C0363,Resveratrol,SULT1E1,P49888,1
C0363,Resveratrol,TCF4,P15884,1
C0363,Resveratrol,TFAM,Q00059,1
C0363,Resveratrol,TGFA,P01135,1
C0363,Resveratrol,TGFB1,P01137,2
C0363,Resveratrol,TGFB2,P61812,1
C0363,Resveratrol,TLR4,O00206,1
C0363,Resveratrol,TNF,P01375,5
C0363,Resveratrol,TNFRSF1A,P19438,1
C0363,Resveratrol,TNFSF10,P50591,1
C0363,Resveratrol,TP53,P04637,11
C0363,Resveratrol,TRAF2,Q12933,1
C0363,Resveratrol,TTR,P02766,1
C0363,Resveratrol,TXNIP,Q9H3M7,2
C0363,Resveratrol,TYR,P14679,1
C0363,Resveratrol,UCP1,P25874,1
C0363,Resveratrol,UCP2,P55851,1
C0363,Resveratrol,UGT1A9,O60656,1
C0363,Resveratrol,UHRF1,Q96T88,1
C0363,Resveratrol,VCAM1,P19320,1
C0363,Resveratrol,VEGFA,P15692,4
C0363,Resveratrol,VIM,P08670,1
C0363,Resveratrol,XBP1,P17861,1
C0363,Resveratrol,XDH,P47989,1
C0363,Resveratrol,XRCC6,P12956,1
C0363,Resveratrol,YARS1,P54577,1
C0364,Resveratrol4'-MethylEther,CBR1,P16152,1
C0364,Resveratrol4'-MethylEther,HIF1A,Q16665,1
C0365,Retinal,ALDH2,P05091,1
C0365,Retinal,Bcl2l1,Q64373,1
C0365,Retinal,CAMK2G,Q13555,1
C0365,Retinal,CASP9,P55211,1
C0365,Retinal,ENG,P17813,1
C0365,Retinal,GNB3,P16520,1
C0365,Retinal,HSPA5,P11021,1
C0365,Retinal,MAP2K7,O14733,2
C0365,Retinal,MIR155,nan,1
C0365,Retinal,NTF3,P20783,1
C0365,Retinal,OPN3,Q9H1Y3,1
C0365,Retinal,OPN4,Q9UHM6,1
C0365,Retinal,PRDM13,Q9H4Q3,1
C0365,Retinal,RHO,P08100,1
C0366,Retinol,BCHE,P06276,1
C0366,Retinol,CSF1,P09603,1
C0366,Retinol,CSF2,P04141,1
C0366,Retinol,CYP1A1,P04798,1
C0366,Retinol,GAA,P10253,1
C0366,Retinol,GJA1,P17302,1
C0366,Retinol,GNAI1,P63096,1
C0366,Retinol,GNMT,Q14749,1
C0366,Retinol,GPT,P24298,1
C0366,Retinol,HAMP,P81172,1
C0366,Retinol,HOXA1,P49639,1
C0366,Retinol,IL16,Q14005,1
C0366,Retinol,JUN,P05412,1
C0366,Retinol,KITLG,P21583,1
C0366,Retinol,LEP,P41159,1
C0366,Retinol,PRKCD,Q05655,1
C0366,Retinol,RBP1,P09455,1
C0366,Retinol,RBP4,P02753,2
C0366,Retinol,TGM1,P22735,1
C0368,Rhamnetin,CASP3,P42574,1
C0368,Rhamnetin,CASP9,P55211,1
C0369,Rhein,ALKBH1,Q13686,1
C0369,Rhein,CASP3,P42574,1
C0369,Rhein,DDIT3,P35638;P0DPQ6,1
C0369,Rhein,EGFR,P00533,1
C0369,Rhein,FTO,Q9C0B1,1
C0369,Rhein,GLP1R,P43220,1
C0369,Rhein,JUN,P05412,1
C0369,Rhein,KRT14,P02533,1
C0369,Rhein,MMP9,P14780,1
C0369,Rhein,MSR1,P21757,1
C0369,Rhein,PPARG,P37231,1
C0369,Rhein,RAC1,P63000,1
C0369,Rhein,STAT3,P40763,1
C0369,Rhein,TLR4,O00206,1
C0369,Rhein,TNF,P01375,1
C0369,Rhein,UCP1,P25874,1
C0370,Rhynchophylline,EPHA4,P54764,1
C0370,Rhynchophylline,GRIN1,Q05586,1
C0371,Riboflavin,CCN2,P29279,1
C0371,Riboflavin,CYP3A4,P08684,1
C0371,Riboflavin,HSPB1,P04792,1
C0371,Riboflavin,RBP4,P02753,1
C0371,Riboflavin,RIT1,Q92963,1
C0372,RisedronicAcid,FDPS,P14324,3
C0373,Rocaglamide,PHB,P35232,1
C0374,RosmarinicAcid,ABAT,P80404,2
C0374,RosmarinicAcid,AURKA,O14965,2
C0374,RosmarinicAcid,C3,P01024,1
C0374,RosmarinicAcid,C5,P01031,1
C0374,RosmarinicAcid,CASP3,P42574,1
C0374,RosmarinicAcid,CCL11,P51671,3
C0374,RosmarinicAcid,CCL2,P13500,2
C0374,RosmarinicAcid,CCL3,P10147,2
C0374,RosmarinicAcid,CCR3,P51677,2
C0374,RosmarinicAcid,CD80,P33681,2
C0374,RosmarinicAcid,CD86,P42081,2
C0374,RosmarinicAcid,F2,P00734,1
C0374,RosmarinicAcid,IDO1,P14902,2
C0374,RosmarinicAcid,IKBKB,O14920,2
C0374,RosmarinicAcid,IL2,P60568,1
C0374,RosmarinicAcid,IL4,P05112,1
C0374,RosmarinicAcid,IL5,P05113,1
C0374,RosmarinicAcid,NFKB1,P19838,1
C0374,RosmarinicAcid,OLIG2,Q13516,1
C0374,RosmarinicAcid,PREP,P48147,1
C0374,RosmarinicAcid,RPS6KB1,P23443,1
C0374,RosmarinicAcid,STAT1,P42224,1
C0375,Rotenone,ACHE,P22303,1
C0375,Rotenone,BCL2,P10415,1
C0375,Rotenone,CASP3,P42574,2
C0375,Rotenone,CAT,P04040,1
C0375,Rotenone,CCND1,P24385,1
C0375,Rotenone,GAPDH,P04406,1
C0375,Rotenone,GJA1,P17302,1
C0375,Rotenone,GRIN2B,Q13224,1
C0375,Rotenone,MAPK14,Q16539,1
C0375,Rotenone,MAPK8,P45983,1
C0375,Rotenone,MCIDAS,D6RGH6,1
C0375,Rotenone,MMP9,P14780,1
C0375,Rotenone,MT-ND2,P03891,1
C0375,Rotenone,NFE2L2,Q16236,2
C0375,Rotenone,NFKB1,P19838,1
C0375,Rotenone,NOS2,P35228,1
C0375,Rotenone,NR4A2,P43354,1
C0375,Rotenone,PARK7,Q99497,1
C0375,Rotenone,PKB_RS07820,nan,1
C0375,Rotenone,PTGS2,P35354,2
C0375,Rotenone,SNCA,P37840,1
C0375,Rotenone,SOD2,P04179,1
C0375,Rotenone,TH,P07101,1
C0375,Rotenone,TRPC3,Q13507,1
C0376,Rutaecarpine,CALCA,P06881;P01258,1
C0376,Rutaecarpine,CYP1A2,P05177,1
C0376,Rutaecarpine,CYP3A4,P08684,1
C0376,Rutaecarpine,GJA1,P17302,1
C0376,Rutaecarpine,IL4,P05112,1
C0376,Rutaecarpine,MMP2,P08253,1
C0376,Rutaecarpine,MMP9,P14780,1
C0376,Rutaecarpine,PTGS2,P35354,1
C0376,Rutaecarpine,TNF,P01375,1
C0377,Rutin,ACTA2,P62736,1
C0377,Rutin,ADA,P00813,1
C0377,Rutin,BACE1,P56817,1
C0377,Rutin,BCL2,P10415,1
C0377,Rutin,CASP3,P42574,1
C0377,Rutin,CAT,P04040,1
C0377,Rutin,FAS,P25445,1
C0377,Rutin,FN1,P02751,1
C0377,Rutin,HMGCR,P04035,1
C0377,Rutin,IL1B,P01584,1
C0377,Rutin,IL6,P05231,2
C0377,Rutin,INS,P01308,1
C0377,Rutin,MAPK14,Q16539,1
C0377,Rutin,MAPK8,P45983,1
C0377,Rutin,MARK4,Q96L34,1
C0377,Rutin,MPO,P05164,1
C0377,Rutin,MTOR,P42345,1
C0377,Rutin,NR1H4,Q96RI1,1
C0377,Rutin,P4HB,P07237,1
C0377,Rutin,PPARG,P37231,1
C0377,Rutin,PROCR,Q9UNN8,1
C0377,Rutin,SIRT1,Q96EB6,1
C0377,Rutin,TGFB1,P01137,2
C0377,Rutin,TNF,P01375,3
C0378,Saccharin,CA1,P00915,1
C0378,Saccharin,CA2,P00918,1
C0378,Saccharin,CA7,P43166,1
C0379,S-AdenosylMethionine,CBS;CBSL,P35520;P0DN79,2
C0379,S-AdenosylMethionine,COMT,P21964,1
C0379,S-AdenosylMethionine,DNMT1,P26358,1
C0379,S-AdenosylMethionine,DOT1L,Q8TEK3,1
C0379,S-AdenosylMethionine,DUSP1,P28562,1
C0379,S-AdenosylMethionine,EZH2,Q15910,1
C0379,S-AdenosylMethionine,GADD45B,O75293,1
C0379,S-AdenosylMethionine,ICMT,O60725,1
C0379,S-AdenosylMethionine,IL10,P22301,2
C0379,S-AdenosylMethionine,INPPL1,O15357,1
C0379,S-AdenosylMethionine,MAFG,O15525,1
C0379,S-AdenosylMethionine,MAPK1,P28482,1
C0379,S-AdenosylMethionine,MAT2A,P31153,1
C0379,S-AdenosylMethionine,NNMT,P40261,1
C0379,S-AdenosylMethionine,NSD2,O96028,1
C0379,S-AdenosylMethionine,OPRM1,P35372,1
C0379,S-AdenosylMethionine,PEMT,Q9UBM1,1
C0379,S-AdenosylMethionine,TNF,P01375,3
C0379,S-AdenosylMethionine,TPMT,P51580,1
C0379,S-AdenosylMethionine,VEGFC,P49767,1
C0380,S-Adenosylhomocysteine,DNMT1,P26358,1
C0380,S-Adenosylhomocysteine,RSAD2,Q8WXG1,1
C0380,S-Adenosylhomocysteine,SIRT1,Q96EB6,1
C0380,S-Adenosylhomocysteine,SMYD2,Q9NRG4,1
C0380,S-Adenosylhomocysteine,SOD1,P00441,1
C0381,Safrole,CYP1A2,P05177,1
C0382,Sakuranetin,AKT1,P31749,1
C0382,Sakuranetin,GSK3B,P49841,1
C0383,SalicylicAcid,AKR1C1,Q04828,1
C0383,SalicylicAcid,ALOX5,P09917,1
C0383,SalicylicAcid,APOA1,P02647,1
C0383,SalicylicAcid,CAT,P04040,1
C0383,SalicylicAcid,CDK2,P24941,1
C0383,SalicylicAcid,EDN1,P05305,1
C0383,SalicylicAcid,FASN,P49327,1
C0383,SalicylicAcid,FTH1,P02794,1
C0383,SalicylicAcid,GAPDH,P04406,1
C0383,SalicylicAcid,GLIPR2,Q9H4G4,1
C0383,SalicylicAcid,GUSB,P08236,1
C0383,SalicylicAcid,HMGB1,P09429,1
C0383,SalicylicAcid,HMGB3,O15347,1
C0383,SalicylicAcid,HSPA4,P34932,1
C0383,SalicylicAcid,IFNB1,P01574,1
C0383,SalicylicAcid,IL4,P05112,1
C0383,SalicylicAcid,MYC,P01106,1
C0383,SalicylicAcid,NFKB1,P19838,1
C0383,SalicylicAcid,NPR3,P17342,1
C0383,SalicylicAcid,PFKM,P08237,1
C0383,SalicylicAcid,PKLR,P30613,1
C0383,SalicylicAcid,PLG,P00747,1
C0383,SalicylicAcid,PON1,P27169,1
C0383,SalicylicAcid,PTGS1,P23219,1
C0383,SalicylicAcid,RELA,Q04206,1
C0383,SalicylicAcid,SOD1,P00441,1
C0384,Salsolinol,KISS1,Q15726,1
C0384,Salsolinol,MTOR,P42345,1
C0385,SalvianolicAcidA,AKT1,P31749,1
C0385,SalvianolicAcidA,BCL2,P10415,1
C0385,SalvianolicAcidA,CASP3,P42574,1
C0385,SalvianolicAcidA,CCND1,P24385,1
C0385,SalvianolicAcidA,CCNE1,P24864,1
C0385,SalvianolicAcidA,CDKN1A,P38936,1
C0385,SalvianolicAcidA,CDKN1B,P46527,1
C0385,SalvianolicAcidA,COL7A1,Q02388,1
C0385,SalvianolicAcidA,COMT,P21964,1
C0385,SalvianolicAcidA,IKBKB,O14920,1
C0385,SalvianolicAcidA,MMP9,P14780,1
C0385,SalvianolicAcidA,PPARG,P37231,1
C0386,SanggenonC,NFKB1,P19838,1
C0386,SanggenonC,NOS2,P35228,1
C0387,SanggenonG,XIAP,P98170,1
C0388,Sanguinarium,DHFR,P00374,1
C0388,Sanguinarium,DUSP1,P28562,2
C0388,Sanguinarium,MMP7,P09237,1
C0388,Sanguinarium,NFKB1,P19838,1
C0388,Sanguinarium,PRKAA1,Q13131,1
C0388,Sanguinarium,SLC22A3,O75751,1
C0388,Sanguinarium,STAT3,P40763,1
C0388,Sanguinarium,VEGFA,P15692,1
C0389,SchisandrinA,SLCO1B1,Q9Y6L6,1
C0390,SchisandrinB,ABCC1,P33527,1
C0390,SchisandrinB,IL18,Q14116,1
C0390,SchisandrinB,IL6,P05231,1
C0390,SchisandrinB,MIR150,nan,1
C0390,SchisandrinB,PTGS2,P35354,1
C0391,Scoparone,CCL2,P13500,1
C0391,Scoparone,CXCL8,P10145,1
C0391,Scoparone,DCT,P40126,1
C0391,Scoparone,NFKBIA,P25963,1
C0391,Scoparone,RELA,Q04206,1
C0391,Scoparone,STAT3,P40763,1
C0391,Scoparone,TYR,P14679,1
C0391,Scoparone,TYRP1,P17643,1
C0392,Scopoletin,CREB1,P16220,1
C0392,Scopoletin,MAOB,P27338,1
C0392,Scopoletin,MAPK1,P28482,1
C0392,Scopoletin,NFKB1,P19838,1
C0392,Scopoletin,NQO1,P15559,1
C0393,Scopolin,SIRT1,Q96EB6,1
C0394,Scutellarein,VEGFA,P15692,1
C0395,Scutellarin,ADAMTS5,Q9UNA0,1
C0395,Scutellarin,AKT1,P31749,1
C0395,Scutellarin,BAX,Q07812,1
C0395,Scutellarin,BCL2,P10415,1
C0395,Scutellarin,BCL2L1,Q07817,1
C0395,Scutellarin,CASP3,P42574,1
C0395,Scutellarin,CYBB,P04839,1
C0395,Scutellarin,CYP1A2,P05177,1
C0395,Scutellarin,FZD7,O75084,1
C0395,Scutellarin,MAPK14,Q16539,3
C0395,Scutellarin,MMP13,P45452,1
C0395,Scutellarin,NLRP3,Q96P20,1
C0395,Scutellarin,NOTCH1,P46531,1
C0395,Scutellarin,PKM,P14618,1
C0395,Scutellarin,PRKCG,P05129,1
C0395,Scutellarin,WNT3A,P56704,1
C0396,Selenomethionine,SELENOK,Q9Y6D0,1
C0397,Serotonin,ADAM17,P78536,1
C0397,Serotonin,ADRA2B,P18089,1
C0397,Serotonin,AHR,P35869,1
C0397,Serotonin,AKT1,P31749,1
C0397,Serotonin,BCHE,P06276,1
C0397,Serotonin,CAMP,P49913,1
C0397,Serotonin,CCL2,P13500,1
C0397,Serotonin,CDH1,P12830,1
C0397,Serotonin,CMAHP,Q9Y471,1
C0397,Serotonin,CSN2,P05814,1
C0397,Serotonin,CXCL8,P10145,1
C0397,Serotonin,CYBB,P04839,1
C0397,Serotonin,CYP1B1,Q16678,2
C0397,Serotonin,CYP2D6,P10635,2
C0397,Serotonin,DRD2,P14416,1
C0397,Serotonin,EEF2,P13639,1
C0397,Serotonin,ESR1,P03372,1
C0397,Serotonin,GDNF,P39905,1
C0397,Serotonin,GNRH1,P01148,1
C0397,Serotonin,GRIA4,P48058,1
C0397,Serotonin,GRK2,P25098,1
C0397,Serotonin,HTR1A,P08908,1
C0397,Serotonin,HTR1B,P28222,1
C0397,Serotonin,HTR2A,P28223,1
C0397,Serotonin,HTR2B,P41595,1
C0397,Serotonin,HTR2C,P28335,1
C0397,Serotonin,HTR3A,P46098,1
C0397,Serotonin,ICAM1,P05362,1
C0397,Serotonin,IL17A,Q16552,1
C0397,Serotonin,KCNK2,O95069,1
C0397,Serotonin,KDR,P35968,1
C0397,Serotonin,MAOA,P21397,1
C0397,Serotonin,MAPK1,P28482,2
C0397,Serotonin,MAPK3,P27361,2
C0397,Serotonin,POMC,P01189,1
C0397,Serotonin,PPARG,P37231,3
C0397,Serotonin,PRL,P01236,1
C0397,Serotonin,PTGS2,P35354,1
C0397,Serotonin,PTHLH,P12272,1
C0397,Serotonin,RUNX2,Q13950,1
C0397,Serotonin,Rock2,Q62868,1
C0397,Serotonin,S100B,P04271,1
C0397,Serotonin,SLC6A4,P31645,1
C0397,Serotonin,STAT5A,P42229,1
C0397,Serotonin,STAT5B,P51692,1
C0397,Serotonin,TERC,nan,1
C0397,Serotonin,TPH1,P17752,1
C0397,Serotonin,TYR,P14679,1
C0397,Serotonin,YAP1,P46937,2
C0398,Sertraline,ABCB1,P08183,1
C0398,Sertraline,CYP2D6,P10635,1
C0398,Sertraline,HTR1B,P28222,1
C0398,Sertraline,IL1B,P01584,1
C0398,Sertraline,MTOR,P42345,1
C0398,Sertraline,SIGMAR1,Q99720,1
C0398,Sertraline,SLC22A2,O15244,1
C0398,Sertraline,SLC22A3,O75751,1
C0398,Sertraline,SLC6A3,Q01959,1
C0398,Sertraline,SLC6A4,P31645,2
C0398,Sertraline,TPT1,P13693,1
C0399,Sesamin,ACACA,Q13085,1
C0399,Sesamin,ACADM,P11310,1
C0399,Sesamin,ACLY,P53396,1
C0399,Sesamin,ACOX1,Q15067,1
C0399,Sesamin,CCND1,P24385,1
C0399,Sesamin,CYP2B6,P20813,1
C0399,Sesamin,DECR1,Q16698,1
C0399,Sesamin,ECE1,P42892,1
C0399,Sesamin,ECI1,P42126,1
C0399,Sesamin,EHHADH,Q08426,1
C0399,Sesamin,FASN,P49327,1
C0399,Sesamin,G6PD,P11413,1
C0399,Sesamin,HADHB,P55084,1
C0399,Sesamin,HMOX1,P09601,1
C0399,Sesamin,IL10,P22301,1
C0399,Sesamin,NFE2L2,Q16236,1
C0399,Sesamin,NOS2,P35228,1
C0399,Sesamin,NOS3,P29474,1
C0399,Sesamin,NOX1,Q9Y5S8,1
C0399,Sesamin,NOX3,Q9HBY0,1
C0399,Sesamin,SREBF1,P36956,1
C0399,Sesamin,TNFRSF11B,O00300,1
C0399,Sesamin,TNFSF11,O14788,1
C0399,Sesamin,UGT1A1,P22309,1
C0400,Sesamol,CAT,P04040,1
C0400,Sesamol,GOT1,P17174,1
C0400,Sesamol,IL10,P22301,1
C0400,Sesamol,NOS2,P35228,1
C0400,Sesamol,PLAT,P00750,1
C0400,Sesamol,PLAU,P00749,1
C0400,Sesamol,XDH,P47989,1
C0401,Shikonin,AKT1,P31749,1
C0401,Shikonin,ARNTL,O00327,1
C0401,Shikonin,BAX,Q07812,1
C0401,Shikonin,CASP1,P29466,1
C0401,Shikonin,CES2,O00748,1
C0401,Shikonin,EGFR,P00533,1
C0401,Shikonin,HIF1A,Q16665,1
C0401,Shikonin,HSPA4,P34932,1
C0401,Shikonin,LY96,Q9Y6Y9,1
C0401,Shikonin,MAPK1,P28482,1
C0401,Shikonin,MAPK3,P27361,1
C0401,Shikonin,PIGK,Q92643,1
C0401,Shikonin,PKM,P14618,6
C0401,Shikonin,SERPINE1,P05121,1
C0401,Shikonin,TXNRD1,Q16881,2
C0402,Shogaol,BAX,Q07812,1
C0402,Shogaol,BCL2,P10415,1
C0402,Shogaol,BCL2L1,Q07817,1
C0402,Shogaol,DDIT3,P35638,1
C0402,Shogaol,EIF2S1,P05198,1
C0402,Shogaol,FASLG,P48023,1
C0402,Shogaol,FASN,P49327,1
C0402,Shogaol,PDE4D,Q08499,1
C0402,Shogaol,PIK3C3,Q8NEB9,1
C0402,Shogaol,PPARG,P37231,1
C0403,Silibinin,AKT1,P31749,1
C0403,Silibinin,CXCR4,P61073,2
C0403,Silibinin,DNMT1,P26358,1
C0403,Silibinin,EGFR,P00533,1
C0403,Silibinin,ESR2,Q92731,2
C0403,Silibinin,FAS,P25445,1
C0403,Silibinin,HDAC2,Q92769,1
C0403,Silibinin,HSP90AA1,P07900,1
C0403,Silibinin,INSIG1,O15503,1
C0403,Silibinin,LRP6,O75581,1
C0403,Silibinin,NOS2,P35228,2
C0403,Silibinin,OGT,O15294,1
C0403,Silibinin,PIGK,Q92643,1
C0403,Silibinin,PPARA,Q07869,1
C0403,Silibinin,PPARGC1A,Q9UBK2,1
C0403,Silibinin,PTGS2,P35354,1
C0403,Silibinin,SIRT1,Q96EB6,1
C0403,Silibinin,SREBF1,P36956,1
C0403,Silibinin,STAT3,P40763,2
C0403,Silibinin,TP53,P04637,1
C0404,SilybinB,ABCB5,Q2M3G0,1
C0404,SilybinB,APAF1,O14727,1
C0404,SilybinB,BAX,Q07812,1
C0404,SilybinB,BCL2,P10415,1
C0404,SilybinB,BCL2L1,Q07817,1
C0404,SilybinB,BIRC5,O15392,1
C0404,SilybinB,CASP3,P42574,1
C0404,SilybinB,CAT,P04040,1
C0404,SilybinB,CCNA2,P20248,1
C0404,SilybinB,CCNB1,P14635,1
C0404,SilybinB,CCND1,P24385,1
C0404,SilybinB,CDK1,P06493,1
C0404,SilybinB,CXCL8,P10145,1
C0404,SilybinB,CYP3A4,P08684,1
C0404,SilybinB,ESR2,Q92731,1
C0404,SilybinB,GPT,P24298,1
C0404,SilybinB,ICAM1,P05362,1
C0404,SilybinB,IGHE,P01854,1
C0404,SilybinB,IL1B,P01584,1
C0404,SilybinB,IL2,P60568,1
C0404,SilybinB,IL4,P05112,1
C0404,SilybinB,MAPK8,P45983,1
C0404,SilybinB,MPO,P05164,1
C0404,SilybinB,PCDHAC2,Q9Y5I4,1
C0404,SilybinB,PTGS2,P35354,1
C0404,SilybinB,RELA,Q04206,1
C0404,SilybinB,SELE,P16581,1
C0404,SilybinB,SIRT1,Q96EB6,1
C0404,SilybinB,SLC17A5,Q9NRA2,1
C0404,SilybinB,SOD1,P00441,1
C0404,SilybinB,TNF,P01375,1
C0404,SilybinB,VEGFA,P15692,1
C0405,Silychristin,SLC16A2,P36021,1
C0406,Simvastatin,ACE,P12821,1
C0406,Simvastatin,ADIPOQ,Q15848,1
C0406,Simvastatin,AKT1,P31749,2
C0406,Simvastatin,APOM,O95445,1
C0406,Simvastatin,BCL11A,Q9H165,1
C0406,Simvastatin,BMP2,P12643,1
C0406,Simvastatin,CAT,P04040,1
C0406,Simvastatin,CCL2,P13500,2
C0406,Simvastatin,CCL3L1;CCL3L3,P16619,1
C0406,Simvastatin,CCN2,P29279,2
C0406,Simvastatin,CCR3,P51677,1
C0406,Simvastatin,CDH1,P12830,1
C0406,Simvastatin,CEBPD,P49716,1
C0406,Simvastatin,CS,O75390,1
C0406,Simvastatin,CXCL13,O43927,1
C0406,Simvastatin,CXCL8,P10145,1
C0406,Simvastatin,CYBB,P04839,1
C0406,Simvastatin,EDN1,P05305,1
C0406,Simvastatin,ESM1,Q9NQ30,1
C0406,Simvastatin,ESR1,P03372,2
C0406,Simvastatin,ETS1,P14921,1
C0406,Simvastatin,GRIN1,Q05586,1
C0406,Simvastatin,HMGB1,P09429,3
C0406,Simvastatin,HMGCR,P04035,26
C0406,Simvastatin,HMOX1,P09601,1
C0406,Simvastatin,HSP90AA1,P07900,2
C0406,Simvastatin,IL17A,Q16552,2
C0406,Simvastatin,IL1B,P01584,1
C0406,Simvastatin,IL6,P05231,1
C0406,Simvastatin,JAK2,O60674,1
C0406,Simvastatin,KLF1,Q13351,2
C0406,Simvastatin,KRT6A,P02538,1
C0406,Simvastatin,MAPK1,P28482,3
C0406,Simvastatin,MAPK3,P27361,1
C0406,Simvastatin,MIR192,nan,1
C0406,Simvastatin,MKI67,P46013,1
C0406,Simvastatin,MMP9,P14780,1
C0406,Simvastatin,MUC5AC,P98088,1
C0406,Simvastatin,NAMPT,P43490,1
C0406,Simvastatin,NFE2L2,Q16236,1
C0406,Simvastatin,NLRP3,Q96P20,2
C0406,Simvastatin,NOS1,P29475,1
C0406,Simvastatin,NOS3,P29474,3
C0406,Simvastatin,NPHS1,O60500,2
C0406,Simvastatin,NPHS2,Q9NP85,1
C0406,Simvastatin,NR1I2,O75469,1
C0406,Simvastatin,OLR1,P78380,1
C0406,Simvastatin,PIGK,Q92643,1
C0406,Simvastatin,PLAUR,Q03405,1
C0406,Simvastatin,PON1,P27169,1
C0406,Simvastatin,PPM1A,P35813,1
C0406,Simvastatin,PRKAA1,Q13131,1
C0406,Simvastatin,PTPA,Q15257,1
C0406,Simvastatin,RHOB,P62745,1
C0406,Simvastatin,SERPINE1,P05121,1
C0406,Simvastatin,SLC6A4,P31645,1
C0406,Simvastatin,SMAD2,Q15796,2
C0406,Simvastatin,SMAD3,P84022,2
C0406,Simvastatin,SREBF2,Q12772,1
C0406,Simvastatin,STAT5A,P42229,1
C0406,Simvastatin,STAT5B,P51692,1
C0406,Simvastatin,TGFB1,P01137,1
C0406,Simvastatin,TGFBR2,P37173,1
C0406,Simvastatin,TLR4,O00206,3
C0406,Simvastatin,TNF,P01375,5
C0406,Simvastatin,TNNI3,P19429,1
C0406,Simvastatin,VASP,P50552,1
C0406,Simvastatin,VCAM1,P19320,1
C0406,Simvastatin,VEGFA,P15692,3
C0406,Simvastatin,YAP1,P46937,1
C0407,Sinapinate,CHAT,P28329,1
C0408,Sinensetin,CYP1A2,P05177,1
C0409,S-Nitrosoglutathione,ADH5,P11766,1
C0409,S-Nitrosoglutathione,CFTR,P13569,1
C0409,S-Nitrosoglutathione,MAT2B,Q9NZL9,1
C0409,S-Nitrosoglutathione,NOS1,P29475,1
C0409,S-Nitrosoglutathione,TJP1,Q07157,1
C0410,SodiumBenzoate,DAO,P14920,5
C0410,SodiumBenzoate,GADD45A,P24522,1
C0410,SodiumBenzoate,MAPK8,P45983,1
C0410,SodiumBenzoate,NFKB1,P19838,1
C0410,SodiumBenzoate,PDE4A,P27815,1
C0411,Somatostatin,CHGA,P10645,1
C0411,Somatostatin,GAST,P01350,1
C0411,Somatostatin,GH1,P01241,1
C0411,Somatostatin,MME,P08473,1
C0411,Somatostatin,PLAGL1,Q9UM63,1
C0411,Somatostatin,PRL,P01236,1
C0411,Somatostatin,SLC9A8,Q9Y2E8,2
C0411,Somatostatin,VEGFA,P15692,1
C0412,Spermidine,ARG1,P05089,1
C0412,Spermidine,CD80,P33681,1
C0412,Spermidine,IL12B,P29460,1
C0412,Spermidine,IL1B,P01584,1
C0412,Spermidine,MTOR,P42345,1
C0412,Spermidine,NR3C1,P04150,1
C0412,Spermidine,PTPN2,P17706,1
C0412,Spermidine,SOD1,P00441,1
C0413,Spermine,CASR,P41180,2
C0413,Spermine,CXADR,P78310,2
C0413,Spermine,G6PD,P11413,1
C0413,Spermine,ITGAL,P20701,1
C0413,Spermine,MCU,Q8NE86,2
C0413,Spermine,PRKAA1,Q13131,1
C0413,Spermine,SLC22A4,Q9H015,1
C0413,Spermine,SMO,Q99835,1
C0413,Spermine,SRC,P12931,1
C0414,Sphingosine,ADRA2B,P18089,1
C0414,Sphingosine,GPR3,P46089,1
C0414,Sphingosine,GSN,P06396,1
C0414,Sphingosine,PRRT2,Q7Z6L0,1
C0414,Sphingosine,PTPA,Q15257,1
C0414,Sphingosine,S1PR1,P21453,1
C0414,Sphingosine,SKI,P12755,2
C0414,Sphingosine,SPHK1,Q9NYA1,2
C0415,Stanolone,ABCG2,Q9UNQ0,1
C0415,Stanolone,AR,P10275,13
C0415,Stanolone,BCL2,P10415,1
C0415,Stanolone,Bcl2l1,Q64373,1
C0415,Stanolone,CASP3,P42574,2
C0415,Stanolone,CASP9,P55211,1
C0415,Stanolone,CREB1,P16220,1
C0415,Stanolone,DHCR24,Q15392,1
C0415,Stanolone,EGR2,P11161,1
C0415,Stanolone,HSD3B1,P14060,1
C0415,Stanolone,MTOR,P42345,1
C0415,Stanolone,NCOA1,Q15788,1
C0415,Stanolone,NR4A1,P22736,1
C0415,Stanolone,PLAT,P00750,1
C0415,Stanolone,PPARG,P37231,1
C0415,Stanolone,RUNX2,Q13950,1
C0415,Stanolone,TGFB1,P01137,1
C0415,Stanolone,TLR4,O00206,1
C0416,StearicAcid,ABCB1,P08183,1
C0416,StearicAcid,CDK1,P06493,1
C0416,StearicAcid,CPT1B,Q92523,1
C0416,StearicAcid,ENPP7,Q6UWV6,1
C0416,StearicAcid,HDAC6,Q9UBN7,1
C0416,StearicAcid,MAPK1,P28482,1
C0416,StearicAcid,PTPN1,P18031,2
C0417,Stepholidine,DRD1,P21728,1
C0418,Strychnine,ABCB1,P08183,1
C0419,Styrene,BAX,Q07812,1
C0419,Styrene,BCL2L1,Q07817,1
C0419,Styrene,CYP1A2,P05177,1
C0419,Styrene,CYP2E1,P05181,1
C0419,Styrene,CYP3A4,P08684,1
C0419,Styrene,IGHE,P01854,1
C0419,Styrene,IL13,P35225,1
C0419,Styrene,IL4,P05112,2
C0419,Styrene,IL5,P05113,1
C0419,Styrene,MT2A,P02795,1
C0419,Styrene,MYC,P01106,1
C0419,Styrene,PRL,P01236,1
C0419,Styrene,TGFB2,P61812,1
C0419,Styrene,TGFB3,P10600,1
C0420,SuccinicAcid,CASP3,P42574,1
C0421,Sulforaphane,AGER,Q15109,1
C0421,Sulforaphane,AHR,P35869,1
C0421,Sulforaphane,ALDH1A1,P00352,1
C0421,Sulforaphane,AQP3,Q92482,1
C0421,Sulforaphane,CCL2,P13500,1
C0421,Sulforaphane,CTNNB1,P35222,1
C0421,Sulforaphane,GCLC,P48506,1
C0421,Sulforaphane,HDAC9,Q9UKV0,2
C0421,Sulforaphane,ICAM1,P05362,1
C0421,Sulforaphane,KEAP1,Q14145,1
C0421,Sulforaphane,LIPE,Q05469,1
C0421,Sulforaphane,MERTK,Q12866,1
C0421,Sulforaphane,MIR135B,nan,1
C0421,Sulforaphane,MIR140,nan,1
C0421,Sulforaphane,NFE2L2,Q16236,18
C0421,Sulforaphane,NFKB1,P19838,2
C0421,Sulforaphane,PDLIM1,O00151,1
C0421,Sulforaphane,RASAL2,Q9UJF2,1
C0421,Sulforaphane,SERTAD1,Q9UHV2,1
C0421,Sulforaphane,SLC2A3,P11169,1
C0421,Sulforaphane,STAT5A,P42229,2
C0421,Sulforaphane,STAT5B,P51692,2
C0421,Sulforaphane,STING1,Q86WV6,1
C0421,Sulforaphane,TLR4,O00206,2
C0421,Sulforaphane,TXNRD1,Q16881,1
C0421,Sulforaphane,VCAM1,P19320,1
C0422,Sulfuretin,NFE2L2,Q16236,1
C0423,Syringin,HSPA4,P34932,1
C0423,Syringin,TRAF6,Q9Y4K3,1
C0424,Tamsulosin,ADRA1A,P35348,7
C0424,Tamsulosin,ADRA1D,P25100,1
C0425,Tangeretin,CDK2,P24941,1
C0425,Tangeretin,CDK4,P11802,1
C0425,Tangeretin,CDKN1A,P38936,1
C0425,Tangeretin,CDKN1B,P46527,1
C0425,Tangeretin,CYP1A1,P04798,1
C0425,Tangeretin,HMOX1,P09601,1
C0425,Tangeretin,HSPA5,P11021,1
C0425,Tangeretin,MME,P08473,1
C0426,TannicAcid,ANO1,Q5XXA6,2
C0426,TannicAcid,CCND1,P24385,1
C0426,TannicAcid,FASN,P49327,1
C0426,TannicAcid,GAA,P10253,1
C0426,TannicAcid,GZMB,P10144,1
C0426,TannicAcid,HPGDS,O60760,1
C0426,TannicAcid,KLF2,Q9Y5W3,1
C0426,TannicAcid,NOS2,P35228,1
C0426,TannicAcid,PARG,Q86W56,1
C0426,TannicAcid,PKM,P14618,1
C0426,TannicAcid,PTGS2,P35354,1
C0426,TannicAcid,TAS2R5,Q9NYW4,1
C0427,TanshinoneI,CYP1A2,P05177,1
C0427,TanshinoneI,CYP2C8,P10632,1
C0427,TanshinoneI,CYP2C9,P11712,1
C0427,TanshinoneI,CYP2E1,P05181,1
C0427,TanshinoneI,CYP3A4,P08684,1
C0427,TanshinoneI,ICAM1,P05362,1
C0427,TanshinoneI,NFKB1,P19838,1
C0427,TanshinoneI,SYK,P43405,1
C0427,TanshinoneI,VCAM1,P19320,1
C0427,TanshinoneI,VEGFA,P15692,1
C0428,TanshinoneIia,AKT1,P31749,1
C0428,TanshinoneIia,AQP1,P29972,1
C0428,TanshinoneIia,AQP3,Q92482,1
C0428,TanshinoneIia,AQP8,O94778,1
C0428,TanshinoneIia,AQP9,O43315,1
C0428,TanshinoneIia,BAX,Q07812,1
C0428,TanshinoneIia,BCL2,P10415,2
C0428,TanshinoneIia,BMP2,P12643,1
C0428,TanshinoneIia,CALCR,P30988,1
C0428,TanshinoneIia,CASP3,P42574,1
C0428,TanshinoneIia,CDKN1A,P38936,1
C0428,TanshinoneIia,CYP1A2,P05177,1
C0428,TanshinoneIia,CYP3A4,P08684,1
C0428,TanshinoneIia,ECE1,P42892,1
C0428,TanshinoneIia,EDN1,P05305,1
C0428,TanshinoneIia,EDNRA,P25101,1
C0428,TanshinoneIia,FASN,P49327,1
C0428,TanshinoneIia,FOS,P01100,1
C0428,TanshinoneIia,ITGB3,P05106,1
C0428,TanshinoneIia,JUN,P05412,1
C0428,TanshinoneIia,MAPK1,P28482,1
C0428,TanshinoneIia,MAPK11,Q15759,1
C0428,TanshinoneIia,MAPK14,Q16539,1
C0428,TanshinoneIia,MAPK8,P45983,2
C0428,TanshinoneIia,MMP9,P14780,1
C0428,TanshinoneIia,MYC,P01106,1
C0428,TanshinoneIia,NFE2L2,Q16236,1
C0428,TanshinoneIia,NFKBIA,P25963,1
C0428,TanshinoneIia,NOS3,P29474,1
C0428,TanshinoneIia,NPM1,P06748,1
C0428,TanshinoneIia,NR1I2,O75469,1
C0428,TanshinoneIia,PTEN,P60484,1
C0428,TanshinoneIia,RELA,Q04206,1
C0428,TanshinoneIia,SKP2,Q13309,1
C0428,TanshinoneIia,SRC,P12931,1
C0428,TanshinoneIia,TLR4,O00206,1
C0428,TanshinoneIia,TNF,P01375,1
C0428,TanshinoneIia,TP53,P04637,1
C0429,Tartrate,UGCG,Q16739,3
C0430,Taurine,ACHE,P22303,1
C0430,Taurine,ADIPOQ,Q15848,1
C0430,Taurine,AKT1,P31749,1
C0430,Taurine,CASP3,P42574,1
C0430,Taurine,CDK5,Q00535,1
C0430,Taurine,CYP7A1,P22680,1
C0430,Taurine,FOS,P01100,1
C0430,Taurine,GPX1,P07203,1
C0430,Taurine,INSR,P06213,1
C0430,Taurine,MAPK1,P28482,1
C0430,Taurine,NR1H3,Q13133,1
C0430,Taurine,PTEN,P60484,1
C0430,Taurine,SOD1,P00441,1
C0430,Taurine,STAR,P49675,1
C0430,Taurine,STAT3,P40763,1
C0430,Taurine,TNF,P01375,1
C0431,Taurocholate,ABCB11,O95342,1
C0431,Taurocholate,AKT1,P31749,1
C0431,Taurocholate,SLCO2B1,O94956,1
C0432,TaurolithocholicAcid,GPBAR1,Q8TDU6,1
C0433,Taxifolin,ACE,P12821,1
C0433,Taxifolin,AHR,P35869,2
C0433,Taxifolin,Akr1c9,P23457,1
C0433,Taxifolin,CYP1A1,P04798,2
C0433,Taxifolin,GPR35,Q9HC97,1
C0433,Taxifolin,IARS1,P41252,1
C0433,Taxifolin,SRD5A1,P18405,1
C0433,Taxifolin,TOP2A,P11388,1
C0434,Terbutaline,ADRB2,P07550,28
C0434,Terbutaline,IL1B,P01584,1
C0434,Terbutaline,TNF,P01375,1
C0435,TerephthalicAcid,ABCG2,Q9UNQ0,1
C0435,TerephthalicAcid,AKT1,P31749,2
C0435,TerephthalicAcid,MAP2K1,Q02750,1
C0435,TerephthalicAcid,MAP2K2,P36507,1
C0435,TerephthalicAcid,MAPK1,P28482,1
C0435,TerephthalicAcid,PRRT2,Q7Z6L0,2
C0435,TerephthalicAcid,PTGS2,P35354,1
C0436,Testosterone,ACE,P12821,1
C0436,Testosterone,AKT1,P31749,3
C0436,Testosterone,AR,P10275,2
C0436,Testosterone,BGLAP,P02818,1
C0436,Testosterone,CXCL8,P10145,1
C0436,Testosterone,CYP19A1,P11511,1
C0436,Testosterone,CYP1A1,P04798,1
C0436,Testosterone,CYP1A2,P05177,1
C0436,Testosterone,CYP27A1,Q02318,1
C0436,Testosterone,DAGLA,Q9Y4D2,1
C0436,Testosterone,DDIT4,Q9NX09,1
C0436,Testosterone,ESR1,P03372,2
C0436,Testosterone,ESR2,Q92731,1
C0436,Testosterone,FSHR,P23945,1
C0436,Testosterone,GDE1,Q9NZC3,1
C0436,Testosterone,GHRL,Q9UBU3,1
C0436,Testosterone,GHSR,Q92847,1
C0436,Testosterone,GJA1,P17302,1
C0436,Testosterone,GPX5,O75715,1
C0436,Testosterone,HSD3B1,P14060,1
C0436,Testosterone,HSD3B2,P26439,1
C0436,Testosterone,IL1B,P01584,1
C0436,Testosterone,IL6,P05231,2
C0436,Testosterone,INS,P01308,1
C0436,Testosterone,INSR,P06213,1
C0436,Testosterone,IRS1,P35568,1
C0436,Testosterone,LIPE,Q05469,1
C0436,Testosterone,MAPK1,P28482,3
C0436,Testosterone,MAPK3,P27361,2
C0436,Testosterone,MAPK8,P45983,1
C0436,Testosterone,MMP2,P08253,1
C0436,Testosterone,MT-ND1,P03886,1
C0436,Testosterone,MT-ND4,P03905,1
C0436,Testosterone,MTOR,P42345,1
C0436,Testosterone,NFKB1,P19838,1
C0436,Testosterone,NPVF,Q9HCQ7,1
C0436,Testosterone,NUCB2,P80303,1
C0436,Testosterone,OLR1,P78380,1
C0436,Testosterone,OXER1,Q8TDS5,1
C0436,Testosterone,PDCD4,Q53EL6,1
C0436,Testosterone,PDE5A,O76074,1
C0436,Testosterone,REN,P00797,1
C0436,Testosterone,SERPINF2,P08697,1
C0436,Testosterone,SHBG,P04278,3
C0436,Testosterone,SHC1,P29353,2
C0436,Testosterone,STARD6,P59095,1
C0436,Testosterone,TNF,P01375,1
C0436,Testosterone,TP53,P04637,1
C0436,Testosterone,TRPM8,Q7Z2W7,1
C0436,Testosterone,VDR,P11473,1
C0437,TetraethylammoniumChloride,NPPB,P16860,1
C0438,Tetrahydrocurcumin,LMTK3,Q96Q04,1
C0439,Tetrahydropalmatine,ABCB1,P08183,1
C0440,Tetrodotoxin,BDKRB2,P30411,1
C0440,Tetrodotoxin,SCN5A,Q14524,1
C0440,Tetrodotoxin,TRPA1,O75762,1
C0440,Tetrodotoxin,TRPM8,Q7Z2W7,1
C0440,Tetrodotoxin,TRPV2,Q9Y5S1,1
C0441,Thebaine,OPRD1,P41143,1
C0442,Theobromine,PARP1,P09874,1
C0442,Theobromine,PPARG,P37231,1
C0443,Theophylline,ALDH7A1,P49419,1
C0443,Theophylline,Alpl,P09242,1
C0443,Theophylline,B2M,P61769,1
C0443,Theophylline,BCL2,P10415,1
C0443,Theophylline,CYP1A2,P05177,1
C0443,Theophylline,HDAC9,Q9UKV0,1
C0443,Theophylline,HMGCR,P04035,1
C0443,Theophylline,ICAM1,P05362,1
C0443,Theophylline,IL6,P05231,1
C0443,Theophylline,ITGB2,P05107,1
C0443,Theophylline,MME,P08473,1
C0443,Theophylline,MPO,P05164,1
C0443,Theophylline,PARP1,P09874,1
C0443,Theophylline,PIK3CA,P42336,1
C0443,Theophylline,PIK3CD,O00329,1
C0443,Theophylline,PRKDC,P78527,1
C0443,Theophylline,REN,P00797,1
C0443,Theophylline,RNASE3,P12724,1
C0443,Theophylline,SELL,P14151,1
C0443,Theophylline,TH,P07101,1
C0443,Theophylline,TINCR,nan,1
C0444,Thiamine,ACHE,P22303,1
C0444,Thiamine,MMP2,P08253,1
C0444,Thiamine,SLC19A3,Q9BZV2,1
C0444,Thiamine,TKT,P29401,1
C0445,Thiazole,GSK3B,P49841,1
C0445,Thiazole,MPL,P40238,1
C0445,Thiazole,MYC,P01106,1
C0445,Thiazole,PDE4A,P27815,1
C0445,Thiazole,SLC5A2,P31639,1
C0446,Thiram,NAT1,P18440,1
C0447,Thymol,BAX,Q07812,1
C0447,Thymol,ELANE,P08246,1
C0448,Tilianine,BAX,Q07812,1
C0448,Tilianine,BCL2,P10415,1
C0449,Tiliroside,MFSD4B,Q5TF39,1
C0449,Tiliroside,SLC2A2,P11168,1
C0450,Toluene,BDNF,P23560,1
C0450,Toluene,CAMK4,Q16566,1
C0450,Toluene,CCL3,P10147,1
C0450,Toluene,CREB1,P16220,1
C0450,Toluene,CYP2E1,P05181,1
C0450,Toluene,GFAP,P14136,1
C0450,Toluene,MAP2,P11137,1
C0450,Toluene,SRD5A2,P31213,1
C0451,Topiramate,CA7,P43166,1
C0451,Topiramate,FOS,P01100,1
C0451,Topiramate,PRL,P01236,1
C0452,TranexamicAcid,FGB,P02675,1
C0452,TranexamicAcid,PLG,P00747,2
C0452,TranexamicAcid,POMC,P01189,1
C0453,Trans-Asarone,TJP1,Q07157,1
C0454,Trans-N-Caffeoyltyramine,PTGS1,P23219,1
C0454,Trans-N-Caffeoyltyramine,PTGS2,P35354,1
C0455,Trans-Phytol,PPARA,Q07869,1
C0456,Tretinoin,ABCB1,P08183,1
C0456,Tretinoin,ABCG2,Q9UNQ0,1
C0456,Tretinoin,ADAM10,O14672,1
C0456,Tretinoin,AFP,P02771,2
C0456,Tretinoin,AKT1,P31749,1
C0456,Tretinoin,ALDH1A1,P00352,1
C0456,Tretinoin,ANXA1,P04083,1
C0456,Tretinoin,APLN,Q9ULZ1,1
C0456,Tretinoin,APOE,P02649,1
C0456,Tretinoin,BHLHE40,O14503,1
C0456,Tretinoin,BIRC3,Q13489,1
C0456,Tretinoin,CASP8,Q14790,1
C0456,Tretinoin,CCND1,P24385,2
C0456,Tretinoin,CD1D,P15813,1
C0456,Tretinoin,CD44,P16070,1
C0456,Tretinoin,CDK4,P11802,2
C0456,Tretinoin,CDX2,Q99626,1
C0456,Tretinoin,CEBPB,P17676,1
C0456,Tretinoin,COL9A1,P20849,1
C0456,Tretinoin,CSF2,P04141,1
C0456,Tretinoin,CYP26A1,O43174,1
C0456,Tretinoin,CYP2D6,P10635,1
C0456,Tretinoin,DCK,P27707,1
C0456,Tretinoin,DDIT3,P35638;P0DPQ6,1
C0456,Tretinoin,EIF2S1,P05198,1
C0456,Tretinoin,FGF21,Q9NSA1,1
C0456,Tretinoin,FNDC5,Q8NAU1,1
C0456,Tretinoin,FOLR2,P14207,1
C0456,Tretinoin,FOXP3,Q9BZS1,1
C0456,Tretinoin,GATA2,P23769,1
C0456,Tretinoin,GDF2,Q9UK05,2
C0456,Tretinoin,HIF1A,Q16665,2
C0456,Tretinoin,HOXB13,Q92826,1
C0456,Tretinoin,IFI27,P40305,1
C0456,Tretinoin,IFNG,P01579,1
C0456,Tretinoin,IL16,Q14005,1
C0456,Tretinoin,IL17A,Q16552,2
C0456,Tretinoin,IL4,P05112,1
C0456,Tretinoin,IL6,P05231,1
C0456,Tretinoin,IREB2,P48200,1
C0456,Tretinoin,ITGAM,P11215,1
C0456,Tretinoin,MAPK8,P45983,1
C0456,Tretinoin,MKI67,P46013,1
C0456,Tretinoin,MMP2,P08253,1
C0456,Tretinoin,MMP9,P14780,1
C0456,Tretinoin,MYC,P01106,1
C0456,Tretinoin,NAE1,Q13564,1
C0456,Tretinoin,NCF2,P19878,1
C0456,Tretinoin,NFE2L2,Q16236,1
C0456,Tretinoin,NOS2,P35228,1
C0456,Tretinoin,NOTCH2,Q04721,1
C0456,Tretinoin,PCGF1,Q9BSM1,1
C0456,Tretinoin,PCNA,P12004,1
C0456,Tretinoin,PHB,P35232,1
C0456,Tretinoin,PIGK,Q92643,1
C0456,Tretinoin,PIN1,Q13526,2
C0456,Tretinoin,PRDX6,P30041,1
C0456,Tretinoin,PRKCA,P17252,1
C0456,Tretinoin,PRKCD,Q05655,1
C0456,Tretinoin,PTGES,O14684,1
C0456,Tretinoin,PTK2,Q05397,1
C0456,Tretinoin,RARA,P10276,5
C0456,Tretinoin,RARB,P10826,3
C0456,Tretinoin,RARG,P13631,1
C0456,Tretinoin,S100A10,P60903,1
C0456,Tretinoin,SLC26A3,P40879,2
C0456,Tretinoin,SOX2,P48431,2
C0456,Tretinoin,TGFB1,P01137,1
C0456,Tretinoin,TNF,P01375,1
C0456,Tretinoin,TNFAIP3,P21580,1
C0456,Tretinoin,TNFRSF10A,O00220,2
C0456,Tretinoin,TNFRSF10B,O14763,1
C0456,Tretinoin,TNFSF10,P50591,1
C0456,Tretinoin,VAV1,P15498,1
C0456,Tretinoin,VEGFA,P15692,1
C0457,Tricin,PTGS1,P23219,1
C0457,Tricin,PTGS2,P35354,1
C0457,Tricin,SULT1E1,P49888,1
C0457,Tricin,TYR,P14679,1
C0458,Triclosan,ACOX1,Q15067,1
C0458,Triclosan,FASN,P49327,1
C0458,Triclosan,HSD11B2,P80365,1
C0459,Trigonelline,MMP7,P09237,1
C0459,Trigonelline,NFE2L2,Q16236,3
C0459,Trigonelline,PPARG,P37231,1
C0460,Trioxsalen,AKT1,P31749,1
C0460,Trioxsalen,BAX,Q07812,1
C0460,Trioxsalen,BCL2,P10415,1
C0460,Trioxsalen,PTGS2,P35354,1
C0461,Triptolide,ADAM10,O14672,1
C0461,Triptolide,BCL2,P10415,1
C0461,Triptolide,BIRC3,Q13489,1
C0461,Triptolide,C3,P01024,1
C0461,Triptolide,CASP3,P42574,2
C0461,Triptolide,CCNA1,P78396,1
C0461,Triptolide,CCND1,P24385,1
C0461,Triptolide,CCR7,P32248,1
C0461,Triptolide,CD14,P08571,1
C0461,Triptolide,CD1A,P06126,1
C0461,Triptolide,CD274,Q9NZQ7,2
C0461,Triptolide,CD40,P25942,2
C0461,Triptolide,CD80,P33681,1
C0461,Triptolide,CD86,P42081,1
C0461,Triptolide,CDH1,P12830,1
C0461,Triptolide,CDK4,P11802,1
C0461,Triptolide,CDKN1A,P38936,1
C0461,Triptolide,CHEK1,O14757,1
C0461,Triptolide,CXCL8,P10145,1
C0461,Triptolide,CXCR4,P61073,1
C0461,Triptolide,CYP1A2,P05177,2
C0461,Triptolide,CYP3A4,P08684,1
C0461,Triptolide,DEFB4A;DEFB4B,O15263,1
C0461,Triptolide,DUSP1,P28562,1
C0461,Triptolide,ERCC3,P19447,1
C0461,Triptolide,FOS,P01100,1
C0461,Triptolide,FOXP3,Q9BZS1,1
C0461,Triptolide,HSP90AA1,P07900,1
C0461,Triptolide,HSPA1A;HSPA1B,P0DMV8;P0DMV9,1
C0461,Triptolide,HSPA4,P34932,2
C0461,Triptolide,IFNG,P01579,2
C0461,Triptolide,IL17A,Q16552,1
C0461,Triptolide,IL2,P60568,1
C0461,Triptolide,IL23A,Q9NPF7,1
C0461,Triptolide,IL4,P05112,1
C0461,Triptolide,JUN,P05412,1
C0461,Triptolide,MAPK1,P28482,2
C0461,Triptolide,MAPK14,Q16539,1
C0461,Triptolide,MAPK3,P27361,2
C0461,Triptolide,MAPK8,P45983,2
C0461,Triptolide,MCL1,Q07820,1
C0461,Triptolide,MIR224,nan,1
C0461,Triptolide,MMP2,P08253,2
C0461,Triptolide,MMP9,P14780,1
C0461,Triptolide,NFKB1,P19838,4
C0461,Triptolide,PCNA,P12004,1
C0461,Triptolide,PIGK,Q92643,1
C0461,Triptolide,PKB_RS07820,nan,1
C0461,Triptolide,PLAU,P00749,1
C0461,Triptolide,PTGS2,P35354,1
C0461,Triptolide,PTK2,Q05397,1
C0461,Triptolide,RELA,Q04206,1
C0461,Triptolide,ROCK1,Q13464,1
C0461,Triptolide,STAT1,P42224,1
C0461,Triptolide,STAT3,P40763,1
C0461,Triptolide,SYP,P08247,1
C0461,Triptolide,TGFB1,P01137,1
C0461,Triptolide,THBS1,P07996,1
C0461,Triptolide,TLR4,O00206,2
C0461,Triptolide,TNF,P01375,1
C0461,Triptolide,TNFRSF10B,O14763,1
C0461,Triptolide,TP53,P04637,2
C0461,Triptolide,VEGFA,P15692,1
C0461,Triptolide,VIM,P08670,1
C0461,Triptolide,XIAP,P98170,1
C0462,Tromethamine,CD274,Q9NZQ7,1
C0462,Tromethamine,ESR2,Q92731,1
C0462,Tromethamine,ITGB1,P05556,1
C0462,Tromethamine,NFE2L2,Q16236,1
C0462,Tromethamine,SMAD7,O15105,1
C0463,Tryptamine,AHR,P35869,1
C0463,Tryptamine,CYP2A6,P11509,1
C0463,Tryptamine,WARS2,Q9UGM6,1
C0464,Tryptanthrin,ABCB1,P08183,1
C0464,Tryptanthrin,ABCC2,Q92887,1
C0464,Tryptanthrin,APLN,Q9ULZ1,1
C0464,Tryptanthrin,BAX,Q07812,1
C0464,Tryptanthrin,CASP3,P42574,1
C0464,Tryptanthrin,CTNNB1,P35222,1
C0464,Tryptanthrin,HGF,P14210,1
C0464,Tryptanthrin,MAPK1,P28482,2
C0464,Tryptanthrin,MAPK3,P27361,2
C0465,Tubocurarine,CHRNA4,P43681,1
C0466,Tyramine,TAAR1,Q96RJ0,1
C0467,Tyrosol,MTOR,P42345,1
C0467,Tyrosol,NFKBIA,P25963,1
C0467,Tyrosol,PRKAA1,Q13131,1
C0469,Ubidecarenone,BAX,Q07812,1
C0469,Ubidecarenone,HMGCR,P04035,1
C0469,Ubidecarenone,MMP2,P08253,1
C0470,Urea,CXCR4,P61073,1
C0470,Urea,EPHX2,P34913,1
C0470,Urea,LYZ,P61626,1
C0470,Urea,STAT3,P40763,1
C0471,Uridine,TLR8,Q9NR97,1
C0471,Uridine,TP53,P04637,1
C0472,UridineDiphosphateGlucose,P2RY1,P47900,1
C0472,UridineDiphosphateGlucose,P2RY4,P51582,1
C0473,UridineTriphosphate,BMP2,P12643,1
C0473,UridineTriphosphate,BMP4,P12644,1
C0473,UridineTriphosphate,BMP5,P22003,1
C0473,UridineTriphosphate,CDH2,P19022,1
C0473,UridineTriphosphate,ICAM1,P05362,1
C0473,UridineTriphosphate,IRF9,Q00978,1
C0473,UridineTriphosphate,MIR22,nan,1
C0473,UridineTriphosphate,MMP2,P08253,1
C0473,UridineTriphosphate,NOS2,P35228,1
C0473,UridineTriphosphate,P2RY1,P47900,1
C0473,UridineTriphosphate,P2RY2,P41231,8
C0473,UridineTriphosphate,P2RY4,P51582,1
C0473,UridineTriphosphate,PTGS2,P35354,1
C0473,UridineTriphosphate,RAC1,P63000,1
C0474,UrsocholanicAcid,GPBAR1,Q8TDU6,1
C0475,Ursodiol,ABCB11,O95342,1
C0475,Ursodiol,ABCC2,Q92887,1
C0475,Ursodiol,ABCG2,Q9UNQ0,1
C0475,Ursodiol,CASP3,P42574,1
C0475,Ursodiol,CASP7,P55210,1
C0475,Ursodiol,CASP8,Q14790,1
C0475,Ursodiol,CASP9,P55211,1
C0475,Ursodiol,CYP7A1,P22680,1
C0475,Ursodiol,DDAH1,O94760,1
C0475,Ursodiol,DLC1,Q96QB1,1
C0475,Ursodiol,GPBAR1,Q8TDU6,1
C0475,Ursodiol,GPX1,P07203,1
C0475,Ursodiol,MAFG,O15525,1
C0475,Ursodiol,NFE2L2,Q16236,2
C0475,Ursodiol,NR1H4,Q96RI1,3
C0475,Ursodiol,SCP2,P22307,1
C0476,UrsolicAcid,ABAT,P80404,1
C0476,UrsolicAcid,ABCB1,P08183,1
C0476,UrsolicAcid,ACHE,P22303,1
C0476,UrsolicAcid,AKT1,P31749,1
C0476,UrsolicAcid,AMY1A,P0DUB6,1
C0476,UrsolicAcid,ATF2,P15336,1
C0476,UrsolicAcid,ATP1A1,P05023,1
C0476,UrsolicAcid,BACE1,P56817,1
C0476,UrsolicAcid,BAX,Q07812,2
C0476,UrsolicAcid,BCL2,P10415,6
C0476,UrsolicAcid,BCL2L1,Q07817,4
C0476,UrsolicAcid,CASP1,P29466,1
C0476,UrsolicAcid,CASP3,P42574,5
C0476,UrsolicAcid,CASP8,Q14790,3
C0476,UrsolicAcid,CASP9,P55211,2
C0476,UrsolicAcid,CCND1,P24385,1
C0476,UrsolicAcid,CCND2,P30279,1
C0476,UrsolicAcid,CCNE1,P24864,1
C0476,UrsolicAcid,CDK2,P24941,1
C0476,UrsolicAcid,CDK4,P11802,1
C0476,UrsolicAcid,CDK6,Q00534,1
C0476,UrsolicAcid,CDKN1A,P38936,1
C0476,UrsolicAcid,CREB1,P16220,1
C0476,UrsolicAcid,CSF2,P04141,1
C0476,UrsolicAcid,CTNNB1,P35222,1
C0476,UrsolicAcid,CTSB,P07858,1
C0476,UrsolicAcid,CXCR4,P61073,1
C0476,UrsolicAcid,ESR1,P03372,1
C0476,UrsolicAcid,FAS,P25445,1
C0476,UrsolicAcid,FASLG,P48023,1
C0476,UrsolicAcid,FASN,P49327,1
C0476,UrsolicAcid,FGF2,P09038,1
C0476,UrsolicAcid,FOS,P01100,1
C0476,UrsolicAcid,GAA,P10253,1
C0476,UrsolicAcid,GAP43,P17677,1
C0476,UrsolicAcid,ICAM1,P05362,1
C0476,UrsolicAcid,IL1B,P01584,1
C0476,UrsolicAcid,IL6,P05231,1
C0476,UrsolicAcid,JAK3,P52333,1
C0476,UrsolicAcid,JUN,P05412,1
C0476,UrsolicAcid,KLK5,Q9Y337,1
C0476,UrsolicAcid,MAPK1,P28482,1
C0476,UrsolicAcid,MAPK3,P27361,1
C0476,UrsolicAcid,MCL1,Q07820,1
C0476,UrsolicAcid,MMP1,P03956,1
C0476,UrsolicAcid,MMP10,P09238,1
C0476,UrsolicAcid,MMP2,P08253,2
C0476,UrsolicAcid,MMP3,P08254,1
C0476,UrsolicAcid,MMP9,P14780,4
C0476,UrsolicAcid,MUC5AC,P98088,1
C0476,UrsolicAcid,NFKB1,P19838,2
C0476,UrsolicAcid,NFKBIA,P25963,3
C0476,UrsolicAcid,NOS2,P35228,1
C0476,UrsolicAcid,NOS3,P29474,1
C0476,UrsolicAcid,NOX4,Q9NPH5,1
C0476,UrsolicAcid,NR1H3,Q13133,1
C0476,UrsolicAcid,NR1I2,O75469,1
C0476,UrsolicAcid,PECAM1,P16284,1
C0476,UrsolicAcid,PPARA,Q07869,3
C0476,UrsolicAcid,PPARG,P37231,1
C0476,UrsolicAcid,PRKCZ,Q05513,1
C0476,UrsolicAcid,PTGS1,P23219,1
C0476,UrsolicAcid,PTGS2,P35354,1
C0476,UrsolicAcid,PTPN1,P18031,1
C0476,UrsolicAcid,PTPN6,P29350,1
C0476,UrsolicAcid,RELA,Q04206,7
C0476,UrsolicAcid,S100A1,P23297,1
C0476,UrsolicAcid,SELE,P16581,1
C0476,UrsolicAcid,SRC,P12931,1
C0476,UrsolicAcid,STAT3,P40763,1
C0476,UrsolicAcid,TNF,P01375,3
C0476,UrsolicAcid,TP53,P04637,2
C0476,UrsolicAcid,TWIST1,Q15672,1
C0476,UrsolicAcid,UGT1A1,P22309,1
C0476,UrsolicAcid,UGT1A3,P35503,1
C0476,UrsolicAcid,VCAM1,P19320,1
C0476,UrsolicAcid,VEGFA,P15692,2
C0476,UrsolicAcid,XIAP,P98170,1
C0477,ValproicAcid,ACHE,P22303,1
C0477,ValproicAcid,ALB,P02768,1
C0477,ValproicAcid,BDNF,P23560,2
C0477,ValproicAcid,BNIP3,Q12983,1
C0477,ValproicAcid,CDH1,P12830,1
C0477,ValproicAcid,CFLAR,O15519,1
C0477,ValproicAcid,CLU,P10909,1
C0477,ValproicAcid,CXADR,P78310,1
C0477,ValproicAcid,EGFR,P00533,1
C0477,ValproicAcid,GNAI1,P63096,1
C0477,ValproicAcid,GSK3B,P49841,1
C0477,ValproicAcid,HDAC1,Q13547,7
C0477,ValproicAcid,HDAC2,Q92769,2
C0477,ValproicAcid,HDAC3,O15379,1
C0477,ValproicAcid,HDAC4,P56524,1
C0477,ValproicAcid,HDAC8,Q9BY41,2
C0477,ValproicAcid,HDAC9,Q9UKV0,13
C0477,ValproicAcid,MGMT,P16455,1
C0477,ValproicAcid,MME,P08473,1
C0477,ValproicAcid,NGB,Q9NPG2,1
C0477,ValproicAcid,NOTCH1,P46531,3
C0477,ValproicAcid,PDX1,P52945,1
C0477,ValproicAcid,PLA2G4A,P47712,1
C0477,ValproicAcid,POU5F1,Q01860,1
C0477,ValproicAcid,SLC2A1,P11166,1
C0477,ValproicAcid,SMAD1,Q15797,1
C0477,ValproicAcid,SMAD4,Q13485,1
C0477,ValproicAcid,SMAD5,Q99717,1
C0477,ValproicAcid,SMN1;SMN2,Q16637,3
C0477,ValproicAcid,SSTR2,P30874,1
C0477,ValproicAcid,STAT3,P40763,1
C0477,ValproicAcid,TDO2,P48775,1
C0477,ValproicAcid,TNF,P01375,1
C0478,VanillicAcid,CA3,P07451,1
C0478,VanillicAcid,HIF1A,Q16665,1
C0478,VanillicAcid,NOS3,P29474,1
C0478,VanillicAcid,TYR,P14679,1
C0478,VanillicAcid,TYRP1,P17643,1
C0479,Vanillin,APAF1,O14727,1
C0479,Vanillin,BAX,Q07812,1
C0479,Vanillin,CYCS,P99999,1
C0479,Vanillin,JUN,P05412,1
C0479,Vanillin,MAPK1,P28482,1
C0479,Vanillin,MARK4,Q96L34,2
C0479,Vanillin,MMP9,P14780,1
C0479,Vanillin,PPARG,P37231,1
C0479,Vanillin,PRKDC,P78527,2
C0479,Vanillin,SLC2A4,P14672,1
C0479,Vanillin,TRPA1,O75762,1
C0479,Vanillin,TRPV1,Q8NER1,4
C0479,Vanillin,TRPV3,Q8NET8,1
C0480,Venlafaxine,BAX,Q07812,1
C0480,Venlafaxine,Bcl2l1,Q64373,1
C0480,Venlafaxine,CORT,O00230,1
C0480,Venlafaxine,PKB_RS07820,nan,1
C0480,Venlafaxine,PPARA,Q07869,1
C0481,Verapamil,ABCB1,P08183,51
C0481,Verapamil,ABCB6,Q9NP58,2
C0481,Verapamil,ABCC1,P33527,2
C0481,Verapamil,ABCG2,Q9UNQ0,4
C0481,Verapamil,CYP3A,nan,1
C0481,Verapamil,CYP3A4,P08684,3
C0481,Verapamil,NFE2L2,Q16236,1
C0481,Verapamil,PGP,A6NDG6,4
C0481,Verapamil,TXNIP,Q9H3M7,1
C0482,VitaminE,ABCB1,P08183,1
C0482,VitaminE,ACHE,P22303,1
C0482,VitaminE,AKT1,P31749,1
C0482,VitaminE,ALOX5,P09917,1
C0482,VitaminE,CAPN1,P07384,1
C0482,VitaminE,CASP12,Q6UXS9,1
C0482,VitaminE,CASP3,P42574,1
C0482,VitaminE,CASP9,P55211,1
C0482,VitaminE,CAT,P04040,1
C0482,VitaminE,CCR5,P51681,1
C0482,VitaminE,CD40,P25942,1
C0482,VitaminE,CD86,P42081,1
C0482,VitaminE,CDH1,P12830,1
C0482,VitaminE,CDKN1B,P46527,1
C0482,VitaminE,CDKN2A,Q8N726;P42771,1
C0482,VitaminE,COL1A2,P08123,1
C0482,VitaminE,CYP1A1,P04798,1
C0482,VitaminE,CYP1A2,P05177,1
C0482,VitaminE,CYP2E1,P05181,1
C0482,VitaminE,F3,P13726,1
C0482,VitaminE,FBXO32,Q969P5,1
C0482,VitaminE,FOS,P01100,1
C0482,VitaminE,GGT5,P36269,1
C0482,VitaminE,GPT,P24298,1
C0482,VitaminE,GSK3B,P49841,1
C0482,VitaminE,GUCY1B1,Q02153,1
C0482,VitaminE,HMGCR,P04035,1
C0482,VitaminE,ICAM1,P05362,1
C0482,VitaminE,IGF1R,P08069,1
C0482,VitaminE,IL4,P05112,1
C0482,VitaminE,JUN,P05412,1
C0482,VitaminE,LEP,P41159,1
C0482,VitaminE,MAPK1,P28482,1
C0482,VitaminE,MIF,P14174,1
C0482,VitaminE,MME,P08473,1
C0482,VitaminE,MT3,P25713,1
C0482,VitaminE,MYC,P01106,1
C0482,VitaminE,NFKB1,P19838,1
C0482,VitaminE,NFKBIA,P25963,1
C0482,VitaminE,NOS2,P35228,1
C0482,VitaminE,NR3C2,P08235,1
C0482,VitaminE,ODC1,P11926,1
C0482,VitaminE,PIGK,Q92643,1
C0482,VitaminE,PLA2G2A,P14555,1
C0482,VitaminE,PLA2G4A,P47712,1
C0482,VitaminE,PON3,Q15166,1
C0482,VitaminE,PRKCA,P17252,1
C0482,VitaminE,PRKCB,P05771,1
C0482,VitaminE,PTGS2,P35354,1
C0482,VitaminE,RELA,Q04206,1
C0482,VitaminE,SELE,P16581,1
C0482,VitaminE,SERPINE1,P05121,1
C0482,VitaminE,SIRT1,Q96EB6,2
C0482,VitaminE,SLC2A4,P14672,1
C0482,VitaminE,SOD1,P00441,1
C0482,VitaminE,SOD2,P04179,1
C0482,VitaminE,SOD3,P08294,1
C0482,VitaminE,TGFB1,P01137,1
C0482,VitaminE,TNF,P01375,1
C0482,VitaminE,TRIM63,Q969Q1,1
C0482,VitaminE,TXN,P10599,1
C0482,VitaminE,VCAM1,P19320,1
C0482,VitaminE,VEGFA,P15692,2
C0483,Vitexin,ACHE,P22303,1
C0483,Vitexin,CASP3,P42574,1
C0483,Vitexin,CKB,P12277,1
C0483,Vitexin,GRIN1,Q05586,1
C0483,Vitexin,GSK3B,P49841,1
C0483,Vitexin,HSF1,Q00613,1
C0483,Vitexin,MAPK7,Q13164,1
C0483,Vitexin,PTPN1,P18031,1
C0483,Vitexin,RELA,Q04206,1
C0484,Wedelolactone,ALOX5,P09917,1
C0484,Wedelolactone,AR,P10275,1
C0484,Wedelolactone,CHUK,O15111,1
C0484,Wedelolactone,IKBKB,O14920,1
C0484,Wedelolactone,NFKB1,P19838,3
C0485,Wogonin,AKT1,P31749,1
C0485,Wogonin,BAX,Q07812,6
C0485,Wogonin,BBC3,Q9BXH1,1
C0485,Wogonin,BCL2,P10415,2
C0485,Wogonin,CASP3,P42574,3
C0485,Wogonin,CCL2,P13500,1
C0485,Wogonin,CCL26,Q9Y258,1
C0485,Wogonin,CCND1,P24385,1
C0485,Wogonin,CDK4,P11802,1
C0485,Wogonin,CDK9,P50750,1
C0485,Wogonin,CDKN1A,P38936,1
C0485,Wogonin,CDKN1B,P46527,1
C0485,Wogonin,CFLAR,O15519,1
C0485,Wogonin,CTNNB1,P35222,1
C0485,Wogonin,CXCL8,P10145,1
C0485,Wogonin,CYP1A2,P05177,1
C0485,Wogonin,CYP2C19,P33261,1
C0485,Wogonin,EGFR,P00533,1
C0485,Wogonin,ERN1,O75460,1
C0485,Wogonin,F3,P13726,1
C0485,Wogonin,FN1,P02751,1
C0485,Wogonin,GSK3B,P49841,2
C0485,Wogonin,HIF1A,Q16665,1
C0485,Wogonin,IL6,P05231,1
C0485,Wogonin,JUN,P05412,1
C0485,Wogonin,KDR,P35968,1
C0485,Wogonin,MAPK1,P28482,1
C0485,Wogonin,MAPK11,Q15759,1
C0485,Wogonin,MCL1,Q07820,1
C0485,Wogonin,MMP1,P03956,1
C0485,Wogonin,MMP13,P45452,1
C0485,Wogonin,MMP9,P14780,1
C0485,Wogonin,MUC5AC,P98088,1
C0485,Wogonin,NEDD4L,Q96PU5,1
C0485,Wogonin,NFKB1,P19838,8
C0485,Wogonin,NOS2,P35228,2
C0485,Wogonin,PRKCD,Q05655,1
C0485,Wogonin,PTGS1,P23219,1
C0485,Wogonin,PTGS2,P35354,3
C0485,Wogonin,RELA,Q04206,1
C0485,Wogonin,SPP1,P10451,1
C0485,Wogonin,TNF,P01375,1
C0485,Wogonin,TP53,P04637,3
C0485,Wogonin,TRAF2,Q12933,1
C0485,Wogonin,VEGFA,P15692,2
C0486,Xanthohumol,AKT1,P31749,1
C0486,Xanthohumol,APAF1,O14727,1
C0486,Xanthohumol,BCL2,P10415,1
C0486,Xanthohumol,CASP3,P42574,1
C0486,Xanthohumol,MFN2,O95140,1
C0486,Xanthohumol,NFE2L2,Q16236,1
C0486,Xanthohumol,NFKB1,P19838,1
C0486,Xanthohumol,PRKAA1,Q13131,1
C0486,Xanthohumol,RAF1,P04049,1
C0486,Xanthohumol,SIRT1,Q96EB6,1
C0486,Xanthohumol,VCP,P55072,1
C0487,Xanthotoxol,CYP1A2,P05177,1
C0488,Xanthoxylin,SOD1,P00441,1
C0489,Z-Butylidenephthalide,GAA,P10253,1
C0490,Zerumbone,GLI1,P08151,1
C0490,Zerumbone,NFKB1,P19838,1
C0490,Zerumbone,PTPN6,P29350,1
C0490,Zerumbone,STAT3,P40763,2
C0491,"1-(4-Hydroxy-Benzyl)-1,2,3,4-Tetrahydro-Isoquinoline-6,7-Diol",BAX,Q07812,1
C0491,"1-(4-Hydroxy-Benzyl)-1,2,3,4-Tetrahydro-Isoquinoline-6,7-Diol",BCL2,P10415,1
C0491,"1-(4-Hydroxy-Benzyl)-1,2,3,4-Tetrahydro-Isoquinoline-6,7-Diol",CASP3,P42574,1
C0491,"1-(4-Hydroxy-Benzyl)-1,2,3,4-Tetrahydro-Isoquinoline-6,7-Diol",HMOX1,P09601,1
C0491,"1-(4-Hydroxy-Benzyl)-1,2,3,4-Tetrahydro-Isoquinoline-6,7-Diol",NOS2,P35228,1
C0492,NitidineChloride,CYP1A1,P04798,1
C0492,NitidineChloride,CYP1B1,Q16678,1
C0493,LicochalconeD,JAK2,O60674,1
C0494,"1,3,7-Trihydroxyxanthone",BDNF,P23560,1
C0494,"1,3,7-Trihydroxyxanthone",NGF,P01138,1
C0494,"1,3,7-Trihydroxyxanthone",SERPINI1,Q99574,1
C0495,Herbacetin,AKT1,P31749,2
C0495,Herbacetin,SLC25A21,Q9BQT8,2
C0496,Nomilin,NFKBIA,P25963,1
C0497,Ginkgetin,STAT3,P40763,2
C0497,Ginkgetin,STAT5A,P42229,1
C0497,Ginkgetin,STAT5B,P51692,1
C0498,Cynarin,NAMPT,P43490,1
C0498,Cynarin,PGP,A6NDG6,1
C0499,Chelidonine,CCNB1,P14635,1
C0499,Chelidonine,TUBA1A,Q71U36,1
C0500,Prunin,PTPN1,P18031,1
C0501,DeoxyguanosineTriphosphate,SAMHD1,Q9Y3Z3,1
C0502,"1,2,3,4,6-Penta-O-Galloyl-D-Glucopyranose",PTPN1,P18031,1
C0503,Astaxanthin,BAX,Q07812,1
C0503,Astaxanthin,BCL2,P10415,1
C0503,Astaxanthin,HMOX1,P09601,1
C0503,Astaxanthin,IL1B,P01584,1
C0503,Astaxanthin,IL6,P05231,2
C0503,Astaxanthin,MAPK14,Q16539,1
C0503,Astaxanthin,NFKB1,P19838,1
C0503,Astaxanthin,NGFR,P08138,1
C0503,Astaxanthin,NOS1,P29475,1
C0503,Astaxanthin,TNF,P01375,1
C0503,Astaxanthin,TP53,P04637,1
C0504,Limonene,ADORA2A,P29274,1
C0504,Limonene,BAX,Q07812,1
C0504,Limonene,BCL2,P10415,1
C0504,Limonene,CASP3,P42574,1
C0504,Limonene,CASP9,P55211,1
C0504,Limonene,IL1B,P01584,1
C0504,Limonene,MPO,P05164,1
C0504,Limonene,NFKB1,P19838,1
C0504,Limonene,NPY,P01303,1
C0504,Limonene,TP53,P04637,1
C0505,Desoxypodophyllotoxin,MAPK1,P28482,1
C0505,Desoxypodophyllotoxin,MAPK11,Q15759,1
C0505,Desoxypodophyllotoxin,MMP2,P08253,1
C0505,Desoxypodophyllotoxin,MMP9,P14780,1
C0505,Desoxypodophyllotoxin,NOS2,P35228,1
C0505,Desoxypodophyllotoxin,RELA,Q04206,1
C0506,Oridonin,AKT1,P31749,1
C0506,Oridonin,CASP9,P55211,1
C0506,Oridonin,CDH2,P19022,1
C0506,Oridonin,EGFR,P00533,1
C0506,Oridonin,FAS,P25445,2
C0506,Oridonin,FBXW7,Q969H0,1
C0506,Oridonin,FN1,P02751,1
C0506,Oridonin,HSF1,Q00613,1
C0506,Oridonin,HSPA4,P34932,1
C0506,Oridonin,ICAM1,P05362,1
C0506,Oridonin,MYC,P01106,1
C0506,Oridonin,NCL,P19338,1
C0506,Oridonin,NFKB1,P19838,2
C0506,Oridonin,NLRP3,Q96P20,1
C0506,Oridonin,TP53,P04637,1
C0506,Oridonin,VCAM1,P19320,1
C0506,Oridonin,ZEB1,P37275,1
C0507,Telekin,APAF1,O14727,1
C0507,Telekin,CASP9,P55211,1
C0508,Dihydroberberine,ERG,P11308,1
C0509,Bakuchiol,ESF1,Q9H501,1
C0510,PhenylethylAlcohol,BAX,Q07812,1
C0510,PhenylethylAlcohol,PPARA,Q07869,2
C0510,PhenylethylAlcohol,STAT3,P40763,1
C0511,Alkannin,MTOR,P42345,1
C0512,Indole-3-AceticAcid,CD33,P20138,1
C0512,Indole-3-AceticAcid,FGF7,P21781,1
C0512,Indole-3-AceticAcid,GJA1,P17302,1
C0512,Indole-3-AceticAcid,MAP2K4,P45985,2
C0512,Indole-3-AceticAcid,MAP2K7,O14733,2
C0512,Indole-3-AceticAcid,MAPK1,P28482,1
C0512,Indole-3-AceticAcid,MTOR,P42345,1
C0512,Indole-3-AceticAcid,RHEB,Q15382,1
C0513,Squalene,LDLR,P01130,1
C0513,Squalene,PPARA,Q07869,2
C0514,PanduratinA,NFKB1,P19838,1
C0515,"1,3-Dicyclohexylurea",EPHX2,P34913,1
C0516,Sciadopitisin,GPCPD1,Q9NPB8,1
C0517,Plaunotol,MCL1,Q07820,1
C0518,Dehydrocostuslactone,BAK1,Q16611,1
C0518,Dehydrocostuslactone,BAX,Q07812,1
C0518,Dehydrocostuslactone,BCL2L1,Q07817,1
C0518,Dehydrocostuslactone,BIK,Q13323,1
C0518,Dehydrocostuslactone,BMF,Q96LC9,1
C0518,Dehydrocostuslactone,BOK,Q9UMX3,1
C0518,Dehydrocostuslactone,CASP3,P42574,1
C0518,Dehydrocostuslactone,CASP7,P55210,1
C0518,Dehydrocostuslactone,CASP8,Q14790,1
C0518,Dehydrocostuslactone,CASP9,P55211,1
C0518,Dehydrocostuslactone,STAT3,P40763,1
C0519,Pinostrobin,AR,P10275,1
C0519,Pinostrobin,FOXO3,O43524,1
C0519,Pinostrobin,PCSK9,Q8NBP7,1
C0520,Brusatol,HIF1A,Q16665,1
C0520,Brusatol,NFE2L2,Q16236,17
C0521,Pristimerin,CD44,P16070,1
C0521,Pristimerin,MAPK8,P45983,1
C0521,Pristimerin,MGLL,Q99685,1
C0521,Pristimerin,PROM1,O43490,1
C0521,Pristimerin,VEGFA,P15692,1
C0522,Falcarinol,CNR1,P21554,1
C0522,Falcarinol,HSP90AA1,P07900,1
C0523,Terpineol,NFKB1,P19838,1
C0524,PropionicAcid,FFAR3,O14843,1
C0524,PropionicAcid,FFAR4,Q5NUL3,1
C0524,PropionicAcid,GSTO1,P78417,1
C0524,PropionicAcid,UCP1,P25874,1
C0525,Grandisin,CYP2C9,P11712,1
C0525,Grandisin,CYP3A4,P08684,1
C0525,Grandisin,CYP3A5,P20815,1
C0526,Geraniin,HMOX1,P09601,1
C0526,Geraniin,HSP90AA1,P07900,1
C0526,Geraniin,NFE2L2,Q16236,1
C0526,Geraniin,PTK2,Q05397,1
C0527,Genipin,ABCC2,Q92887,1
C0527,Genipin,AKT1,P31749,1
C0527,Genipin,BAX,Q07812,1
C0527,Genipin,DNMT1,P26358,1
C0527,Genipin,FGF2,P09038,1
C0527,Genipin,MAPK1,P28482,1
C0527,Genipin,TIMP1,P01033,1
C0527,Genipin,TP53,P04637,1
C0527,Genipin,UCP1,P25874,2
C0527,Genipin,UCP2,P55851,1
C0528,Alpha-Terpineol,ACHE,P22303,1
C0528,Alpha-Terpineol,IL6,P05231,1
C0529,KushenolX,CES2,O00748,1
C0530,Cannabichromene,TRPA1,O75762,1
C0531,ZaluzaninC,NOS2,P35228,1
C0531,ZaluzaninC,PTGS2,P35354,1
C0531,ZaluzaninC,RELA,Q04206,1
C0532,ProcyanidinB2,MAP2K1,Q02750,1
C0532,ProcyanidinB2,MAP2K4,P45985,1
C0532,ProcyanidinB2,MMP14,P50281,1
C0532,ProcyanidinB2,PRKCA,P17252,1
C0532,ProcyanidinB2,PRKCB,P05771,1
C0532,ProcyanidinB2,PTGS2,P35354,1
C0533,Ferruginol,CD1A,P06126,1
C0533,Ferruginol,CD83,Q01151,1
C0534,Liriodenine,VEGFA,P15692,1
C0535,BrevilinA,BAX,Q07812,1
C0536,Quindoline,BCL2,P10415,1
C0536,Quindoline,MYC,P01106,1
C0537,CannabidiolAcid,HTR1A,P08908,1
C0537,CannabidiolAcid,PTGS2,P35354,1
C0538,Sinomenine,CD274,Q9NZQ7,1
C0538,Sinomenine,DAXX,Q9UER7,1
C0538,Sinomenine,HSPB1,P04792,1
C0538,Sinomenine,IFNG,P01579,1
C0538,Sinomenine,IL2,P60568,1
C0538,Sinomenine,IL6,P05231,1
C0538,Sinomenine,PDCD1LG2,Q9BQ51,1
C0538,Sinomenine,PGF,P49763,1
C0538,Sinomenine,PTGS1,P23219,1
C0538,Sinomenine,PTGS2,P35354,1
C0539,Loganin,ACHE,P22303,1
C0539,Loganin,BACE1,P56817,2
C0539,Loganin,BCHE,P06276,1
C0540,Cis-Asarone,BCL2,P10415,2
C0540,Cis-Asarone,BDNF,P23560,1
C0540,Cis-Asarone,BECN1,Q14457,1
C0540,Cis-Asarone,CNTF,P26441,1
C0540,Cis-Asarone,DUSP1,P28562,1
C0540,Cis-Asarone,ENO2,P09104,1
C0540,Cis-Asarone,FOS,P01100,1
C0540,Cis-Asarone,GAD2,Q05329,1
C0540,Cis-Asarone,GDNF,P39905,1
C0540,Cis-Asarone,MAP1LC3B,Q9GZQ8,1
C0540,Cis-Asarone,MAPK8,P45983,2
C0540,Cis-Asarone,PIGK,Q92643,1
C0540,Cis-Asarone,SNCA,P37840,1
C0540,Cis-Asarone,TP53,P04637,2
C0541,NeoechinulinA,CHGB,P05060,1
C0541,NeoechinulinA,MAP3K5,Q99683,1
C0541,NeoechinulinA,MAPK1,P28482,1
C0541,NeoechinulinA,NFKB1,P19838,1
C0542,(S)-N-Trans-Feruloyloctopamine,TYR,P14679,2
C0544,Alpha-Santalol,BCHE,P06276,1
C0544,Alpha-Santalol,TYR,P14679,1
C0545,Ailanthone,AR,P10275,1
C0545,Ailanthone,PTGES3,Q15185,1
C0546,(+)-Pentazocine,SIGMAR1,Q99720,5
C0547,Caryophyllene,CNR2,P34972,11
C0547,Caryophyllene,PPARA,Q07869,1
C0548,Alpha-Humulone,IL1B,P01584,1
C0548,Alpha-Humulone,TNF,P01375,1
C0549,ErgosterolPeroxide,CASP3,P42574,1
C0550,4-HydroxybenzylAlcohol,NOS2,P35228,1
C0551,P-HydroxybenzoicAcid,HDAC6,Q9UBN7,1
C0552,"AceticAcid,PropionicAcid",ACE,P12821,1
C0552,"AceticAcid,PropionicAcid",AQP4,P55087,1
C0552,"AceticAcid,PropionicAcid",FOS,P01100,1
C0552,"AceticAcid,PropionicAcid",GBA2,Q9HCG7,1
C0552,"AceticAcid,PropionicAcid",GGT5,P36269,1
C0552,"AceticAcid,PropionicAcid",IL10,P22301,1
C0552,"AceticAcid,PropionicAcid",MGAM,O43451,1
C0552,"AceticAcid,PropionicAcid",MPO,P05164,1
C0552,"AceticAcid,PropionicAcid",NOS2,P35228,1
C0552,"AceticAcid,PropionicAcid",PFKM,P08237,1
C0552,"AceticAcid,PropionicAcid",PTGS2,P35354,1
C0552,"AceticAcid,PropionicAcid",RELA,Q04206,1
C0552,"AceticAcid,PropionicAcid",REN,P00797,1
C0552,"AceticAcid,PropionicAcid",SELP,P16109,1
C0552,"AceticAcid,PropionicAcid",SOD1,P00441,1
C0552,"AceticAcid,PropionicAcid",TNF,P01375,1
C0552,"AceticAcid,PropionicAcid",TREH,O43280,1
C0553,Betaine,EPO,P01588,1
C0553,Betaine,FOXO1,Q12778,1
C0553,Betaine,LPL,P06858,1
C0553,Betaine,NOS3,P29474,1
C0553,Betaine,NR3C1,P04150,1
C0553,Betaine,TLR4,O00206,1
C0553,Betaine,TNF,P01375,1
C0554,Cholesterol,ABCA1,O95477,3
C0554,Cholesterol,ABCF3,Q9NUQ8,1
C0554,Cholesterol,ABCG5,Q9H222,1
C0554,Cholesterol,ABCG8,Q9H221,1
C0554,Cholesterol,ACAT1,P24752,1
C0554,Cholesterol,ACE,P12821,2
C0554,Cholesterol,APOA1,P02647,1
C0554,Cholesterol,APOE,P02649,1
C0554,Cholesterol,APP,P05067,1
C0554,Cholesterol,AQP1,P29972,1
C0554,Cholesterol,AQP8,O94778,1
C0554,Cholesterol,AR,P10275,1
C0554,Cholesterol,ATP2A3,Q93084,1
C0554,Cholesterol,BACE1,P56817,1
C0554,Cholesterol,CASP1,P29466,1
C0554,Cholesterol,CAV1,Q03135,1
C0554,Cholesterol,CAV3,P56539,1
C0554,Cholesterol,CD81,P60033,1
C0554,Cholesterol,CRTC1,Q6UUV9,1
C0554,Cholesterol,CYP7A1,P22680,1
C0554,Cholesterol,ECB2,nan,1
C0554,Cholesterol,FGF1,P05230,1
C0554,Cholesterol,HMGCR,P04035,1
C0554,Cholesterol,HULC,nan,1
C0554,Cholesterol,IL1A,P01583,1
C0554,Cholesterol,IL1B,P01584,1
C0554,Cholesterol,IL4,P05112,1
C0554,Cholesterol,KCNJ2,P63252,1
C0554,Cholesterol,KRT20,P35900,1
C0554,Cholesterol,LDLR,P01130,1
C0554,Cholesterol,LPL,P06858,1
C0554,Cholesterol,LRP1,Q07954,1
C0554,Cholesterol,LRP6,O75581,1
C0554,Cholesterol,MIR122,nan,1
C0554,Cholesterol,MIR185,nan,1
C0554,Cholesterol,NFKB1,P19838,1
C0554,Cholesterol,NKX2-5,P52952,1
C0554,Cholesterol,NOTCH1,P46531,1
C0554,Cholesterol,NPC1L1,Q9UHC9,3
C0554,Cholesterol,NUS1,Q96E22,1
C0554,Cholesterol,PCSK9,Q8NBP7,1
C0554,Cholesterol,PRKCB,P05771,2
C0554,Cholesterol,RELA,Q04206,1
C0554,Cholesterol,RORA,P35398,1
C0554,Cholesterol,SCARB1,Q8WTV0,1
C0554,Cholesterol,SGMS2,Q8NHU3,1
C0554,Cholesterol,SMO,Q99835,1
C0554,Cholesterol,SNX8,Q9Y5X2,1
C0554,Cholesterol,SREBF2,Q12772,1
C0554,Cholesterol,STARD5,Q9NSY2,1
C0554,Cholesterol,SULT1C2,O00338,1
C0554,Cholesterol,TNF,P01375,1
C0554,Cholesterol,TPP2,P29144,1
C0554,Cholesterol,TSPO,P30536,1
C0555,O-Cresol,PTGS1,P23219,1
C0555,O-Cresol,PTGS2,P35354,1
C0556,Methylglyoxal,CD74,P04233,1
C0556,Methylglyoxal,HSPB1,P04792,1
C0556,Methylglyoxal,TET1,Q8NFU7,1
C0556,Methylglyoxal,TRPA1,O75762,2
C0557,Inositol,IMPA1,P29218,1
C0557,Inositol,ISYNA1,Q9NPH2,1
C0557,Inositol,MIOX,Q9UGB7,1
C0558,OxalicAcid,GSTM1,P09488,1
C0559,PyruvicAcid,PPARGC1A,Q9UBK2,1
C0559,PyruvicAcid,TGFB1,P01137,1
C0560,DimethylSulfide,SPHK2,Q9NRA0,1
C0561,Taurine,ACHE,P22303,1
C0561,Taurine,ADIPOQ,Q15848,1
C0561,Taurine,CASP3,P42574,1
C0561,Taurine,CDK5,Q00535,1
C0561,Taurine,CYP7A1,P22680,1
C0561,Taurine,GPX1,P07203,1
C0561,Taurine,INSR,P06213,1
C0561,Taurine,MAPK1,P28482,1
C0561,Taurine,OLR1,P78380,1
C0561,Taurine,PTEN,P60484,1
C0561,Taurine,SOD1,P00441,1
C0561,Taurine,STAR,P49675,1
C0561,Taurine,STAT3,P40763,1
C0561,Taurine,TNF,P01375,1
C0562,Uracil,POLB,P06746,1
C0562,Uracil,UNG,P13051,2
C0562,Uracil,URAD,A6NGE7,1
C0563,AzelaicAcid,BAX,Q07812,1
C0564,Curcumine,NOS2,P35228,1
C0564,Curcumine,PTGS2,P35354,1
C0565,Fructose,ALDOB,P05062,1
C0565,Fructose,ATP6AP2,O75787,1
C0565,Fructose,HAVCR1,Q96D42,1
C0565,Fructose,INSR,P06213,1
C0565,Fructose,MIR330,nan,1
C0565,Fructose,PKM,P14618,1
C0565,Fructose,PRKAA1,Q13131,1
C0565,Fructose,SCD,O00767,1
C0565,Fructose,SERPINE1,P05121,1
C0565,Fructose,SLC2A2,P11168,1
C0565,Fructose,SLC2A5,P22732,1
C0565,Fructose,TSPO,P30536,1
C0566,Hesperitin,CREB1,P16220,1
C0566,Hesperitin,CYP19A1,P11511,1
C0566,Hesperitin,GLO1,Q04760,1
C0566,Hesperitin,MAPK3,P27361,1
C0566,Hesperitin,NOTCH1,P46531,1
C0566,Hesperitin,PPARG,P37231,1
C0567,Tmpea,HTR2A,P28223,2
C0568,Fructose,ALDOB,P05062,1
C0568,Fructose,ATP6AP2,O75787,1
C0568,Fructose,HAVCR1,Q96D42,1
C0568,Fructose,MIR330,nan,1
C0568,Fructose,PRKAA1,Q13131,1
C0568,Fructose,SCD,O00767,1
C0568,Fructose,SERPINE1,P05121,1
C0568,Fructose,SLC2A2,P11168,1
C0568,Fructose,TSPO,P30536,1
C0569,Sucrose,APOA1,P02647,1
C0569,Sucrose,CALR,P27797,1
C0569,Sucrose,CASP3,P42574,1
C0569,Sucrose,CCL22,O00626,1
C0569,Sucrose,CRP,P02741,1
C0569,Sucrose,DRD3,P35462,1
C0569,Sucrose,GMPPB,Q9Y5P6,1
C0569,Sucrose,GPBAR1,Q8TDU6,1
C0569,Sucrose,HSP90AA1,P07900,1
C0569,Sucrose,KCNJ2,P63252,1
C0569,Sucrose,SLC5A1,P13866,2
C0569,Sucrose,VWF,P04275,1
C0570,Galactose,ASGR1,P07306,1
C0571,Dopa,ADORA2A,P29274,1
C0571,Dopa,CRTC1,Q6UUV9,1
C0571,Dopa,DRD2,P14416,1
C0571,Dopa,DRD3,P35462,1
C0571,Dopa,GAPDH,P04406,1
C0571,Dopa,GDNF,P39905,1
C0571,Dopa,GRIN1,Q05586,1
C0571,Dopa,GSTK1,Q9Y2Q3,1
C0571,Dopa,HSPB1,P04792,2
C0571,Dopa,NR4A2,P43354,1
C0571,Dopa,PDYN,P01213,1
C0571,Dopa,SLC1A2,P43004,1
C0571,Dopa,SLC7A5,Q01650,1
C0571,Dopa,SRC,P12931,1
C0572,"ButylethyleneEther,Hexanal",CD36,P16671,1
C0572,"ButylethyleneEther,Hexanal",F3,P13726,1
C0572,"ButylethyleneEther,Hexanal",JUN,P05412,1
C0572,"ButylethyleneEther,Hexanal",TNF,P01375,1
C0573,CholineChloride,CHRNA7,P36544,1
C0574,Maltose,AMY1A,P0DUB6,1
C0574,Maltose,DNAH8,Q96JB1,1
C0574,Maltose,SLC2A3,P11169,1
C0575,Ppi,ATP4A,P20648,1
C0575,Ppi,CCL26,Q9Y258,1
C0575,Ppi,GAST,P01350,2
C0575,Ppi,KIT,P10721,1
C0575,Ppi,MAPK8,P45983,1
C0575,Ppi,RELA,Q04206,1
C0575,Ppi,SLPI,P03973,1
C0575,Ppi,XIAP,P98170,1
C0577,Visnagin,IL1B,P01584,1
C0578,Stylopine,IL1B,P01584,1
C0578,Stylopine,IL6,P05231,1
C0578,Stylopine,NOS2,P35228,1
C0578,Stylopine,PTGS2,P35354,1
C0578,Stylopine,TNF,P01375,1
C0579,Carvacrol,AKT1,P31749,1
C0579,Carvacrol,AXL,P30530,1
C0579,Carvacrol,CCL2,P13500,1
C0579,Carvacrol,PIGK,Q92643,1
C0579,Carvacrol,TRPM7,Q96QT4,4
C0579,Carvacrol,TRPV3,Q8NET8,5
C0579,Carvacrol,UGT1A9,O60656,2
C0581,Piperidine,CALCA,P06881;P01258,1
C0581,Piperidine,MDM2,Q00987,1
C0582,NonanoicAcid,ISYNA1,Q9NPH2,1
C0582,NonanoicAcid,OR51E1,Q8TCB6,1
C0583,"MethylHexadecanate,MethylPalmitate",IL10,P22301,1
C0583,"MethylHexadecanate,MethylPalmitate",IL6,P05231,1
C0583,"MethylHexadecanate,MethylPalmitate",PTGS2,P35354,1
C0583,"MethylHexadecanate,MethylPalmitate",TNF,P01375,1
C0584,1-Tetradecanol,TYR,P14679,1
C0585,DimethylPhthalate,DMP1,Q13316,1
C0585,DimethylPhthalate,HCN4,Q9Y3Q4,1
C0586,Nuciferine,SLC2A4,P14672,1
C0587,(+)-Taxifolin,ACE,P12821,1
C0587,(+)-Taxifolin,AHR,P35869,1
C0587,(+)-Taxifolin,Akr1c9,P23457,1
C0587,(+)-Taxifolin,CYP1A1,P04798,1
C0587,(+)-Taxifolin,EGFR,P00533,2
C0587,(+)-Taxifolin,HSD11B2,P80365,1
C0587,(+)-Taxifolin,IARS1,P41252,1
C0587,(+)-Taxifolin,PIK3CB,P42338,1
C0587,(+)-Taxifolin,SRC,P12931,2
C0587,(+)-Taxifolin,SRD5A1,P18405,1
C0587,(+)-Taxifolin,TOP2A,P11388,1
C0588,Anemonin,DCT,P40126,1
C0588,Anemonin,TYR,P14679,1
C0588,Anemonin,TYRP1,P17643,1
C0589,Ascaridole,CD86,P42081,1
C0589,Ascaridole,HMOX1,P09601,1
C0589,Ascaridole,ICAM1,P05362,1
C0590,"Α-Elemene,Β-Elemene",BCL2,P10415,1
C0590,"Α-Elemene,Β-Elemene",CASP3,P42574,1
C0590,"Α-Elemene,Β-Elemene",CCNB1,P14635,1
C0590,"Α-Elemene,Β-Elemene",CDK1,P06493,1
C0590,"Α-Elemene,Β-Elemene",CDKN1A,P38936,1
C0590,"Α-Elemene,Β-Elemene",CDKN1B,P46527,1
C0590,"Α-Elemene,Β-Elemene",EIF4E,P06730,1
C0590,"Α-Elemene,Β-Elemene",EIF4G1,Q04637,1
C0590,"Α-Elemene,Β-Elemene",FGF2,P09038,1
C0590,"Α-Elemene,Β-Elemene",FLT4,P35916,1
C0590,"Α-Elemene,Β-Elemene",HIF1A,Q16665,1
C0590,"Α-Elemene,Β-Elemene",MAPK11,Q15759,1
C0590,"Α-Elemene,Β-Elemene",RHOA,P61586,1
C0590,"Α-Elemene,Β-Elemene",TEP1,Q99973,1
C0590,"Α-Elemene,Β-Elemene",TP53,P04637,1
C0590,"Α-Elemene,Β-Elemene",VEGFA,P15692,1
C0590,"Α-Elemene,Β-Elemene",VEGFC,P49767,1
C0591,Benzaldehyde,AOX1,Q06278,1
C0593,LignocericAcid,DUOX2,Q9NRD8,1
C0593,LignocericAcid,NCF1,P14598,1
C0594,Dulcitol,SIRT1,Q96EB6,1
C0595,2-(5-Hydroxy-1H-Indol-3-Yl)AceticAcid,MME,P08473,1
C0596,Tetradecane,TNF,P01375,1
C0597,Heptadecane,NFKB1,P19838,1
C0598,Chuanxiongzine,HIF1A,Q16665,1
C0598,Chuanxiongzine,VEGFA,P15692,1
C0599,"3',4'-Dihydroxyacetophenone",PTGS2,P35354,1
C0599,"3',4'-Dihydroxyacetophenone",TNF,P01375,1
C0600,Adenosine,ADORA3,P0DMS8,1
C0600,Adenosine,AHCY,P23526,1
C0600,Adenosine,GATA2,P23769,1
C0600,Adenosine,HIF1A,Q16665,1
C0600,Adenosine,NT5E,P21589,1
C0600,Adenosine,P2RY1,P47900,1
C0600,Adenosine,PDK4,Q16654,1
C0601,Fructose,ALDOB,P05062,1
C0601,Fructose,AQP7,O14520,1
C0601,Fructose,ATP6AP2,O75787,1
C0601,Fructose,HAVCR1,Q96D42,1
C0601,Fructose,MIR330,nan,1
C0601,Fructose,MIR34A,nan,1
C0601,Fructose,PKM,P14618,1
C0601,Fructose,PRKAA1,Q13131,1
C0601,Fructose,SCD,O00767,1
C0601,Fructose,SERPINE1,P05121,1
C0601,Fructose,SLC2A2,P11168,1
C0601,Fructose,WT1,P19544,1
C0602,"2,3,9,10-Tetramethoxy-6,8,13,13A-Tetrahydro-5H-Isoquinolino[2,1-B]Isoquinoline",ABCB1,P08183,1
C0603,"3,7,7-Trimethylbicyclo[4.1.0]Hept-3-Ene,3-Carene",COL1A1,P02452,1
C0603,"3,7,7-Trimethylbicyclo[4.1.0]Hept-3-Ene,3-Carene",SPP1,P10451,1
C0604,Menthone,IL1B,P01584,1
C0604,Menthone,RELA,Q04206,1
C0604,Menthone,TNF,P01375,1
C0605,Zingerone,CCL2,P13500,1
C0605,Zingerone,MYD88,Q99836,1
C0605,Zingerone,TICAM2,Q86XR7,1
C0605,Zingerone,TLR4,O00206,1
C0605,Zingerone,TNF,P01375,1
C0606,Choline,ACHE,P22303,1
C0606,Choline,CHRNA4,P43681,1
C0606,Choline,CHRNA7,P36544,2
C0606,Choline,CREB1,P16220,1
C0606,Choline,HMOX1,P09601,1
C0606,Choline,MAPK14,Q16539,1
C0606,Choline,PEMT,Q9UBM1,1
C0606,Choline,SIGMAR1,Q99720,1
C0606,Choline,TNF,P01375,1
C0606,Choline,VEGFC,P49767,1
C0607,"2,3-Dihydroxypropanal",AKR1B1,P15121,1
C0608,Safranal,ABL1,P00519,1
C0608,Safranal,PTPN1,P18031,1
C0609,Myrtenal,ACHE,P22303,1
C0609,Myrtenal,VN1R1,Q9GZP7,1
C0610,Butylphthalide,BDNF,P23560,1
C0610,Butylphthalide,FGF2,P09038,1
C0610,Butylphthalide,ICAM1,P05362,1
C0610,Butylphthalide,MPO,P05164,1
C0610,Butylphthalide,NGF,P01138,1
C0610,Butylphthalide,RHOA,P61586,1
C0610,Butylphthalide,VEGFA,P15692,1
C0611,Β-Bourbonene,BAX,Q07812,1
C0611,Β-Bourbonene,BCL2,P10415,1
C0611,Β-Bourbonene,FAS,P25445,1
C0611,Β-Bourbonene,FASLG,P48023,1
C0612,Crotonoside,FLT3,P36888,1
C0612,Crotonoside,HDAC3,O15379,1
C0612,Crotonoside,HDAC6,Q9UBN7,1
C0613,Chavicol,PTK2,Q05397,1
C0613,Chavicol,VAOA,P56216,1
C0614,MethylSyringate,PTGS2,P35354,1
C0614,MethylSyringate,TRPA1,O75762,3
C0615,NordihydroguaiareticAcid,AKT1,P31749,1
C0615,NordihydroguaiareticAcid,ALOX15,P16050,1
C0615,NordihydroguaiareticAcid,ALOX5,P09917,1
C0615,NordihydroguaiareticAcid,CRTC1,Q6UUV9,3
C0615,NordihydroguaiareticAcid,F2RL1,P55085,1
C0615,NordihydroguaiareticAcid,HDGF,P51858,1
C0615,NordihydroguaiareticAcid,IGHE,P01854,1
C0615,NordihydroguaiareticAcid,LOX,P28300,4
C0615,NordihydroguaiareticAcid,NEIL2,Q969S2,1
C0615,NordihydroguaiareticAcid,SLC2A1,P11166,1
C0615,NordihydroguaiareticAcid,TMED2,Q15363,1
C0615,NordihydroguaiareticAcid,TRPA1,O75762,1
C0615,NordihydroguaiareticAcid,TYR,P14679,1
C0616,Nomilin,NFKB1,P19838,1
C0616,Nomilin,NFKBIA,P25963,1
C0617,Coptisine,CASP1,P29466,1
C0617,Coptisine,DHODH,Q02127,1
C0617,Coptisine,IDO1,P14902,2
C0617,Coptisine,MAOA,P21397,1
C0617,Coptisine,MAPK1,P28482,1
C0617,Coptisine,MMP9,P14780,1
C0617,Coptisine,TIMP1,P01033,1
C0618,SennosideA,AQP3,Q92482,1
C0619,Strictinin,STAT3,P40763,1
C0620,Brasilin,AKT1,P31749,1
C0620,Brasilin,DCT,P40126,1
C0620,Brasilin,FOS,P01100,1
C0620,Brasilin,GADD45A,P24522,1
C0620,Brasilin,GADD45B,O75293,1
C0620,Brasilin,HMOX1,P09601,2
C0620,Brasilin,NFE2L2,Q16236,1
C0620,Brasilin,NOS2,P35228,1
C0620,Brasilin,PKLR,P30613,1
C0620,Brasilin,SLC2A4,P14672,1
C0621,Dauricine,CASP3,P42574,1
C0622,Brusatol,HIF1A,Q16665,1
C0622,Brusatol,NFE2L2,Q16236,19
C0623,Solamargine,BAX,Q07812,1
C0623,Solamargine,BCL2,P10415,1
C0624,N-Acetyl-D-Glucosamine,GCK,P35557,1
C0624,N-Acetyl-D-Glucosamine,TP53,P04637,1
C0625,Gentiopicroside,GPBAR1,Q8TDU6,1
C0626,Beta-Eudesmol,TRPA1,O75762,1
C0627,Matrine,ABCC1,P33527,1
C0627,Matrine,AKT1,P31749,1
C0627,Matrine,ANO1,Q5XXA6,2
C0627,Matrine,BAX,Q07812,1
C0627,Matrine,BCL2,P10415,1
C0627,Matrine,CASP3,P42574,1
C0627,Matrine,CCND1,P24385,2
C0627,Matrine,CDKN2A,Q8N726;P42771,1
C0627,Matrine,CFTR,P13569,1
C0627,Matrine,FAS,P25445,1
C0627,Matrine,HGF,P14210,1
C0627,Matrine,IFI27,P40305,1
C0627,Matrine,IL1B,P01584,1
C0627,Matrine,IL6,P05231,1
C0627,Matrine,MAPK8,P45983,1
C0627,Matrine,MMP2,P08253,1
C0627,Matrine,MMP9,P14780,2
C0627,Matrine,PAX2,Q02962,2
C0627,Matrine,PIGK,Q92643,1
C0627,Matrine,PTEN,P60484,1
C0627,Matrine,RIPK3,Q9Y572,1
C0627,Matrine,STAT3,P40763,1
C0627,Matrine,TGFB1,P01137,1
C0627,Matrine,VEGFA,P15692,1
C0628,Morin,ADA,P00813,1
C0628,Morin,AKT1,P31749,1
C0628,Morin,CAT,P04040,1
C0628,Morin,CCNG2,Q16589,1
C0628,Morin,DAPK1,P53355,1
C0628,Morin,GSK3B,P49841,2
C0628,Morin,LGALS3,P17931,1
C0628,Morin,MIR29A,nan,1
C0628,Morin,MPO,P05164,1
C0628,Morin,NR1H2,P55055,2
C0628,Morin,NR1H3,Q13133,2
C0628,Morin,PIAS3,Q9Y6X2,1
C0628,Morin,PPARG,P37231,2
C0628,Morin,TP53,P04637,1
C0629,"VitaminEγ,Γ-Tocopherol",PTGS2,P35354,1
C0630,Zingiberene,NUP62,P37198,1
C0631,"2,6-Diacetyl-7,9-Dihydroxy-8,9B-Dimethyldibenzofuran-1,3-Dione",HPD,P32754,1
C0631,"2,6-Diacetyl-7,9-Dihydroxy-8,9B-Dimethyldibenzofuran-1,3-Dione",MTOR,P42345,1
C0631,"2,6-Diacetyl-7,9-Dihydroxy-8,9B-Dimethyldibenzofuran-1,3-Dione",PARP1,P09874,1
C0632,Loliolide,CASP3,P42574,1
C0632,Loliolide,CASP8,Q14790,1
C0632,Loliolide,CASP9,P55211,1
C0633,Arctiin,MUC1,P15941,1
C0633,Arctiin,TYR,P14679,1
C0634,Tuberostemonine,ABCB1,P08183,1
C0635,UridylicAcid,MGAT5B,Q3V5L5,1
C0636,Phillyrin,PRKAA1,Q13131,1
C0637,Sesamolin,ACHE,P22303,1
C0637,Sesamolin,NOS2,P35228,1
C0638,Citronellol,PTGS2,P35354,1
C0639,(+/-)Nicotine,ADIPOQ,Q15848,1
C0639,(+/-)Nicotine,ADRB1,P08588,1
C0639,(+/-)Nicotine,AKT1,P31749,1
C0639,(+/-)Nicotine,ALOX5,P09917,1
C0639,(+/-)Nicotine,APP,P05067,1
C0639,(+/-)Nicotine,BAX,Q07812,1
C0639,(+/-)Nicotine,BCL2,P10415,1
C0639,(+/-)Nicotine,BDNF,P23560,1
C0639,(+/-)Nicotine,BIRC5,O15392,1
C0639,(+/-)Nicotine,CAMKK2,Q96RR4,1
C0639,(+/-)Nicotine,CASP3,P42574,1
C0639,(+/-)Nicotine,CAT,P04040,1
C0639,(+/-)Nicotine,CCL2,P13500,1
C0639,(+/-)Nicotine,CHAT,P28329,1
C0639,(+/-)Nicotine,CHRNA6,Q15825,1
C0639,(+/-)Nicotine,CHRNA7,P36544,1
C0639,(+/-)Nicotine,COL3A1,P02461,1
C0639,(+/-)Nicotine,CXCL8,P10145,1
C0639,(+/-)Nicotine,CYP1A2,P05177,1
C0639,(+/-)Nicotine,CYP2E1,P05181,1
C0639,(+/-)Nicotine,DBI,P07108,1
C0639,(+/-)Nicotine,DHFR,P00374,1
C0639,(+/-)Nicotine,DNMT1,P26358,1
C0639,(+/-)Nicotine,EGFR,P00533,1
C0639,(+/-)Nicotine,EGR1,P18146,1
C0639,(+/-)Nicotine,F3,P13726,1
C0639,(+/-)Nicotine,FN1,P02751,1
C0639,(+/-)Nicotine,FOS,P01100,1
C0639,(+/-)Nicotine,FOSB,P53539,1
C0639,(+/-)Nicotine,GAD1,Q99259,1
C0639,(+/-)Nicotine,GJA1,P17302,1
C0639,(+/-)Nicotine,HCRT,O43612,1
C0639,(+/-)Nicotine,HIF1A,Q16665,1
C0639,(+/-)Nicotine,HMOX1,P09601,1
C0639,(+/-)Nicotine,ICAM1,P05362,1
C0639,(+/-)Nicotine,IL10,P22301,1
C0639,(+/-)Nicotine,IL1B,P01584,1
C0639,(+/-)Nicotine,IL4,P05112,1
C0639,(+/-)Nicotine,ITGA2,P17301,1
C0639,(+/-)Nicotine,ITGAL,P20701,1
C0639,(+/-)Nicotine,ITGAM,P11215,1
C0639,(+/-)Nicotine,ITGB1,P05556,1
C0639,(+/-)Nicotine,JUN,P05412,1
C0639,(+/-)Nicotine,LEP,P41159,1
C0639,(+/-)Nicotine,MAPK1,P28482,1
C0639,(+/-)Nicotine,MMP1,P03956,1
C0639,(+/-)Nicotine,MMP13,P45452,1
C0639,(+/-)Nicotine,MMP2,P08253,1
C0639,(+/-)Nicotine,MMP3,P08254,1
C0639,(+/-)Nicotine,NOS2,P35228,1
C0639,(+/-)Nicotine,NR4A1,P22736,1
C0639,(+/-)Nicotine,NTRK1,P04629,2
C0639,(+/-)Nicotine,OPCML,Q14982,1
C0639,(+/-)Nicotine,OPRD1,P41143,1
C0639,(+/-)Nicotine,P2RY12,Q9H244,1
C0639,(+/-)Nicotine,PDE4B,Q07343,1
C0639,(+/-)Nicotine,PLAT,P00750,1
C0639,(+/-)Nicotine,PRKCB,P05771,1
C0639,(+/-)Nicotine,PTGS2,P35354,1
C0639,(+/-)Nicotine,RELA,Q04206,1
C0639,(+/-)Nicotine,RXRB,P28702,1
C0639,(+/-)Nicotine,SELE,P16581,1
C0639,(+/-)Nicotine,SOD1,P00441,1
C0639,(+/-)Nicotine,SRC,P12931,1
C0639,(+/-)Nicotine,STAT3,P40763,1
C0639,(+/-)Nicotine,TERT,O14746,1
C0639,(+/-)Nicotine,TH,P07101,1
C0639,(+/-)Nicotine,TIMP1,P01033,1
C0639,(+/-)Nicotine,TIMP3,P35625,1
C0639,(+/-)Nicotine,TIMP4,Q99727,1
C0639,(+/-)Nicotine,TNF,P01375,1
C0639,(+/-)Nicotine,VCAM1,P19320,1
C0639,(+/-)Nicotine,VEGFA,P15692,1
C0639,(+/-)Nicotine,XIAP,P98170,1
C0640,LacticAcid,AHR,P35869,2
C0640,LacticAcid,AQP4,P55087,1
C0640,LacticAcid,ASIC1,P78348,1
C0640,LacticAcid,NR2C2,P49116,1
C0640,LacticAcid,VEGFA,P15692,1
C0641,SaikosaponinD,BCL2,P10415,1
C0641,SaikosaponinD,CDK4,P11802,1
C0641,SaikosaponinD,FN1,P02751,1
C0641,SaikosaponinD,FOS,P01100,1
C0641,SaikosaponinD,IL6,P05231,1
C0641,SaikosaponinD,JUN,P05412,1
C0641,SaikosaponinD,MYC,P01106,1
C0641,SaikosaponinD,NFKBIA,P25963,1
C0641,SaikosaponinD,NR3C1,P04150,1
C0641,SaikosaponinD,RELA,Q04206,1
C0641,SaikosaponinD,TGFB1,P01137,1
C0641,SaikosaponinD,TNF,P01375,1
C0641,SaikosaponinD,TP53,P04637,1
C0642,Geniposide,BCL2,P10415,1
C0642,Geniposide,CDH1,P12830,1
C0642,Geniposide,GAP43,P17677,1
C0642,Geniposide,GLP1R,P43220,2
C0642,Geniposide,GSK3B,P49841,1
C0642,Geniposide,GSTM1,P09488,1
C0642,Geniposide,GSTM2,P28161,1
C0642,Geniposide,HMOX1,P09601,1
C0642,Geniposide,IDE,P14735,1
C0642,Geniposide,MTOR,P42345,1
C0642,Geniposide,NFKB1,P19838,1
C0642,Geniposide,PLA2G1B,P04054,1
C0642,Geniposide,TCF7L2,Q9NQB0,1
C0642,Geniposide,TGFB1,P01137,1
C0642,Geniposide,VIM,P08670,1
C0642,Geniposide,WNT1,P04628,1
C0643,Gastrodin,APP,P05067,1
C0643,Gastrodin,BAX,Q07812,1
C0643,Gastrodin,BCL2,P10415,1
C0643,Gastrodin,HMOX1,P09601,2
C0643,Gastrodin,TLR4,O00206,1
C0644,Amarogentin,AKR1B1,P15121,1
C0644,Amarogentin,CDH1,P12830,1
C0644,Amarogentin,CTNNB1,P35222,1
C0644,Amarogentin,EGFR,P00533,1
C0644,Amarogentin,SFRP1,Q8N474,1
C0644,Amarogentin,SFRP2,Q96HF1,1
C0645,Taraxasterol,BAX,Q07812,1
C0645,Taraxasterol,BCL2,P10415,1
C0645,Taraxasterol,CASP3,P42574,1
C0646,Sophocarpine,ADIPOQ,Q15848,1
C0646,Sophocarpine,CCND1,P24385,1
C0646,Sophocarpine,CYP2C9,P11712,1
C0646,Sophocarpine,CYP3A4,P08684,2
C0646,Sophocarpine,IL6,P05231,1
C0646,Sophocarpine,LEP,P41159,1
C0646,Sophocarpine,RELA,Q04206,1
C0646,Sophocarpine,TNF,P01375,1
C0647,Cynaropicrin,LGALS3,P17931,1
C0648,SalvianolicAcidB,ALDH7A1,P49419,1
C0648,SalvianolicAcidB,COMT,P21964,1
C0648,SalvianolicAcidB,MMP9,P14780,1
C0648,SalvianolicAcidB,P2RY12,Q9H244,1
C0648,SalvianolicAcidB,PTGS2,P35354,1
C0649,Astilbin,IFNG,P01579,1
C0649,Astilbin,IL10,P22301,1
C0649,Astilbin,IL1B,P01584,1
C0649,Astilbin,IL6,P05231,1
C0649,Astilbin,TNF,P01375,1
C0649,Astilbin,TXNIP,Q9H3M7,1
C0650,SoyasaponinI,CDH1,P12830,1
C0650,SoyasaponinI,REN,P00797,1
C0651,Phorbol-12-Myristate-13-Acetate,PRKCA,P17252,2
C0651,Phorbol-12-Myristate-13-Acetate,PRKCG,P05129,1
C0651,Phorbol-12-Myristate-13-Acetate,PRRT2,Q7Z6L0,2
C0652,UralsaponinA,ACHE,P22303,1
C0652,UralsaponinA,CYP7A1,P22680,1
C0652,UralsaponinA,HMGB1,P09429,33
C0652,UralsaponinA,INSR,P06213,1
C0652,UralsaponinA,MUC5AC,P98088,1
C0652,UralsaponinA,NFE2L2,Q16236,1
C0652,UralsaponinA,NR1I2,O75469,1
C0652,UralsaponinA,TAC1,P20366,1
C0653,20-Hydroxyecdysone,CTSL,P07711,1
C0653,20-Hydroxyecdysone,EGFR,P00533,1
C0653,20-Hydroxyecdysone,MICAL1,Q8TDZ2,1
C0653,20-Hydroxyecdysone,SOD1,P00441,1
C0654,YakuchinoneA,JUN,P05412,1
C0654,YakuchinoneA,NOS2,P35228,1
C0654,YakuchinoneA,ODC1,P11926,1
C0654,YakuchinoneA,PTGS2,P35354,1
C0654,YakuchinoneA,TNF,P01375,1
C0655,25-Hydroxycholecalciferol,CAMP,P49913,1
C0655,25-Hydroxycholecalciferol,CYP24A1,Q07973,1
C0655,25-Hydroxycholecalciferol,CYP3A,nan,2
C0655,25-Hydroxycholecalciferol,PIGK,Q92643,1
C0655,25-Hydroxycholecalciferol,PTH,P01270,1
C0655,25-Hydroxycholecalciferol,VDR,P11473,1
C0656,Spinosin,FOS,P01100,1
C0657,27-Hydroxycholesterol,APOA1,P02647,1
C0657,27-Hydroxycholesterol,ESR1,P03372,1
C0657,27-Hydroxycholesterol,MMP9,P14780,1
C0658,Curculigoside,CYP1A2,P05177,1
C0658,Curculigoside,CYP2C8,P10632,2
C0658,Curculigoside,CYP3A4,P08684,1
C0659,"Rhodioloside,Salidroside",BAX,Q07812,1
C0659,"Rhodioloside,Salidroside",BCL2,P10415,1
C0659,"Rhodioloside,Salidroside",MMP2,P08253,1
C0659,"Rhodioloside,Salidroside",MMP9,P14780,1
C0660,Neferine,BCL2,P10415,1
C0660,Neferine,CCL5,P13501,1
C0660,Neferine,COL1A1,P02452,1
C0660,Neferine,COL1A2,P08123,1
C0660,Neferine,PTK2,Q05397,1
C0660,Neferine,RPS6KB1,P23443,1
C0660,Neferine,TIMP1,P01033,1
C0661,Neoandrographolide,NOS2,P35228,1
C0661,Neoandrographolide,PTGS2,P35354,1
C0661,Neoandrographolide,TNF,P01375,1
C0662,Anonaine,DDC,P20711,1
C0662,Anonaine,TH,P07101,1
C0663,Liensinine,ERG,P11308,1
C0663,Liensinine,P4HB,P07237,1
C0664,Ampelopsin,CASP3,P42574,1
C0664,Ampelopsin,FGF2,P09038,1
C0664,Ampelopsin,IKBKB,O14920,1
C0664,Ampelopsin,NFKB1,P19838,1
C0664,Ampelopsin,TYR,P14679,1
C0664,Ampelopsin,VEGFA,P15692,1
C0665,Pinusolide,SOD1,P00441,1
C0666,Albiflorin,BDNF,P23560,2
C0667,Cirsilineol,TBX21,Q9UL17,1
C0668,PlatycodinD,CASP3,P42574,1
C0668,PlatycodinD,CASP8,Q14790,1
C0668,PlatycodinD,GATA3,P23771,1
C0668,PlatycodinD,HSP90AA1,P07900,1
C0668,PlatycodinD,IFNG,P01579,1
C0668,PlatycodinD,IKBKB,O14920,1
C0668,PlatycodinD,IL10,P22301,1
C0668,PlatycodinD,IL2,P60568,1
C0668,PlatycodinD,IL4,P05112,1
C0668,PlatycodinD,NOS2,P35228,1
C0668,PlatycodinD,TNF,P01375,1
C0669,Sophoridine,IL6,P05231,1
C0669,Sophoridine,TNF,P01375,1
C0670,Menthol,TRPM8,Q7Z2W7,14
C0670,Menthol,TRPV1,Q8NER1,1
C0671,"Peiminine,Simperialine",BAX,Q07812,1
C0671,"Peiminine,Simperialine",BCL2,P10415,1
C0671,"Peiminine,Simperialine",CASP3,P42574,1
C0672,SaikosaponinA,BAX,Q07812,1
C0672,SaikosaponinA,BCL2,P10415,1
C0672,SaikosaponinA,CASP3,P42574,1
C0672,SaikosaponinA,CDKN2A,P42771,1
C0672,SaikosaponinA,CDKN2B,P42772,1
C0672,SaikosaponinA,MYC,P01106,1
C0672,SaikosaponinA,RB1,P06400,1
C0673,10-Gingerol,CYP3A4,P08684,1
C0673,10-Gingerol,GATA1,P15976,1
C0673,10-Gingerol,SRC,P12931,1
C0674,Sophoramine,IL6,P05231,1
C0674,Sophoramine,TNF,P01375,1
C0675,2-Arachidonoylglycerol,CNR1,P21554,1
C0675,2-Arachidonoylglycerol,CNR2,P34972,1
C0676,JujubosideA,CALM3;CALML2;CAM3;CAMC;CAMIII,P62158,1
C0677,Senkyunolide,TNFRSF9,Q07011,1
C0678,Naphthalene,SNAI1,O95863,1
C0679,Mannose,CD209,Q9NNX6,1
C0679,Mannose,ITIH4,Q14624,1
C0679,Mannose,POMK,Q9H5K3,1
C0679,Mannose,PPARG,P37231,1
C0679,Mannose,TPO,P07202,1
C0680,EsculenticAcid,PTGS2,P35354,1
C0681,Pronuciferine,SLC2A4,P14672,1
C0682,Tigogenin,PTGS2,P35354,1
C0683,Guaiol,RAD51,Q06609,1
C0684,Aconitine,PPARGC1A,Q9UBK2,1
C0685,Phorbol,APOBEC3A,P31941,1
C0685,Phorbol,APOBEC3B,Q9UH17,1
C0685,Phorbol,AQP4,P55087,1
C0685,Phorbol,CREB1,P16220,1
C0685,Phorbol,PRRT2,Q7Z6L0,1
C0685,Phorbol,SLC1A1,P43005,1
C0686,Scopolin,SIRT1,Q96EB6,1
C0687,Gentianine,PPARG,P37231,1
C0688,2-Methoxyestradiol,CASP3,P42574,1
C0688,2-Methoxyestradiol,HIF1A,Q16665,25
C0688,2-Methoxyestradiol,ID1,P41134,1
C0688,2-Methoxyestradiol,SOD2,P04179,1
C0689,CytochromeC,BAX,Q07812,1
C0689,CytochromeC,CASP3,P42574,3
C0689,CytochromeC,CASP8,Q14790,1
C0689,CytochromeC,MPV17,P39210,1
C0689,CytochromeC,NLRP3,Q96P20,1
C0690,Raffinose,GLA,P06280,1
C0690,Raffinose,ICAM1,P05362,1
C0690,Raffinose,MAPK8,P45983,1
C0690,Raffinose,SLC12A2,P55011,1
C0691,"Dipentene,L-Limonene",HMGCR,P04035,1
C0691,"Dipentene,L-Limonene",IFNG,P01579,1
C0691,"Dipentene,L-Limonene",IL4,P05112,1
C0692,Laminarin,CLEC7A,Q9BXN2,1
C0692,Laminarin,MUC2,Q02817,1
C0692,Laminarin,MUC4,Q99102,1
C0693,Maltose,AMY1A,P0DUB6,1
C0694,GLA,MIR148A,nan,1
C0694,GLA,TLR4,O00206,1
C0695,Borneol,MMP9,P14780,1
C0695,Borneol,TJP1,Q07157,1
C0695,Borneol,TRPM8,Q7Z2W7,1
C0695,Borneol,VEGFA,P15692,1
C0696,ARB,ADIPOQ,Q15848,1
C0696,ARB,AGT,P01019,2
C0696,ARB,BEST1,O76090,1
C0696,ARB,MAPK1,P28482,1
C0696,ARB,MAPK3,P27361,1
C0696,ARB,MIR21,nan,2
C0696,ARB,MMP9,P14780,1
C0696,ARB,SYNPO,Q8N3V7,1
C0697,Α-Pinene,NFKB1,P19838,1
C0698,GinsenosideRe,BAX,Q07812,1
C0698,GinsenosideRe,BCL2,P10415,1
C0699,GinsenosideRf,IFNG,P01579,1
C0699,GinsenosideRf,NTRK2,Q16620,1
C0700,GinsenosideRg1,ACHE,P22303,1
C0700,GinsenosideRg1,AHR,P35869,1
C0700,GinsenosideRg1,AQP4,P55087,1
C0700,GinsenosideRg1,BDNF,P23560,1
C0700,GinsenosideRg1,CASP3,P42574,2
C0700,GinsenosideRg1,CDH1,P12830,1
C0700,GinsenosideRg1,COL1A1,P02452,1
C0700,GinsenosideRg1,CYP1A1,P04798,1
C0700,GinsenosideRg1,FN1,P02751,1
C0700,GinsenosideRg1,HIF1A,Q16665,1
C0700,GinsenosideRg1,IL1B,P01584,1
C0700,GinsenosideRg1,IL2,P60568,1
C0700,GinsenosideRg1,IL4,P05112,1
C0700,GinsenosideRg1,MAPT,P10636,1
C0700,GinsenosideRg1,MMP9,P14780,1
C0700,GinsenosideRg1,NR3C1,P04150,1
C0700,GinsenosideRg1,PRKCB,P05771,1
C0700,GinsenosideRg1,SMAD2,Q15796,1
C0700,GinsenosideRg1,TGFB1,P01137,1
C0700,GinsenosideRg1,THBS1,P07996,1
C0700,GinsenosideRg1,TP53,P04637,1
C0700,GinsenosideRg1,TRPV1,Q8NER1,1
C0700,GinsenosideRg1,TXN,P10599,1
C0701,Phorbol,APOBEC3A,P31941,1
C0701,Phorbol,APOBEC3B,Q9UH17,1
C0701,Phorbol,GRK4,P32298,1
C0702,Decursin,CCND1,P24385,1
C0702,Decursin,MTOR,P42345,1
C0703,Farrerol,MAPK14,Q16539,1
C0703,Farrerol,MPO,P05164,1
C0703,Farrerol,OCLN,Q16625,1
C0704,Swertiamarin,ADIPOQ,Q15848,1
C0704,Swertiamarin,AKT1,P31749,1
C0704,Swertiamarin,HTR2C,P28335,1
C0705,Paeoniflorin,ABCB1,P08183,1
C0705,Paeoniflorin,AKT1,P31749,1
C0705,Paeoniflorin,APP,P05067,1
C0705,Paeoniflorin,BGLAP,P02818,1
C0705,Paeoniflorin,CD14,P08571,1
C0705,Paeoniflorin,CYBB,P04839,1
C0705,Paeoniflorin,HIF1A,Q16665,1
C0705,Paeoniflorin,IGF1,P05019,1
C0705,Paeoniflorin,IL6,P05231,1
C0705,Paeoniflorin,IRAK1,P51617,1
C0705,Paeoniflorin,LBP,P18428,1
C0705,Paeoniflorin,MIR29B1,nan,1
C0705,Paeoniflorin,MMP9,P14780,1
C0705,Paeoniflorin,NOX4,Q9NPH5,1
C0705,Paeoniflorin,PTGS2,P35354,1
C0705,Paeoniflorin,SNCA,P37840,1
C0705,Paeoniflorin,SOCS3,O14543,1
C0705,Paeoniflorin,STAT3,P40763,1
C0705,Paeoniflorin,TNF,P01375,1
C0705,Paeoniflorin,VEGFA,P15692,1
C0706,Swertiajaponin,TYR,P14679,2
C0707,[6]-Gingerol,LTA4H,P09960,1
C0708,Grandisin,CYP2C9,P11712,1
C0708,Grandisin,CYP3A4,P08684,1
C0708,Grandisin,CYP3A5,P20815,1
C0709,2-Nonenal,ELANE,P08246,1
C0709,2-Nonenal,PTP4A1,Q93096,1
C0710,Ribose,RYR1,P21817,1
C0711,2-Phenoxyethanol,PARP1,P09874,1
C0712,Isocryptotanshinone,STAT3,P40763,1
C0713,Baicalein,ABCB1,P08183,1
C0713,Baicalein,AKT1,P31749,2
C0713,Baicalein,ALOX12,P18054,7
C0713,Baicalein,ALOX15,P16050,7
C0713,Baicalein,AR,P10275,1
C0713,Baicalein,BAX,Q07812,2
C0713,Baicalein,BCL2,P10415,2
C0713,Baicalein,CASP3,P42574,2
C0713,Baicalein,CAV1,Q03135,1
C0713,Baicalein,COMT,P21964,1
C0713,Baicalein,CRTC1,Q6UUV9,1
C0713,Baicalein,CXADR,P78310,1
C0713,Baicalein,CYP3A4,P08684,1
C0713,Baicalein,EGFR,P00533,1
C0713,Baicalein,ELK1,P19419,1
C0713,Baicalein,GAA,P10253,1
C0713,Baicalein,HMOX1,P09601,1
C0713,Baicalein,MAOB,P27338,1
C0713,Baicalein,MMP2,P08253,1
C0713,Baicalein,MMP9,P14780,1
C0713,Baicalein,NFE2L2,Q16236,1
C0713,Baicalein,PIK3CB,P42338,1
C0713,Baicalein,PIK3CD,O00329,1
C0713,Baicalein,PIK3CG,P48736,1
C0713,Baicalein,TYR,P14679,1
C0714,Rhaponticin,TYR,P14679,1
C0715,Α-Ionone,OR51E2,Q9H255,1
C0716,Β-Ionone,BCL2,P10415,1
C0716,Β-Ionone,CYP4F3,Q08477,1
C0716,Β-Ionone,OR51E2,Q9H255,3
C0717,Alpinetin,NFE2L2,Q16236,1
C0717,Alpinetin,PPARG,P37231,1
C0718,Rhododendrol,TYR,P14679,1
C0719,Borneol,MMP9,P14780,1
C0719,Borneol,TJP1,Q07157,1
C0719,Borneol,TRPM8,Q7Z2W7,1
C0719,Borneol,VEGFA,P15692,1
C0720,Sinomenine,NOS2,P35228,1
C0720,Sinomenine,TNF,P01375,1
C0721,Baicalin,ADORA2A,P29274,1
C0721,Baicalin,ALOX5,P09917,1
C0721,Baicalin,APPL2,Q8NEU8,1
C0721,Baicalin,BDNF,P23560,1
C0721,Baicalin,CASP3,P42574,1
C0721,Baicalin,CYP1A2,P05177,1
C0721,Baicalin,CYP3A,nan,2
C0721,Baicalin,FABP1,P07148,1
C0721,Baicalin,FN1,P02751,1
C0721,Baicalin,FOXP3,Q9BZS1,1
C0721,Baicalin,GUSB,P08236,1
C0721,Baicalin,IL17A,Q16552,1
C0721,Baicalin,IL6,P05231,1
C0721,Baicalin,JAK2,O60674,1
C0721,Baicalin,MEG3,nan,1
C0721,Baicalin,MMP9,P14780,1
C0721,Baicalin,NFE2L2,Q16236,1
C0721,Baicalin,NOD2,Q9HC29,2
C0721,Baicalin,NR3C1,P04150,1
C0721,Baicalin,PPARG,P37231,2
C0721,Baicalin,SCNN1A,P37088,1
C0721,Baicalin,SMAD2,Q15796,1
C0721,Baicalin,SMAD3,P84022,1
C0721,Baicalin,SOST,Q9BQB4,1
C0721,Baicalin,TJP1,Q07157,1
C0721,Baicalin,TLR2,O60603,1
C0721,Baicalin,TLR4,O00206,1
C0721,Baicalin,TNFRSF11B,O00300,1
C0721,Baicalin,TYR,P14679,1
C0721,Baicalin,WNT1,P04628,1
C0722,Aurapten,AKT1,P31749,1
C0722,Aurapten,ESR1,P03372,1
C0722,Aurapten,SOAT1,P35610,1
C0723,Terpinen-4-Ol,MPO,P05164,1
C0723,Terpinen-4-Ol,TP53,P04637,1
C0724,SchisandrolA,CHUK,O15111,1
C0725,Ganodermanontriol,SATB1,Q01826,1
C0726,Stemofoline,ABCB1,P08183,1
C0727,Isocorynoxeine,HTR2A,P28223,1
C0728,Phellodendrine,CYP1A2,P05177,1
C0728,Phellodendrine,CYP2C9,P11712,1
C0728,Phellodendrine,CYP3A4,P08684,1
C0729,Obtusifolin,F2,P00734,1
C0730,"3,5-DihydroxybenzoicAcid",HCAR1,Q9BXC0,1
C0731,Wogonoside,PLSCR1,O15162,1
C0732,"3(S)-3-Butyl-4,5-Dihydrophthalide",RELA,Q04206,1
C0732,"3(S)-3-Butyl-4,5-Dihydrophthalide",TNF,P01375,1
C0733,Cearoin,BCL2,P10415,1
C0734,Histamine,AQP5,P55064,1
C0734,Histamine,AVP,P01185,1
C0734,Histamine,BDKRB1,P46663,1
C0734,Histamine,BMP2,P12643,1
C0734,Histamine,CCL20,P78556,1
C0734,Histamine,HDC,P19113,1
C0734,Histamine,HRH1,P35367,1
C0734,Histamine,HRH3,Q9Y5N1,2
C0734,Histamine,IL6,P05231,1
C0734,Histamine,MAPK1,P28482,1
C0734,Histamine,MAPK3,P27361,1
C0734,Histamine,MUC5AC,P98088,1
C0734,Histamine,NFKB1,P19838,2
C0734,Histamine,NFKBIA,P25963,1
C0734,Histamine,PDIA6,Q15084,1
C0734,Histamine,PRKD1,Q15139,1
C0734,Histamine,PTGS2,P35354,1
C0734,Histamine,SCN11A,Q9UI33,1
C0734,Histamine,TNFSF11,O14788,1
C0734,Histamine,TRPV1,Q8NER1,1
C0735,GLY,HMGB1,P09429,1
C0736,Isoliensinine,P4HB,P07237,1
C0736,Isoliensinine,SOD1,P00441,1
C0737,AbscisicAcid,ACE,P12821,1
C0737,AbscisicAcid,BIN2,Q9UBW5,1
C0737,AbscisicAcid,CRABP2,P29373,1
C0737,AbscisicAcid,DEGS1,O15121,1
C0737,AbscisicAcid,LANCL2,Q9NS86,3
C0737,AbscisicAcid,NR1I2,O75469,1
C0737,AbscisicAcid,PPARA,Q07869,1
C0737,AbscisicAcid,PPARG,P37231,1
C0737,AbscisicAcid,PSMB6,P28072,1
C0737,AbscisicAcid,VCAM1,P19320,1
C0738,Zeaxanthin,VEGFA,P15692,1
C0739,"(1E,6E)-1,7-Bis(4-Hydroxy-3-Methoxyphenyl)Hepta-1,6-Diene-3,5-Dione",ABCB1,P08183,1
C0739,"(1E,6E)-1,7-Bis(4-Hydroxy-3-Methoxyphenyl)Hepta-1,6-Diene-3,5-Dione",ABCC1,P33527,1
C0739,"(1E,6E)-1,7-Bis(4-Hydroxy-3-Methoxyphenyl)Hepta-1,6-Diene-3,5-Dione",ABCG2,Q9UNQ0,1
C0739,"(1E,6E)-1,7-Bis(4-Hydroxy-3-Methoxyphenyl)Hepta-1,6-Diene-3,5-Dione",ACHE,P22303,1
C0739,"(1E,6E)-1,7-Bis(4-Hydroxy-3-Methoxyphenyl)Hepta-1,6-Diene-3,5-Dione",ACTA2,P62736,1
C0739,"(1E,6E)-1,7-Bis(4-Hydroxy-3-Methoxyphenyl)Hepta-1,6-Diene-3,5-Dione",AHR,P35869,1
C0739,"(1E,6E)-1,7-Bis(4-Hydroxy-3-Methoxyphenyl)Hepta-1,6-Diene-3,5-Dione",AKT1,P31749,2
C0739,"(1E,6E)-1,7-Bis(4-Hydroxy-3-Methoxyphenyl)Hepta-1,6-Diene-3,5-Dione",ALB,P02768,1
C0739,"(1E,6E)-1,7-Bis(4-Hydroxy-3-Methoxyphenyl)Hepta-1,6-Diene-3,5-Dione",ANGPT1,Q15389,1
C0739,"(1E,6E)-1,7-Bis(4-Hydroxy-3-Methoxyphenyl)Hepta-1,6-Diene-3,5-Dione",AR,P10275,1
C0739,"(1E,6E)-1,7-Bis(4-Hydroxy-3-Methoxyphenyl)Hepta-1,6-Diene-3,5-Dione",BAD,Q92934,1
C0739,"(1E,6E)-1,7-Bis(4-Hydroxy-3-Methoxyphenyl)Hepta-1,6-Diene-3,5-Dione",BAX,Q07812,2
C0739,"(1E,6E)-1,7-Bis(4-Hydroxy-3-Methoxyphenyl)Hepta-1,6-Diene-3,5-Dione",BCL2L1,Q07817,1
C0739,"(1E,6E)-1,7-Bis(4-Hydroxy-3-Methoxyphenyl)Hepta-1,6-Diene-3,5-Dione",BDNF,P23560,1
C0739,"(1E,6E)-1,7-Bis(4-Hydroxy-3-Methoxyphenyl)Hepta-1,6-Diene-3,5-Dione",BIRC2,Q13490,1
C0739,"(1E,6E)-1,7-Bis(4-Hydroxy-3-Methoxyphenyl)Hepta-1,6-Diene-3,5-Dione",CASP3,P42574,1
C0739,"(1E,6E)-1,7-Bis(4-Hydroxy-3-Methoxyphenyl)Hepta-1,6-Diene-3,5-Dione",CASP7,P55210,1
C0739,"(1E,6E)-1,7-Bis(4-Hydroxy-3-Methoxyphenyl)Hepta-1,6-Diene-3,5-Dione",CASP8,Q14790,1
C0739,"(1E,6E)-1,7-Bis(4-Hydroxy-3-Methoxyphenyl)Hepta-1,6-Diene-3,5-Dione",CASP9,P55211,1
C0739,"(1E,6E)-1,7-Bis(4-Hydroxy-3-Methoxyphenyl)Hepta-1,6-Diene-3,5-Dione",CAV1,Q03135,1
C0739,"(1E,6E)-1,7-Bis(4-Hydroxy-3-Methoxyphenyl)Hepta-1,6-Diene-3,5-Dione",CBR1,P16152,1
C0739,"(1E,6E)-1,7-Bis(4-Hydroxy-3-Methoxyphenyl)Hepta-1,6-Diene-3,5-Dione",CCL2,P13500,1
C0739,"(1E,6E)-1,7-Bis(4-Hydroxy-3-Methoxyphenyl)Hepta-1,6-Diene-3,5-Dione",CCNB1,P14635,1
C0739,"(1E,6E)-1,7-Bis(4-Hydroxy-3-Methoxyphenyl)Hepta-1,6-Diene-3,5-Dione",CCND1,P24385,1
C0739,"(1E,6E)-1,7-Bis(4-Hydroxy-3-Methoxyphenyl)Hepta-1,6-Diene-3,5-Dione",CCND3,P30281,1
C0739,"(1E,6E)-1,7-Bis(4-Hydroxy-3-Methoxyphenyl)Hepta-1,6-Diene-3,5-Dione",CD28,P10747,1
C0739,"(1E,6E)-1,7-Bis(4-Hydroxy-3-Methoxyphenyl)Hepta-1,6-Diene-3,5-Dione",CD80,P33681,1
C0739,"(1E,6E)-1,7-Bis(4-Hydroxy-3-Methoxyphenyl)Hepta-1,6-Diene-3,5-Dione",CD9,P21926,1
C0739,"(1E,6E)-1,7-Bis(4-Hydroxy-3-Methoxyphenyl)Hepta-1,6-Diene-3,5-Dione",CDH11,P55287,1
C0739,"(1E,6E)-1,7-Bis(4-Hydroxy-3-Methoxyphenyl)Hepta-1,6-Diene-3,5-Dione",CDK1,P06493,1
C0739,"(1E,6E)-1,7-Bis(4-Hydroxy-3-Methoxyphenyl)Hepta-1,6-Diene-3,5-Dione",CDKN1A,P38936,1
C0739,"(1E,6E)-1,7-Bis(4-Hydroxy-3-Methoxyphenyl)Hepta-1,6-Diene-3,5-Dione",CDKN1B,P46527,1
C0739,"(1E,6E)-1,7-Bis(4-Hydroxy-3-Methoxyphenyl)Hepta-1,6-Diene-3,5-Dione",CEBPA,P49715,1
C0739,"(1E,6E)-1,7-Bis(4-Hydroxy-3-Methoxyphenyl)Hepta-1,6-Diene-3,5-Dione",CEBPB,P17676,1
C0739,"(1E,6E)-1,7-Bis(4-Hydroxy-3-Methoxyphenyl)Hepta-1,6-Diene-3,5-Dione",CHUK,O15111,2
C0739,"(1E,6E)-1,7-Bis(4-Hydroxy-3-Methoxyphenyl)Hepta-1,6-Diene-3,5-Dione",COL1A1,P02452,1
C0739,"(1E,6E)-1,7-Bis(4-Hydroxy-3-Methoxyphenyl)Hepta-1,6-Diene-3,5-Dione",CREB3L3,Q68CJ9,1
C0739,"(1E,6E)-1,7-Bis(4-Hydroxy-3-Methoxyphenyl)Hepta-1,6-Diene-3,5-Dione",CTLA4,P16410,1
C0739,"(1E,6E)-1,7-Bis(4-Hydroxy-3-Methoxyphenyl)Hepta-1,6-Diene-3,5-Dione",CTNNB1,P35222,1
C0739,"(1E,6E)-1,7-Bis(4-Hydroxy-3-Methoxyphenyl)Hepta-1,6-Diene-3,5-Dione",CXCL8,P10145,1
C0739,"(1E,6E)-1,7-Bis(4-Hydroxy-3-Methoxyphenyl)Hepta-1,6-Diene-3,5-Dione",CYP1A1,P04798,1
C0739,"(1E,6E)-1,7-Bis(4-Hydroxy-3-Methoxyphenyl)Hepta-1,6-Diene-3,5-Dione",CYP3A4,P08684,1
C0739,"(1E,6E)-1,7-Bis(4-Hydroxy-3-Methoxyphenyl)Hepta-1,6-Diene-3,5-Dione",DFFB,O76075,1
C0739,"(1E,6E)-1,7-Bis(4-Hydroxy-3-Methoxyphenyl)Hepta-1,6-Diene-3,5-Dione",DLK1,P80370,1
C0739,"(1E,6E)-1,7-Bis(4-Hydroxy-3-Methoxyphenyl)Hepta-1,6-Diene-3,5-Dione",DNAJB4,Q9UDY4,1
C0739,"(1E,6E)-1,7-Bis(4-Hydroxy-3-Methoxyphenyl)Hepta-1,6-Diene-3,5-Dione",DNMT1,P26358,1
C0739,"(1E,6E)-1,7-Bis(4-Hydroxy-3-Methoxyphenyl)Hepta-1,6-Diene-3,5-Dione",ECM1,Q16610,1
C0739,"(1E,6E)-1,7-Bis(4-Hydroxy-3-Methoxyphenyl)Hepta-1,6-Diene-3,5-Dione",EGFR,P00533,1
C0739,"(1E,6E)-1,7-Bis(4-Hydroxy-3-Methoxyphenyl)Hepta-1,6-Diene-3,5-Dione",EGFR,Q504U8,1
C0739,"(1E,6E)-1,7-Bis(4-Hydroxy-3-Methoxyphenyl)Hepta-1,6-Diene-3,5-Dione",EGR1,P18146,1
C0739,"(1E,6E)-1,7-Bis(4-Hydroxy-3-Methoxyphenyl)Hepta-1,6-Diene-3,5-Dione",EP300,Q09472,1
C0739,"(1E,6E)-1,7-Bis(4-Hydroxy-3-Methoxyphenyl)Hepta-1,6-Diene-3,5-Dione",ETS1,P14921,1
C0739,"(1E,6E)-1,7-Bis(4-Hydroxy-3-Methoxyphenyl)Hepta-1,6-Diene-3,5-Dione",F3,P13726,1
C0739,"(1E,6E)-1,7-Bis(4-Hydroxy-3-Methoxyphenyl)Hepta-1,6-Diene-3,5-Dione",FASN,P49327,1
C0739,"(1E,6E)-1,7-Bis(4-Hydroxy-3-Methoxyphenyl)Hepta-1,6-Diene-3,5-Dione",FGF2,P09038,1
C0739,"(1E,6E)-1,7-Bis(4-Hydroxy-3-Methoxyphenyl)Hepta-1,6-Diene-3,5-Dione",FOS,P01100,1
C0739,"(1E,6E)-1,7-Bis(4-Hydroxy-3-Methoxyphenyl)Hepta-1,6-Diene-3,5-Dione",FTH1,P02794,1
C0739,"(1E,6E)-1,7-Bis(4-Hydroxy-3-Methoxyphenyl)Hepta-1,6-Diene-3,5-Dione",FZD1,Q9UP38,1
C0739,"(1E,6E)-1,7-Bis(4-Hydroxy-3-Methoxyphenyl)Hepta-1,6-Diene-3,5-Dione",G6PC1,P35575,1
C0739,"(1E,6E)-1,7-Bis(4-Hydroxy-3-Methoxyphenyl)Hepta-1,6-Diene-3,5-Dione",GCK,P35557,1
C0739,"(1E,6E)-1,7-Bis(4-Hydroxy-3-Methoxyphenyl)Hepta-1,6-Diene-3,5-Dione",GLI1,P08151,1
C0739,"(1E,6E)-1,7-Bis(4-Hydroxy-3-Methoxyphenyl)Hepta-1,6-Diene-3,5-Dione",GSTA1,P08263,1
C0739,"(1E,6E)-1,7-Bis(4-Hydroxy-3-Methoxyphenyl)Hepta-1,6-Diene-3,5-Dione",GSTA2,P09210,1
C0739,"(1E,6E)-1,7-Bis(4-Hydroxy-3-Methoxyphenyl)Hepta-1,6-Diene-3,5-Dione",GSTM1,P09488,1
C0739,"(1E,6E)-1,7-Bis(4-Hydroxy-3-Methoxyphenyl)Hepta-1,6-Diene-3,5-Dione",GSTM2,P28161,1
C0739,"(1E,6E)-1,7-Bis(4-Hydroxy-3-Methoxyphenyl)Hepta-1,6-Diene-3,5-Dione",GSTP1,P09211,1
C0739,"(1E,6E)-1,7-Bis(4-Hydroxy-3-Methoxyphenyl)Hepta-1,6-Diene-3,5-Dione",HAT1,O14929,1
C0739,"(1E,6E)-1,7-Bis(4-Hydroxy-3-Methoxyphenyl)Hepta-1,6-Diene-3,5-Dione",HDAC1,Q13547,1
C0739,"(1E,6E)-1,7-Bis(4-Hydroxy-3-Methoxyphenyl)Hepta-1,6-Diene-3,5-Dione",HIF1A,Q16665,1
C0739,"(1E,6E)-1,7-Bis(4-Hydroxy-3-Methoxyphenyl)Hepta-1,6-Diene-3,5-Dione",HMOX1,P09601,1
C0739,"(1E,6E)-1,7-Bis(4-Hydroxy-3-Methoxyphenyl)Hepta-1,6-Diene-3,5-Dione",HSPB1,P04792,1
C0739,"(1E,6E)-1,7-Bis(4-Hydroxy-3-Methoxyphenyl)Hepta-1,6-Diene-3,5-Dione",ICAM1,P05362,1
C0739,"(1E,6E)-1,7-Bis(4-Hydroxy-3-Methoxyphenyl)Hepta-1,6-Diene-3,5-Dione",IGF1R,P08069,1
C0739,"(1E,6E)-1,7-Bis(4-Hydroxy-3-Methoxyphenyl)Hepta-1,6-Diene-3,5-Dione",IKBKB,O14920,1
C0739,"(1E,6E)-1,7-Bis(4-Hydroxy-3-Methoxyphenyl)Hepta-1,6-Diene-3,5-Dione",IL1B,P01584,1
C0739,"(1E,6E)-1,7-Bis(4-Hydroxy-3-Methoxyphenyl)Hepta-1,6-Diene-3,5-Dione",IL2,P60568,1
C0739,"(1E,6E)-1,7-Bis(4-Hydroxy-3-Methoxyphenyl)Hepta-1,6-Diene-3,5-Dione",IL2RA,P01589,1
C0739,"(1E,6E)-1,7-Bis(4-Hydroxy-3-Methoxyphenyl)Hepta-1,6-Diene-3,5-Dione",IL6,P05231,1
C0739,"(1E,6E)-1,7-Bis(4-Hydroxy-3-Methoxyphenyl)Hepta-1,6-Diene-3,5-Dione",IMPDH1,P20839,1
C0739,"(1E,6E)-1,7-Bis(4-Hydroxy-3-Methoxyphenyl)Hepta-1,6-Diene-3,5-Dione",ING4,Q9UNL4,1
C0739,"(1E,6E)-1,7-Bis(4-Hydroxy-3-Methoxyphenyl)Hepta-1,6-Diene-3,5-Dione",JAK2,O60674,1
C0739,"(1E,6E)-1,7-Bis(4-Hydroxy-3-Methoxyphenyl)Hepta-1,6-Diene-3,5-Dione",JUN,P05412,1
C0739,"(1E,6E)-1,7-Bis(4-Hydroxy-3-Methoxyphenyl)Hepta-1,6-Diene-3,5-Dione",JUND,P17535,1
C0739,"(1E,6E)-1,7-Bis(4-Hydroxy-3-Methoxyphenyl)Hepta-1,6-Diene-3,5-Dione",KDM1A,O60341,1
C0739,"(1E,6E)-1,7-Bis(4-Hydroxy-3-Methoxyphenyl)Hepta-1,6-Diene-3,5-Dione",KDR,P35968,1
C0739,"(1E,6E)-1,7-Bis(4-Hydroxy-3-Methoxyphenyl)Hepta-1,6-Diene-3,5-Dione",LDLR,P01130,1
C0739,"(1E,6E)-1,7-Bis(4-Hydroxy-3-Methoxyphenyl)Hepta-1,6-Diene-3,5-Dione",LRRK2,Q5S007,1
C0739,"(1E,6E)-1,7-Bis(4-Hydroxy-3-Methoxyphenyl)Hepta-1,6-Diene-3,5-Dione",MAOA,P21397,1
C0739,"(1E,6E)-1,7-Bis(4-Hydroxy-3-Methoxyphenyl)Hepta-1,6-Diene-3,5-Dione",MAOB,P27338,1
C0739,"(1E,6E)-1,7-Bis(4-Hydroxy-3-Methoxyphenyl)Hepta-1,6-Diene-3,5-Dione",MAPK1,P28482,2
C0739,"(1E,6E)-1,7-Bis(4-Hydroxy-3-Methoxyphenyl)Hepta-1,6-Diene-3,5-Dione",MAPK15,Q8TD08,1
C0739,"(1E,6E)-1,7-Bis(4-Hydroxy-3-Methoxyphenyl)Hepta-1,6-Diene-3,5-Dione",MAPK3,P27361,1
C0739,"(1E,6E)-1,7-Bis(4-Hydroxy-3-Methoxyphenyl)Hepta-1,6-Diene-3,5-Dione",MCL1,Q07820,1
C0739,"(1E,6E)-1,7-Bis(4-Hydroxy-3-Methoxyphenyl)Hepta-1,6-Diene-3,5-Dione",MDM2,Q00987,1
C0739,"(1E,6E)-1,7-Bis(4-Hydroxy-3-Methoxyphenyl)Hepta-1,6-Diene-3,5-Dione",MMP1,P03956,1
C0739,"(1E,6E)-1,7-Bis(4-Hydroxy-3-Methoxyphenyl)Hepta-1,6-Diene-3,5-Dione",MMP14,P50281,1
C0739,"(1E,6E)-1,7-Bis(4-Hydroxy-3-Methoxyphenyl)Hepta-1,6-Diene-3,5-Dione",MMP2,P08253,1
C0739,"(1E,6E)-1,7-Bis(4-Hydroxy-3-Methoxyphenyl)Hepta-1,6-Diene-3,5-Dione",MMP3,P08254,1
C0739,"(1E,6E)-1,7-Bis(4-Hydroxy-3-Methoxyphenyl)Hepta-1,6-Diene-3,5-Dione",MMP9,P14780,1
C0739,"(1E,6E)-1,7-Bis(4-Hydroxy-3-Methoxyphenyl)Hepta-1,6-Diene-3,5-Dione",MPO,P05164,1
C0739,"(1E,6E)-1,7-Bis(4-Hydroxy-3-Methoxyphenyl)Hepta-1,6-Diene-3,5-Dione",MTOR,P42345,1
C0739,"(1E,6E)-1,7-Bis(4-Hydroxy-3-Methoxyphenyl)Hepta-1,6-Diene-3,5-Dione",MVP,Q14764,1
C0739,"(1E,6E)-1,7-Bis(4-Hydroxy-3-Methoxyphenyl)Hepta-1,6-Diene-3,5-Dione",MYC,P01106,1
C0739,"(1E,6E)-1,7-Bis(4-Hydroxy-3-Methoxyphenyl)Hepta-1,6-Diene-3,5-Dione",MYD88,Q99836,1
C0739,"(1E,6E)-1,7-Bis(4-Hydroxy-3-Methoxyphenyl)Hepta-1,6-Diene-3,5-Dione",NAT1,P18440,1
C0739,"(1E,6E)-1,7-Bis(4-Hydroxy-3-Methoxyphenyl)Hepta-1,6-Diene-3,5-Dione",NFATC1,O95644,1
C0739,"(1E,6E)-1,7-Bis(4-Hydroxy-3-Methoxyphenyl)Hepta-1,6-Diene-3,5-Dione",NGF,P01138,1
C0739,"(1E,6E)-1,7-Bis(4-Hydroxy-3-Methoxyphenyl)Hepta-1,6-Diene-3,5-Dione",NKX3-1,Q99801,1
C0739,"(1E,6E)-1,7-Bis(4-Hydroxy-3-Methoxyphenyl)Hepta-1,6-Diene-3,5-Dione",NOS2,P35228,1
C0739,"(1E,6E)-1,7-Bis(4-Hydroxy-3-Methoxyphenyl)Hepta-1,6-Diene-3,5-Dione",NOTCH1,P46531,1
C0739,"(1E,6E)-1,7-Bis(4-Hydroxy-3-Methoxyphenyl)Hepta-1,6-Diene-3,5-Dione",NPC1L1,Q9UHC9,1
C0739,"(1E,6E)-1,7-Bis(4-Hydroxy-3-Methoxyphenyl)Hepta-1,6-Diene-3,5-Dione",NQO1,P15559,1
C0739,"(1E,6E)-1,7-Bis(4-Hydroxy-3-Methoxyphenyl)Hepta-1,6-Diene-3,5-Dione",NR2C2,P49116,1
C0739,"(1E,6E)-1,7-Bis(4-Hydroxy-3-Methoxyphenyl)Hepta-1,6-Diene-3,5-Dione",ODC1,P11926,1
C0739,"(1E,6E)-1,7-Bis(4-Hydroxy-3-Methoxyphenyl)Hepta-1,6-Diene-3,5-Dione",OLR1,P78380,1
C0739,"(1E,6E)-1,7-Bis(4-Hydroxy-3-Methoxyphenyl)Hepta-1,6-Diene-3,5-Dione",PARP1,P09874,1
C0739,"(1E,6E)-1,7-Bis(4-Hydroxy-3-Methoxyphenyl)Hepta-1,6-Diene-3,5-Dione",PCK1,P35558,1
C0739,"(1E,6E)-1,7-Bis(4-Hydroxy-3-Methoxyphenyl)Hepta-1,6-Diene-3,5-Dione",PCNA,P12004,1
C0739,"(1E,6E)-1,7-Bis(4-Hydroxy-3-Methoxyphenyl)Hepta-1,6-Diene-3,5-Dione",PDGFRB,P09619,1
C0739,"(1E,6E)-1,7-Bis(4-Hydroxy-3-Methoxyphenyl)Hepta-1,6-Diene-3,5-Dione",PECAM1,P16284,1
C0739,"(1E,6E)-1,7-Bis(4-Hydroxy-3-Methoxyphenyl)Hepta-1,6-Diene-3,5-Dione",PGP,A6NDG6,1
C0739,"(1E,6E)-1,7-Bis(4-Hydroxy-3-Methoxyphenyl)Hepta-1,6-Diene-3,5-Dione",PIAS3,Q9Y6X2,1
C0739,"(1E,6E)-1,7-Bis(4-Hydroxy-3-Methoxyphenyl)Hepta-1,6-Diene-3,5-Dione",PIK3CA,P42336,1
C0739,"(1E,6E)-1,7-Bis(4-Hydroxy-3-Methoxyphenyl)Hepta-1,6-Diene-3,5-Dione",PLAU,P00749,1
C0739,"(1E,6E)-1,7-Bis(4-Hydroxy-3-Methoxyphenyl)Hepta-1,6-Diene-3,5-Dione",PPARG,P37231,1
C0739,"(1E,6E)-1,7-Bis(4-Hydroxy-3-Methoxyphenyl)Hepta-1,6-Diene-3,5-Dione",PRKCB,P05771,1
C0739,"(1E,6E)-1,7-Bis(4-Hydroxy-3-Methoxyphenyl)Hepta-1,6-Diene-3,5-Dione",PTCH1,Q13635,1
C0739,"(1E,6E)-1,7-Bis(4-Hydroxy-3-Methoxyphenyl)Hepta-1,6-Diene-3,5-Dione",PTGER4,P35408,1
C0739,"(1E,6E)-1,7-Bis(4-Hydroxy-3-Methoxyphenyl)Hepta-1,6-Diene-3,5-Dione",PTGS2,P35354,1
C0739,"(1E,6E)-1,7-Bis(4-Hydroxy-3-Methoxyphenyl)Hepta-1,6-Diene-3,5-Dione",PTK2,Q05397,1
C0739,"(1E,6E)-1,7-Bis(4-Hydroxy-3-Methoxyphenyl)Hepta-1,6-Diene-3,5-Dione",PTPN1,P18031,1
C0739,"(1E,6E)-1,7-Bis(4-Hydroxy-3-Methoxyphenyl)Hepta-1,6-Diene-3,5-Dione",RELA,Q04206,1
C0739,"(1E,6E)-1,7-Bis(4-Hydroxy-3-Methoxyphenyl)Hepta-1,6-Diene-3,5-Dione",SELE,P16581,1
C0739,"(1E,6E)-1,7-Bis(4-Hydroxy-3-Methoxyphenyl)Hepta-1,6-Diene-3,5-Dione",SELP,P16109,1
C0739,"(1E,6E)-1,7-Bis(4-Hydroxy-3-Methoxyphenyl)Hepta-1,6-Diene-3,5-Dione",SERPINE1,P05121,1
C0739,"(1E,6E)-1,7-Bis(4-Hydroxy-3-Methoxyphenyl)Hepta-1,6-Diene-3,5-Dione",SOD1,P00441,1
C0739,"(1E,6E)-1,7-Bis(4-Hydroxy-3-Methoxyphenyl)Hepta-1,6-Diene-3,5-Dione",SP1,P08047,1
C0739,"(1E,6E)-1,7-Bis(4-Hydroxy-3-Methoxyphenyl)Hepta-1,6-Diene-3,5-Dione",SREBF1,P36956,1
C0739,"(1E,6E)-1,7-Bis(4-Hydroxy-3-Methoxyphenyl)Hepta-1,6-Diene-3,5-Dione",STAT3,P40763,1
C0739,"(1E,6E)-1,7-Bis(4-Hydroxy-3-Methoxyphenyl)Hepta-1,6-Diene-3,5-Dione",STK11,Q15831,1
C0739,"(1E,6E)-1,7-Bis(4-Hydroxy-3-Methoxyphenyl)Hepta-1,6-Diene-3,5-Dione",SYK,P43405,2
C0739,"(1E,6E)-1,7-Bis(4-Hydroxy-3-Methoxyphenyl)Hepta-1,6-Diene-3,5-Dione",TGFB1,P01137,1
C0739,"(1E,6E)-1,7-Bis(4-Hydroxy-3-Methoxyphenyl)Hepta-1,6-Diene-3,5-Dione",TGFBR1,P36897,1
C0739,"(1E,6E)-1,7-Bis(4-Hydroxy-3-Methoxyphenyl)Hepta-1,6-Diene-3,5-Dione",TIMP1,P01033,1
C0739,"(1E,6E)-1,7-Bis(4-Hydroxy-3-Methoxyphenyl)Hepta-1,6-Diene-3,5-Dione",TLR4,O00206,1
C0739,"(1E,6E)-1,7-Bis(4-Hydroxy-3-Methoxyphenyl)Hepta-1,6-Diene-3,5-Dione",TLR9,Q9NR96,1
C0739,"(1E,6E)-1,7-Bis(4-Hydroxy-3-Methoxyphenyl)Hepta-1,6-Diene-3,5-Dione",TMPRSS11D,O60235,1
C0739,"(1E,6E)-1,7-Bis(4-Hydroxy-3-Methoxyphenyl)Hepta-1,6-Diene-3,5-Dione",TNF,P01375,1
C0739,"(1E,6E)-1,7-Bis(4-Hydroxy-3-Methoxyphenyl)Hepta-1,6-Diene-3,5-Dione",TNFRSF10A,O00220,1
C0739,"(1E,6E)-1,7-Bis(4-Hydroxy-3-Methoxyphenyl)Hepta-1,6-Diene-3,5-Dione",TNFRSF10B,O14763,1
C0739,"(1E,6E)-1,7-Bis(4-Hydroxy-3-Methoxyphenyl)Hepta-1,6-Diene-3,5-Dione",TNFRSF11A,Q9Y6Q6,1
C0739,"(1E,6E)-1,7-Bis(4-Hydroxy-3-Methoxyphenyl)Hepta-1,6-Diene-3,5-Dione",TNFSF13B,Q9Y275,1
C0739,"(1E,6E)-1,7-Bis(4-Hydroxy-3-Methoxyphenyl)Hepta-1,6-Diene-3,5-Dione",TP53,P04637,1
C0739,"(1E,6E)-1,7-Bis(4-Hydroxy-3-Methoxyphenyl)Hepta-1,6-Diene-3,5-Dione",TTR,P02766,1
C0739,"(1E,6E)-1,7-Bis(4-Hydroxy-3-Methoxyphenyl)Hepta-1,6-Diene-3,5-Dione",UGT1A4,P22310,1
C0739,"(1E,6E)-1,7-Bis(4-Hydroxy-3-Methoxyphenyl)Hepta-1,6-Diene-3,5-Dione",VCAM1,P19320,1
C0739,"(1E,6E)-1,7-Bis(4-Hydroxy-3-Methoxyphenyl)Hepta-1,6-Diene-3,5-Dione",VEGFA,P15692,1
C0739,"(1E,6E)-1,7-Bis(4-Hydroxy-3-Methoxyphenyl)Hepta-1,6-Diene-3,5-Dione",WT1,P19544,1
C0739,"(1E,6E)-1,7-Bis(4-Hydroxy-3-Methoxyphenyl)Hepta-1,6-Diene-3,5-Dione",XDH,P47989,1
C0739,"(1E,6E)-1,7-Bis(4-Hydroxy-3-Methoxyphenyl)Hepta-1,6-Diene-3,5-Dione",XIAP,P98170,1
C0739,"(1E,6E)-1,7-Bis(4-Hydroxy-3-Methoxyphenyl)Hepta-1,6-Diene-3,5-Dione",ZBTB7A,O95365,1
C0740,Panaxynol,CHRM1,P11229,1
C0740,Panaxynol,CNR1,P21554,1
C0740,Panaxynol,MAP1B,P46821,1
C0741,Α-Crocetin,ACHE,P22303,1
C0741,Α-Crocetin,BAX,Q07812,1
C0741,Α-Crocetin,CASP3,P42574,1
C0741,Α-Crocetin,KISS1,Q15726,1
C0741,Α-Crocetin,TYR,P14679,1
C0741,Α-Crocetin,VCAM1,P19320,1
C0742,Crocin,ABL1,P00519,1
C0742,Crocin,CASP3,P42574,1
C0742,Crocin,IL6,P05231,1
C0742,Crocin,MAPK1,P28482,2
C0742,Crocin,MAPK3,P27361,1
C0742,Crocin,OLR1,P78380,1
C0742,Crocin,SMPD2,O60906,1
C0742,Crocin,VEGFA,P15692,1
C0743,Β-Cryptoxanthin,ABCA1,O95477,1
C0743,Β-Cryptoxanthin,RARA,P10276,1
C0743,Β-Cryptoxanthin,RUNX1,Q01196,1
C0744,Lutein,ACHE,P22303,1
C0744,Lutein,HMOX1,P09601,1
C0744,Lutein,KAT5,Q92993,1
C0744,Lutein,NFE2L2,Q16236,1
C0744,Lutein,NQO1,P15559,1
C0744,Lutein,PLA2G1B,P04054,1
C0744,Lutein,STARD3,Q14849,1
C0745,Bruceantinol,STAT3,P40763,2
C0746,CucurbitacinB,BCL2,P10415,1
C0746,CucurbitacinB,CCNB1,P14635,1
C0746,CucurbitacinB,HIF1A,Q16665,3
C0746,CucurbitacinB,STAT3,P40763,1
C0747,CucurbitacinE,EIF2S1,P05198,1
C0747,CucurbitacinE,STAT3,P40763,1
C0747,CucurbitacinE,TP53,P04637,1
C0748,Fucosterol,ACHE,P22303,1
C0748,Fucosterol,HSPA5,P11021,1
C0749,Stigmasterol,NR1H2,P55055,1
C0750,Α-Spinasterol,NR1H2,P55055,1
C0750,Α-Spinasterol,NR1H3,Q13133,1
C0750,Α-Spinasterol,TRPV1,Q8NER1,2
C0751,Xanthatin,KDR,P35968,1
C0752,"(1R,9S)-4,11,11-Trimethyl-8-Methylenebicyclo[7.2.0]Undec-4-Ene,Caryophellene,Β-Caryophyllene",CNR2,P34972,1
C0752,"(1R,9S)-4,11,11-Trimethyl-8-Methylenebicyclo[7.2.0]Undec-4-Ene,Caryophellene,Β-Caryophyllene",IL6,P05231,1
C0753,Mangiferin,BCL2,P10415,1
C0753,Mangiferin,Bcl2l1,Q64373,1
C0753,Mangiferin,CASP3,P42574,1
C0753,Mangiferin,CAT,P04040,1
C0753,Mangiferin,CRP,P02741,1
C0753,Mangiferin,DPP4,P27487,1
C0753,Mangiferin,IL1B,P01584,1
C0753,Mangiferin,IRAK1,P51617,1
C0753,Mangiferin,MIR182,nan,1
C0753,Mangiferin,NFE2L2,Q16236,1
C0753,Mangiferin,NFKB1,P19838,1
C0753,Mangiferin,PPARA,Q07869,1
C0753,Mangiferin,RELA,Q04206,1
C0753,Mangiferin,SOD1,P00441,1
C0753,Mangiferin,TLR4,O00206,1
C0754,Orientin,BAX,Q07812,1
C0754,Orientin,BCL2,P10415,1
C0754,Orientin,CASP3,P42574,1
C0754,Orientin,CEBPD,P49716,2
C0754,Orientin,PLA2G2A,P14555,1
C0755,3-AminobenzoicAcid,HIF1A,Q16665,1
C0756,irisolidone,IL1B,P01584,1
C0756,irisolidone,JUN,P05412,1
C0756,irisolidone,MAPK1,P28482,1
C0756,irisolidone,MMP9,P14780,1
C0756,irisolidone,NOS2,P35228,1
C0756,irisolidone,RELA,Q04206,1
C0756,irisolidone,TNF,P01375,1
C0757,Psoralidin,BAX,Q07812,1
C0757,Psoralidin,BCL2,P10415,1
C0757,Psoralidin,CASP3,P42574,1
C0757,Psoralidin,CYP2E1,P05181,1
C0757,Psoralidin,ESR1,P03372,1
C0757,Psoralidin,ESR2,Q92731,1
C0757,Psoralidin,RELA,Q04206,1
C0758,Tectoridin,PPARA,Q07869,1
C0759,Tectorigenin,AKR1B1,P15121,1
C0759,Tectorigenin,FCER1A,P12319,1
C0759,Tectorigenin,IGF1R,P08069,1
C0759,Tectorigenin,IL1B,P01584,1
C0759,Tectorigenin,IRS1,P35568,1
C0759,Tectorigenin,NOS2,P35228,1
C0759,Tectorigenin,NPEPPS,P55786,1
C0759,Tectorigenin,PPARG,P37231,1
C0759,Tectorigenin,PTGER3,P43115,1
C0759,Tectorigenin,PTGS2,P35354,1
C0759,Tectorigenin,SPDEF,O95238,1
C0759,Tectorigenin,TERT,O14746,1
C0759,Tectorigenin,TIMP3,P35625,1
C0760,Α-Ionone,OR51E2,Q9H255,1
C0761,3-HydroxybenzoicAcid,HCAR1,Q9BXC0,1
C0761,3-HydroxybenzoicAcid,HCAR2,Q8TDS4,1
C0762,3-Iodothyronamine,TAAR1,Q96RJ0,3
C0763,3-Methyl-1H-Indole,AHR,P35869,3
C0763,3-Methyl-1H-Indole,CYP1A1,P04798,2
C0763,3-Methyl-1H-Indole,CYP1A2,P05177,2
C0763,3-Methyl-1H-Indole,CYP1B1,Q16678,2
C0764,GanodermicAcidR,IFNG,P01579,1
C0765,Glycitein,APP,P05067,1
C0765,Glycitein,MMP13,P45452,1
C0765,Glycitein,MMP8,P22894,1
C0766,Glycycoumarin,CASP3,P42574,1
C0768,Isolinderalactone,PIGK,Q92643,1
C0769,Isotrifoliol,NFKB1,P19838,1
C0771,"4,7,7-Trimethylbicyclo[2.2.1]Heptan-3-One",CYP1A1,P04798,1
C0771,"4,7,7-Trimethylbicyclo[2.2.1]Heptan-3-One",TRPA1,O75762,1
C0771,"4,7,7-Trimethylbicyclo[2.2.1]Heptan-3-One",TRPV3,Q8NET8,1
C0772,"2'-Methoxy-3,4,4'-Trihydroxychalcone",NOS2,P35228,1
C0773,Morin,ADA,P00813,1
C0773,Morin,AKT1,P31749,1
C0773,Morin,CAT,P04040,1
C0773,Morin,CCNG2,Q16589,1
C0773,Morin,DAPK1,P53355,1
C0773,Morin,GSK3B,P49841,2
C0773,Morin,LGALS3,P17931,1
C0773,Morin,MIR29A,nan,1
C0773,Morin,MPO,P05164,1
C0773,Morin,NR1H2,P55055,2
C0773,Morin,NR1H3,Q13133,2
C0773,Morin,PIAS3,Q9Y6X2,1
C0773,Morin,PPARG,P37231,1
C0773,Morin,TP53,P04637,1
C0774,Morusin,BIRC5,O15392,1
C0774,Morusin,NFKB1,P19838,1
C0775,Rhapontigenin,HIF1A,Q16665,1
C0775,Rhapontigenin,JUN,P05412,1
C0775,Rhapontigenin,MAPK1,P28482,1
C0776,AtractylenolideI,ALOX5,P09917,1
C0776,AtractylenolideI,IL1B,P01584,1
C0776,AtractylenolideI,IL6,P05231,1
C0776,AtractylenolideI,NOS2,P35228,1
C0776,AtractylenolideI,PGF,P49763,1
C0776,AtractylenolideI,TLR4,O00206,1
C0776,AtractylenolideI,TNF,P01375,1
C0776,AtractylenolideI,VEGFA,P15692,1
C0777,"5,7,2',3'-Tetrahydroxyflavone",NOS2,P35228,1
C0778,Tetrandrine,ABCB1,P08183,2
C0778,Tetrandrine,CCNB1,P14635,1
C0778,Tetrandrine,CCND1,P24385,1
C0778,Tetrandrine,CDK1,P06493,1
C0778,Tetrandrine,CYP1A1,P04798,1
C0778,Tetrandrine,EIF2S1,P05198,1
C0778,Tetrandrine,GLI1,P08151,1
C0778,Tetrandrine,IL1B,P01584,1
C0778,Tetrandrine,IL6,P05231,1
C0778,Tetrandrine,KCNH1,O95259,3
C0778,Tetrandrine,PRKCA,P17252,1
C0778,Tetrandrine,UGCG,Q16739,1
C0779,"(1S)-1-Methyl-1,2,3,4-Tetrahydroisoquinoline-6,7-Diol",KISS1,Q15726,1
C0780,"5-Hydroxy-6,7,8,3',4'-Pentamethoxyflavone",MAPK8,P45983,1
C0781,Tyramine,MAOB,P27338,1
C0782,BrefeldinA,AKT1,P31749,1
C0782,BrefeldinA,ARF1,P84077,1
C0782,BrefeldinA,GBF1,Q92538,1
C0782,BrefeldinA,NOS2,P35228,1
C0782,BrefeldinA,RAPGEF3,O95398,4
C0782,BrefeldinA,RTL10,Q7L3V2,1
C0783,Caryophellene,RELA,Q04206,1
C0784,Stigmasterol,NR1H2,P55055,1
C0785,Grifolin,DAPK1,P53355,1
C0785,Grifolin,MAPK1,P28482,1
C0785,Grifolin,MAPK3,P27361,1
C0786,Flazin,NFE2L2,Q16236,1
C0787,AnacardicAcid,AURKA,O14965,1
C0787,AnacardicAcid,COL1A2,P08123,2
C0787,AnacardicAcid,CREBBP,Q92793,1
C0787,AnacardicAcid,EP300,Q09472,2
C0787,AnacardicAcid,HSP90AA1,P07900,1
C0787,AnacardicAcid,KAT2B,Q92831,1
C0787,AnacardicAcid,PTEN,P60484,1
C0788,Irigenin,CDKN1A,P38936,1
C0788,Irigenin,CDKN1B,P46527,1
C0789,Demethoxycurcumin,ABCB1,P08183,1
C0789,Demethoxycurcumin,PPARG,P37231,1
C0790,PachymicAcid,BAD,Q92934,1
C0790,PachymicAcid,BCL2,P10415,1
C0790,PachymicAcid,CASP3,P42574,1
C0790,PachymicAcid,CASP9,P55211,1
C0790,PachymicAcid,CDKN1A,P38936,1
C0791,Triolein,AQP4,P55087,1
C0791,Triolein,GFAP,P14136,1
C0791,Triolein,LIPE,Q05469,1
C0791,Triolein,MMP1,P03956,1
C0792,Celastrol,AR,P10275,1
C0792,Celastrol,AXL,P30530,1
C0792,Celastrol,BACE1,P56817,1
C0792,Celastrol,CASP3,P42574,1
C0792,Celastrol,CASP9,P55211,1
C0792,Celastrol,CIP2A,Q8TCG1,1
C0792,Celastrol,CYP1A2,P05177,1
C0792,Celastrol,EGFR,P00533,1
C0792,Celastrol,FANCD2,Q9BXW9,1
C0792,Celastrol,FN1,P02751,1
C0792,Celastrol,HIF1A,Q16665,3
C0792,Celastrol,HSF1,Q00613,1
C0792,Celastrol,HSP90AA1,P07900,2
C0792,Celastrol,IFI27,P40305,1
C0792,Celastrol,MIR146A,nan,1
C0792,Celastrol,MIR21,nan,1
C0792,Celastrol,MIR223,nan,1
C0792,Celastrol,MYB,P10242,1
C0792,Celastrol,NFKB1,P19838,4
C0792,Celastrol,PMAIP1,Q13794,1
C0792,Celastrol,SREBF1,P36956,1
C0792,Celastrol,STAT3,P40763,1
C0792,Celastrol,TLR4,O00206,2
C0793,GinkgolideB,IL6,P05231,1
C0793,GinkgolideB,NR1I2,O75469,1
C0793,GinkgolideB,OLR1,P78380,1
C0793,GinkgolideB,PCLAF,Q15004,1
C0793,GinkgolideB,PTAFR,P25105,5
C0793,GinkgolideB,SIRT1,Q96EB6,1
C0793,GinkgolideB,STAT1,P42224,1
C0794,Melanin,IGF1R,P08069,1
C0794,Melanin,IL6,P05231,1
C0794,Melanin,MAPK1,P28482,1
C0794,Melanin,MAPK3,P27361,1
C0794,Melanin,MC1R,Q01726,1
C0794,Melanin,TNF,P01375,1
C0794,Melanin,VEGFA,P15692,1
C0795,Oleuropein,AKT1,P31749,1
C0795,Oleuropein,BAX,Q07812,1
C0795,Oleuropein,BCL2,P10415,1
C0795,Oleuropein,CASP3,P42574,1
C0795,Oleuropein,HIF1A,Q16665,1
C0795,Oleuropein,NFKB1,P19838,1
C0795,Oleuropein,NOS2,P35228,1
C0795,Oleuropein,PIGK,Q92643,1
C0795,Oleuropein,PPARA,Q07869,1
C0795,Oleuropein,PPARG,P37231,1
C0796,Α-Carotene,MYCN,P04198,1
C0797,YakuchinoneB,ICAM1,P05362,1
C0797,YakuchinoneB,JUN,P05412,1
C0797,YakuchinoneB,NOS2,P35228,1
C0797,YakuchinoneB,ODC1,P11926,1
C0797,YakuchinoneB,PTGS2,P35354,1
C0797,YakuchinoneB,RELA,Q04206,1
C0797,YakuchinoneB,SELE,P16581,1
C0797,YakuchinoneB,TNF,P01375,1
C0797,YakuchinoneB,VCAM1,P19320,1
C0798,FarnesiferolB,GPBAR1,Q8TDU6,1
C0799,Α-Cyperone,HMOX1,P09601,1
C0799,Α-Cyperone,SIRT1,Q96EB6,1
C0800,Borneol,MMP9,P14780,1
C0800,Borneol,TJP1,Q07157,1
C0800,Borneol,TRPM8,Q7Z2W7,1
C0800,Borneol,VEGFA,P15692,1
C0801,Pyrene,AHR,P35869,2
C0801,Pyrene,ALOX5,P09917,1
C0801,Pyrene,CXADR,P78310,1
C0802,GinsenosideRb2,TGFB1,P01137,1
C0803,Apicidin,HDAC2,Q92769,1
C0803,Apicidin,HDAC3,O15379,2
C0803,Apicidin,HDAC9,Q9UKV0,3
C0803,Apicidin,IL7R,P16871,1
C0804,estrone,ABCC1,P33527,1
C0805,BornylAcetate,FOS,P01100,1
C0805,BornylAcetate,MMP1,P03956,1
C0806,gamma-aminobutyricacid,BCL2,P10415,1
C0806,gamma-aminobutyricacid,BDNF,P23560,1
C0806,gamma-aminobutyricacid,CASP3,P42574,1
C0806,gamma-aminobutyricacid,CHAT,P28329,1
C0806,gamma-aminobutyricacid,GRIK1,P39086,1
C0806,gamma-aminobutyricacid,IL1B,P01584,1
C0806,gamma-aminobutyricacid,MAPK1,P28482,1
C0806,gamma-aminobutyricacid,MAPK3,P27361,1
C0806,gamma-aminobutyricacid,SLC12A2,P55011,1
C0806,gamma-aminobutyricacid,SLC2A2,P11168,1
C0807,D-Mannoheptulose,GCK,P35557,1
C0807,D-Mannoheptulose,HK1,P19367,1
C0808,"5,7-Dihydroxy-2-(4-Hydroxyphenyl)-2,3-Dihydrochromen-4-One",ABCC1,P33527,1
C0808,"5,7-Dihydroxy-2-(4-Hydroxyphenyl)-2,3-Dihydrochromen-4-One",ADIPOQ,Q15848,1
C0808,"5,7-Dihydroxy-2-(4-Hydroxyphenyl)-2,3-Dihydrochromen-4-One",AKR1C1,Q04828,1
C0808,"5,7-Dihydroxy-2-(4-Hydroxyphenyl)-2,3-Dihydrochromen-4-One",AKT1,P31749,1
C0808,"5,7-Dihydroxy-2-(4-Hydroxyphenyl)-2,3-Dihydrochromen-4-One",APOB,P04114,1
C0808,"5,7-Dihydroxy-2-(4-Hydroxyphenyl)-2,3-Dihydrochromen-4-One",BAD,Q92934,1
C0808,"5,7-Dihydroxy-2-(4-Hydroxyphenyl)-2,3-Dihydrochromen-4-One",BCHE,P06276,1
C0808,"5,7-Dihydroxy-2-(4-Hydroxyphenyl)-2,3-Dihydrochromen-4-One",BCL2,P10415,1
C0808,"5,7-Dihydroxy-2-(4-Hydroxyphenyl)-2,3-Dihydrochromen-4-One",CASP3,P42574,1
C0808,"5,7-Dihydroxy-2-(4-Hydroxyphenyl)-2,3-Dihydrochromen-4-One",CAT,P04040,1
C0808,"5,7-Dihydroxy-2-(4-Hydroxyphenyl)-2,3-Dihydrochromen-4-One",CES1,P23141,1
C0808,"5,7-Dihydroxy-2-(4-Hydroxyphenyl)-2,3-Dihydrochromen-4-One",CYP19A1,P11511,1
C0808,"5,7-Dihydroxy-2-(4-Hydroxyphenyl)-2,3-Dihydrochromen-4-One",ESR1,P03372,1
C0808,"5,7-Dihydroxy-2-(4-Hydroxyphenyl)-2,3-Dihydrochromen-4-One",ESR2,Q92731,1
C0808,"5,7-Dihydroxy-2-(4-Hydroxyphenyl)-2,3-Dihydrochromen-4-One",FASN,P49327,1
C0808,"5,7-Dihydroxy-2-(4-Hydroxyphenyl)-2,3-Dihydrochromen-4-One",GSR,P00390,1
C0808,"5,7-Dihydroxy-2-(4-Hydroxyphenyl)-2,3-Dihydrochromen-4-One",GSTP1,P09211,1
C0808,"5,7-Dihydroxy-2-(4-Hydroxyphenyl)-2,3-Dihydrochromen-4-One",HMGCR,P04035,1
C0808,"5,7-Dihydroxy-2-(4-Hydroxyphenyl)-2,3-Dihydrochromen-4-One",LDLR,P01130,1
C0808,"5,7-Dihydroxy-2-(4-Hydroxyphenyl)-2,3-Dihydrochromen-4-One",MAPK3,P27361,1
C0808,"5,7-Dihydroxy-2-(4-Hydroxyphenyl)-2,3-Dihydrochromen-4-One",MTTP,P55157,1
C0808,"5,7-Dihydroxy-2-(4-Hydroxyphenyl)-2,3-Dihydrochromen-4-One",NOS2,P35228,1
C0808,"5,7-Dihydroxy-2-(4-Hydroxyphenyl)-2,3-Dihydrochromen-4-One",PKD2,Q13563,1
C0808,"5,7-Dihydroxy-2-(4-Hydroxyphenyl)-2,3-Dihydrochromen-4-One",PLA2G1B,P04054,1
C0808,"5,7-Dihydroxy-2-(4-Hydroxyphenyl)-2,3-Dihydrochromen-4-One",PPARA,Q07869,1
C0808,"5,7-Dihydroxy-2-(4-Hydroxyphenyl)-2,3-Dihydrochromen-4-One",PPARG,P37231,1
C0808,"5,7-Dihydroxy-2-(4-Hydroxyphenyl)-2,3-Dihydrochromen-4-One",RELA,Q04206,1
C0808,"5,7-Dihydroxy-2-(4-Hydroxyphenyl)-2,3-Dihydrochromen-4-One",SOAT1,P35610,1
C0808,"5,7-Dihydroxy-2-(4-Hydroxyphenyl)-2,3-Dihydrochromen-4-One",SOAT2,O75908,1
C0808,"5,7-Dihydroxy-2-(4-Hydroxyphenyl)-2,3-Dihydrochromen-4-One",SOD1,P00441,1
C0808,"5,7-Dihydroxy-2-(4-Hydroxyphenyl)-2,3-Dihydrochromen-4-One",SREBF1,P36956,1
C0809,GinkgolideC,NR1I2,O75469,1
C0809,GinkgolideC,SIRT1,Q96EB6,1
C0810,GinsenosideRb1,CDK5,Q00535,1
C0810,GinsenosideRb1,FN1,P02751,2
C0810,GinsenosideRb1,GSK3B,P49841,1
C0810,GinsenosideRb1,IRAK1,P51617,1
C0810,GinsenosideRb1,NGF,P01138,1
C0810,GinsenosideRb1,NLRP3,Q96P20,1
C0811,Isoxanthohumol,ABCB1,P08183,1
C0811,Isoxanthohumol,CYP2C8,P10632,1
C0812,AralosideA,REN,P00797,1
C0813,(20S)-Protopanaxadiol,MMP2,P08253,1
C0813,(20S)-Protopanaxadiol,NOS2,P35228,1
C0814,CollettisideIii,AHR,P35869,1
C0814,CollettisideIii,CEBPA,P49715,1
C0814,CollettisideIii,HOTAIR,nan,1
C0814,CollettisideIii,LRP5,O75197,1
C0814,CollettisideIii,MITF,O75030,1
C0814,CollettisideIii,NR1H4,Q96RI1,1
C0814,CollettisideIii,PRDX1,Q06830,1
C0814,CollettisideIii,STAT3,P40763,1
C0815,"5-Hydroxy-3-(4-Hydroxyphenyl)-7-[3,4,5-Trihydroxy-6-(Hydroxymethyl)Oxan-2-Yl]Oxychromen-4-One",DNTT,P04053,1
C0815,"5-Hydroxy-3-(4-Hydroxyphenyl)-7-[3,4,5-Trihydroxy-6-(Hydroxymethyl)Oxan-2-Yl]Oxychromen-4-One",TFF1,P04155,1
C0816,GinkgolideJ,NR1I2,O75469,1
C0817,Morroniside,AKT1,P31749,1
C0817,Morroniside,CYP3A,nan,1
C0818,Nerolidol,TLR4,O00206,1
C0818,Nerolidol,TNF,P01375,1
C0819,Phytol,PPARA,Q07869,1
C0821,Danshensu,BAX,Q07812,1
C0821,Danshensu,BCL2,P10415,1
C0821,Danshensu,CASP3,P42574,1
C0821,Danshensu,CYP1A2,P05177,1
C0821,Danshensu,HMOX1,P09601,1
C0821,Danshensu,HRAS,P01112,1
C0821,Danshensu,TNNI3,P19429,1
C0822,EsculentosideA,RPS3A,P61247,1
C0823,GinsenosideRd,EGFR,P00533,1
C0824,Sauchinone,AKT1,P31749,1
C0824,Sauchinone,NFKB1,P19838,1
C0824,Sauchinone,TNF,P01375,1
C0825,Isomitraphylline,DPP4,P27487,1
C0826,Limonin,ABCB1,P08183,1
C0826,Limonin,AKT1,P31749,1
C0826,Limonin,HK2,P52789,1
C0826,Limonin,STAT3,P40763,1
C0827,"7,8-Dihydroxyflavone",AKT1,P31749,1
C0827,"7,8-Dihydroxyflavone",MAPK1,P28482,1
C0827,"7,8-Dihydroxyflavone",NTRK1,P04629,1
C0827,"7,8-Dihydroxyflavone",NTRK2,Q16620,11
C0828,PicrosideIi,AGER,Q15109,1
C0828,PicrosideIi,HMGB1,P09429,1
C0828,PicrosideIi,ICAM1,P05362,1
C0828,PicrosideIi,IL1B,P01584,1
C0828,PicrosideIi,TLR2,O60603,1
C0828,PicrosideIi,TNF,P01375,1
C0829,Asiaticoside,DES,P17661,1
C0829,Asiaticoside,GRIN2B,Q13224,1
C0829,Asiaticoside,NPHS1,O60500,1
C0829,Asiaticoside,NPHS2,Q9NP85,1
C0829,Asiaticoside,SYNPO,Q8N3V7,1
C0830,7-Oxocholesterol,AKT1,P31749,1
C0830,7-Oxocholesterol,BAX,Q07812,1
C0830,7-Oxocholesterol,BCL2,P10415,1
C0830,7-Oxocholesterol,BID,P55957,1
C0830,7-Oxocholesterol,Bcl2l1,Q64373,1
C0830,7-Oxocholesterol,CASP8,Q14790,1
C0830,7-Oxocholesterol,CASP9,P55211,1
C0830,7-Oxocholesterol,MAP1LC3B,Q9GZQ8,1
C0830,7-Oxocholesterol,PARP1,P09874,1
C0830,7-Oxocholesterol,SMO,Q99835,1
C0830,7-Oxocholesterol,TP53,P04637,1
C0831,sitosterol,ESR1,P03372,1
C0831,sitosterol,VCAM1,P19320,1
C0832,Corilagin,NFKB1,P19838,1
C0832,Corilagin,RNF8,O76064,1
C0832,Corilagin,TLR2,O60603,1
C0833,ChlorogenicAcid,BCL2,P10415,1
C0833,ChlorogenicAcid,CTSC,P53634,1
C0833,ChlorogenicAcid,G6PC1,P35575,1
C0833,ChlorogenicAcid,HDC,P19113,1
C0833,ChlorogenicAcid,NOTCH1,P46531,1
C0833,ChlorogenicAcid,PPARG,P37231,1
C0833,ChlorogenicAcid,TLR2,O60603,1
C0833,ChlorogenicAcid,VEGFA,P15692,1
C0834,TumulosicAcid,KLK5,Q9Y337,1
C0835,OrcinolGlucoside,CYP3A,nan,2
C0835,OrcinolGlucoside,NR1I2,O75469,1
C0836,8-Prenylapigenin,ESR2,Q92731,1
C0837,Arjungenin,NR1H4,Q96RI1,1
C0838,8-Prenylnaringenin,CYP1A2,P05177,1
C0838,8-Prenylnaringenin,CYP2C19,P33261,1
C0838,8-Prenylnaringenin,CYP2C9,P11712,1
C0839,"(2E,4E)-Deca-2,4-Dienal",CCND1,P24385,1
C0839,"(2E,4E)-Deca-2,4-Dienal",CD36,P16671,1
C0839,"(2E,4E)-Deca-2,4-Dienal",CDK4,P11802,1
C0839,"(2E,4E)-Deca-2,4-Dienal",CDKN1B,P46527,1
C0839,"(2E,4E)-Deca-2,4-Dienal",F3,P13726,1
C0839,"(2E,4E)-Deca-2,4-Dienal",RB1,P06400,1
C0839,"(2E,4E)-Deca-2,4-Dienal",TNF,P01375,1
C0840,Sanguinarine,BAX,Q07812,1
C0840,Sanguinarine,BCL2,P10415,1
C0840,Sanguinarine,DHFR,P00374,1
C0840,Sanguinarine,DUSP1,P28562,4
C0840,Sanguinarine,EIF4A1,P60842,1
C0840,Sanguinarine,MMP7,P09237,1
C0840,Sanguinarine,NFE2L2,Q16236,1
C0840,Sanguinarine,NFKB1,P19838,2
C0840,Sanguinarine,PRKAA1,Q13131,2
C0840,Sanguinarine,PTPN1,P18031,1
C0840,Sanguinarine,SNAI2,O43623,1
C0840,Sanguinarine,STAT3,P40763,1
C0840,Sanguinarine,SWAP70,Q9UH65,2
C0840,Sanguinarine,VEGFA,P15692,1
C0841,AbieticAcid,PPARG,P37231,1
C0841,AbieticAcid,RARA,P10276,1
C0842,ChikusetsusaponinIva,REN,P00797,1
C0843,AbscisicAcid,ACE,P12821,1
C0843,AbscisicAcid,BIN2,Q9UBW5,2
C0843,AbscisicAcid,CRABP2,P29373,1
C0843,AbscisicAcid,DEGS1,O15121,1
C0843,AbscisicAcid,G6PD,P11413,1
C0843,AbscisicAcid,LANCL2,Q9NS86,2
C0843,AbscisicAcid,PPARA,Q07869,1
C0843,AbscisicAcid,PPARG,P37231,1
C0843,AbscisicAcid,PSMB6,P28072,1
C0843,AbscisicAcid,VCAM1,P19320,1
C0844,Cycloastragenol,MAPK3,P27361,1
C0845,Acacetin,AKT1,P31749,1
C0845,Acacetin,BAX,Q07812,1
C0845,Acacetin,BCL2,P10415,1
C0845,Acacetin,CASP3,P42574,1
C0845,Acacetin,CASP8,Q14790,1
C0845,Acacetin,CDKN1A,P38936,1
C0845,Acacetin,CTNNB1,P35222,1
C0845,Acacetin,CYP19A1,P11511,1
C0845,Acacetin,CYP1A1,P04798,3
C0845,Acacetin,FASLG,P48023,1
C0845,Acacetin,FASN,P49327,1
C0845,Acacetin,MYC,P01106,1
C0845,Acacetin,NFKB1,P19838,1
C0845,Acacetin,NFKBIA,P25963,1
C0845,Acacetin,NOS2,P35228,1
C0845,Acacetin,PTGS2,P35354,1
C0845,Acacetin,RARG,P13631,1
C0845,Acacetin,RELA,Q04206,1
C0845,Acacetin,TNFRSF10A,O00220,1
C0845,Acacetin,TP53,P04637,2
C0845,Acacetin,UGT1A1,P22309,1
C0846,Acetaldehyde,ADIPOQ,Q15848,1
C0846,Acetaldehyde,AGT,P01019,1
C0846,Acetaldehyde,CAT,P04040,1
C0846,Acetaldehyde,CCND1,P24385,1
C0846,Acetaldehyde,CDK4,P11802,1
C0846,Acetaldehyde,CDT1,Q9H211,1
C0846,Acetaldehyde,CEBPB,P17676,1
C0846,Acetaldehyde,CELF1,Q92879,1
C0846,Acetaldehyde,CMA1,P23946,1
C0846,Acetaldehyde,COL1A1,P02452,2
C0846,Acetaldehyde,COL1A2,P08123,1
C0846,Acetaldehyde,COL7A1,Q02388,1
C0846,Acetaldehyde,CTSG,P08311,1
C0846,Acetaldehyde,CTSL,P07711,1
C0846,Acetaldehyde,FN1,P02751,1
C0846,Acetaldehyde,FOS,P01100,1
C0846,Acetaldehyde,HDAC11,Q96DB2,1
C0846,Acetaldehyde,IL1B,P01584,1
C0846,Acetaldehyde,IL6,P05231,1
C0846,Acetaldehyde,JMJD6,Q6NYC1,1
C0846,Acetaldehyde,JUN,P05412,3
C0846,Acetaldehyde,MAPK8,P45983,1
C0846,Acetaldehyde,MAPK9,P45984,1
C0846,Acetaldehyde,MMP1,P03956,1
C0846,Acetaldehyde,MMP11,P24347,1
C0846,Acetaldehyde,MMP2,P08253,1
C0846,Acetaldehyde,MMP9,P14780,1
C0846,Acetaldehyde,MT2A,P02795,1
C0846,Acetaldehyde,MYC,P01106,1
C0846,Acetaldehyde,NFKBIA,P25963,3
C0846,Acetaldehyde,OPRK1,P41145,1
C0846,Acetaldehyde,PENK,P01210,1
C0846,Acetaldehyde,PLAU,P00749,1
C0846,Acetaldehyde,PMM2,O15305,1
C0846,Acetaldehyde,POMC,P01189,1
C0846,Acetaldehyde,PPARG,P37231,1
C0846,Acetaldehyde,PRKCB,P05771,1
C0846,Acetaldehyde,RAPGEF4,Q8WZA2,1
C0846,Acetaldehyde,RARB,P10826,1
C0846,Acetaldehyde,RELA,Q04206,1
C0846,Acetaldehyde,RYR2,Q92736,1
C0846,Acetaldehyde,SELP,P16109,1
C0846,Acetaldehyde,SMAD7,O15105,1
C0846,Acetaldehyde,SOD2,P04179,1
C0846,Acetaldehyde,ST6GAL2,Q96JF0,1
C0846,Acetaldehyde,TGFB1,P01137,1
C0846,Acetaldehyde,TIMP1,P01033,1
C0846,Acetaldehyde,TIMP2,P16035,1
C0846,Acetaldehyde,TNF,P01375,2
C0847,Acetamide,HSP90AA1,P07900,1
C0848,Acetaminophen,ABCB1,P08183,1
C0848,Acetaminophen,ABL1,P00519,1
C0848,Acetaminophen,BCL2,P10415,1
C0848,Acetaminophen,CALCA,P06881;P01258,1
C0848,Acetaminophen,CHUK,O15111,2
C0848,Acetaminophen,CNR1,P21554,1
C0848,Acetaminophen,CYP2E1,P05181,1
C0848,Acetaminophen,CYP3A4,P08684,1
C0848,Acetaminophen,HSP90AA1,P07900,1
C0848,Acetaminophen,IL6,P05231,1
C0848,Acetaminophen,MAPK1,P28482,1
C0848,Acetaminophen,MAPK3,P27361,1
C0848,Acetaminophen,MAPK8,P45983,1
C0848,Acetaminophen,MMP8,P22894,1
C0848,Acetaminophen,MPO,P05164,1
C0848,Acetaminophen,NFKB1,P19838,1
C0848,Acetaminophen,OLR1,P78380,1
C0848,Acetaminophen,PTGS2,P35354,1
C0848,Acetaminophen,TLR4,O00206,1
C0848,Acetaminophen,TRPA1,O75762,1
C0848,Acetaminophen,TRPV1,Q8NER1,1
C0848,Acetaminophen,TXNRD1,Q16881,1
C0848,Acetaminophen,VEGFA,P15692,1
C0849,Raffinose,GUSB,P08236,1
C0850,Curcumol,BAX,Q07812,1
C0850,Curcumol,BCL2,P10415,2
C0850,Curcumol,CREB1,P16220,1
C0850,Curcumol,CYP2C19,P33261,1
C0850,Curcumol,JAK2,O60674,1
C0850,Curcumol,JAK3,P52333,1
C0850,Curcumol,MAPK14,Q16539,1
C0850,Curcumol,MKI67,P46013,1
C0850,Curcumol,NCL,P19338,1
C0851,Acetophenone,TRPA1,O75762,1
C0852,AdenosineTriphosphate,F2RL1,P55085,1
C0852,AdenosineTriphosphate,MAP2K7,O14733,1
C0852,AdenosineTriphosphate,MTOR,P42345,1
C0852,AdenosineTriphosphate,P2RX4,Q99571,1
C0852,AdenosineTriphosphate,P2RX7,Q99572,1
C0853,Acetoside,ICAM1,P05362,1
C0854,Acetylcholine,ACHE,P22303,1
C0854,Acetylcholine,ADRB3,P13945,1
C0854,Acetylcholine,AGT,P01019,1
C0854,Acetylcholine,BCHE,P06276,1
C0854,Acetylcholine,CHRNA4,P43681,2
C0854,Acetylcholine,FYN,P06241,1
C0854,Acetylcholine,GAS5,nan,1
C0854,Acetylcholine,GFAP,P14136,1
C0854,Acetylcholine,HMOX1,P09601,1
C0854,Acetylcholine,IL6,P05231,1
C0854,Acetylcholine,MAPK1,P28482,1
C0854,Acetylcholine,MAPK3,P27361,2
C0854,Acetylcholine,MAPK8,P45983,1
C0854,Acetylcholine,MUSK,O15146,1
C0854,Acetylcholine,P2RX7,Q99572,1
C0854,Acetylcholine,TGFB1,P01137,1
C0855,Acetylcysteine,ACHE,P22303,1
C0855,Acetylcysteine,AKT1,P31749,2
C0855,Acetylcysteine,ATM,Q13315,1
C0855,Acetylcysteine,AXL,P30530,1
C0855,Acetylcysteine,BAX,Q07812,1
C0855,Acetylcysteine,CASP3,P42574,1
C0855,Acetylcysteine,CASP9,P55211,1
C0855,Acetylcysteine,CAV3,P56539,1
C0855,Acetylcysteine,ETF1,P62495,1
C0855,Acetylcysteine,GADD45B,O75293,1
C0855,Acetylcysteine,GPT,P24298,1
C0855,Acetylcysteine,GSK3B,P49841,1
C0855,Acetylcysteine,HIF1A,Q16665,1
C0855,Acetylcysteine,HMOX1,P09601,1
C0855,Acetylcysteine,MMP2,P08253,1
C0855,Acetylcysteine,MUC5AC,P98088,1
C0855,Acetylcysteine,NFE2L2,Q16236,2
C0855,Acetylcysteine,NFKB1,P19838,2
C0855,Acetylcysteine,PLAU,P00749,1
C0855,Acetylcysteine,PSEN1,P49768,1
C0855,Acetylcysteine,PTGS2,P35354,1
C0855,Acetylcysteine,ROS1,P08922,1
C0855,Acetylcysteine,SLC1A2,P43004,1
C0855,Acetylcysteine,STAT1,P42224,1
C0855,Acetylcysteine,TBK1,Q9UHD2,1
C0855,Acetylcysteine,TGFA,P01135,1
C0855,Acetylcysteine,TRPC6,Q9Y210,1
C0855,Acetylcysteine,TRPV1,Q8NER1,1
C0855,Acetylcysteine,VLDLR,P98155,1
C0856,Acetylshikonin,CYP2J2,P51589,1
C0857,Acetyltryptophan,TACR1,P25103,3
C0858,ManassantinA,STAT3,P40763,2
C0859,Acrolein,GAPDH,P04406,1
C0859,Acrolein,JUN,P05412,1
C0859,Acrolein,MUC5AC,P98088,1
C0859,Acrolein,PLA2G1B,P04054,1
C0859,Acrolein,TLR4,O00206,1
C0859,Acrolein,TRPA1,O75762,5
C0860,Acrylamide,CARTPT,Q16568,1
C0860,Acrylamide,CYP2E1,P05181,1
C0860,Acrylamide,NCAM1,P13591,2
C0860,Acrylamide,NOS2,P35228,1
C0861,Anethole,MMP2,P08253,1
C0861,Anethole,MMP9,P14780,1
C0862,Byakangelicin,CYP3A4,P08684,1
C0863,Adenine,ADA,P00813,1
C0863,Adenine,AHCYL1,O43865,1
C0863,Adenine,FGF23,Q9GZV9,1
C0863,Adenine,HAMP,P81172,2
C0863,Adenine,MTOR,P42345,1
C0863,Adenine,PPID,Q08752,1
C0863,Adenine,PRKAA1,Q13131,3
C0864,Agmatine,CASP3,P42574,1
C0864,Agmatine,NFE2L2,Q16236,1
C0864,Agmatine,NOS2,P35228,4
C0865,Aicar,AKT1,P31749,1
C0865,Aicar,CCND1,P24385,1
C0865,Aicar,ELAVL1,Q15717,1
C0865,Aicar,ITGAM,P11215,1
C0865,Aicar,MAPK1,P28482,1
C0865,Aicar,MAPK3,P27361,1
C0865,Aicar,MAPK8,P45983,1
C0865,Aicar,MIR34A,nan,1
C0865,Aicar,MIR34B,nan,1
C0865,Aicar,MIR34C,nan,1
C0865,Aicar,MTOR,P42345,1
C0865,Aicar,MYC,P01106,1
C0865,Aicar,MYH2,Q9UKX2,1
C0865,Aicar,NANOG,Q9H9S0,1
C0865,Aicar,OGG1,O15527,1
C0865,Aicar,PDX1,P52945,1
C0865,Aicar,PIK3R1,P27986,1
C0865,Aicar,PLAGL1,Q9UM63,1
C0865,Aicar,PPARA,Q07869,1
C0865,Aicar,PPARG,P37231,1
C0865,Aicar,PPARGC1A,Q9UBK2,2
C0865,Aicar,PRKAA1,Q13131,29
C0865,Aicar,PRKCI,P41743,1
C0865,Aicar,RPTOR,Q8N122,1
C0865,Aicar,STAT3,P40763,1
C0865,Aicar,TXNIP,Q9H3M7,1
C0866,GinsenosideRg2,NFKBIA,P25963,1
C0866,GinsenosideRg2,VCAM1,P19320,1
C0867,Alcohol,ACE,P12821,2
C0867,Alcohol,ACHE,P22303,1
C0867,Alcohol,ADIPOQ,Q15848,1
C0867,Alcohol,AHSG,P02765,1
C0867,Alcohol,AKR1A1,P14550,1
C0867,Alcohol,ALDH2,P05091,5
C0867,Alcohol,ANPEP,P15144,1
C0867,Alcohol,APP,P05067,1
C0867,Alcohol,AQP4,P55087,1
C0867,Alcohol,ASCL1,P50553,1
C0867,Alcohol,ATG12,O94817,1
C0867,Alcohol,BAX,Q07812,1
C0867,Alcohol,BCL2,P10415,1
C0867,Alcohol,BDNF,P23560,2
C0867,Alcohol,BGLAP,P02818,1
C0867,Alcohol,BRF1,Q92994,5
C0867,Alcohol,CARTPT,Q16568,1
C0867,Alcohol,CASP1,P29466,1
C0867,Alcohol,CASP3,P42574,3
C0867,Alcohol,CAT,P04040,3
C0867,Alcohol,CEBPA,P49715,1
C0867,Alcohol,CES1,P23141,2
C0867,Alcohol,CHRNA4,P43681,1
C0867,Alcohol,CNR1,P21554,1
C0867,Alcohol,CRBN,Q96SW2,1
C0867,Alcohol,CREB3L3,Q68CJ9,1
C0867,Alcohol,CRP,P02741,2
C0867,Alcohol,CRTC1,Q6UUV9,1
C0867,Alcohol,CTSB,P07858,1
C0867,Alcohol,CYP2E1,P05181,2
C0867,Alcohol,DPYD,Q12882,1
C0867,Alcohol,DPYSL2,Q16555,1
C0867,Alcohol,DYRK1A,Q13627,1
C0867,Alcohol,EDN1,P05305,1
C0867,Alcohol,EIF4B,P23588,1
C0867,Alcohol,EIF4EBP1,Q13541,1
C0867,Alcohol,EPO,P01588,1
C0867,Alcohol,ESR1,P03372,1
C0867,Alcohol,F11R,Q9Y624,1
C0867,Alcohol,F2,P00734,1
C0867,Alcohol,FABP1,P07148,1
C0867,Alcohol,FASN,P49327,1
C0867,Alcohol,FCGR1A,P12314,1
C0867,Alcohol,FOS,P01100,1
C0867,Alcohol,FYN,P06241,2
C0867,Alcohol,G6PD,P11413,1
C0867,Alcohol,GAA,P10253,1
C0867,Alcohol,GABRA1,P14867,1
C0867,Alcohol,GFAP,P14136,1
C0867,Alcohol,GPI,P06744,1
C0867,Alcohol,GPT,P24298,1
C0867,Alcohol,GRIN2A,Q12879,1
C0867,Alcohol,GRIN2B,Q13224,2
C0867,Alcohol,GSK3B,P49841,1
C0867,Alcohol,HDAC2,Q92769,1
C0867,Alcohol,HMOX1,P09601,1
C0867,Alcohol,IGBP1,P78318,1
C0867,Alcohol,IL10,P22301,1
C0867,Alcohol,IL18,Q14116,1
C0867,Alcohol,IL1B,P01584,3
C0867,Alcohol,IL6,P05231,1
C0867,Alcohol,IL6R,P08887,1
C0867,Alcohol,ITGAM,P11215,1
C0867,Alcohol,JMJD6,Q6NYC1,1
C0867,Alcohol,JUN,P05412,1
C0867,Alcohol,KCNJ2,P63252,1
C0867,Alcohol,KLF11,O14901,1
C0867,Alcohol,LEP,P41159,1
C0867,Alcohol,LPIN1,Q14693,2
C0867,Alcohol,MALAT1,nan,1
C0867,Alcohol,MAPK1,P28482,1
C0867,Alcohol,MAPK14,Q16539,2
C0867,Alcohol,MAPK3,P27361,1
C0867,Alcohol,MC4R,P32245,1
C0867,Alcohol,MIR34A,nan,2
C0867,Alcohol,MIR411,nan,1
C0867,Alcohol,MME,P08473,1
C0867,Alcohol,MMP12,P39900,1
C0867,Alcohol,MPDZ,O75970,1
C0867,Alcohol,MTOR,P42345,2
C0867,Alcohol,MTR,Q99707,1
C0867,Alcohol,NEUROG2,Q9H2A3,1
C0867,Alcohol,NFE2L2,Q16236,1
C0867,Alcohol,NGFR,P08138,1
C0867,Alcohol,NLRP3,Q96P20,1
C0867,Alcohol,NOS1,P29475,1
C0867,Alcohol,NOS2,P35228,1
C0867,Alcohol,NR3C1,P04150,1
C0867,Alcohol,NUP62,P37198,1
C0867,Alcohol,OCLN,Q16625,1
C0867,Alcohol,OTX2,P32243,1
C0867,Alcohol,P2RX4,Q99571,1
C0867,Alcohol,PARP1,P09874,1
C0867,Alcohol,PCSK9,Q8NBP7,1
C0867,Alcohol,PIGK,Q92643,1
C0867,Alcohol,PIK3R1,P27986,1
C0867,Alcohol,POMC,P01189,1
C0867,Alcohol,PON1,P27169,2
C0867,Alcohol,PPARA,Q07869,1
C0867,Alcohol,PPARG,P37231,1
C0867,Alcohol,PPP1R1B,Q9UD71,1
C0867,Alcohol,PRKCA,P17252,1
C0867,Alcohol,PRKCE,Q02156,1
C0867,Alcohol,PRL,P01236,1
C0867,Alcohol,PVALB,P20472,1
C0867,Alcohol,RHOA,P61586,1
C0867,Alcohol,RPS6KB1,P23443,1
C0867,Alcohol,RYR2,Q92736,1
C0867,Alcohol,SCARB1,Q8WTV0,1
C0867,Alcohol,SIAH1,Q8IUQ4,1
C0867,Alcohol,SLC17A5,Q9NRA2,1
C0867,Alcohol,SLC19A2,O60779,1
C0867,Alcohol,SLC1A2,P43004,1
C0867,Alcohol,SLC2A2,P11168,1
C0867,Alcohol,SLC6A3,Q01959,1
C0867,Alcohol,SLC7A11,Q9UPY5,1
C0867,Alcohol,SLC9C1,Q4G0N8,1
C0867,Alcohol,SLPI,P03973,1
C0867,Alcohol,SNCA,P37840,1
C0867,Alcohol,SOD1,P00441,1
C0867,Alcohol,SREBF1,P36956,1
C0867,Alcohol,STIM1,Q13586,1
C0867,Alcohol,SYN1,P17600,1
C0867,Alcohol,SYN2,Q92777,1
C0867,Alcohol,TNF,P01375,1
C0867,Alcohol,TNFRSF11B,O00300,1
C0867,Alcohol,TNFSF11,O14788,1
C0867,Alcohol,TP53,P04637,1
C0867,Alcohol,TRPV1,Q8NER1,1
C0867,Alcohol,TRPV2,Q9Y5S1,1
C0867,Alcohol,TRPV3,Q8NET8,1
C0867,Alcohol,TRPV4,Q9HBA0,1
C0867,Alcohol,UNC13A,Q9UPW8,1
C0867,Alcohol,VAMP2,P63027,1
C0867,Alcohol,YIF1B,Q5BJH7,1
C0868,Aldosterone,ACE,P12821,1
C0868,Aldosterone,AGTR1,P30556,2
C0868,Aldosterone,CAV1,Q03135,1
C0868,Aldosterone,CRP,P02741,1
C0868,Aldosterone,CYP11B2,P19099,2
C0868,Aldosterone,EDNRB,P24530,1
C0868,Aldosterone,HNRNPA2B1,P22626,1
C0868,Aldosterone,ICAM1,P05362,1
C0868,Aldosterone,IGF1R,P08069,1
C0868,Aldosterone,IL1B,P01584,1
C0868,Aldosterone,LCN2,P80188,1
C0868,Aldosterone,LEP,P41159,1
C0868,Aldosterone,MAFA,Q8NHW3,1
C0868,Aldosterone,MAPK1,P28482,1
C0868,Aldosterone,MGP,P08493,1
C0868,Aldosterone,MTOR,P42345,1
C0868,Aldosterone,NAMPT,P43490,1
C0868,Aldosterone,NOX1,Q9Y5S8,1
C0868,Aldosterone,NOX4,Q9NPH5,1
C0868,Aldosterone,NR3C2,P08235,8
C0868,Aldosterone,PGF,P49763,2
C0868,Aldosterone,PLIN1,O60240,1
C0868,Aldosterone,PRKD1,Q15139,1
C0868,Aldosterone,PRSS8,Q16651,1
C0868,Aldosterone,PTGDS,P41222,1
C0868,Aldosterone,REN,P00797,1
C0868,Aldosterone,SCNN1A,P37088,1
C0868,Aldosterone,SCNN1G,P51170,1
C0868,Aldosterone,SERPINE1,P05121,3
C0868,Aldosterone,SGK1,O00141,1
C0868,Aldosterone,SGK2,Q9HBY8,1
C0868,Aldosterone,SLC12A3,P55017,1
C0868,Aldosterone,SLC26A4,O43511,2
C0868,Aldosterone,SLC9C1,Q4G0N8,1
C0868,Aldosterone,SPP1,P10451,1
C0869,Alfatradiol,CCNA2,P20248,1
C0869,Alfatradiol,CCND1,P24385,1
C0869,Alfatradiol,CYP19A1,P11511,1
C0869,Alfatradiol,ESR1,P03372,1
C0869,Alfatradiol,GAD2,Q05329,1
C0870,Alitretinoin,RARA,P10276,1
C0870,Alitretinoin,RXRA,P19793,3
C0871,Allantoin,NISCH,Q9Y2I1,1
C0872,Allicin,CASP3,P42574,1
C0872,Allicin,HMOX1,P09601,1
C0872,Allicin,ICAM1,P05362,3
C0872,Allicin,ITGA4,P13612,1
C0872,Allicin,JUN,P05412,1
C0872,Allicin,MAPK14,Q16539,1
C0872,Allicin,NFE2L2,Q16236,1
C0872,Allicin,NOS2,P35228,1
C0872,Allicin,PCNA,P12004,1
C0872,Allicin,RELA,Q04206,1
C0872,Allicin,TEP1,Q99973,1
C0872,Allicin,TNF,P01375,2
C0872,Allicin,VCAM1,P19320,1
C0872,Allicin,VEGFA,P15692,1
C0873,10-Dehydrogingerdione,CETP,P11597,1
C0873,10-Dehydrogingerdione,PCSK9,Q8NBP7,1
C0874,Allitridin,CALR,P27797,1
C0874,Allitridin,CCND1,P24385,1
C0874,Allitridin,CDK2,P24941,1
C0874,Allitridin,CDK4,P11802,1
C0874,Allitridin,FASN,P49327,1
C0874,Allitridin,HMOX1,P09601,1
C0874,Allitridin,IFNG,P01579,1
C0874,Allitridin,MAPK8,P45983,1
C0874,Allitridin,MAPK9,P45984,1
C0874,Allitridin,TXN,P10599,1
C0875,Allopregnanolone,NR1I2,O75469,1
C0876,Allopurinol,ABCC4,O15439,1
C0876,Allopurinol,HPRT1,P00492,1
C0876,Allopurinol,IL1B,P01584,1
C0876,Allopurinol,TDO2,P48775,1
C0876,Allopurinol,XDH,P47989,8
C0877,Madecassoside,CYP2C19,P33261,1
C0877,Madecassoside,CYP3A4,P08684,1
C0877,Madecassoside,HGF,P14210,1
C0877,Madecassoside,MAPK1,P28482,1
C0877,Madecassoside,MAPK3,P27361,1
C0878,Aconitine,PPARGC1A,Q9UBK2,1
C0879,Albiflorin,BDNF,P23560,1
C0880,AllylIsothiocyanate,ABCC1,P33527,1
C0880,AllylIsothiocyanate,CYP2C9,P11712,1
C0880,AllylIsothiocyanate,FOS,P01100,1
C0880,AllylIsothiocyanate,TRPA1,O75762,1
C0881,Aloe-Emodin,BAX,Q07812,1
C0881,Aloe-Emodin,CASP3,P42574,1
C0881,Aloe-Emodin,CCNA2,P20248,1
C0881,Aloe-Emodin,CCNB1,P14635,1
C0881,Aloe-Emodin,CDK1,P06493,1
C0881,Aloe-Emodin,CDK2,P24941,1
C0881,Aloe-Emodin,CDKN1A,P38936,1
C0881,Aloe-Emodin,CRTC2,Q53ET0,1
C0881,Aloe-Emodin,ESR1,P03372,1
C0881,Aloe-Emodin,FASN,P49327,1
C0881,Aloe-Emodin,IL1B,P01584,1
C0881,Aloe-Emodin,MMP9,P14780,1
C0881,Aloe-Emodin,MYC,P01106,1
C0881,Aloe-Emodin,PCNA,P12004,1
C0881,Aloe-Emodin,PRKCA,P17252,1
C0881,Aloe-Emodin,PRKCD,Q05655,1
C0881,Aloe-Emodin,PRKCE,Q02156,1
C0881,Aloe-Emodin,SLC22A6,Q4U2R8,1
C0881,Aloe-Emodin,SLC22A8,Q8TCC7,1
C0881,Aloe-Emodin,TNF,P01375,1
C0881,Aloe-Emodin,TP53,P04637,1
C0881,Aloe-Emodin,TYR,P14679,1
C0882,CucurbitacinB,HIF1A,Q16665,3
C0883,Cannabidiol,ABCB1,P08183,1
C0883,Cannabidiol,BDNF,P23560,1
C0883,Cannabidiol,CNR1,P21554,1
C0883,Cannabidiol,CNR2,P34972,1
C0883,Cannabidiol,CYP1A1,P04798,2
C0883,Cannabidiol,CYP1A2,P05177,1
C0883,Cannabidiol,CYP1B1,Q16678,1
C0883,Cannabidiol,CYP2C19,P33261,1
C0883,Cannabidiol,CYP3A4,P08684,1
C0883,Cannabidiol,GPR12,P47775,1
C0883,Cannabidiol,GPR3,P46089,2
C0883,Cannabidiol,GPR55,Q9Y2T6,3
C0883,Cannabidiol,GPR6,P46095,3
C0883,Cannabidiol,GRIN1,Q05586,1
C0883,Cannabidiol,HTR1A,P08908,1
C0883,Cannabidiol,MPO,P05164,1
C0883,Cannabidiol,PPARG,P37231,1
C0883,Cannabidiol,STAT3,P40763,1
C0883,Cannabidiol,STAT5A,P42229,1
C0883,Cannabidiol,STAT5B,P51692,1
C0883,Cannabidiol,TRPA1,O75762,1
C0883,Cannabidiol,TRPV2,Q9Y5S1,3
C0884,Alpha-Amyrin,MAPK1,P28482,1
C0884,Alpha-Amyrin,PRKCB,P05771,1
C0884,Alpha-Amyrin,PTGS2,P35354,1
C0884,Alpha-Amyrin,RELA,Q04206,1
C0885,Obovatol,PRDX2,P32119,1
C0886,Dioscin,AHR,P35869,1
C0886,Dioscin,CEBPA,P49715,1
C0886,Dioscin,HOTAIR,nan,1
C0886,Dioscin,LRP5,O75197,1
C0886,Dioscin,MITF,O75030,1
C0886,Dioscin,NR1H4,Q96RI1,1
C0886,Dioscin,PRDX1,Q06830,1
C0886,Dioscin,STAT3,P40763,1
C0887,Alprostadil,MIR21,nan,1
C0887,Alprostadil,P2RY1,P47900,1
C0887,Alprostadil,PTEN,P60484,1
C0887,Alprostadil,TGFB1,P01137,1
C0888,Stigmasterol,NR1H2,P55055,1
C0889,Allicin,CASP3,P42574,1
C0889,Allicin,HMOX1,P09601,1
C0889,Allicin,MAPK14,Q16539,1
C0889,Allicin,NFE2L2,Q16236,1
C0889,Allicin,PCNA,P12004,1
C0889,Allicin,VEGFA,P15692,1
C0890,Alvespimycin,CASP3,P42574,2
C0890,Alvespimycin,HSP90AA1,P07900,11
C0890,Alvespimycin,HSPA4,P34932,1
C0890,Alvespimycin,IKBKB,O14920,1
C0890,Alvespimycin,NOS2,P35228,1
C0890,Alvespimycin,PIGK,Q92643,1
C0890,Alvespimycin,TNF,P01375,1
C0891,Amentoflavone,MAPK3,P27361,1
C0891,Amentoflavone,NFKB1,P19838,1
C0891,Amentoflavone,PPARG,P37231,1
C0891,Amentoflavone,PTPA,Q15257,1
C0892,AminolevulinicAcid,SRC,P12931,1
C0893,GinsenosideRb1,CDK5,Q00535,1
C0893,GinsenosideRb1,FN1,P02751,2
C0893,GinsenosideRb1,GSK3B,P49841,1
C0893,GinsenosideRb1,IRAK1,P51617,1
C0893,GinsenosideRb1,NGF,P01138,1
C0894,SchisandrolB,ABCB1,P08183,1
C0894,SchisandrolB,GLB1,P16278,1
C0894,SchisandrolB,IL1B,P01584,1
C0895,Stemofoline,ABCB1,P08183,1
C0896,AminosalicylicAcid,BCL3,P20749,1
C0897,AnacardicAcid,AURKA,O14965,1
C0897,AnacardicAcid,COL1A2,P08123,1
C0897,AnacardicAcid,CREBBP,Q92793,2
C0897,AnacardicAcid,EP300,Q09472,3
C0897,AnacardicAcid,HSP90AA1,P07900,1
C0897,AnacardicAcid,KAT2B,Q92831,2
C0897,AnacardicAcid,TCIRG1,Q13488,1
C0898,Anandamide,APOD,P05090,1
C0898,Anandamide,CNR1,P21554,6
C0898,Anandamide,CNR2,P34972,3
C0898,Anandamide,HVCN1,Q96D96,1
C0898,Anandamide,KCNK2,O95069,1
C0898,Anandamide,MAOA,P21397,1
C0898,Anandamide,MAOB,P27338,1
C0898,Anandamide,TRPV1,Q8NER1,1
C0899,Andrographolide,ACHE,P22303,1
C0899,Andrographolide,ADORA2A,P29274,1
C0899,Andrographolide,ADRA1A,P35348,1
C0899,Andrographolide,AKT1,P31749,1
C0899,Andrographolide,AR,P10275,1
C0899,Andrographolide,BAX,Q07812,1
C0899,Andrographolide,CCL11,P51671,1
C0899,Andrographolide,CRMP1,Q14194,1
C0899,Andrographolide,CYP1A1,P04798,1
C0899,Andrographolide,CYP3A4,P08684,1
C0899,Andrographolide,GSK3B,P49841,1
C0899,Andrographolide,GSTP1,P09211,1
C0899,Andrographolide,ICAM1,P05362,1
C0899,Andrographolide,IFNG,P01579,1
C0899,Andrographolide,IL10,P22301,1
C0899,Andrographolide,IL2,P60568,2
C0899,Andrographolide,IL5,P05113,1
C0899,Andrographolide,JUNB,P17275,1
C0899,Andrographolide,KDR,P35968,1
C0899,Andrographolide,MAPK1,P28482,1
C0899,Andrographolide,MAPK14,Q16539,1
C0899,Andrographolide,MAPK3,P27361,1
C0899,Andrographolide,MMP2,P08253,1
C0899,Andrographolide,MMP9,P14780,2
C0899,Andrographolide,NFATC1,O95644,1
C0899,Andrographolide,NFKB1,P19838,4
C0899,Andrographolide,NOS2,P35228,1
C0899,Andrographolide,OXTR,P30559,1
C0899,Andrographolide,PFKFB3,Q16875,1
C0899,Andrographolide,PTGS2,P35354,1
C0899,Andrographolide,RELA,Q04206,1
C0899,Andrographolide,RGN,Q15493,1
C0899,Andrographolide,TIMP1,P01033,1
C0899,Andrographolide,TNF,P01375,1
C0900,Androstenediol,IFI27,P40305,1
C0901,Androstenedione,RACK1,P63244,1
C0902,Ajoene,VIM,P08670,1
C0903,Cannabichromene,TRPA1,O75762,1
C0904,Raphanin,BCL2,P10415,1
C0904,Raphanin,CREB1,P16220,1
C0904,Raphanin,MSK2,nan,1
C0905,Anethole,AKT1,P31749,1
C0905,Anethole,CXCR4,P61073,1
C0905,Anethole,IL2,P60568,1
C0905,Anethole,JUN,P05412,3
C0905,Anethole,MAPK3,P27361,1
C0905,Anethole,MMP2,P08253,1
C0905,Anethole,MMP9,P14780,1
C0905,Anethole,NFKBIA,P25963,1
C0905,Anethole,PTEN,P60484,1
C0905,Anethole,RELA,Q04206,2
C0906,Angelicin,CYP1A1,P04798,1
C0906,Angelicin,ESR1,P03372,1
C0907,AngiotensinIi,AGT,P01019,1
C0907,AngiotensinIi,AGTR1,P30556,2
C0907,AngiotensinIi,AGTR2,P50052,1
C0907,AngiotensinIi,AGTRAP,Q6RW13,1
C0907,AngiotensinIi,DPP4,P27487,1
C0907,AngiotensinIi,ETS1,P14921,1
C0907,AngiotensinIi,MAPK3,P27361,1
C0907,AngiotensinIi,MAPKAPK2,P49137,1
C0907,AngiotensinIi,MMP13,P45452,1
C0907,AngiotensinIi,MMP2,P08253,1
C0907,AngiotensinIi,MRGPRX3,Q96LB0,1
C0907,AngiotensinIi,NR3C2,P08235,1
C0907,AngiotensinIi,RELA,Q04206,1
C0907,AngiotensinIi,REN,P00797,1
C0907,AngiotensinIi,STAT3,P40763,1
C0907,AngiotensinIi,TGFB1,P01137,1
C0907,AngiotensinIi,TNFRSF12A,Q9NP84,1
C0907,AngiotensinIi,VEGFA,P15692,1
C0907,AngiotensinIi,YAP1,P46937,1
C0908,Aniline,CDK1,P06493,1
C0908,Aniline,CDK2,P24941,1
C0908,Aniline,CYP2E1,P05181,1
C0908,Aniline,IL1A,P01583,1
C0908,Aniline,IL6,P05231,1
C0908,Aniline,RELA,Q04206,1
C0908,Aniline,TGFB1,P01137,1
C0908,Aniline,TNF,P01375,1
C0910,Toosendanin,STAT3,P40763,1
C0911,AnthranilicAcid,PLA2G1B,P04054,1
C0911,AnthranilicAcid,PTGES,O14684,1
C0912,Anthraquinone,CXCR4,P61073,1
C0913,Ap,CDC7,O00311,1
C0913,Ap,CTSK,P43235,1
C0913,Ap,FGF21,Q9NSA1,1
C0913,Ap,GNRHR,P30968,1
C0913,Ap,ICAM1,P05362,1
C0913,Ap,IL10,P22301,1
C0913,Ap,IL17A,Q16552,1
C0913,Ap,JAG1,P78504,1
C0913,Ap,MMP2,P08253,1
C0913,Ap,MMP9,P14780,1
C0913,Ap,MPST,P25325,1
C0913,Ap,NOTCH2,Q04721,1
C0913,Ap,PARP1,P09874,1
C0913,Ap,PPARG,P37231,1
C0913,Ap,PTPN1,P18031,1
C0913,Ap,RPA1,P27694,1
C0913,Ap,SERPINC1,P01008,1
C0913,Ap,TNF,P01375,1
C0913,Ap,TNFSF11,O14788,1
C0913,Ap,VASH1,Q7L8A9,1
C0913,Ap,YBX1,P67809,1
C0914,Apigenin,AAGAB,Q6PD74,1
C0914,Apigenin,ACACA,Q13085,1
C0914,Apigenin,AKT1,P31749,6
C0914,Apigenin,ALPI,P09923,1
C0914,Apigenin,APC,P25054,1
C0914,Apigenin,AR,P10275,1
C0914,Apigenin,AXL,P30530,1
C0914,Apigenin,BAD,Q92934,1
C0914,Apigenin,BAX,Q07812,3
C0914,Apigenin,BCL2,P10415,2
C0914,Apigenin,BCL2L1,Q07817,2
C0914,Apigenin,C5AR1,P21730,1
C0914,Apigenin,CASP3,P42574,3
C0914,Apigenin,CASP9,P55211,1
C0914,Apigenin,CCNA2,P20248,1
C0914,Apigenin,CCNB1,P14635,3
C0914,Apigenin,CCND1,P24385,4
C0914,Apigenin,CCND2,P30279,2
C0914,Apigenin,CCNE1,P24864,1
C0914,Apigenin,CD274,Q9NZQ7,1
C0914,Apigenin,CD38,P28907,1
C0914,Apigenin,CD40LG,P29965,1
C0914,Apigenin,CDK1,P06493,2
C0914,Apigenin,CDK2,P24941,1
C0914,Apigenin,CDK4,P11802,1
C0914,Apigenin,CDK6,Q00534,1
C0914,Apigenin,CDK9,P50750,1
C0914,Apigenin,CDKN1A,P38936,6
C0914,Apigenin,CDKN2A,P42771,2
C0914,Apigenin,CDKN2C,P42773,1
C0914,Apigenin,CFLAR,O15519,1
C0914,Apigenin,CHUK,O15111,1
C0914,Apigenin,CXCL8,P10145,1
C0914,Apigenin,CXCR4,P61073,1
C0914,Apigenin,CYCS,P99999,1
C0914,Apigenin,CYP17A1,P05093,1
C0914,Apigenin,CYP19A1,P11511,1
C0914,Apigenin,CYP21A2,P08686,1
C0914,Apigenin,DPP4,P27487,1
C0914,Apigenin,ESR1,P03372,1
C0914,Apigenin,FABP4,P15090,1
C0914,Apigenin,FAS,P25445,1
C0914,Apigenin,FOS,P01100,1
C0914,Apigenin,FXYD2,P54710,1
C0914,Apigenin,G6PC1,P35575,1
C0914,Apigenin,GDF15,Q99988,1
C0914,Apigenin,GSK3B,P49841,3
C0914,Apigenin,GSTO1,P78417,1
C0914,Apigenin,HDAC1,Q13547,1
C0914,Apigenin,HIF1A,Q16665,3
C0914,Apigenin,HMOX1,P09601,1
C0914,Apigenin,HNRNPA2B1,P22626,1
C0914,Apigenin,HSD11B1,P28845,1
C0914,Apigenin,HSD17B2,P37059,1
C0914,Apigenin,HSD17B7,P56937,1
C0914,Apigenin,HSPA4,P34932,1
C0914,Apigenin,ICAM1,P05362,2
C0914,Apigenin,IFNG,P01579,1
C0914,Apigenin,IGF1R,P08069,2
C0914,Apigenin,IKBKG,Q9Y6K9,1
C0914,Apigenin,IL10,P22301,1
C0914,Apigenin,IL13,P35225,1
C0914,Apigenin,IL4,P05112,3
C0914,Apigenin,IL6,P05231,3
C0914,Apigenin,INS,P01308,1
C0914,Apigenin,INSR,P06213,1
C0914,Apigenin,JAK2,O60674,1
C0914,Apigenin,JUN,P05412,2
C0914,Apigenin,KAT2B,Q92831,1
C0914,Apigenin,MAPK1,P28482,1
C0914,Apigenin,MAPK14,Q16539,2
C0914,Apigenin,MCL1,Q07820,1
C0914,Apigenin,MDM2,Q00987,1
C0914,Apigenin,MIR15B,nan,1
C0914,Apigenin,MMP1,P03956,1
C0914,Apigenin,MUC5AC,P98088,1
C0914,Apigenin,MYC,P01106,1
C0914,Apigenin,NFKB1,P19838,2
C0914,Apigenin,NFKBIA,P25963,1
C0914,Apigenin,NOS2,P35228,3
C0914,Apigenin,ODC1,P11926,1
C0914,Apigenin,OLR1,P78380,1
C0914,Apigenin,PIGK,Q92643,1
C0914,Apigenin,PLAU,P00749,2
C0914,Apigenin,PPARA,Q07869,1
C0914,Apigenin,PPARG,P37231,2
C0914,Apigenin,PTGS2,P35354,6
C0914,Apigenin,RB1,P06400,1
C0914,Apigenin,RELA,Q04206,3
C0914,Apigenin,ROS1,P08922,1
C0914,Apigenin,RPS9,P46781,1
C0914,Apigenin,SCD,O00767,1
C0914,Apigenin,SERPINE1,P05121,1
C0914,Apigenin,SLC25A5,P05141,2
C0914,Apigenin,SLC2A1,P11166,3
C0914,Apigenin,SLC2A4,P14672,1
C0914,Apigenin,SLC5A5,Q92911,1
C0914,Apigenin,SNAI1,O95863,1
C0914,Apigenin,SRC,P12931,1
C0914,Apigenin,TLR4,O00206,2
C0914,Apigenin,TNF,P01375,2
C0914,Apigenin,TNFRSF10A,O00220,1
C0914,Apigenin,TNFRSF10B,O14763,1
C0914,Apigenin,TP53,P04637,2
C0914,Apigenin,VEGFA,P15692,3
C0914,Apigenin,XIAP,P98170,1
C0914,Apigenin,p27kip1,O43806,1
C0915,SanggenoneG,XIAP,P98170,2
C0916,Apocynin,AKT1,P31749,1
C0916,Apocynin,CYBA,P13498,1
C0916,Apocynin,CYBB,P04839,5
C0916,Apocynin,DECR1,Q16698,1
C0916,Apocynin,GCLC,P48506,1
C0916,Apocynin,MAPK1,P28482,1
C0916,Apocynin,MAPK3,P27361,1
C0916,Apocynin,MUC5AC,P98088,1
C0916,Apocynin,NCF1,P14598,1
C0916,Apocynin,NOX1,Q9Y5S8,24
C0916,Apocynin,NOX4,Q9NPH5,2
C0916,Apocynin,PCK2,Q16822,1
C0917,ArachidonicAcid,ABCA1,O95477,1
C0917,ArachidonicAcid,ABCC1,P33527,1
C0917,ArachidonicAcid,ABCG1,P45844,1
C0917,ArachidonicAcid,AKT1,P31749,1
C0917,ArachidonicAcid,ALDH2,P05091,1
C0917,ArachidonicAcid,ALDH3A1,P30838,1
C0917,ArachidonicAcid,ALOX5,P09917,1
C0917,ArachidonicAcid,APOD,P05090,1
C0917,ArachidonicAcid,ASIC3,Q9UHC3,1
C0917,ArachidonicAcid,CASP3,P42574,1
C0917,ArachidonicAcid,CCND1,P24385,1
C0917,ArachidonicAcid,CDK2,P24941,1
C0917,ArachidonicAcid,CDK4,P11802,1
C0917,ArachidonicAcid,CES1,P23141,1
C0917,ArachidonicAcid,CETP,P11597,1
C0917,ArachidonicAcid,COL1A2,P08123,1
C0917,ArachidonicAcid,CYP1B1,Q16678,1
C0917,ArachidonicAcid,EGR1,P18146,1
C0917,ArachidonicAcid,EPHA2,P29317,1
C0917,ArachidonicAcid,G6PD,P11413,1
C0917,ArachidonicAcid,GLB1,P16278,1
C0917,ArachidonicAcid,IDO1,P14902,1
C0917,ArachidonicAcid,KCNK10,P57789,1
C0917,ArachidonicAcid,KCNK2,O95069,1
C0917,ArachidonicAcid,MAPK1,P28482,1
C0917,ArachidonicAcid,MAPK3,P27361,2
C0917,ArachidonicAcid,NFE2L2,Q16236,1
C0917,ArachidonicAcid,NOS3,P29474,1
C0917,ArachidonicAcid,PECAM1,P16284,1
C0917,ArachidonicAcid,PLA2G1B,P04054,1
C0917,ArachidonicAcid,PLA2G4A,P47712,2
C0917,ArachidonicAcid,PPARG,P37231,1
C0917,ArachidonicAcid,PPP5C,P53041,1
C0917,ArachidonicAcid,PRKCB,P05771,1
C0917,ArachidonicAcid,PTGES,O14684,1
C0917,ArachidonicAcid,PTGS1,P23219,1
C0917,ArachidonicAcid,PTGS2,P35354,6
C0917,ArachidonicAcid,RELA,Q04206,1
C0917,ArachidonicAcid,RETN,Q9HD89,1
C0917,ArachidonicAcid,SCNN1A,P37088,1
C0917,ArachidonicAcid,SELP,P16109,1
C0917,ArachidonicAcid,SH3GL2,Q99962,1
C0917,ArachidonicAcid,SMO,Q99835,1
C0917,ArachidonicAcid,SOD1,P00441,1
C0917,ArachidonicAcid,SRC,P12931,1
C0917,ArachidonicAcid,TNFRSF1A,P19438,1
C0917,ArachidonicAcid,TNFRSF1B,P20333,1
C0917,ArachidonicAcid,TRPM8,Q7Z2W7,1
C0917,ArachidonicAcid,TRPV4,Q9HBA0,1
C0917,ArachidonicAcid,TWIST1,Q15672,1
C0917,ArachidonicAcid,UCP2,P55851,1
C0917,ArachidonicAcid,VIM,P08670,1
C0917,ArachidonicAcid,XDH,P47989,1
C0917,ArachidonicAcid,YWHAZ,P63104,1
C0918,Arbutin,TYR,P14679,2
C0919,Arctigenin,ADRB2,P07550,1
C0919,Arctigenin,ATP1A1,P05023,1
C0919,Arctigenin,CRTC1,Q6UUV9,1
C0919,Arctigenin,HSP90B1,P14625,1
C0919,Arctigenin,HSPA5,P11021,1
C0919,Arctigenin,LINC00974,nan,1
C0919,Arctigenin,NFKBIA,P25963,1
C0919,Arctigenin,NOS2,P35228,1
C0919,Arctigenin,NR3C2,P08235,1
C0919,Arctigenin,PDK1,Q15118,1
C0919,Arctigenin,RELA,Q04206,1
C0919,Arctigenin,STAT3,P40763,1
C0920,Arecoline,CTNNB1,P35222,1
C0920,Arecoline,CXADR,P78310,1
C0920,Arecoline,F2R,P25116,1
C0920,Arecoline,G6PC1,P35575,1
C0920,Arecoline,HIF1A,Q16665,1
C0920,Arecoline,HSPB1,P04792,1
C0920,Arecoline,IL2,P60568,1
C0920,Arecoline,IL6,P05231,1
C0920,Arecoline,MAOA,P21397,1
C0920,Arecoline,MGMT,P16455,1
C0920,Arecoline,NR1I2,O75469,1
C0920,Arecoline,PCK2,Q16822,1
C0920,Arecoline,SERPINH1,P50454,1
C0920,Arecoline,SLC2A4,P14672,1
C0920,Arecoline,TJP1,Q07157,1
C0920,Arecoline,TNF,P01375,1
C0921,AristolochicAcid,PLA2G1B,P04054,9
C0921,AristolochicAcid,PLA2G2A,P14555,1
C0921,AristolochicAcid,TP53,P04637,1
C0921,AristolochicAcid,VEGFA,P15692,1
C0922,ArjunolicAcid,CA2,P00918,1
C0923,Artepillin,CASP1,P29466,1
C0924,Ar-Turmerone,MAPK1,P28482,1
C0924,Ar-Turmerone,MAPK8,P45983,1
C0924,Ar-Turmerone,NFKB1,P19838,1
C0924,Ar-Turmerone,PPARG,P37231,1
C0924,Ar-Turmerone,PTGS2,P35354,1
C0925,Arundine,AHR,P35869,1
C0925,Arundine,AKT1,P31749,2
C0925,Arundine,BRCA1,P38398,4
C0925,Arundine,CCND1,P24385,1
C0925,Arundine,CXCR4,P61073,1
C0925,Arundine,GPR84,Q9NQS5,1
C0925,Arundine,MAPK1,P28482,1
C0925,Arundine,MAPK14,Q16539,1
C0925,Arundine,MAPK3,P27361,1
C0925,Arundine,MAPK8,P45983,1
C0925,Arundine,MIR21,nan,2
C0925,Arundine,MIR221,nan,1
C0925,Arundine,NFE2L2,Q16236,1
C0925,Arundine,NFKB1,P19838,1
C0925,Arundine,NR4A1,P22736,2
C0925,Arundine,PTGS1,P23219,1
C0925,Arundine,PTGS2,P35354,2
C0925,Arundine,ROS1,P08922,1
C0925,Arundine,TERT,O14746,1
C0925,Arundine,TNFSF11,O14788,1
C0925,Arundine,VCAM1,P19320,1
C0925,Arundine,VEGFA,P15692,1
C0926,Rutaecarpine,CALCA,P06881;P01258,1
C0926,Rutaecarpine,GJA1,P17302,1
C0927,Ascorbate,ADRB2,P07550,1
C0927,Ascorbate,GSTO1,P78417,1
C0927,Ascorbate,HIF1A,Q16665,2
C0927,Ascorbate,KDM3A,Q9Y4C1,2
C0927,Ascorbate,NOS3,P29474,1
C0928,AsiaticAcid,MAPK14,Q16539,1
C0928,AsiaticAcid,NLRP3,Q96P20,1
C0928,AsiaticAcid,PPARG,P37231,1
C0928,AsiaticAcid,STAT3,P40763,1
C0929,Oxymatrine,APEX1,P27695,1
C0929,Oxymatrine,BCL2,P10415,1
C0929,Oxymatrine,EGFR,P00533,2
C0929,Oxymatrine,ERG,P11308,1
C0929,Oxymatrine,H2AX,P16104,1
C0929,Oxymatrine,PARP1,P09874,1
C0929,Oxymatrine,PTEN,P60484,1
C0929,Oxymatrine,UQCRB,P14927,1
C0929,Oxymatrine,VIM,P08670,1
C0930,AstragalosideIv,ABCB1,P08183,1
C0930,AstragalosideIv,ABCG2,Q9UNQ0,1
C0930,AstragalosideIv,CD276,Q5ZPR3,1
C0930,AstragalosideIv,CRTC1,Q6UUV9,1
C0930,AstragalosideIv,MAPK3,P27361,1
C0930,AstragalosideIv,MMP1,P03956,1
C0930,AstragalosideIv,SOX2,P48431,1
C0931,AsparticAcid,LAT,O43561,1
C0931,AsparticAcid,MPO,P05164,1
C0931,AsparticAcid,TRPV6,Q9H1D0,1
C0932,GinsenosideRg2,VCAM1,P19320,1
C0933,Fucoidan,AKT1,P31749,1
C0933,Fucoidan,CCND1,P24385,1
C0933,Fucoidan,CLEC1B,Q9P126,2
C0933,Fucoidan,CLEC2A,Q6UVW9,1
C0933,Fucoidan,CLEC2B,Q92478,1
C0933,Fucoidan,CTNNB1,P35222,1
C0933,Fucoidan,GSK3B,P49841,1
C0933,Fucoidan,HMGCR,P04035,1
C0933,Fucoidan,IFNG,P01579,1
C0933,Fucoidan,IL4,P05112,1
C0933,Fucoidan,LDLR,P01130,1
C0933,Fucoidan,MAPK1,P28482,1
C0933,Fucoidan,MAPK3,P27361,1
C0933,Fucoidan,MCL1,Q07820,1
C0933,Fucoidan,MSR1,P21757,2
C0933,Fucoidan,NOS3,P29474,1
C0933,Fucoidan,SELP,P16109,1
C0933,Fucoidan,TGFB1,P01137,1
C0933,Fucoidan,TYR,P14679,1
C0934,Aspirin,ABCC4,O15439,3
C0934,Aspirin,ADIPOQ,Q15848,1
C0934,Aspirin,ALDH1A1,P00352,1
C0934,Aspirin,BCL2,P10415,1
C0934,Aspirin,CASP3,P42574,1
C0934,Aspirin,COX8A,P10176,1
C0934,Aspirin,CREB1,P16220,1
C0934,Aspirin,CTNNB1,P35222,2
C0934,Aspirin,CX3CL1,P78423,2
C0934,Aspirin,CX3CR1,P49238,1
C0934,Aspirin,CXCL8,P10145,1
C0934,Aspirin,DAG1,Q14118,1
C0934,Aspirin,FGF1,P05230,1
C0934,Aspirin,FGF2,P09038,1
C0934,Aspirin,FN1,P02751,2
C0934,Aspirin,FOXP3,Q9BZS1,1
C0934,Aspirin,GAP43,P17677,1
C0934,Aspirin,HLF,Q16534,1
C0934,Aspirin,HPSE,Q9Y251,1
C0934,Aspirin,HSPA4,P34932,1
C0934,Aspirin,HSPD1,P10809,1
C0934,Aspirin,IKBKB,O14920,1
C0934,Aspirin,IL11,P20809,1
C0934,Aspirin,IL4,P05112,2
C0934,Aspirin,ITGAM,P11215,1
C0934,Aspirin,MAPK1,P28482,1
C0934,Aspirin,MAPK8,P45983,1
C0934,Aspirin,MAT1A,Q00266,1
C0934,Aspirin,MKI67,P46013,1
C0934,Aspirin,MMP9,P14780,2
C0934,Aspirin,MPO,P05164,1
C0934,Aspirin,MTOR,P42345,1
C0934,Aspirin,MYC,P01106,1
C0934,Aspirin,NANOG,Q9H9S0,1
C0934,Aspirin,NFKB1,P19838,4
C0934,Aspirin,NFKBIA,P25963,1
C0934,Aspirin,NOS3,P29474,1
C0934,Aspirin,P4HA2,O15460,1
C0934,Aspirin,PLAUR,Q03405,1
C0934,Aspirin,PON1,P27169,1
C0934,Aspirin,POU5F1,Q01860,1
C0934,Aspirin,PPARA,Q07869,2
C0934,Aspirin,PRKAA1,Q13131,4
C0934,Aspirin,PRKAG2,Q9UGJ0,1
C0934,Aspirin,PTGS1,P23219,14
C0934,Aspirin,PTGS2,P35354,12
C0934,Aspirin,PTK2,Q05397,1
C0934,Aspirin,PTPN13,Q12923,1
C0934,Aspirin,PTTG1,O95997,1
C0934,Aspirin,S100A8,P05109,1
C0934,Aspirin,SERPINE1,P05121,1
C0934,Aspirin,SERPINH1,P50454,1
C0934,Aspirin,SIRT1,Q96EB6,1
C0934,Aspirin,SLC2A1,P11166,1
C0934,Aspirin,SOX2,P48431,1
C0934,Aspirin,TERT,O14746,1
C0934,Aspirin,TFAP2A,P05549,1
C0934,Aspirin,TGFB1,P01137,1
C0934,Aspirin,TIMP3,P35625,1
C0934,Aspirin,TLR2,O60603,1
C0934,Aspirin,TLR4,O00206,1
C0934,Aspirin,VEGFA,P15692,1
C0934,Aspirin,XRCC3,O43542,1
C0935,Astragalin,MAPK1,P28482,1
C0936,quinine,CYP2C8,P10632,1
C0936,quinine,CYP3A4,P08684,1
C0936,quinine,GSTM1,P09488,1
C0936,quinine,GSTP1,P09211,1
C0936,quinine,KCNK5,O95279,1
C0936,quinine,TNF,P01375,1
C0937,rottlerin,BGLAP,P02818,1
C0937,rottlerin,BIRC3,Q13489,1
C0937,rottlerin,CACNA1C,Q13936,1
C0937,rottlerin,CASP3,P42574,3
C0937,rottlerin,CCND3,P30281,1
C0937,rottlerin,CD86,P42081,1
C0937,rottlerin,COL1A2,P08123,1
C0937,rottlerin,EIF2S1,P05198,1
C0937,rottlerin,HIF1A,Q16665,1
C0937,rottlerin,HSPA5,P11021,1
C0937,rottlerin,IBSP,P21815,1
C0937,rottlerin,IL6,P05231,1
C0937,rottlerin,ITGAM,P11215,1
C0937,rottlerin,MAPK1,P28482,1
C0937,rottlerin,MAPK3,P27361,1
C0937,rottlerin,MMP9,P14780,1
C0937,rottlerin,MT2A,P02795,1
C0937,rottlerin,NFAT5,O94916,1
C0937,rottlerin,NOS2,P35228,1
C0937,rottlerin,ODC1,P11926,1
C0937,rottlerin,PLA2G4A,P47712,1
C0937,rottlerin,PLSCR1,O15162,1
C0937,rottlerin,PRKCD,Q05655,3
C0937,rottlerin,PTGS2,P35354,1
C0937,rottlerin,RELA,Q04206,1
C0937,rottlerin,SLC26A6,Q9BXS9,1
C0937,rottlerin,SMAD3,P84022,1
C0937,rottlerin,SOD2,P04179,1
C0937,rottlerin,STK39,Q9UEW8,1
C0937,rottlerin,TGM2,P21980,1
C0937,rottlerin,VCAM1,P19320,1
C0937,rottlerin,XBP1,P17861,1
C0938,geraniin,CASP3,P42574,1
C0938,geraniin,CASP8,Q14790,1
C0938,geraniin,FASLG,P48023,1
C0939,withanolide,BAX,Q07812,1
C0939,withanolide,BCL2A1,Q16548,1
C0939,withanolide,CASP3,P42574,1
C0939,withanolide,CASP8,Q14790,1
C0939,withanolide,CASP9,P55211,1
C0939,withanolide,GGT5,P36269,1
C0939,withanolide,PTGS2,P35354,1
C0939,withanolide,RELA,Q04206,1
C0940,alpha-peltatin,IL1B,P01584,1
C0940,alpha-peltatin,RELA,Q04206,1
C0940,alpha-peltatin,TNF,P01375,1
C0941,ursodeoxycholicacid,BCL2,P10415,1
C0941,ursodeoxycholicacid,CYP3A4,P08684,1
C0941,ursodeoxycholicacid,E2F1,Q01094,1
C0941,ursodeoxycholicacid,FABP6,P51161,1
C0942,selenocystine,AKT1,P31749,1
C0942,selenocystine,CCNA2,P20248,1
C0942,selenocystine,CCND1,P24385,1
C0942,selenocystine,CCND3,P30281,1
C0942,selenocystine,CDK4,P11802,1
C0942,selenocystine,CDK6,Q00534,1
C0942,selenocystine,CDKN1A,P38936,1
C0942,selenocystine,CDKN1B,P46527,1
C0942,selenocystine,TP53,P04637,1
C0943,ginkgolidea,ABCB1,P08183,1
C0943,ginkgolidea,ABCC2,Q92887,1
C0943,ginkgolidea,CYP2B6,P20813,1
C0943,ginkgolidea,CYP3A4,P08684,1
C0943,ginkgolidea,NOS2,P35228,1
C0943,ginkgolidea,NR1I2,O75469,1
C0943,ginkgolidea,UGT1A1,P22309,1
C0944,menthylacetate,CYP3A4,P08684,1
C0946,beta-hydroxyisovalerylshikonin,CASP3,P42574,2
C0946,beta-hydroxyisovalerylshikonin,CASP8,Q14790,1
C0946,beta-hydroxyisovalerylshikonin,CASP9,P55211,1
C0946,beta-hydroxyisovalerylshikonin,DUT,P33316,1
C0946,beta-hydroxyisovalerylshikonin,EGFR,P00533,1
C0946,beta-hydroxyisovalerylshikonin,MAPK1,P28482,1
C0946,beta-hydroxyisovalerylshikonin,PLK1,P53350,1
C0947,sulfur,GSTP1,P09211,1
C0947,sulfur,NOS2,P35228,1
C0948,aldosterone,ACE,P12821,2
C0948,aldosterone,ACE2,Q9BYF1,1
C0948,aldosterone,AGT,P01019,2
C0948,aldosterone,AQP1,P29972,1
C0948,aldosterone,AQP2,P41181,2
C0948,aldosterone,CALCA,P01258,1
C0948,aldosterone,CCL2,P13500,3
C0948,aldosterone,CCN2,P29279,2
C0948,aldosterone,CCNA2,P20248,1
C0948,aldosterone,CCND1,P24385,1
C0948,aldosterone,CDK2,P24941,1
C0948,aldosterone,CDK4,P11802,1
C0948,aldosterone,CDKN1A,P38936,1
C0948,aldosterone,COL1A1,P02452,1
C0948,aldosterone,COL3A1,P02461,1
C0948,aldosterone,CYP11B2,P19099,1
C0948,aldosterone,DDIT3,P35638,1
C0948,aldosterone,DUOX2,Q9NRD8,1
C0948,aldosterone,EDN1,P05305,1
C0948,aldosterone,EGFR,P00533,3
C0948,aldosterone,FASLG,P48023,1
C0948,aldosterone,FN1,P02751,3
C0948,aldosterone,G6PD,P11413,1
C0948,aldosterone,GH1,P01241,1
C0948,aldosterone,HCN2,Q9UL51,1
C0948,aldosterone,HCN4,Q9Y3Q4,1
C0948,aldosterone,HNRNPA2B1,P22626,1
C0948,aldosterone,KDR,P35968,1
C0948,aldosterone,KLK1,P06870,1
C0948,aldosterone,KLK10,O43240,1
C0948,aldosterone,MAPK1,P28482,1
C0948,aldosterone,MAPK7,Q13164,1
C0948,aldosterone,MLPH,Q9BV36,1
C0948,aldosterone,NOS2,P35228,2
C0948,aldosterone,NOS3,P29474,1
C0948,aldosterone,NR3C2,P08235,2
C0948,aldosterone,PCOLCE,Q15113,1
C0948,aldosterone,PPARA,Q07869,1
C0948,aldosterone,PTGS2,P35354,3
C0948,aldosterone,PURA,Q00577,1
C0948,aldosterone,RAF1,P04049,1
C0948,aldosterone,RELA,Q04206,1
C0948,aldosterone,RGN,Q15493,1
C0948,aldosterone,SCNN1A,P37088,2
C0948,aldosterone,SCNN1B,P51168,3
C0948,aldosterone,SCNN1G,P51170,2
C0948,aldosterone,SERPINE1,P05121,5
C0948,aldosterone,SGK1,O00141,7
C0948,aldosterone,SLC1A5,Q15758,1
C0948,aldosterone,SLC3A2,P08195,1
C0948,aldosterone,SLC7A5,Q01650,1
C0948,aldosterone,SLC7A8,Q9UHI5,1
C0948,aldosterone,SMAD3,P84022,1
C0948,aldosterone,SPP1,P10451,2
C0948,aldosterone,SRC,P12931,1
C0948,aldosterone,TGFB1,P01137,5
C0948,aldosterone,TSC22D3,Q99576,1
C0948,aldosterone,YWHAB,P31946,1
C0949,indirubin,AHR,P35869,2
C0949,indirubin,CCL5,P13501,1
C0949,indirubin,CYP1A1,P04798,1
C0949,indirubin,GSK3B,P49841,1
C0949,indirubin,IFNG,P01579,1
C0950,18beta-glycyrrhetinicacid,CASP3,P42574,1
C0950,18beta-glycyrrhetinicacid,GJA1,P17302,1
C0952,vitaminc,ATM,Q13315,1
C0952,vitaminc,CASP3,P42574,1
C0952,vitaminc,CAT,P04040,1
C0952,vitaminc,CCL2,P13500,1
C0952,vitaminc,CD40LG,P29965,1
C0952,vitaminc,COL4A2,P08572,1
C0952,vitaminc,COL7A1,Q02388,1
C0952,vitaminc,CYP1A1,P04798,1
C0952,vitaminc,CYP1A2,P05177,1
C0952,vitaminc,CYP2E1,P05181,1
C0952,vitaminc,GPT,P24298,1
C0952,vitaminc,ICAM1,P05362,1
C0952,vitaminc,IL1A,P01583,1
C0952,vitaminc,IL1B,P01584,2
C0952,vitaminc,IL6,P05231,1
C0952,vitaminc,JUN,P05412,1
C0952,vitaminc,MME,P08473,1
C0952,vitaminc,MS4A1,P11836,1
C0952,vitaminc,NOS2,P35228,1
C0952,vitaminc,NR3C2,P08235,1
C0952,vitaminc,OGG1,O15527,1
C0952,vitaminc,RELA,Q04206,1
C0952,vitaminc,RETN,Q9HD89,1
C0952,vitaminc,SOD1,P00441,1
C0952,vitaminc,SOD3,P08294,1
C0952,vitaminc,TH,P07101,1
C0952,vitaminc,TNC,P24821,1
C0952,vitaminc,TNF,P01375,1
C0952,vitaminc,VCAM1,P19320,1
C0952,vitaminc,VEGFA,P15692,1
C0953,quinidine,ABCB1,P08183,1
C0953,quinidine,CAT,P04040,1
C0953,quinidine,CYP2D6,P10635,1
C0953,quinidine,CYP3A4,P08684,1
C0953,quinidine,GSTM1,P09488,1
C0953,quinidine,GSTP1,P09211,1
C0953,quinidine,ODC1,P11926,1
C0953,quinidine,SLC10A2,Q12908,1
C0953,quinidine,SOD1,P00441,1
C0954,deoxyschizandrin,CASP3,P42574,1
C0954,deoxyschizandrin,CASP9,P55211,1
C0956,Atenolol,ADRB1,P08588,17
C0956,Atenolol,ADRB2,P07550,1
C0956,Atenolol,SLC22A2,O15244,1
C0956,Atenolol,SLC47A1,Q96FL8,1
C0957,vitaminb6,CRP,P02741,1
C0958,cantharidin,BAX,Q07812,1
C0958,cantharidin,BCL2,P10415,1
C0958,cantharidin,CASP3,P42574,1
C0958,cantharidin,PPP2R2A,P63151,1
C0958,cantharidin,PTGS2,P35354,1
C0958,cantharidin,STAR,P49675,1
C0958,cantharidin,TP53,P04637,1
C0959,realgar,CD14,P08571,1
C0959,realgar,HMOX1,P09601,1
C0959,realgar,HSP70-1,P22953,1
C0959,realgar,IL1B,P01584,1
C0959,realgar,ITGAM,P11215,1
C0960,d-securinine,ACHE,P22303,1
C0961,uridine,IFNAR2,P48551,1
C0961,uridine,PLA2G2A,P14555,1
C0962,panaxatriol,NR3C1,P04150,1
C0963,toosendanin,CASP3,P42574,1
C0963,toosendanin,CASP8,Q14790,1
C0963,toosendanin,CASP9,P55211,1
C0963,toosendanin,CYCS,P99999,1
C0964,anisodamine,CCND1,P24385,1
C0964,anisodamine,F3,P13726,2
C0964,anisodamine,RELA,Q04206,1
C0964,anisodamine,SERPINE1,P05121,1
C0964,anisodamine,TNF,P01375,1
C0965,taxifolin,APOB,P04114,1
C0965,taxifolin,DGAT2,Q96PD7,1
C0965,taxifolin,ICAM1,P05362,1
C0965,taxifolin,MAC1,P35192,1
C0965,taxifolin,MTTP,P55157,1
C0965,taxifolin,NOS2,P35228,1
C0965,taxifolin,PTGS2,P35354,1
C0965,taxifolin,RELA,Q04206,1
C0966,liqueminn,SELL,P14151,1
C0966,liqueminn,SELP,P16109,1
C0967,glucuronicacid,SOD1,P00441,1
C0968,cystathionine,CTH,P32929,1
C0969,enoxaparin,F2,P00734,1
C0969,enoxaparin,HPSE,Q9Y251,1
C0969,enoxaparin,SELL,P14151,1
C0969,enoxaparin,SELP,P16109,1
C0970,isobutyrylshikonin,AKT1,P31749,1
C0970,isobutyrylshikonin,IL1B,P01584,1
C0970,isobutyrylshikonin,NFKBIA,P25963,1
C0970,isobutyrylshikonin,NOS2,P35228,1
C0970,isobutyrylshikonin,PTGS2,P35354,1
C0970,isobutyrylshikonin,RELA,Q04206,1
C0970,isobutyrylshikonin,TNF,P01375,1
C0971,calophyllolide,CASP3,P42574,1
C0971,calophyllolide,CASP9,P55211,1
C0972,digoxin,ABCB1,P08183,3
C0972,digoxin,CYP11A1,P05108,1
C0972,digoxin,CYP11B1,P15538,1
C0972,digoxin,HIF1A,Q16665,1
C0972,digoxin,NR1I2,O75469,1
C0972,digoxin,PON1,P27169,1
C0972,digoxin,STAR,P49675,1
C0973,tutin,CREB1,P16220,1
C0974,dihydroartemisinin,FLT1,P17948,1
C0974,dihydroartemisinin,KDR,P35968,1
C0974,dihydroartemisinin,VEGFA,P15692,1
C0976,ajoene,PTGS2,P35354,1
C0976,ajoene,RPS6KB1,P23443,1
C0977,urogastrone,SLC9A1,P19634,1
C0978,d-tubocurarinechloride,CASP3,P42574,1
C0979,platycodind3,NOS2,P35228,1
C0979,platycodind3,TNF,P01375,1
C0980,cucurbitacinq,STAT3,P40763,1
C0981,hydroxysaffloryellowa,HIF1A,Q16665,1
C0981,hydroxysaffloryellowa,SOD1,P00441,1
C0981,hydroxysaffloryellowa,VEGFA,P15692,1
C0982,o-desulfatedheparin,RELA,Q04206,1
C0983,ginsenosiderf,CYP3A4,P08684,1
C0983,ginsenosiderf,IFNG,P01579,1
C0983,ginsenosiderf,IL1B,P01584,1
C0983,ginsenosiderf,PTGS2,P35354,1
C0983,ginsenosiderf,TNF,P01375,1
C0984,delta-elemene,CASP3,P42574,4
C0985,ginsenosiderd,BAX,Q07812,1
C0985,ginsenosiderd,BCL2,P10415,1
C0985,ginsenosiderd,CASP3,P42574,1
C0985,ginsenosiderd,PSMD3,O43242,1
C0986,mallotoxin,KCNH2,Q12809,1
C0986,mallotoxin,KCNMB1,Q16558,1
C0987,Atorvastatin,ABCG2,Q9UNQ0,1
C0987,Atorvastatin,ACE,P12821,1
C0987,Atorvastatin,BAX,Q07812,1
C0987,Atorvastatin,BCL2,P10415,1
C0987,Atorvastatin,CDKN2A,Q8N726;P42771,1
C0987,Atorvastatin,CRP,P02741,1
C0987,Atorvastatin,CXADR,P78310,1
C0987,Atorvastatin,CXCR4,P61073,1
C0987,Atorvastatin,CYBB,P04839,1
C0987,Atorvastatin,CYP3A,nan,1
C0987,Atorvastatin,ENG,P17813,1
C0987,Atorvastatin,GAMT,Q14353,1
C0987,Atorvastatin,HMGCR,P04035,21
C0987,Atorvastatin,HSF1,Q00613,1
C0987,Atorvastatin,HSPA4,P34932,1
C0987,Atorvastatin,IL18,Q14116,1
C0987,Atorvastatin,IL1B,P01584,1
C0987,Atorvastatin,IL6,P05231,1
C0987,Atorvastatin,INS,P01308,1
C0987,Atorvastatin,IRS1,P35568,1
C0987,Atorvastatin,ITGAM,P11215,1
C0987,Atorvastatin,ITGB2,P05107,1
C0987,Atorvastatin,JAK2,O60674,1
C0987,Atorvastatin,KRAS,P01116,1
C0987,Atorvastatin,LDLR,P01130,1
C0987,Atorvastatin,LGALS3,P17931,1
C0987,Atorvastatin,LPL,P06858,2
C0987,Atorvastatin,MMP9,P14780,2
C0987,Atorvastatin,MPO,P05164,1
C0987,Atorvastatin,MUC5AC,P98088,1
C0987,Atorvastatin,NLRP3,Q96P20,2
C0987,Atorvastatin,NOS3,P29474,1
C0987,Atorvastatin,NR1H3,Q13133,2
C0987,Atorvastatin,PIGK,Q92643,1
C0987,Atorvastatin,PLAUR,Q03405,1
C0987,Atorvastatin,PNO1,Q9NRX1,1
C0987,Atorvastatin,PON1,P27169,1
C0987,Atorvastatin,PPARG,P37231,3
C0987,Atorvastatin,PRKAA1,Q13131,2
C0987,Atorvastatin,PTEN,P60484,1
C0987,Atorvastatin,ROS1,P08922,1
C0987,Atorvastatin,RXRA,P19793,1
C0987,Atorvastatin,SELL,P14151,1
C0987,Atorvastatin,SIRT1,Q96EB6,1
C0987,Atorvastatin,SLCO2B1,O94956,1
C0987,Atorvastatin,STAT3,P40763,1
C0987,Atorvastatin,TLR4,O00206,2
C0987,Atorvastatin,TNF,P01375,2
C0987,Atorvastatin,TRIB3,Q96RU7,1
C0987,Atorvastatin,VCAM1,P19320,1
C0987,Atorvastatin,VEGFA,P15692,1
C0988,chebulinicacid,GATA1,P15976,1
C0988,chebulinicacid,GATA2,P23769,1
C0988,chebulinicacid,HMBS,P08397,1
C0988,chebulinicacid,NFE2,Q16621,1
C0989,hypericin,GSR,P00390,1
C0989,hypericin,MMP1,P03956,1
C0989,hypericin,NFKB1,P19838,1
C0989,hypericin,NFKBIA,P25963,1
C0989,hypericin,RELA,Q04206,1
C0990,guanidine,NISCH,Q9Y2I1,1
C0991,domoicacid,FOS,P01100,1
C0991,domoicacid,JUNB,P17275,1
C0991,domoicacid,JUND,P17535,1
C0991,domoicacid,MMP9,P14780,2
C0991,domoicacid,TGFB1,P01137,1
C0991,domoicacid,TNF,P01375,2
C0992,strychnine,GLRA1,P23415,1
C0993,securinine,SELL,P14151,1
C0994,alpha-amyrinacetate,POLB,P06746,1
C0995,isorhynchophylline,GRIN1,Q05586,1
C0995,isorhynchophylline,HTR2A,P28223,1
C0996,alpha-chlorohydrin,GAPDH,P04406,1
C0997,lobeline,OPRM1,P35372,1
C0997,lobeline,SLC18A2,Q05940,1
C0998,paulownin,metB,Q9ZMW7,1
C0999,eriodictyol,HMOX1,P09601,1
C0999,eriodictyol,NFE2L2,Q16236,1
C0999,eriodictyol,NQO1,P15559,1
C0999,eriodictyol,TBK1,Q9UHD2,1
C1000,chiisanoside,IL1B,P01584,1
C1000,chiisanoside,MAPK8,P45983,1
C1000,chiisanoside,NOS2,P35228,1
C1000,chiisanoside,PTGS2,P35354,1
C1000,chiisanoside,RELA,Q04206,1
C1000,chiisanoside,TNF,P01375,1
C1001,suberosin,NFATC3,Q12968,1
C1001,suberosin,RELA,Q04206,1
C1002,boron,CTSD,P07339,1
C1002,boron,CYP24A1,Q07973,1
C1002,boron,MMP9,P14780,1
C1003,tylophorine,AKT1,P31749,1
C1003,tylophorine,JUN,P05412,1
C1003,tylophorine,NOS2,P35228,1
C1003,tylophorine,PTGS2,P35354,1
C1003,tylophorine,TNF,P01375,1
C1004,notoginsenoside-rg1,BDNF,P23560,1
C1005,notoginsenosider1,SELE,P16581,1
C1006,phosphatidicacid,BCL2,P10415,1
C1006,phosphatidicacid,BCL2L1,Q07817,1
C1006,phosphatidicacid,DGKQ,P52824,1
C1006,phosphatidicacid,DUOX2,Q9NRD8,1
C1006,phosphatidicacid,GPAT3,Q53EU6,1
C1006,phosphatidicacid,GPLD1,P80108,1
C1006,phosphatidicacid,MAPK1,P28482,1
C1006,phosphatidicacid,MTOR,P42345,1
C1006,phosphatidicacid,PDE4D,Q08499,1
C1006,phosphatidicacid,PLCE1,Q9P212,1
C1006,phosphatidicacid,PON1,P27169,1
C1006,phosphatidicacid,PTGS2,P35354,1
C1006,phosphatidicacid,RGS4,P49798,1
C1006,phosphatidicacid,RPS6KB2,Q9UBS0,1
C1007,ricin,BAX,Q07812,1
C1007,ricin,CALR,P27797,1
C1007,ricin,CXCL8,P10145,3
C1007,ricin,RNASEL,Q05823,1
C1007,ricin,TNF,P01375,1
C1008,Atrazine,GHRHR,Q02643,1
C1008,Atrazine,GPER1,Q99527,1
C1008,Atrazine,GSTM1,P09488,1
C1008,Atrazine,MAPK1,P28482,1
C1009,"4,8-dimethoxy-1-vinyl-beta-carboline",NOS2,P35228,1
C1009,"4,8-dimethoxy-1-vinyl-beta-carboline",PTGS2,P35354,1
C1009,"4,8-dimethoxy-1-vinyl-beta-carboline",RELA,Q04206,1
C1010,undecanal,OR1D2,P34982,1
C1011,dithioerythritol,HSD17B13,Q7Z5P4,1
C1013,z-ajoene,CCNB1,P14635,1
C1013,z-ajoene,CDK1,P06493,1
C1013,z-ajoene,TEP1,Q99973,1
C1013,z-ajoene,TNP1,P09430,1
C1014,biotin,CYP1B1,Q16678,1
C1014,biotin,GCK,P35557,3
C1014,biotin,GUCY2F,P51841,1
C1014,biotin,INS,P01308,2
C1014,biotin,INSR,P06213,1
C1014,biotin,PCK1,P35558,1
C1016,20(r)-ginsenosiderg3,MMP2,P08253,1
C1016,20(r)-ginsenosiderg3,MMP9,P14780,1
C1016,20(r)-ginsenosiderg3,PIM3,Q86V86,1
C1016,20(r)-ginsenosiderg3,VEGFA,P15692,1
C1017,puerarin,ACE2,Q9BYF1,1
C1017,puerarin,AGTR1,P30556,1
C1017,puerarin,AKR1B1,P15121,1
C1017,puerarin,AKT1,P31749,1
C1017,puerarin,BAD,Q92934,1
C1017,puerarin,BAX,Q07812,1
C1017,puerarin,BCL2,P10415,3
C1017,puerarin,BIRC5,O15392,1
C1017,puerarin,CASP3,P42574,4
C1017,puerarin,CASP8,Q14790,1
C1017,puerarin,CASP9,P55211,1
C1017,puerarin,CDKN1B,P46527,1
C1017,puerarin,CHEK2,O96017,1
C1017,puerarin,F2R,P25116,1
C1017,puerarin,FAS,P25445,1
C1017,puerarin,FOS,P01100,3
C1017,puerarin,GPT,P24298,1
C1017,puerarin,GSTP1,P09211,1
C1017,puerarin,HIF1A,Q16665,1
C1017,puerarin,IFNA1;IFNA13,P01562,1
C1017,puerarin,IFNB1,P01574,1
C1017,puerarin,ITGB5,P18084,1
C1017,puerarin,JUN,P05412,1
C1017,puerarin,LEPR,P48357,1
C1017,puerarin,MMP2,P08253,1
C1017,puerarin,MMP9,P14780,1
C1017,puerarin,NFKBIA,P25963,1
C1017,puerarin,NOS2,P35228,1
C1017,puerarin,NOS3,P29474,2
C1017,puerarin,PDGFA,P04085,1
C1017,puerarin,PGP,A6NDG6,1
C1017,puerarin,PLAT,P00750,1
C1017,puerarin,PLIN2,Q99541,1
C1017,puerarin,PPARG,P37231,1
C1017,puerarin,PRKCA,P17252,1
C1017,puerarin,RELA,Q04206,2
C1017,puerarin,SELP,P16109,1
C1017,puerarin,SOD1,P00441,1
C1017,puerarin,SRC,P12931,1
C1017,puerarin,STAT3,P40763,1
C1017,puerarin,TIMP2,P16035,1
C1017,puerarin,TNF,P01375,1
C1017,puerarin,VCAM1,P19320,1
C1017,puerarin,VEGFA,P15692,1
C1018,18alpha-glycyrrhetinicacid,CCND1,P24385,1
C1018,18alpha-glycyrrhetinicacid,CDK2,P24941,1
C1018,18alpha-glycyrrhetinicacid,CDK4,P11802,1
C1018,18alpha-glycyrrhetinicacid,FOS,P01100,1
C1018,18alpha-glycyrrhetinicacid,JUN,P05412,1
C1018,18alpha-glycyrrhetinicacid,MYC,P01106,1
C1019,Atropine,BAD,Q92934,1
C1019,Atropine,BAX,Q07812,1
C1019,Atropine,BCL2,P10415,1
C1019,Atropine,Bcl2l1,Q64373,1
C1019,Atropine,CASP2,P42575,1
C1019,Atropine,CASP3,P42574,1
C1019,Atropine,CASP9,P55211,1
C1019,Atropine,CHRM3,P20309,1
C1019,Atropine,CHRNE,Q04844,2
C1019,Atropine,SLC22A1,O15245,1
C1020,danshensu,COL1A1,P02452,1
C1020,danshensu,COL3A1,P02461,1
C1020,danshensu,NF1,P21359,1
C1020,danshensu,NPPA,P01160,1
C1020,danshensu,RELA,Q04206,1
C1020,danshensu,SOD1,P00441,1
C1020,danshensu,TGFB1,P01137,1
C1020,danshensu,TIMP1,P01033,1
C1021,s-petasin,CYP11B1,P15538,1
C1021,s-petasin,STAR,P49675,1
C1022,alpha-santalol,CASP3,P42574,1
C1022,alpha-santalol,CASP8,Q14790,1
C1022,alpha-santalol,ODC1,P11926,1
C1022,alpha-santalol,TP53,P04637,1
C1023,tauroursodeoxycholicacid,NR3C2,P08235,1
C1023,tauroursodeoxycholicacid,VEGFA,P15692,1
C1024,12-olide,CHUK,O15111,1
C1024,12-olide,NOS2,P35228,1
C1024,12-olide,RELA,Q04206,1
C1025,emetine,ABCB1,P08183,1
C1025,emetine,BCL2L1,Q07817,1
C1025,emetine,CD40,P25942,1
C1026,lycoricidinol,TNF,P01375,1
C1027,kainicacid,APOE,P02649,1
C1027,kainicacid,BAG3,O95817,1
C1027,kainicacid,BAX,Q07812,3
C1027,kainicacid,BCL2,P10415,2
C1027,kainicacid,BCL2L1,Q07817,2
C1027,kainicacid,BCL2L11,O43521,1
C1027,kainicacid,BCL2L2,Q92843,1
C1027,kainicacid,BDNF,P23560,2
C1027,kainicacid,C5AR1,P21730,1
C1027,kainicacid,CASP3,P42574,2
C1027,kainicacid,CCL2,P13500,1
C1027,kainicacid,CCR5,P51681,1
C1027,kainicacid,CTSB,P07858,1
C1027,kainicacid,CXCL2,P19875,1
C1027,kainicacid,CYP19A1,P11511,1
C1027,kainicacid,GDNF,P39905,1
C1027,kainicacid,GRIA1,P42261,1
C1027,kainicacid,HRH1,P35367,1
C1027,kainicacid,HRK,O00198,1
C1027,kainicacid,IL1B,P01584,2
C1027,kainicacid,IL1RN,P18510,1
C1027,kainicacid,ITPKA,P23677,1
C1027,kainicacid,LIPG,Q9Y5X9,1
C1027,kainicacid,MAP1LC3B,Q9GZQ8,1
C1027,kainicacid,MDM2,Q00987,1
C1027,kainicacid,NPY,P01303,1
C1027,kainicacid,NRCAM,Q92823,1
C1027,kainicacid,NTF3,P20783,1
C1027,kainicacid,PENK,P01210,1
C1027,kainicacid,PRKAG2,Q9UGJ0,1
C1027,kainicacid,RELA,Q04206,1
C1027,kainicacid,SLC5A11,Q8WWX8,1
C1027,kainicacid,SMAD2,Q15796,1
C1027,kainicacid,TNF,P01375,1
C1027,kainicacid,TP53,P04637,2
C1027,kainicacid,YWHAZ,P63104,2
C1028,2'-deoxyinosine,TYMP,P19971,1
C1029,ulinastatin,BAX,Q07812,1
C1029,ulinastatin,BCL2,P10415,1
C1029,ulinastatin,CASP3,P42574,1
C1029,ulinastatin,CTRC,Q99895,1
C1029,ulinastatin,IL6,P05231,1
C1029,ulinastatin,MPO,P05164,1
C1029,ulinastatin,PRSS1,P07477,1
C1029,ulinastatin,TNF,P01375,2
C1030,Aucubin,BAX,Q07812,1
C1030,Aucubin,BCL2,P10415,1
C1030,Aucubin,IL6,P05231,1
C1030,Aucubin,MPO,P05164,1
C1030,Aucubin,MTOR,P42345,1
C1030,Aucubin,NFKBIA,P25963,1
C1030,Aucubin,PKB_RS07820,nan,1
C1030,Aucubin,RELA,Q04206,1
C1030,Aucubin,TNF,P01375,1
C1031,sucrose,ACSL1,P33121,1
C1031,sucrose,ACSL4,O60488,1
C1031,sucrose,AKR1B1,P15121,1
C1031,sucrose,ALAD,P13716,1
C1031,sucrose,AMY1C;AMY1,P04745,1
C1031,sucrose,COL1A1,P02452,1
C1031,sucrose,COL7A1,Q02388,1
C1031,sucrose,CYP1A2,P05177,1
C1031,sucrose,FOS,P01100,1
C1031,sucrose,FOSL2,P15408,1
C1031,sucrose,G6PC1,P35575,1
C1031,sucrose,GLUL,P15104,1
C1031,sucrose,HK1,P19367,1
C1031,sucrose,LCT,P09848,1
C1031,sucrose,NR1I3,Q14994,1
C1031,sucrose,SI,P14410,1
C1031,sucrose,SREBF1,P36956,1
C1031,sucrose,SREBF2,Q12772,1
C1032,mezerein,CNP,P09543,1
C1032,mezerein,MBP,P02686,1
C1032,mezerein,PRKCB,P05771,1
C1033,cordycepin,JUN,P05412,1
C1033,cordycepin,MMP2,P08253,1
C1033,cordycepin,MMP9,P14780,1
C1033,cordycepin,PTGS2,P35354,1
C1034,octanoate,CEBPA,P49715,1
C1034,octanoate,FABP4,P15090,1
C1034,octanoate,GPD2,P43304,1
C1034,octanoate,LIPE,Q05469,1
C1034,octanoate,LPL,P06858,1
C1034,octanoate,PPARA,Q07869,1
C1034,octanoate,PPARG,P37231,3
C1034,octanoate,SCARB2,Q14108,1
C1034,octanoate,SREBF1,P36956,2
C1035,cytisine,FOS,P01100,2
C1036,inulin,CCND1,P24385,1
C1036,inulin,CTNNB1,P35222,1
C1036,inulin,FTMT,Q8N4E7,1
C1036,inulin,GUSB,P08236,1
C1036,inulin,PRKCB,P05771,1
C1036,inulin,SLC11A2,P49281,1
C1037,swainsonine,BCL2,P10415,1
C1037,swainsonine,EGFR,P00533,1
C1037,swainsonine,MAN2B1,O00754,1
C1037,swainsonine,MYC,P01106,1
C1037,swainsonine,TP53,P04637,1
C1038,brusatol,MYC,P01106,1
C1038,brusatol,RELA,Q04206,1
C1039,pectin,LGALS3,P17931,1
C1039,pectin,MAPK1,P28482,1
C1039,pectin,NOS2,P35228,1
C1039,pectin,PTGS2,P35354,1
C1040,ginsenosidek,MAP2K4,P45985,1
C1040,ginsenosidek,NFKBIA,P25963,1
C1041,antineoplastona10,BCL2,P10415,1
C1041,antineoplastona10,TP53,P04637,1
C1042,scopolamine,CREB1,P16220,1
C1042,scopolamine,IL1B,P01584,2
C1042,scopolamine,IL6,P05231,1
C1042,scopolamine,MMP9,P14780,1
C1042,scopolamine,TNF,P01375,2
C1043,gnidimacrin,CDK2,P24941,1
C1043,gnidimacrin,PRKCB,P05771,1
C1044,"15,16-dihydrotanshinonei",CASP3,P42574,1
C1044,"15,16-dihydrotanshinonei",CASP7,P55210,1
C1044,"15,16-dihydrotanshinonei",CASP9,P55211,1
C1044,"15,16-dihydrotanshinonei",CCND1,P24385,1
C1044,"15,16-dihydrotanshinonei",CCND3,P30281,1
C1044,"15,16-dihydrotanshinonei",CDK2,P24941,1
C1044,"15,16-dihydrotanshinonei",CDK4,P11802,1
C1045,cryptotanshinone,APP,P05067,1
C1045,cryptotanshinone,BIRC5,O15392,1
C1045,cryptotanshinone,CCND1,P24385,1
C1045,cryptotanshinone,EDN1,P05305,1
C1045,cryptotanshinone,STAT3,P40763,1
C1045,cryptotanshinone,TNF,P01375,1
C1046,vinblastine,AADAC,P22760,1
C1046,vinblastine,ABCA2,Q9BZC7,1
C1046,vinblastine,ABCA3,Q99758,1
C1046,vinblastine,ABCB1,P08183,1
C1046,vinblastine,BIRC5,O15392,1
C1046,vinblastine,CASP9,P55211,1
C1046,vinblastine,CDKN1A,P38936,1
C1046,vinblastine,CES2,O00748,1
C1046,vinblastine,ITGA2,P17301,1
C1046,vinblastine,ITGA5,P08648,1
C1046,vinblastine,JUN,P05412,1
C1046,vinblastine,KDR,P35968,1
C1046,vinblastine,MYC,P01106,1
C1046,vinblastine,PGP,A6NDG6,2
C1046,vinblastine,SOD2,P04179,1
C1046,vinblastine,SRC,P12931,1
C1046,vinblastine,TOP1,P11387,1
C1046,vinblastine,VEGFA,P15692,1
C1047,b-groupsoyasaponin,AKT1,P31749,1
C1047,b-groupsoyasaponin,RAF1,P04049,1
C1048,ginsenosiderbl,GSK3B,P49841,1
C1049,asarinin,ICAM1,P05362,1
C1049,asarinin,VCAM1,P19320,1
C1050,cnicin,murA,P0A749,1
C1051,Auraptene,AKT1,P31749,1
C1052,evodiamine,AHR,P35869,1
C1052,evodiamine,AKT1,P31749,1
C1052,evodiamine,BCL2,P10415,2
C1052,evodiamine,BCL2L1,Q07817,1
C1052,evodiamine,BIRC2,Q13490,1
C1052,evodiamine,BIRC5,O15392,1
C1052,evodiamine,CCND1,P24385,1
C1052,evodiamine,HIF1A,Q16665,1
C1052,evodiamine,ICAM1,P05362,1
C1052,evodiamine,MAPK1,P28482,1
C1052,evodiamine,MMP9,P14780,1
C1052,evodiamine,MYC,P01106,1
C1052,evodiamine,NFKBIA,P25963,1
C1052,evodiamine,NPY,P01303,1
C1052,evodiamine,PRKCB,P05771,1
C1052,evodiamine,PTGS2,P35354,1
C1052,evodiamine,RELA,Q04206,1
C1052,evodiamine,SIRT1,Q96EB6,1
C1052,evodiamine,TOP1,P11387,1
C1052,evodiamine,TP53,P04637,1
C1052,evodiamine,TRPV1,Q8NER1,1
C1052,evodiamine,VEGFA,P15692,1
C1052,evodiamine,XIAP,P98170,1
C1053,atractylenolideiii,NOS2,P35228,1
C1053,atractylenolideiii,TNF,P01375,1
C1054,vitamink,SPP1,P10451,1
C1055,salvianolicacidb,CASP3,P42574,1
C1055,salvianolicacidb,ICAM1,P05362,1
C1055,salvianolicacidb,KDR,P35968,1
C1055,salvianolicacidb,MMP2,P08253,1
C1055,salvianolicacidb,PAWR,Q96IZ0,1
C1055,salvianolicacidb,PLAT,P00750,1
C1055,salvianolicacidb,PRKCB,P05771,1
C1055,salvianolicacidb,PTGS2,P35354,1
C1055,salvianolicacidb,RELA,Q04206,1
C1055,salvianolicacidb,SERPINE1,P05121,1
C1055,salvianolicacidb,THBD,P07204,1
C1055,salvianolicacidb,VCAM1,P19320,1
C1055,salvianolicacidb,VEGFA,P15692,1
C1056,kuraridin,PTGS2,P35354,1
C1056,kuraridin,TYR,P14679,1
C1057,cortisone,CD69,Q07108,1
C1057,cortisone,EIF4E,P06730,1
C1057,cortisone,FASN,P49327,1
C1057,cortisone,HSD11B2,P80365,1
C1058,vitamin,UCP3,P55916,1
C1059,eupatolide,RELA,Q04206,1
C1059,eupatolide,TNF,P01375,1
C1061,hecogenin,AHSA1,O95433,1
C1061,hecogenin,PTGS2,P35354,1
C1062,betanidin,TYR,P14679,1
C1063,cis-jasmone,AHSA1,O95433,1
C1063,cis-jasmone,BAX,Q07812,1
C1063,cis-jasmone,CASP3,P42574,1
C1063,cis-jasmone,CDKN1A,P38936,1
C1063,cis-jasmone,TNFRSF1A,P19438,1
C1065,ginsenosiderc,CYP2C9,P11712,1
C1065,ginsenosiderc,FOS,P01100,1
C1066,chitin,CHIA,Q9BZP6,1
C1066,chitin,csn,P33673,1
C1067,hirudin,F2,P00734,4
C1067,hirudin,F3,P13726,1
C1067,hirudin,MIF,P14174,1
C1069,capillarisin,MMP9,P14780,1
C1070,1-methoxy-2-hydroxyanthraquinone,CASP3,P42574,1
C1070,1-methoxy-2-hydroxyanthraquinone,SRC,P12931,1
C1071,taurochenodeoxycholicacid,GPBAR1,Q8TDU6,1
C1071,taurochenodeoxycholicacid,GSKIP,Q9P0R6,1
C1072,quercitrin,AKR1B1,P15121,1
C1072,quercitrin,CYP3A4,P08684,1
C1072,quercitrin,GSTP1,P09211,1
C1073,sorbitol,AKR1B1,P15121,1
C1073,sorbitol,AKT1,P31749,1
C1073,sorbitol,AQP5,P55064,1
C1073,sorbitol,AQP9,O43315,1
C1073,sorbitol,BAX,Q07812,1
C1073,sorbitol,BCL2L1,Q07817,1
C1073,sorbitol,CASP3,P42574,1
C1073,sorbitol,CD40,P25942,1
C1073,sorbitol,CD80,P33681,1
C1073,sorbitol,CIITA,P33076,1
C1073,sorbitol,CYP1A2,P05177,1
C1073,sorbitol,ICAM1,P05362,1
C1073,sorbitol,MAPK12,P53778,1
C1073,sorbitol,MIOX,Q9UGB7,1
C1073,sorbitol,PTGS2,P35354,1
C1073,sorbitol,TAT,P17735,1
C1074,solamargine,BCL2,P10415,1
C1074,solamargine,BCL2L1,Q07817,1
C1074,solamargine,CASP3,P42574,1
C1074,solamargine,ERBB2,P04626,1
C1074,solamargine,LTA,P01374,1
C1074,solamargine,TNF,P01375,1
C1075,vitaminb,APP,P05067,1
C1077,conjugatednonadecadienoicacid,PPARG,P37231,1
C1077,conjugatednonadecadienoicacid,PTGS2,P35354,1
C1078,neohesperidin,CASP3,P42574,1
C1079,vitamink2,BGLAP,P02818,1
C1079,vitamink2,CCND1,P24385,1
C1079,vitamink2,CDK4,P11802,1
C1079,vitamink2,CDKN2A,P42771,1
C1079,vitamink2,COL1A1,P02452,1
C1079,vitamink2,SPARC,P09486,1
C1080,2-hydroxy-3-methylanthraquinone,CASP3,P42574,3
C1080,2-hydroxy-3-methylanthraquinone,SRC,P12931,1
C1081,colchicoside,CYP2C9,P11712,1
C1081,colchicoside,CYP2E1,P05181,1
C1082,panaxadiol,MMP9,P14780,1
C1082,panaxadiol,NR3C1,P04150,1
C1083,GanodericacidDM,AR,P10275,1
C1083,GanodericacidDM,FOS,P01100,1
C1083,GanodericacidDM,NFATC1,O95644,1
C1084,cucurbitacini,JAK3,P52333,1
C1084,cucurbitacini,STAT3,P40763,1
C1085,denbinobin,BAX,Q07812,1
C1085,denbinobin,BBC3,Q9BXH1,1
C1085,denbinobin,CASP3,P42574,2
C1085,denbinobin,CASP8,Q14790,1
C1085,denbinobin,CASP9,P55211,1
C1085,denbinobin,CDKN1A,P38936,1
C1085,denbinobin,NR2C2,P49116,1
C1085,denbinobin,PMAIP1,Q13794,1
C1085,denbinobin,TNF,P01375,1
C1086,yuanhuacine,BAX,Q07812,1
C1086,yuanhuacine,BCL2,P10415,1
C1086,yuanhuacine,BCL2L1,Q07817,1
C1086,yuanhuacine,CASP3,P42574,1
C1087,glycyrrhetinicacid,CYP2E1,P05181,1
C1087,glycyrrhetinicacid,HSD11B2,P80365,4
C1087,glycyrrhetinicacid,NR3C1,P04150,1
C1087,glycyrrhetinicacid,POLB,P06746,1
C1087,glycyrrhetinicacid,POLK,Q9UBT6,1
C1088,reserpine,HDC,P19113,1
C1088,reserpine,KCND2,Q9NZV8,1
C1088,reserpine,KCND3,Q9UK17,1
C1088,reserpine,LDLR,P01130,1
C1088,reserpine,MET,P08581,1
C1088,reserpine,RET,P07949,1
C1088,reserpine,SLC18A2,Q05940,1
C1089,alisolf,NOS2,P35228,1
C1091,thyroglobulin,FOXE1,O00358,1
C1091,thyroglobulin,MR1,Q95460,1
C1091,thyroglobulin,NKX2-1,P43699,2
C1091,thyroglobulin,PAX8,Q06710,1
C1091,thyroglobulin,SLC5A5,Q92911,1
C1091,thyroglobulin,TG,P01266,1
C1091,thyroglobulin,TPO,P07202,1
C1091,thyroglobulin,TSHR,P16473,1
C1092,AzelaicAcid,BAX,Q07812,1
C1092,AzelaicAcid,BCL2,P10415,1
C1093,GanodericacidD,YWHAZ,P63104,1
C1094,costunolide,HEXA,P06865,1
C1094,costunolide,IL1B,P01584,1
C1094,costunolide,JUN,P05412,1
C1094,costunolide,MAPK1,P28482,1
C1094,costunolide,TEP1,Q99973,1
C1094,costunolide,TERT,O14746,1
C1095,saponin,BCL2,P10415,1
C1095,saponin,BCL2A1,Q16548,1
C1095,saponin,BCL2L1,Q07817,1
C1095,saponin,CCND1,P24385,1
C1095,saponin,CDK2,P24941,1
C1095,saponin,CFLAR,O15519,1
C1095,saponin,MMP9,P14780,1
C1095,saponin,MYC,P01106,1
C1095,saponin,NOS2,P35228,1
C1095,saponin,PNLIP,P16233,1
C1095,saponin,PRKCB,P05771,1
C1095,saponin,PTGS2,P35354,1
C1095,saponin,TRAF1,Q13077,1
C1096,ginsenosiderg3,HTR3A,P46098,1
C1096,ginsenosiderg3,IFNG,P01579,1
C1096,ginsenosiderg3,IL1B,P01584,1
C1096,ginsenosiderg3,MMP9,P14780,1
C1096,ginsenosiderg3,NOS2,P35228,1
C1096,ginsenosiderg3,PPARG,P37231,1
C1096,ginsenosiderg3,PTGS2,P35354,1
C1096,ginsenosiderg3,TNF,P01375,1
C1097,lignin,PNLIP,P16233,1
C1097,lignin,RELA,Q04206,1
C1098,tubulosideb,CASP3,P42574,1
C1099,matrine,AR,P10275,1
C1099,matrine,CASP3,P42574,2
C1099,matrine,CD44,P16070,2
C1099,matrine,HPSE,Q9Y251,1
C1099,matrine,ICAM1,P05362,1
C1099,matrine,IER3IP1,Q9Y5U9,1
C1099,matrine,IL6,P05231,1
C1099,matrine,MMP2,P08253,1
C1099,matrine,MYC,P01106,1
C1099,matrine,TNF,P01375,1
C1101,ginsenosiderb1,AHR,P35869,1
C1101,ginsenosiderb1,AHSA1,O95433,1
C1101,ginsenosiderb1,BCL2,P10415,1
C1101,ginsenosiderb1,CDK5R1,Q15078,1
C1101,ginsenosiderb1,CYP1A1,P04798,1
C1101,ginsenosiderb1,ESR2,Q92731,1
C1101,ginsenosiderb1,IL1B,P01584,1
C1101,ginsenosiderb1,MAPK8,P45983,1
C1101,ginsenosiderb1,MAPT,P10636,1
C1101,ginsenosiderb1,NFKBIA,P25963,1
C1101,ginsenosiderb1,NOS3,P29474,1
C1101,ginsenosiderb1,PLAT,P00750,1
C1101,ginsenosiderb1,PRKCB,P05771,1
C1101,ginsenosiderb1,SERPINE1,P05121,1
C1101,ginsenosiderb1,VCAM1,P19320,1
C1101,ginsenosiderb1,VEGFA,P15692,1
C1102,casticin,BCL2,P10415,1
C1102,casticin,CDK1,P06493,1
C1102,casticin,CDKN1A,P38936,1
C1103,Baccharin,AKR1C3,P42330,1
C1103,Baccharin,MAPK7,Q13164,1
C1103,Baccharin,MYC,P01106,1
C1104,adrenaline,ADRB2,P07550,1
C1104,adrenaline,AKT1,P31749,1
C1104,adrenaline,DDIT4,Q9NX09,1
C1104,adrenaline,FGF2,P09038,1
C1104,adrenaline,IL6,P05231,1
C1104,adrenaline,LIPE,Q05469,4
C1104,adrenaline,PER1,O15534,1
C1104,adrenaline,SLC7A11,Q9UPY5,1
C1104,adrenaline,TH,P07101,1
C1104,adrenaline,TNPO1,Q92973,1
C1106,shikonin,AKT1,P31749,1
C1106,shikonin,BAD,Q92934,1
C1106,shikonin,BCL2,P10415,1
C1106,shikonin,CASP3,P42574,1
C1106,shikonin,CCL3,P10147,1
C1106,shikonin,CCL5,P13501,1
C1106,shikonin,CCND1,P24385,1
C1106,shikonin,CXCL8,P10145,1
C1106,shikonin,FABP4,P15090,1
C1106,shikonin,GATA3,P23771,1
C1106,shikonin,IL10,P22301,1
C1106,shikonin,IL4,P05112,1
C1106,shikonin,IL6,P05231,1
C1106,shikonin,KDR,P35968,1
C1106,shikonin,LPL,P06858,1
C1106,shikonin,MAOA,P21397,1
C1106,shikonin,MAOB,P27338,1
C1106,shikonin,NAT1,P18440,1
C1106,shikonin,PCNA,P12004,1
C1106,shikonin,PKM,P14618,1
C1106,shikonin,PPARG,P37231,1
C1106,shikonin,SREBF1,P36956,1
C1106,shikonin,TEK,Q02763,1
C1106,shikonin,TP53,P04637,1
C1107,ellipticine,BAX,Q07812,1
C1107,ellipticine,BCL2,P10415,1
C1107,ellipticine,BCL2L1,Q07817,1
C1107,ellipticine,CASP3,P42574,1
C1107,ellipticine,CASP8,Q14790,1
C1107,ellipticine,CASP9,P55211,2
C1107,ellipticine,CCNB1,P14635,1
C1107,ellipticine,CDK1,P06493,1
C1107,ellipticine,CDKN1A,P38936,1
C1107,ellipticine,CYP1A1,P04798,3
C1107,ellipticine,CYP1A2,P05177,1
C1107,ellipticine,LYZ,P61626,1
C1107,ellipticine,RASGRF1,Q13972,1
C1107,ellipticine,TP53,P04637,1
C1107,ellipticine,XIAP,P98170,1
C1108,"3-chloro-2,5-dihydroxybenzylalcohol",CASP3,P42574,1
C1108,"3-chloro-2,5-dihydroxybenzylalcohol",CASP9,P55211,1
C1109,trypsin,CCK,P06307,1
C1109,trypsin,CXCL8,P10145,1
C1109,trypsin,F2,P00734,1
C1109,trypsin,F3,P13726,1
C1109,trypsin,FGF2,P09038,1
C1109,trypsin,FOS,P01100,1
C1109,trypsin,MAOA,P21397,1
C1109,trypsin,MIF,P14174,1
C1109,trypsin,MMP2,P08253,1
C1109,trypsin,MMP9,P14780,1
C1109,trypsin,MPO,P05164,1
C1109,trypsin,ODC1,P11926,1
C1109,trypsin,RELA,Q04206,1
C1109,trypsin,SERPINE1,P05121,1
C1109,trypsin,TGFB1,P01137,1
C1109,trypsin,VWF,P04275,1
C1110,lutein,AHR,P35869,1
C1110,lutein,ALPL,P05186,1
C1110,lutein,BAX,Q07812,1
C1110,lutein,BCL2,P10415,1
C1110,lutein,CCND1,P24385,1
C1110,lutein,ELN,P15502,1
C1110,lutein,GFAP,P14136,1
C1110,lutein,MMP1,P03956,1
C1110,lutein,NOS2,P35228,3
C1110,lutein,PIM1,P11309,1
C1110,lutein,PPARA,Q07869,1
C1110,lutein,PTGS2,P35354,1
C1110,lutein,RARA,P10276,1
C1110,lutein,RELA,Q04206,1
C1110,lutein,STAT3,P40763,1
C1110,lutein,TP53,P04637,1
C1112,proscillaridina,CASP3,P42574,1
C1112,proscillaridina,HIF1A,Q16665,1
C1112,proscillaridina,TOP1,P11387,1
C1112,proscillaridina,TOP2A,P11388,1
C1113,heparin,ACP5,P13686,1
C1113,heparin,ACTA2,P62736,1
C1113,heparin,BAX,Q07812,1
C1113,heparin,BCL2,P10415,1
C1113,heparin,BMPR2,Q13873,1
C1113,heparin,CDK2,P24941,1
C1113,heparin,CHAD,O15335,1
C1113,heparin,CHI3L1,P36222,1
C1113,heparin,DEFB4A;DEFB4B,O15263,1
C1113,heparin,EGFR,P00533,2
C1113,heparin,ELK1,P19419,1
C1113,heparin,EMILIN3,Q9NT22,1
C1113,heparin,F2,P00734,2
C1113,heparin,F2RL1,P55085,1
C1113,heparin,F3,P13726,1
C1113,heparin,FGF10,O15520,1
C1113,heparin,FGF2,P09038,3
C1113,heparin,FLT1,P17948,1
C1113,heparin,FN1,P02751,1
C1113,heparin,FOS,P01100,1
C1113,heparin,GDF9,O60383,1
C1113,heparin,HGF,P14210,1
C1113,heparin,HPSE,Q9Y251,2
C1113,heparin,IFNG,P01579,1
C1113,heparin,ITGA2B,P08514,1
C1113,heparin,ITGA4,P13612,1
C1113,heparin,ITPR1,Q14643,1
C1113,heparin,LPL,P06858,1
C1113,heparin,MMP14,P50281,1
C1113,heparin,MYC,P01106,2
C1113,heparin,NOS2,P35228,1
C1113,heparin,NOS3,P29474,1
C1113,heparin,NRG1,Q02297,1
C1113,heparin,NT5E,P21589,1
C1113,heparin,PCOLCE,Q15113,1
C1113,heparin,PF4,P02776,1
C1113,heparin,PGF,P49763,1
C1113,heparin,PLCG1,P19174,1
C1113,heparin,PRKDC,P78527,1
C1113,heparin,PTN,P21246,1
C1113,heparin,RELA,Q04206,1
C1113,heparin,RNASE3,P12724,1
C1113,heparin,RNF19A,Q9NV58,1
C1113,heparin,ROBO1,Q9Y6N7,1
C1113,heparin,SERPINC1,P01008,1
C1113,heparin,SERPIND1,P05546,1
C1113,heparin,SERPINE1,P05121,1
C1113,heparin,TGFB1,P01137,2
C1113,heparin,TIMP1,P01033,1
C1113,heparin,TIMP2,P16035,1
C1113,heparin,TNFRSF11B,O00300,1
C1113,heparin,VEGFA,P15692,1
C1113,heparin,VTN,P04004,1
C1114,Baicalein,ABCB1,P08183,1
C1114,Baicalein,AHR,P35869,1
C1114,Baicalein,AKT1,P31749,1
C1114,Baicalein,ALOX12,P18054,1
C1114,Baicalein,ALOX15,P16050,9
C1114,Baicalein,APOD,P05090,1
C1114,Baicalein,AR,P10275,1
C1114,Baicalein,BAX,Q07812,4
C1114,Baicalein,BCL2,P10415,2
C1114,Baicalein,CASP3,P42574,3
C1114,Baicalein,CAV1,Q03135,1
C1114,Baicalein,CCNB1,P14635,1
C1114,Baicalein,CDK1,P06493,1
C1114,Baicalein,COMT,P21964,1
C1114,Baicalein,CRTC1,Q6UUV9,1
C1114,Baicalein,CXADR,P78310,1
C1114,Baicalein,CYCS,P99999,2
C1114,Baicalein,CYP3A4,P08684,1
C1114,Baicalein,EGFR,P00533,1
C1114,Baicalein,EGLN1,Q9GZT9,1
C1114,Baicalein,ESR1,P03372,1
C1114,Baicalein,FABP5,Q01469,1
C1114,Baicalein,FOS,P01100,1
C1114,Baicalein,FOSL1,P15407,1
C1114,Baicalein,FOSL2,P15408,2
C1114,Baicalein,GAA,P10253,1
C1114,Baicalein,GUSB,P08236,1
C1114,Baicalein,HIF1A,Q16665,1
C1114,Baicalein,HMOX1,P09601,1
C1114,Baicalein,IGF2,P01344,1
C1114,Baicalein,JUN,P05412,1
C1114,Baicalein,LY96,Q9Y6Y9,1
C1114,Baicalein,MAOB,P27338,1
C1114,Baicalein,MAPK1,P28482,2
C1114,Baicalein,MMP2,P08253,1
C1114,Baicalein,MMP9,P14780,1
C1114,Baicalein,MPO,P05164,1
C1114,Baicalein,MTOR,P42345,1
C1114,Baicalein,NFATC1,O95644,2
C1114,Baicalein,NFE2L2,Q16236,2
C1114,Baicalein,NOS2,P35228,1
C1114,Baicalein,NOX5,Q96PH1,1
C1114,Baicalein,NR1I3,Q14994,1
C1114,Baicalein,PIK3CB,P42338,1
C1114,Baicalein,PIK3CD,O00329,1
C1114,Baicalein,PIK3CG,P48736,1
C1114,Baicalein,PTGS2,P35354,1
C1114,Baicalein,RELA,Q04206,2
C1114,Baicalein,SRC,P12931,1
C1114,Baicalein,TGFBR1,P36897,1
C1114,Baicalein,TP53,P04637,1
C1114,Baicalein,TYR,P14679,2
C1114,Baicalein,VEGFA,P15692,1
C1115,cocaine,ADRA2A,P08913,1
C1115,cocaine,ARC,Q7LC44,1
C1115,cocaine,ATF2,P15336,1
C1115,cocaine,BCL2,P10415,1
C1115,cocaine,BDNF,P23560,1
C1115,cocaine,CAMKK2,Q96RR4,1
C1115,cocaine,CASP2,P42575,1
C1115,cocaine,CASP3,P42574,2
C1115,cocaine,CASP8,Q14790,1
C1115,cocaine,CASP9,P55211,2
C1115,cocaine,CCR5,P51681,1
C1115,cocaine,CDK5,Q00535,2
C1115,cocaine,CREB1,P16220,2
C1115,cocaine,CRH,P06850,1
C1115,cocaine,CXCR4,P61073,1
C1115,cocaine,CYP1A1,P04798,1
C1115,cocaine,CYP2C8,P10632,1
C1115,cocaine,CYP2C9,P11712,1
C1115,cocaine,CYP2J2,P51589,1
C1115,cocaine,DRD1,P21728,2
C1115,cocaine,DRD2,P14416,2
C1115,cocaine,DRD3,P35462,1
C1115,cocaine,EDN1,P05305,1
C1115,cocaine,EGR1,P18146,1
C1115,cocaine,ELK1,P19419,1
C1115,cocaine,FAAH,O00519,1
C1115,cocaine,FOS,P01100,4
C1115,cocaine,FOSB,P53539,2
C1115,cocaine,FOSL2,P15408,2
C1115,cocaine,GAP43,P17677,1
C1115,cocaine,GDNF,P39905,1
C1115,cocaine,GJD2,Q9UKL4,1
C1115,cocaine,GRIA1,P42261,1
C1115,cocaine,GRIA2,P42262,1
C1115,cocaine,GRIN1,Q05586,2
C1115,cocaine,HSPB1,P04792,1
C1115,cocaine,IL10,P22301,1
C1115,cocaine,KCNJ11,Q14654,1
C1115,cocaine,LCK,P06239,1
C1115,cocaine,MAPK1,P28482,1
C1115,cocaine,MYH7,P12883,1
C1115,cocaine,NACC1,Q96RE7,1
C1115,cocaine,NAPEPLD,Q6IQ20,1
C1115,cocaine,NR3C1,P04150,1
C1115,cocaine,NRXN3,Q9HDB5,1
C1115,cocaine,NTRK2,Q16620,1
C1115,cocaine,OPRK1,P41145,1
C1115,cocaine,PDYN,P01213,1
C1115,cocaine,PLA1A,Q53H76,1
C1115,cocaine,PLAT,P00750,1
C1115,cocaine,PLAU,P00749,1
C1115,cocaine,POMC,P01189,2
C1115,cocaine,PPP1R1B,Q9UD71,1
C1115,cocaine,PTK2B,Q14289,1
C1115,cocaine,RASGRF1,Q13972,1
C1115,cocaine,RGS17,Q9UGC6,1
C1115,cocaine,RGS2,P41220,1
C1115,cocaine,RGS9,O75916,1
C1115,cocaine,SIGMAR1,Q99720,1
C1115,cocaine,SLC6A3,Q01959,3
C1115,cocaine,SOD1,P00441,1
C1115,cocaine,TFPI2,P48307,1
C1115,cocaine,TH,P07101,1
C1115,cocaine,UPK3B,Q9BT76,1
C1116,brazilein,IL6,P05231,1
C1116,brazilein,NOS2,P35228,1
C1116,brazilein,TNF,P01375,1
C1118,n-coumaroyltyramine,EGFR,P00533,1
C1118,n-coumaroyltyramine,PTGS1,P23219,1
C1119,6-gingerol,AGTR1,P30556,1
C1119,6-gingerol,BAX,Q07812,1
C1119,6-gingerol,BCL2,P10415,1
C1119,6-gingerol,BIRC5,O15392,1
C1119,6-gingerol,CASP3,P42574,1
C1119,6-gingerol,CASP9,P55211,1
C1119,6-gingerol,JUN,P05412,1
C1119,6-gingerol,MMP2,P08253,1
C1119,6-gingerol,MMP9,P14780,1
C1119,6-gingerol,MUC5AC,P98088,1
C1119,6-gingerol,PLAU,P00749,1
C1119,6-gingerol,PTGS2,P35354,1
C1119,6-gingerol,RELA,Q04206,1
C1119,6-gingerol,TP53,P04637,1
C1119,6-gingerol,TRPV1,Q8NER1,1
C1120,GanodericacidT,MMP2,P08253,1
C1120,GanodericacidT,MMP9,P14780,1
C1121,lupulone,CASP3,P42574,1
C1121,lupulone,CASP9,P55211,1
C1122,ginkgolidec,PPBP,P02775,1
C1123,trichosanthin,ANXA5,P08758,1
C1123,trichosanthin,CCR1,P32246,1
C1123,trichosanthin,CCR3,P51677,1
C1123,trichosanthin,CCR4,P51679,1
C1123,trichosanthin,CCR5,P51681,1
C1123,trichosanthin,CDKN1A,P38936,1
C1123,trichosanthin,CXCL12,P48061,1
C1123,trichosanthin,CXCR4,P61073,1
C1123,trichosanthin,IL10,P22301,1
C1123,trichosanthin,RPLP0,P05388,1
C1123,trichosanthin,RPLP1,P05386,1
C1123,trichosanthin,RPLP2,P05387,1
C1123,trichosanthin,TP53,P04637,1
C1124,gniditrin,LDLR,P01130,1
C1125,Baicalin,ADORA2A,P29274,1
C1125,Baicalin,ALOX5,P09917,1
C1125,Baicalin,BAX,Q07812,1
C1125,Baicalin,BCL2,P10415,1
C1125,Baicalin,CAMK2G,Q13555,1
C1125,Baicalin,CCN2,P29279,1
C1125,Baicalin,CYP1A2,P05177,1
C1125,Baicalin,CYP3A,nan,2
C1125,Baicalin,DKK1,O94907,1
C1125,Baicalin,FABP1,P07148,1
C1125,Baicalin,FN1,P02751,1
C1125,Baicalin,FOXP3,Q9BZS1,1
C1125,Baicalin,GSK3B,P49841,1
C1125,Baicalin,GUSB,P08236,1
C1125,Baicalin,IL17A,Q16552,1
C1125,Baicalin,IL1B,P01584,1
C1125,Baicalin,IL6,P05231,1
C1125,Baicalin,JAK2,O60674,1
C1125,Baicalin,KDM1A,O60341,1
C1125,Baicalin,MEG3,nan,1
C1125,Baicalin,MMP9,P14780,1
C1125,Baicalin,NEU1,Q99519,1
C1125,Baicalin,NOD2,Q9HC29,2
C1125,Baicalin,NR1H3,Q13133,1
C1125,Baicalin,NR3C1,P04150,1
C1125,Baicalin,PPARG,P37231,3
C1125,Baicalin,SCNN1A,P37088,1
C1125,Baicalin,SMAD2,Q15796,1
C1125,Baicalin,SMAD3,P84022,1
C1125,Baicalin,SOD1,P00441,1
C1125,Baicalin,SOST,Q9BQB4,1
C1125,Baicalin,STAT3,P40763,1
C1125,Baicalin,TLR2,O60603,1
C1125,Baicalin,TLR4,O00206,1
C1125,Baicalin,TNF,P01375,2
C1125,Baicalin,TNFRSF11B,O00300,1
C1125,Baicalin,TYR,P14679,1
C1126,ginsenosidere,BAX,Q07812,1
C1126,ginsenosidere,BCL2,P10415,1
C1126,ginsenosidere,CASP3,P42574,1
C1126,ginsenosidere,FOS,P01100,1
C1126,ginsenosidere,NOS2,P35228,1
C1126,ginsenosidere,NOS3,P29474,1
C1127,gossypin,BCL2,P10415,1
C1127,gossypin,BCL2L1,Q07817,1
C1127,gossypin,BIRC2,Q13490,1
C1127,gossypin,BIRC5,O15392,1
C1127,gossypin,CCND1,P24385,1
C1127,gossypin,LDLR,P01130,1
C1127,gossypin,MAPK1,P28482,1
C1127,gossypin,MMP9,P14780,1
C1127,gossypin,MYC,P01106,1
C1127,gossypin,NFKBIA,P25963,1
C1127,gossypin,PTGS2,P35354,1
C1127,gossypin,PTP4A3,O75365,1
C1127,gossypin,RELA,Q04206,1
C1127,gossypin,VEGFA,P15692,1
C1127,gossypin,XIAP,P98170,1
C1128,alpha-viniferin,PTGS2,P35354,1
C1129,panaxydol,BDNF,P23560,1
C1129,panaxydol,CASP3,P42574,1
C1129,panaxydol,CDK2,P24941,1
C1129,panaxydol,EIF6,P56537,1
C1129,panaxydol,NGF,P01138,1
C1130,monoammoniumglycyrrhizinate,IL10,P22301,1
C1130,monoammoniumglycyrrhizinate,MPO,P05164,1
C1130,monoammoniumglycyrrhizinate,TNF,P01375,1
C1131,8-paradol,PTGS1,P23219,1
C1132,pinitol,NFKBIA,P25963,1
C1132,pinitol,RELA,Q04206,1
C1133,atropine,ACHE,P22303,3
C1133,atropine,APP,P05067,1
C1133,atropine,CHRNA9,Q9UGM1,1
C1133,atropine,FOS,P01100,3
C1133,atropine,GLP1R,P43220,1
C1133,atropine,HTR1A,P08908,1
C1133,atropine,MLN,P12872,1
C1133,atropine,MPO,P05164,1
C1133,atropine,PPY,P01298,1
C1133,atropine,PTGS2,P35354,1
C1134,gambogicacid,BCL2L10,Q9HD36,1
C1134,gambogicacid,ITGA4,P13612,1
C1134,gambogicacid,MCL1,Q07820,1
C1134,gambogicacid,TERT,O14746,1
C1135,ginkgolideb,ABCB1,P08183,1
C1135,ginkgolideb,ABCC2,Q92887,1
C1135,ginkgolideb,ALOX5,P09917,1
C1135,ginkgolideb,CASP3,P42574,1
C1135,ginkgolideb,CXCL8,P10145,1
C1135,ginkgolideb,CYP2B6,P20813,1
C1135,ginkgolideb,CYP3A4,P08684,1
C1135,ginkgolideb,GFAP,P14136,1
C1135,ginkgolideb,IL1B,P01584,1
C1135,ginkgolideb,JUN,P05412,1
C1135,ginkgolideb,NOS2,P35228,1
C1135,ginkgolideb,NR1I2,O75469,1
C1135,ginkgolideb,RELA,Q04206,1
C1135,ginkgolideb,TNF,P01375,1
C1135,ginkgolideb,TSPO,P30536,1
C1135,ginkgolideb,UGT1A1,P22309,1
C1136,Bavachin,NFKB1,P19838,1
C1138,berberine,ABCG2,Q9UNQ0,1
C1138,berberine,ACHE,P22303,1
C1138,berberine,AGT,P01019,1
C1138,berberine,AHR,P35869,1
C1138,berberine,APP,P05067,1
C1138,berberine,BAX,Q07812,2
C1138,berberine,BCL2,P10415,3
C1138,berberine,BCL2L1,Q07817,2
C1138,berberine,BID,P55957,1
C1138,berberine,CASP3,P42574,7
C1138,berberine,CASP8,Q14790,1
C1138,berberine,CASP9,P55211,1
C1138,berberine,CCL2,P13500,1
C1138,berberine,CCNB1,P14635,1
C1138,berberine,CCND1,P24385,2
C1138,berberine,CD69,Q07108,1
C1138,berberine,CDC42,P60953,1
C1138,berberine,CDK1,P06493,1
C1138,berberine,CDK2,P24941,1
C1138,berberine,CDK4,P11802,1
C1138,berberine,CDKN1A,P38936,1
C1138,berberine,CXCL12,P48061,1
C1138,berberine,CXCL8,P10145,1
C1138,berberine,CYCS,P99999,1
C1138,berberine,CYP1A1,P04798,1
C1138,berberine,DDIT3,P35638,1
C1138,berberine,DPP4,P27487,1
C1138,berberine,EGR1,P18146,1
C1138,berberine,FOS,P01100,1
C1138,berberine,HIF1A,Q16665,1
C1138,berberine,HNF4A,P41235,2
C1138,berberine,IFNG,P01579,1
C1138,berberine,IL1B,P01584,1
C1138,berberine,IL2RA,P01589,1
C1138,berberine,IL4,P05112,1
C1138,berberine,IL6,P05231,2
C1138,berberine,INS,P01308,2
C1138,berberine,JUN,P05412,1
C1138,berberine,MAPK1,P28482,1
C1138,berberine,MPO,P05164,1
C1138,berberine,NFKBIA,P25963,1
C1138,berberine,NOS2,P35228,1
C1138,berberine,PCSK9,Q8NBP7,1
C1138,berberine,PDGFA,P04085,1
C1138,berberine,PRKAA2,P54646,1
C1138,berberine,PTGS2,P35354,1
C1138,berberine,RELA,Q04206,1
C1138,berberine,SLC2A1,P11166,1
C1138,berberine,TEP1,Q99973,1
C1138,berberine,TH,P07101,1
C1138,berberine,TNF,P01375,1
C1138,berberine,TP53,P04637,2
C1138,berberine,VEGFA,P15692,1
C1138,berberine,WEE1,P30291,1
C1139,tetrahydrocortisone,HSD11B1,P28845,1
C1140,3-o-caffeoylquinicacid,GAA,P10253,1
C1141,cinnamtanninb1,CASP3,P42574,1
C1141,cinnamtanninb1,CASP9,P55211,1
C1142,oleandrin,CXCL8,P10145,1
C1142,oleandrin,FGF2,P09038,1
C1142,oleandrin,FPR1,P21462,1
C1142,oleandrin,JUN,P05412,1
C1142,oleandrin,MAP2K7,O14733,1
C1142,oleandrin,NGF,P01138,1
C1143,muscimol,AFP,P02771,1
C1143,muscimol,BDNF,P23560,1
C1143,muscimol,CASP3,P42574,1
C1143,muscimol,GABRR3,A8MPY1,1
C1143,muscimol,ITGB1,P05556,1
C1143,muscimol,MMP2,P08253,1
C1143,muscimol,MMP9,P14780,1
C1143,muscimol,PENK,P01210,1
C1143,muscimol,TIMP1,P01033,2
C1143,muscimol,TIMP3,P35625,2
C1147,yohimbine,ADRA2A,P08913,1
C1147,yohimbine,LPL,P06858,1
C1147,yohimbine,MDK,P21741,1
C1147,yohimbine,NGF,P01138,1
C1147,yohimbine,NOS2,P35228,1
C1148,anacardicacid,AURKA,O14965,1
C1148,anacardicacid,EP300,Q09472,1
C1149,vincristine,BCL2,P10415,1
C1149,vincristine,BCL2L1,Q07817,1
C1149,vincristine,BRCA1,P38398,1
C1149,vincristine,CDKN1A,P38936,1
C1149,vincristine,HIF1A,Q16665,1
C1149,vincristine,JUN,P05412,1
C1149,vincristine,MAP2K7,O14733,1
C1149,vincristine,MAPK13,O15264,1
C1149,vincristine,MAPK8,P45983,1
C1149,vincristine,MAPK9,P45984,1
C1149,vincristine,PRKCB,P05771,1
C1149,vincristine,PTGS2,P35354,1
C1149,vincristine,SOD2,P04179,1
C1149,vincristine,TEP1,Q99973,1
C1149,vincristine,TNF,P01375,1
C1149,vincristine,TRAP1,Q12931,1
C1149,vincristine,XRCC6,P12956,1
C1150,homoharringtonine,PCNA,P12004,1
C1151,gibberellin,AMY2A,P04746,1
C1152,petasin,PLA2G4A,P47712,1
C1154,dl-praeruptorina,RELA,Q04206,1
C1154,dl-praeruptorina,TNF,P01375,1
C1155,nadroparin,SELL,P14151,1
C1155,nadroparin,SELP,P16109,1
C1156,genkwadaphnin,BAX,Q07812,1
C1156,genkwadaphnin,BCL2,P10415,1
C1156,genkwadaphnin,BCL2L1,Q07817,1
C1157,macrostemonosidea,NAMPT,P43490,1
C1157,macrostemonosidea,PPARG,P37231,1
C1158,suffruticosolb,CYP1B1,Q16678,1
C1159,artemisinin,ABCB1,P08183,1
C1159,artemisinin,CDK4,P11802,1
C1159,artemisinin,CYP2B6,P20813,2
C1159,artemisinin,CYP3A4,P08684,1
C1159,artemisinin,GSTA1,P08263,1
C1159,artemisinin,GSTP1,P09211,1
C1159,artemisinin,HIF1A,Q16665,1
C1159,artemisinin,NOS2,P35228,1
C1159,artemisinin,NR1I2,O75469,1
C1159,artemisinin,NR1I3,Q14994,1
C1159,artemisinin,RELA,Q04206,1
C1159,artemisinin,SOD2,P04179,1
C1159,artemisinin,SP1,P08047,1
C1159,artemisinin,TDP1,Q9NUW8,1
C1159,artemisinin,TNF,P01375,1
C1159,artemisinin,VEGFA,P15692,1
C1159,artemisinin,VEGFC,P49767,1
C1160,withaferina,ACHE,P22303,1
C1160,withaferina,ATF2,P15336,1
C1160,withaferina,BAX,Q07812,1
C1160,withaferina,BID,P55957,1
C1160,withaferina,CASP3,P42574,1
C1160,withaferina,CASP8,Q14790,1
C1160,withaferina,CASP9,P55211,1
C1160,withaferina,HSPB1,P04792,1
C1160,withaferina,RELA,Q04206,2
C1160,withaferina,TNFRSF1A,P19438,1
C1160,withaferina,VIM,P08670,1
C1161,silydianin,CASP3,P42574,1
C1161,silydianin,CCNA2,P20248,1
C1161,silydianin,CCND1,P24385,1
C1161,silydianin,CCND3,P30281,1
C1161,silydianin,CDC25B,P30305,1
C1161,silydianin,CDC25C,P30307,1
C1161,silydianin,CDK2,P24941,1
C1161,silydianin,CDK4,P11802,1
C1161,silydianin,CDK6,Q00534,1
C1161,silydianin,CDKN1A,P38936,1
C1161,silydianin,PCDHAC2,Q9Y5I4,1
C1162,Benzaldehyde,AOX1,Q06278,1
C1163,Benzamide,CDK2,P24941,1
C1163,Benzamide,DHFR,P00374,1
C1163,Benzamide,ERG,P11308,1
C1163,Benzamide,GCK,P35557,2
C1163,Benzamide,HDAC9,Q9UKV0,1
C1163,Benzamide,PARP1,P09874,2
C1164,Benzene,ACHE,P22303,1
C1164,Benzene,CD80,P33681,1
C1164,Benzene,CD86,P42081,1
C1164,Benzene,CXADR,P78310,4
C1164,Benzene,CYP2E1,P05181,1
C1164,Benzene,DNMT3B,Q9UBC3,1
C1164,Benzene,FURIN,P09958,1
C1164,Benzene,GSTK1,Q9Y2Q3,1
C1164,Benzene,HMOX1,P09601,1
C1164,Benzene,NR1I2,O75469,1
C1164,Benzene,SSTR5,P35346,1
C1164,Benzene,TP53,P04637,2
C1165,Benzo[Def]Chrysene,AHR,P35869,3
C1165,Benzo[Def]Chrysene,TP53,P04637,1
C1166,BenzoicAcid,DAO,P14920,1
C1166,BenzoicAcid,HSP90AA1,P07900,1
C1166,BenzoicAcid,MIF,P14174,1
C1166,BenzoicAcid,PPARA,Q07869,2
C1166,BenzoicAcid,SLC15A1,P46059,1
C1167,Benzophenone,LTC4S,Q16873,1
C1167,Benzophenone,MAP2K7,O14733,2
C1167,Benzophenone,MAPK1,P28482,1
C1168,Benzoquinone,HSP90AA1,P07900,1
C1168,Benzoquinone,PECAM1,P16284,1
C1169,Benzylamine,SLC6A4,P31645,1
C1170,Berbamine,SMAD7,O15105,1
C1170,Berbamine,TGFBR2,P37173,1
C1171,Berberine,ACHE,P22303,1
C1171,Berberine,ADIPOQ,Q15848,1
C1171,Berberine,AKT1,P31749,1
C1171,Berberine,AMER1,Q5JTC6,1
C1171,Berberine,AQP4,P55087,1
C1171,Berberine,AR,P10275,1
C1171,Berberine,BACE1,P56817,1
C1171,Berberine,BECN1,Q14457,1
C1171,Berberine,CALM3;CALM1;CALM2,P0DP25;P0DP23;P0DP24,1
C1171,Berberine,CASP3,P42574,1
C1171,Berberine,CDH1,P12830,1
C1171,Berberine,CORT,O00230,1
C1171,Berberine,CTNNB1,P35222,1
C1171,Berberine,CYBB,P04839,1
C1171,Berberine,CYP2D6,P10635,1
C1171,Berberine,CYP2E1,P05181,1
C1171,Berberine,CYP2J2,P51589,1
C1171,Berberine,DDIT3,P35638;P0DPQ6,1
C1171,Berberine,DNMT1,P26358,1
C1171,Berberine,DNMT3B,Q9UBC3,1
C1171,Berberine,EFNB2,P52799,3
C1171,Berberine,EGFR,P00533,2
C1171,Berberine,EZR,P15311,1
C1171,Berberine,HIF1A,Q16665,1
C1171,Berberine,HSPA5,P11021,1
C1171,Berberine,ID1,P41134,1
C1171,Berberine,IKBKB,O14920,1
C1171,Berberine,IRS1,P35568,1
C1171,Berberine,JUN,P05412,2
C1171,Berberine,LEP,P41159,1
C1171,Berberine,MAPK14,Q16539,2
C1171,Berberine,MIR21,nan,2
C1171,Berberine,MIR373,nan,1
C1171,Berberine,MIR93,nan,1
C1171,Berberine,MLC1,Q15049,1
C1171,Berberine,MMP1,P03956,2
C1171,Berberine,MMP13,P45452,1
C1171,Berberine,MMP3,P08254,1
C1171,Berberine,MMP9,P14780,1
C1171,Berberine,MTOR,P42345,1
C1171,Berberine,MYLK3,Q32MK0,1
C1171,Berberine,NFE2L2,Q16236,1
C1171,Berberine,NFKB1,P19838,2
C1171,Berberine,NOS2,P35228,1
C1171,Berberine,OLR1,P78380,1
C1171,Berberine,PON1,P27169,1
C1171,Berberine,PPARA,Q07869,3
C1171,Berberine,PPARG,P37231,1
C1171,Berberine,PRKAA1,Q13131,3
C1171,Berberine,PTEN,P60484,2
C1171,Berberine,PTGS2,P35354,1
C1171,Berberine,PTK2,Q05397,1
C1171,Berberine,RET,P07949,1
C1171,Berberine,RXRA,P19793,1
C1171,Berberine,SCARB1,Q8WTV0,1
C1171,Berberine,SLC22A2,O15244,2
C1171,Berberine,SLC22A3,O75751,1
C1171,Berberine,SLC9A3,P48764,1
C1171,Berberine,SRC,P12931,1
C1171,Berberine,SREBF1,P36956,1
C1171,Berberine,STAT3,P40763,1
C1171,Berberine,TIMP1,P01033,1
C1171,Berberine,TP53,P04637,1
C1171,Berberine,TRPV1,Q8NER1,1
C1171,Berberine,VASP,P50552,2
C1171,Berberine,VEGFA,P15692,1
C1172,BerberineChloride,AR,P10275,1
C1172,BerberineChloride,JAK3,P52333,1
C1173,Bergapten,CYP1A2,P05177,1
C1174,Bergaptol,CYP3A4,P08684,1
C1175,Bergenin,ACHE,P22303,1
C1175,Bergenin,BTRC,Q9Y297,1
C1175,Bergenin,CYP2C9,P11712,1
C1175,Bergenin,CYP2E1,P05181,1
C1175,Bergenin,CYP3A4,P08684,1
C1175,Bergenin,MTOR,P42345,1
C1176,Besigomsin,ABCB1,P08183,1
C1176,Besigomsin,CYP3A,nan,1
C1176,Besigomsin,GLB1,P16278,1
C1176,Besigomsin,IL1B,P01584,1
C1176,Besigomsin,IL6,P05231,1
C1176,Besigomsin,TNF,P01375,1
C1177,BetaCarotene,AKT1,P31749,1
C1177,BetaCarotene,ALB,P02768,1
C1177,BetaCarotene,BCL2,P10415,1
C1177,BetaCarotene,CASP3,P42574,1
C1177,BetaCarotene,CASP7,P55210,1
C1177,BetaCarotene,CASP8,Q14790,1
C1177,BetaCarotene,CASP9,P55211,1
C1177,BetaCarotene,CAV1,Q03135,1
C1177,BetaCarotene,CEBPA,P49715,1
C1177,BetaCarotene,CTNNB1,P35222,1
C1177,BetaCarotene,CYP1A2,P05177,1
C1177,BetaCarotene,CYP3A4,P08684,1
C1177,BetaCarotene,Cyp2b1,P00176,1
C1177,BetaCarotene,F3,P13726,1
C1177,BetaCarotene,GJA1,P17302,1
C1177,BetaCarotene,HMOX1,P09601,1
C1177,BetaCarotene,MMP1,P03956,1
C1177,BetaCarotene,MMP10,P09238,1
C1177,BetaCarotene,MMP2,P08253,1
C1177,BetaCarotene,MYC,P01106,1
C1177,BetaCarotene,PTGS2,P35354,1
C1177,BetaCarotene,RXRA,P19793,1
C1177,BetaCarotene,VEGFA,P15692,1
C1178,Beta-Sitosterol,BAX,Q07812,1
C1178,Beta-Sitosterol,BCL2,P10415,1
C1178,Beta-Sitosterol,CASP3,P42574,5
C1178,Beta-Sitosterol,CASP8,Q14790,1
C1178,Beta-Sitosterol,CASP9,P55211,3
C1178,Beta-Sitosterol,EDN1,P05305,1
C1178,Beta-Sitosterol,MAP2,P11137,1
C1178,Beta-Sitosterol,PRKAA2,P54646,1
C1178,Beta-Sitosterol,PRKCA,P17252,1
C1178,Beta-Sitosterol,TGFB1,P01137,1
C1179,Betulin,IFNG,P01579,1
C1179,Betulin,MAPK1,P28482,1
C1179,Betulin,MAPK8,P45983,1
C1179,Betulin,MMP3,P08254,1
C1179,Betulin,PTGS2,P35354,1
C1179,Betulin,SREBF1,P36956,2
C1180,BetulinicAcid,ERBB2,P04626,1
C1180,BetulinicAcid,GPBAR1,Q8TDU6,2
C1180,BetulinicAcid,LIPG,Q9Y5X9,1
C1180,BetulinicAcid,LMNB1,P20700,1
C1180,BetulinicAcid,MAPK1,P28482,1
C1180,BetulinicAcid,MAPK8,P45983,1
C1180,BetulinicAcid,NFKB1,P19838,2
C1180,BetulinicAcid,STAT3,P40763,1
C1180,BetulinicAcid,YY1,P25490,1
C1181,BetunolicAcid,CCND2,P30279,1
C1182,Bicarbonate,PPARGC1A,Q9UBK2,1
C1182,Bicarbonate,SLC9A3,P48764,1
C1183,Bicuculline,FOS,P01100,3
C1183,Bicuculline,GABARAP,O95166,4
C1183,Bicuculline,GABRA3,P34903,1
C1183,Bicuculline,GABRB3,P28472,1
C1183,Bicuculline,GABRG1,Q8N1C3,4
C1183,Bicuculline,GABRG2,P18507,4
C1183,Bicuculline,GABRR3,A8MPY1,1
C1183,Bicuculline,GJA1,P17302,1
C1183,Bicuculline,GJB1,P08034,1
C1183,Bicuculline,GNRHR,P30968,1
C1183,Bicuculline,GRIN2D,O15399,1
C1183,Bicuculline,GRM1,Q13255,1
C1183,Bicuculline,GRM5,P41594,1
C1183,Bicuculline,PDE4A,P27815,1
C1184,BileAcid,ABCB1,P08183,1
C1184,BileAcid,CDX2,Q99626,2
C1184,BileAcid,COG2,Q14746,1
C1184,BileAcid,CYP8B1,Q9UNU6,1
C1184,BileAcid,EGFR,P00533,1
C1184,BileAcid,FGF19,O95750,1
C1184,BileAcid,FOXA2,Q9Y261,1
C1184,BileAcid,GPBAR1,Q8TDU6,3
C1184,BileAcid,HBG1,P69891,1
C1184,BileAcid,HSD11B1,P28845,1
C1184,BileAcid,HSD11B2,P80365,1
C1184,BileAcid,IL17A,Q16552,1
C1184,BileAcid,IL6,P05231,1
C1184,BileAcid,LPL,P06858,1
C1184,BileAcid,MAPK1,P28482,1
C1184,BileAcid,NFKB1,P19838,1
C1184,BileAcid,NR0B2,Q15466,1
C1184,BileAcid,NR1H4,Q96RI1,8
C1184,BileAcid,NR1I2,O75469,1
C1184,BileAcid,NR1I3,Q14994,1
C1184,BileAcid,PTGS2,P35354,1
C1184,BileAcid,SCNN1A,P37088,1
C1184,BileAcid,SOX2,P48431,1
C1184,BileAcid,SPX,Q9BT56,1
C1184,BileAcid,TLR4,O00206,1
C1185,Bilirubin,ALB,P02768,1
C1185,Bilirubin,MAPK1,P28482,1
C1185,Bilirubin,NOS2,P35228,1
C1185,Bilirubin,NR3C1,P04150,1
C1185,Bilirubin,PPARA,Q07869,1
C1185,Bilirubin,TLR4,O00206,1
C1185,Bilirubin,TNF,P01375,1
C1185,Bilirubin,UGT1A1,P22309,1
C1186,(2S)-2-Amino-5-[[Amino(Dimethylamino)Methylidene]Amino]PentanoicAcid,ADIPOQ,Q15848,1
C1186,(2S)-2-Amino-5-[[Amino(Dimethylamino)Methylidene]Amino]PentanoicAcid,BDNF,P23560,1
C1186,(2S)-2-Amino-5-[[Amino(Dimethylamino)Methylidene]Amino]PentanoicAcid,CXCL8,P10145,1
C1186,(2S)-2-Amino-5-[[Amino(Dimethylamino)Methylidene]Amino]PentanoicAcid,MIF,P14174,1
C1186,(2S)-2-Amino-5-[[Amino(Dimethylamino)Methylidene]Amino]PentanoicAcid,NOS1,P29475,1
C1186,(2S)-2-Amino-5-[[Amino(Dimethylamino)Methylidene]Amino]PentanoicAcid,NOS2,P35228,2
C1186,(2S)-2-Amino-5-[[Amino(Dimethylamino)Methylidene]Amino]PentanoicAcid,NOS2B,nan,1
C1186,(2S)-2-Amino-5-[[Amino(Dimethylamino)Methylidene]Amino]PentanoicAcid,NOS3,P29474,13
C1186,(2S)-2-Amino-5-[[Amino(Dimethylamino)Methylidene]Amino]PentanoicAcid,PRMT1,Q99873,1
C1186,(2S)-2-Amino-5-[[Amino(Dimethylamino)Methylidene]Amino]PentanoicAcid,SELE,P16581,1
C1186,(2S)-2-Amino-5-[[Amino(Dimethylamino)Methylidene]Amino]PentanoicAcid,TGFB1,P01137,1
C1186,(2S)-2-Amino-5-[[Amino(Dimethylamino)Methylidene]Amino]PentanoicAcid,THEM4,Q5T1C6,1
C1186,(2S)-2-Amino-5-[[Amino(Dimethylamino)Methylidene]Amino]PentanoicAcid,TNF,P01375,1
C1186,(2S)-2-Amino-5-[[Amino(Dimethylamino)Methylidene]Amino]PentanoicAcid,VCAM1,P19320,1
C1186,(2S)-2-Amino-5-[[Amino(Dimethylamino)Methylidene]Amino]PentanoicAcid,VWF,P04275,1
C1187,Bilobetin,NOS2,P35228,1
C1187,Bilobetin,PTGS2,P35354,1
C1187,Bilobetin,TNF,P01375,1
C1188,Biochanin,AGTR1,P30556,1
C1188,Biochanin,ATF3,P18847,1
C1188,Biochanin,BAX,Q07812,1
C1188,Biochanin,BGLAP,P02818,1
C1188,Biochanin,CD86,P42081,1
C1188,Biochanin,FAAH,O00519,1
C1188,Biochanin,HSPA4,P34932,1
C1188,Biochanin,MAP2K5,Q13163,1
C1188,Biochanin,MAP3K11,Q16584,2
C1188,Biochanin,NAMPT,P43490,1
C1188,Biochanin,PPARA,Q07869,1
C1188,Biochanin,PPARG,P37231,1
C1188,Biochanin,PTK2B,Q14289,1
C1188,Biochanin,SH3GL1,Q99961,1
C1189,Biotin,GK,P32189,1
C1189,Biotin,SLC2A4,P14672,1
C1189,Biotin,SLC5A6,Q9Y289,1
C1190,Biphenyl,CXCR4,P61073,1
C1191,Bis(2-Ethylhexyl)Phthalate,AKT1,P31749,1
C1191,Bis(2-Ethylhexyl)Phthalate,GPR54,nan,1
C1191,Bis(2-Ethylhexyl)Phthalate,IGF1,P05019,2
C1191,Bis(2-Ethylhexyl)Phthalate,MMP2,P08253,1
C1191,Bis(2-Ethylhexyl)Phthalate,MMP9,P14780,1
C1191,Bis(2-Ethylhexyl)Phthalate,MTOR,P42345,1
C1191,Bis(2-Ethylhexyl)Phthalate,NFE2L2,Q16236,1
C1191,Bis(2-Ethylhexyl)Phthalate,PECAM1,P16284,1
C1191,Bis(2-Ethylhexyl)Phthalate,PIK3CB,P42338,1
C1191,Bis(2-Ethylhexyl)Phthalate,PPARA,Q07869,3
C1191,Bis(2-Ethylhexyl)Phthalate,PPARG,P37231,1
C1191,Bis(2-Ethylhexyl)Phthalate,PTGS2,P35354,2
C1191,Bis(2-Ethylhexyl)Phthalate,ROS1,P08922,1
C1191,Bis(2-Ethylhexyl)Phthalate,SH2D1A,O60880,1
C1191,Bis(2-Ethylhexyl)Phthalate,SLC2A4,P14672,1
C1191,Bis(2-Ethylhexyl)Phthalate,SREBF1,P36956,1
C1191,Bis(2-Ethylhexyl)Phthalate,TGFB1,P01137,1
C1191,Bis(2-Ethylhexyl)Phthalate,XDH,P47989,1
C1192,Bisdemethoxycurcumin,DNMT1,P26358,1
C1193,BisphenolA,ABCB1,P08183,1
C1193,BisphenolA,ACHE,P22303,1
C1193,BisphenolA,AGRP,O00253,1
C1193,BisphenolA,AHR,P35869,2
C1193,BisphenolA,AKT1,P31749,1
C1193,BisphenolA,ALB,P02768,1
C1193,BisphenolA,APLN,Q9ULZ1,1
C1193,BisphenolA,AQP9,O43315,1
C1193,BisphenolA,AR,P10275,1
C1193,BisphenolA,BCL2,P10415,1
C1193,BisphenolA,CASP3,P42574,1
C1193,BisphenolA,CAT,P04040,1
C1193,BisphenolA,CRH,P06850,1
C1193,BisphenolA,CTNNB1,P35222,1
C1193,BisphenolA,CYP19A1,P11511,1
C1193,BisphenolA,CYP1A1,P04798,1
C1193,BisphenolA,CYP2C9,P11712,1
C1193,BisphenolA,EGFR,P00533,1
C1193,BisphenolA,ESR1,P03372,10
C1193,BisphenolA,ESR2,Q92731,4
C1193,BisphenolA,ESRRG,P62508,3
C1193,BisphenolA,FOS,P01100,1
C1193,BisphenolA,GADD45B,O75293,1
C1193,BisphenolA,GCK,P35557,1
C1193,BisphenolA,GPER1,Q99527,3
C1193,BisphenolA,GPT,P24298,1
C1193,BisphenolA,HIF1A,Q16665,1
C1193,BisphenolA,HOTAIR,nan,1
C1193,BisphenolA,HSD11B1,P28845,1
C1193,BisphenolA,HSD11B2,P80365,1
C1193,BisphenolA,HSD17B3,P37058,1
C1193,BisphenolA,IGF1,P05019,1
C1193,BisphenolA,IL2RA,P01589,1
C1193,BisphenolA,IL6,P05231,3
C1193,BisphenolA,ITGB1,P05556,1
C1193,BisphenolA,LYVE1,Q9Y5Y7,1
C1193,BisphenolA,MAPK1,P28482,2
C1193,BisphenolA,MAPK3,P27361,2
C1193,BisphenolA,MMP11,P24347,1
C1193,BisphenolA,MMP2,P08253,2
C1193,BisphenolA,MMP9,P14780,2
C1193,BisphenolA,MPO,P05164,2
C1193,BisphenolA,NOS2,P35228,2
C1193,BisphenolA,NPY,P01303,1
C1193,BisphenolA,NR1I2,O75469,4
C1193,BisphenolA,NR3C1,P04150,2
C1193,BisphenolA,OCLN,Q16625,1
C1193,BisphenolA,P4HB,P07237,2
C1193,BisphenolA,PAX6,P26367,1
C1193,BisphenolA,PCNA,P12004,1
C1193,BisphenolA,POMC,P01189,1
C1193,BisphenolA,PPARG,P37231,2
C1193,BisphenolA,PRKDC,P78527,1
C1193,BisphenolA,PTGS2,P35354,1
C1193,BisphenolA,RARRES2,Q99969,2
C1193,BisphenolA,SHBG,P04278,1
C1193,BisphenolA,STAR,P49675,1
C1193,BisphenolA,TJP1,Q07157,1
C1193,BisphenolA,TNF,P01375,1
C1194,BoswellicAcid,MAPK8,P45983,1
C1194,BoswellicAcid,PARP1,P09874,1
C1195,Bq-123,ABCB1,P08183,1
C1195,Bq-123,EDN1,P05305,4
C1195,Bq-123,EDNRA,P25101,10
C1196,Bradykinin,BDKRB2,P30411,3
C1196,Bradykinin,CALCA,P06881;P01258,1
C1196,Bradykinin,CPM,P14384,1
C1196,Bradykinin,F12,P00748,1
C1196,Bradykinin,OLR1,P78380,1
C1196,Bradykinin,STAT3,P40763,1
C1196,Bradykinin,TRPM7,Q96QT4,1
C1196,Bradykinin,VEGFA,P15692,1
C1197,Brucine,ABCB1,P08183,1
C1197,Brucine,APC,P25054,1
C1197,Brucine,AXIN1,O15169,1
C1197,Brucine,CASP3,P42574,1
C1197,Brucine,FZD8,Q9H461,1
C1197,Brucine,MYB,P10242,1
C1197,Brucine,NFKBIA,P25963,1
C1197,Brucine,RELA,Q04206,1
C1197,Brucine,WNT5A,P41221,1
C1198,Butanone,BRAF,P15056,1
C1198,Butanone,CASP3,P42574,1
C1198,Butanone,CYP2E1,P05181,1
C1198,Butanone,MAP2K7,O14733,5
C1198,Butanone,RAF1,P04049,1
C1198,Butanone,YWHAZ,P63104,1
C1198,Butanone,ZHX2,Q9Y6X8,1
C1199,Butein,AURKB,Q96GD4,2
C1199,Butein,CXCR4,P61073,1
C1199,Butein,EGFR,P00533,1
C1199,Butein,IL6,P05231,1
C1199,Butein,NFKB1,P19838,2
C1199,Butein,NFKBIA,P25963,1
C1199,Butein,RPS6KB1,P23443,1
C1199,Butein,TP53,P04637,1
C1199,Butein,UCP1,P25874,1
C1200,ButylAlcohol,PLD1,Q13393,1
C1201,ButylatedHydroxytoluene,ADIPOR2,Q86V24,1
C1201,ButylatedHydroxytoluene,BMP4,P12644,1
C1201,ButylatedHydroxytoluene,EIF2AK2,P19525,1
C1201,ButylatedHydroxytoluene,HMOX1,P09601,1
C1201,ButylatedHydroxytoluene,ICAM1,P05362,1
C1201,ButylatedHydroxytoluene,KDR,P35968,1
C1201,ButylatedHydroxytoluene,LBP,P18428,1
C1201,ButylatedHydroxytoluene,PECAM1,P16284,1
C1201,ButylatedHydroxytoluene,PSME1,Q06323,1
C1201,ButylatedHydroxytoluene,SFTPB,P07988,1
C1201,ButylatedHydroxytoluene,UCP1,P25874,1
C1202,Byakangelicin,CYP3A4,P08684,1
C1203,CaffeicAcid,ACHE,P22303,1
C1203,CaffeicAcid,ALOX5,P09917,2
C1203,CaffeicAcid,BCHE,P06276,1
C1203,CaffeicAcid,CTSC,P53634,1
C1203,CaffeicAcid,CYP1A1,P04798,1
C1203,CaffeicAcid,CYP1A2,P05177,2
C1203,CaffeicAcid,CYP2C19,P33261,1
C1203,CaffeicAcid,CYP2C9,P11712,1
C1203,CaffeicAcid,CYP2D6,P10635,1
C1203,CaffeicAcid,CYP3A4,P08684,1
C1203,CaffeicAcid,GFAP,P14136,1
C1203,CaffeicAcid,HMOX1,P09601,2
C1203,CaffeicAcid,KCNN4,O15554,1
C1203,CaffeicAcid,MAPK1,P28482,1
C1203,CaffeicAcid,MAPK3,P27361,1
C1203,CaffeicAcid,NFE2L2,Q16236,1
C1203,CaffeicAcid,NFKB1,P19838,2
C1203,CaffeicAcid,PKB_RS07820,nan,1
C1203,CaffeicAcid,PRKCB,P05771,1
C1203,CaffeicAcid,PTGS1,P23219,1
C1203,CaffeicAcid,PTGS2,P35354,1
C1203,CaffeicAcid,RAC1,P63000,1
C1203,CaffeicAcid,SELP,P16109,1
C1203,CaffeicAcid,TLR4,O00206,1
C1203,CaffeicAcid,TNF,P01375,1
C1203,CaffeicAcid,TOP1,P11387,1
C1204,CaffeicAcidPhenethylEster,ACHE,P22303,1
C1204,CaffeicAcidPhenethylEster,ALOX5,P09917,1
C1204,CaffeicAcidPhenethylEster,CLDN2,P57739,1
C1204,CaffeicAcidPhenethylEster,GJA1,P17302,1
C1204,CaffeicAcidPhenethylEster,HIF1A,Q16665,1
C1204,CaffeicAcidPhenethylEster,HMOX1,P09601,1
C1204,CaffeicAcidPhenethylEster,IFNG,P01579,1
C1204,CaffeicAcidPhenethylEster,MMP2,P08253,1
C1204,CaffeicAcidPhenethylEster,MMP9,P14780,1
C1204,CaffeicAcidPhenethylEster,NFE2L2,Q16236,2
C1204,CaffeicAcidPhenethylEster,NFKB1,P19838,11
C1204,CaffeicAcidPhenethylEster,RHOB,P62745,1
C1204,CaffeicAcidPhenethylEster,TLR4,O00206,1
C1205,Caffeine,ABCB1,P08183,1
C1205,Caffeine,ACHE,P22303,1
C1205,Caffeine,ACP5,P13686,1
C1205,Caffeine,ADA,P00813,1
C1205,Caffeine,ADIPOQ,Q15848,1
C1205,Caffeine,ADORA1,P30542,1
C1205,Caffeine,ADORA2A,P29274,3
C1205,Caffeine,AKT1,P31749,1
C1205,Caffeine,ARC,Q7LC44,1
C1205,Caffeine,ATM,Q13315,2
C1205,Caffeine,ATR,Q13535,3
C1205,Caffeine,BAX,Q07812,1
C1205,Caffeine,BCL2L11,O43521,1
C1205,Caffeine,BDNF,P23560,1
C1205,Caffeine,CASP3,P42574,2
C1205,Caffeine,CASP9,P55211,1
C1205,Caffeine,CCN2,P29279,1
C1205,Caffeine,CDK1,P06493,3
C1205,Caffeine,CDK2,P24941,2
C1205,Caffeine,CDKN1A,P38936,1
C1205,Caffeine,CTNNB1,P35222,1
C1205,Caffeine,CTSK,P43235,1
C1205,Caffeine,CYP1A2,P05177,1
C1205,Caffeine,DNMT3A,Q9Y6K1,1
C1205,Caffeine,DRD2,P14416,1
C1205,Caffeine,E2F1,Q01094,1
C1205,Caffeine,EGR1,P18146,3
C1205,Caffeine,FOS,P01100,1
C1205,Caffeine,FSHB,P01225,1
C1205,Caffeine,GABRA2,P47869,1
C1205,Caffeine,GABRR1,P24046,1
C1205,Caffeine,HSD11B1,P28845,1
C1205,Caffeine,HSD11B2,P80365,1
C1205,Caffeine,IER5,Q5VY09,1
C1205,Caffeine,IL6,P05231,1
C1205,Caffeine,INS,P01308,1
C1205,Caffeine,ITGB3,P05106,1
C1205,Caffeine,ITPR1,Q14643,2
C1205,Caffeine,JUN,P05412,1
C1205,Caffeine,KCNJ11,Q14654,1
C1205,Caffeine,LEP,P41159,1
C1205,Caffeine,LHB,P01229,1
C1205,Caffeine,MAPK1,P28482,1
C1205,Caffeine,MEF2A,Q02078,1
C1205,Caffeine,MEF2D,Q14814,1
C1205,Caffeine,NEK11,Q8NG66,1
C1205,Caffeine,NPS,P0C0P6,1
C1205,Caffeine,NPSR1,Q6W5P4,1
C1205,Caffeine,NR3C1,P04150,1
C1205,Caffeine,ORAI1,Q96D31,1
C1205,Caffeine,PRKAA1,Q13131,2
C1205,Caffeine,PTEN,P60484,1
C1205,Caffeine,PTGS2,P35354,1
C1205,Caffeine,RASGRF1,Q13972,1
C1205,Caffeine,RELA,Q04206,1
C1205,Caffeine,RYR1,P21817,11
C1205,Caffeine,RYR2,Q92736,1
C1205,Caffeine,SCNN1A,P37088,1
C1205,Caffeine,SIRT3,Q9NTG7,1
C1205,Caffeine,SLC2A1,P11166,1
C1205,Caffeine,SLC2A4,P14672,2
C1205,Caffeine,SNCA,P37840,1
C1205,Caffeine,TFAM,Q00059,1
C1205,Caffeine,TGFB2,P61812,1
C1205,Caffeine,TNF,P01375,1
C1205,Caffeine,TP53,P04637,1
C1205,Caffeine,TPH2,Q8IWU9,2
C1205,Caffeine,TYR,P14679,1
C1205,Caffeine,ZFHX3,Q15911,1
C1206,Calcimycin,S100A4,P26447,1
C1207,Calcitriol,AGER,Q15109,2
C1207,Calcitriol,AHR,P35869,1
C1207,Calcitriol,ALOX5,P09917,1
C1207,Calcitriol,BAX,Q07812,1
C1207,Calcitriol,BRCA1,P38398,1
C1207,Calcitriol,CAMP,P49913,2
C1207,Calcitriol,CCN2,P29279,1
C1207,Calcitriol,CD200,P41217,1
C1207,Calcitriol,CD46,P15529,1
C1207,Calcitriol,CTLA4,P16410,1
C1207,Calcitriol,CYP24A1,Q07973,1
C1207,Calcitriol,CYP27B1,O15528,1
C1207,Calcitriol,CYP3A4,P08684,1
C1207,Calcitriol,EDNRB,P24530,1
C1207,Calcitriol,ERBB4,Q15303,1
C1207,Calcitriol,ESR1,P03372,1
C1207,Calcitriol,FGF23,Q9GZV9,3
C1207,Calcitriol,FGFR1,P11362,1
C1207,Calcitriol,GGT1,P19440,1
C1207,Calcitriol,IER3,P46695,1
C1207,Calcitriol,KCNH1,O95259,1
C1207,Calcitriol,KDM6B,O15054,1
C1207,Calcitriol,KLK5,Q9Y337,1
C1207,Calcitriol,NFKB1,P19838,1
C1207,Calcitriol,NFKBIA,P25963,1
C1207,Calcitriol,NT5E,P21589,1
C1207,Calcitriol,PLD1,Q13393,1
C1207,Calcitriol,PODXL,O00592,1
C1207,Calcitriol,PPARG,P37231,1
C1207,Calcitriol,REN,P00797,1
C1207,Calcitriol,RUNX2,Q13950,1
C1207,Calcitriol,SLC20A2,Q08357,1
C1207,Calcitriol,TGFB1,P01137,1
C1207,Calcitriol,TLR4,O00206,1
C1207,Calcitriol,TRPV6,Q9H1D0,1
C1207,Calcitriol,VDR,P11473,11
C1208,Calycosin,ABCB1,P08183,1
C1208,Calycosin,HIF1A,Q16665,1
C1208,Calycosin,PPARG,P37231,1
C1208,Calycosin,PTGR1,Q14914,1
C1208,Calycosin,SMAD2,Q15796,1
C1208,Calycosin,SMAD3,P84022,1
C1209,Camphor,TRPA1,O75762,1
C1209,Camphor,TRPV3,Q8NET8,2
C1210,Canavanine,NOS2,P35228,1
C1210,Canavanine,ORAI1,Q96D31,1
C1211,Cannabidiol,ABCB1,P08183,1
C1211,Cannabidiol,ABCG2,Q9UNQ0,1
C1211,Cannabidiol,BDNF,P23560,1
C1211,Cannabidiol,BID,P55957,1
C1211,Cannabidiol,CASP3,P42574,1
C1211,Cannabidiol,CASP8,Q14790,1
C1211,Cannabidiol,CASP9,P55211,1
C1211,Cannabidiol,CNR1,P21554,2
C1211,Cannabidiol,CNR2,P34972,1
C1211,Cannabidiol,CYBA,P13498,1
C1211,Cannabidiol,CYP1A1,P04798,1
C1211,Cannabidiol,CYP2C19,P33261,1
C1211,Cannabidiol,CYP2D6,P10635,1
C1211,Cannabidiol,CYP3A4,P08684,1
C1211,Cannabidiol,GPR12,P47775,2
C1211,Cannabidiol,GPR18,Q14330,1
C1211,Cannabidiol,GPR3,P46089,2
C1211,Cannabidiol,GPR55,Q9Y2T6,1
C1211,Cannabidiol,GPR6,P46095,3
C1211,Cannabidiol,GRIN1,Q05586,1
C1211,Cannabidiol,HTR1A,P08908,1
C1211,Cannabidiol,MPO,P05164,1
C1211,Cannabidiol,NOS2,P35228,1
C1211,Cannabidiol,NOX4,Q9NPH5,1
C1211,Cannabidiol,PPARG,P37231,1
C1211,Cannabidiol,STAT3,P40763,1
C1211,Cannabidiol,STAT5A,P42229,1
C1211,Cannabidiol,STAT5B,P51692,1
C1211,Cannabidiol,TRPV2,Q9Y5S1,2
C1212,Cannabigerol,TRPM8,Q7Z2W7,1
C1213,Canthaxanthin,CRCP,O75575,1
C1214,Capsaicin,ABCB1,P08183,1
C1214,Capsaicin,AKT1,P31749,1
C1214,Capsaicin,ALOX5,P09917,1
C1214,Capsaicin,AR,P10275,1
C1214,Capsaicin,BCL2,P10415,2
C1214,Capsaicin,CALCA,P06881;P01258,3
C1214,Capsaicin,CASP3,P42574,1
C1214,Capsaicin,CAT,P04040,1
C1214,Capsaicin,CREB1,P16220,1
C1214,Capsaicin,CTRC,Q99895,1
C1214,Capsaicin,CYCS,P99999,1
C1214,Capsaicin,CYP1A2,P05177,1
C1214,Capsaicin,CYP3A4,P08684,1
C1214,Capsaicin,ENOX2,Q16206,1
C1214,Capsaicin,EPOR,P19235,1
C1214,Capsaicin,F2RL1,P55085,1
C1214,Capsaicin,FOS,P01100,4
C1214,Capsaicin,GAA,P10253,1
C1214,Capsaicin,GAP43,P17677,1
C1214,Capsaicin,GATA1,P15976,1
C1214,Capsaicin,GFAP,P14136,1
C1214,Capsaicin,GLUL,P15104,1
C1214,Capsaicin,GYPA,P02724,1
C1214,Capsaicin,HBB,P68871,1
C1214,Capsaicin,HMOX1,P09601,2
C1214,Capsaicin,HSD3B2,P26439,1
C1214,Capsaicin,HSPA4,P34932,1
C1214,Capsaicin,JUNB,P17275,1
C1214,Capsaicin,KLK3,P07288,1
C1214,Capsaicin,MAPK1,P28482,1
C1214,Capsaicin,MIR206,nan,1
C1214,Capsaicin,MMP1,P03956,1
C1214,Capsaicin,NFE2L2,Q16236,2
C1214,Capsaicin,NFKBIA,P25963,1
C1214,Capsaicin,NOS1,P29475,1
C1214,Capsaicin,NRP1,O14786,1
C1214,Capsaicin,PGP,A6NDG6,1
C1214,Capsaicin,POMC,P01189,1
C1214,Capsaicin,PRKAA1,Q13131,2
C1214,Capsaicin,PTGS2,P35354,1
C1214,Capsaicin,RAC1,P63000,1
C1214,Capsaicin,RELA,Q04206,1
C1214,Capsaicin,SIRT1,Q96EB6,2
C1214,Capsaicin,SOD1,P00441,1
C1214,Capsaicin,SPI1,P17947,1
C1214,Capsaicin,TAC1,P20366,1
C1214,Capsaicin,TACR1,P25103,1
C1214,Capsaicin,TACR3,P29371,1
C1214,Capsaicin,TGFA,P01135,1
C1214,Capsaicin,TNFRSF11B,O00300,1
C1214,Capsaicin,TRPA1,O75762,1
C1214,Capsaicin,TRPV1,Q8NER1,3
C1214,Capsaicin,TRPV2,Q9Y5S1,1
C1214,Capsaicin,UCP1,P25874,1
C1214,Capsaicin,VEGFA,P15692,1
C1215,CarbonTetrachloride,BACH1,O14867,1
C1215,CarbonTetrachloride,VEGFA,P15692,1
C1216,Cardamomin,AKT1,P31749,1
C1216,Cardamomin,CTNNB1,P35222,1
C1216,Cardamomin,MTOR,P42345,1
C1216,Cardamomin,NOS2,P35228,1
C1216,Cardamomin,PTGS2,P35354,1
C1216,Cardamomin,RELA,Q04206,1
C1216,Cardamomin,STAT3,P40763,2
C1216,Cardamomin,TRPA1,O75762,1
C1217,CarnosicAcid,NFE2L2,Q16236,1
C1217,CarnosicAcid,NGF,P01138,1
C1217,CarnosicAcid,NR1I2,O75469,1
C1218,Carvacrol,AKT1,P31749,1
C1218,Carvacrol,AXL,P30530,1
C1218,Carvacrol,TRPM7,Q96QT4,3
C1218,Carvacrol,TRPV3,Q8NET8,4
C1218,Carvacrol,UGT1A9,O60656,2
C1219,Catalpol,BCL2,P10415,1
C1219,Catalpol,CASP3,P42574,1
C1219,Catalpol,CYP2C9,P11712,1
C1219,Catalpol,CYP2E1,P05181,2
C1219,Catalpol,CYP3A4,P08684,2
C1219,Catalpol,IL13,P35225,1
C1219,Catalpol,NOS2,P35228,1
C1219,Catalpol,NOX4,Q9NPH5,1
C1219,Catalpol,SOD1,P00441,1
C1219,Catalpol,STAT3,P40763,1
C1219,Catalpol,TLR4,O00206,2
C1220,Catechin,ALOX5,P09917,1
C1220,Catechin,BCL2,P10415,1
C1220,Catechin,CASP3,P42574,1
C1220,Catechin,CAT,P04040,1
C1220,Catechin,CCNA2,P20248,1
C1220,Catechin,CCNB1,P14635,1
C1220,Catechin,CD4,P01730,1
C1220,Catechin,CDK2,P24941,1
C1220,Catechin,COMT,P21964,1
C1220,Catechin,CSF2,P04141,1
C1220,Catechin,CYCS,P99999,1
C1220,Catechin,DIO1,P49895,1
C1220,Catechin,GAA,P10253,1
C1220,Catechin,IL6,P05231,1
C1220,Catechin,LPL,P06858,1
C1220,Catechin,NCF1,P14598,1
C1220,Catechin,PLAT,P00750,1
C1220,Catechin,PLAU,P00749,1
C1220,Catechin,PNLIP,P16233,1
C1220,Catechin,PTK2,Q05397,1
C1220,Catechin,SOD1,P00441,2
C1220,Catechin,SOD2,P04179,1
C1221,Catechol,BCL2,P10415,1
C1221,Catechol,COMT,P21964,1
C1221,Catechol,MYB,P10242,1
C1221,Catechol,PRDX5,P30044,1
C1222,Celastrol,AKT1,P31749,1
C1222,Celastrol,AR,P10275,1
C1222,Celastrol,AXL,P30530,2
C1222,Celastrol,BACE1,P56817,1
C1222,Celastrol,BAX,Q07812,2
C1222,Celastrol,BCL2,P10415,3
C1222,Celastrol,BCL2L1,Q07817,1
C1222,Celastrol,BIRC2,Q13490,1
C1222,Celastrol,BIRC5,O15392,1
C1222,Celastrol,CASP3,P42574,2
C1222,Celastrol,CASP9,P55211,1
C1222,Celastrol,CCND1,P24385,1
C1222,Celastrol,CEBPB,P17676,1
C1222,Celastrol,CFLAR,O15519,1
C1222,Celastrol,CIP2A,Q8TCG1,1
C1222,Celastrol,COL4A4,P53420,1
C1222,Celastrol,CYP1A2,P05177,1
C1222,Celastrol,EGFR,P00533,1
C1222,Celastrol,FANCD2,Q9BXW9,1
C1222,Celastrol,FLT1,P17948,1
C1222,Celastrol,FN1,P02751,1
C1222,Celastrol,HIF1A,Q16665,4
C1222,Celastrol,HSF1,Q00613,1
C1222,Celastrol,HSP90AA1,P07900,5
C1222,Celastrol,IFI27,P40305,1
C1222,Celastrol,KDR,P35968,1
C1222,Celastrol,MAPK1,P28482,1
C1222,Celastrol,MAPK14,Q16539,1
C1222,Celastrol,MIR146A,nan,1
C1222,Celastrol,MIR17HG,nan,1
C1222,Celastrol,MIR21,nan,1
C1222,Celastrol,MIR223,nan,1
C1222,Celastrol,MMP1,P03956,1
C1222,Celastrol,MMP2,P08253,1
C1222,Celastrol,MMP9,P14780,2
C1222,Celastrol,MYB,P10242,2
C1222,Celastrol,MYC,P01106,1
C1222,Celastrol,NFKB1,P19838,6
C1222,Celastrol,NR2C2,P49116,1
C1222,Celastrol,NR4A1,P22736,1
C1222,Celastrol,NSFL1C,Q9UNZ2,1
C1222,Celastrol,PLEK,P08567,1
C1222,Celastrol,PMAIP1,Q13794,1
C1222,Celastrol,PSMB1,P20618,1
C1222,Celastrol,PTGS2,P35354,1
C1222,Celastrol,STAT3,P40763,1
C1222,Celastrol,TGFB1,P01137,1
C1222,Celastrol,TIMP1,P01033,1
C1222,Celastrol,TIMP2,P16035,1
C1222,Celastrol,TLR4,O00206,2
C1222,Celastrol,VEGFA,P15692,1
C1223,Celecoxib,ABCB1,P08183,2
C1223,Celecoxib,ABCG2,Q9UNQ0,1
C1223,Celecoxib,ACHE,P22303,1
C1223,Celecoxib,AKT1,P31749,1
C1223,Celecoxib,BCL2,P10415,1
C1223,Celecoxib,BDNF,P23560,1
C1223,Celecoxib,CDH1,P12830,1
C1223,Celecoxib,CDH11,P55287,2
C1223,Celecoxib,CERS6,Q6ZMG9,1
C1223,Celecoxib,CRK,P46108,1
C1223,Celecoxib,CTNNB1,P35222,1
C1223,Celecoxib,ELK1,P19419,1
C1223,Celecoxib,IL6,P05231,3
C1223,Celecoxib,KIT,P10721,1
C1223,Celecoxib,L1CAM,P32004,1
C1223,Celecoxib,MAPK14,Q16539,1
C1223,Celecoxib,MMP2,P08253,3
C1223,Celecoxib,MMP9,P14780,3
C1223,Celecoxib,MTOR,P42345,1
C1223,Celecoxib,MVP,Q14764,1
C1223,Celecoxib,MYLIP,Q8WY64,1
C1223,Celecoxib,NFKB1,P19838,1
C1223,Celecoxib,NOS2,P35228,1
C1223,Celecoxib,PLA2G4A,P47712,1
C1223,Celecoxib,PNO1,Q9NRX1,1
C1223,Celecoxib,PTGS2,P35354,174
C1223,Celecoxib,RECK,O95980,1
C1223,Celecoxib,S100A8,P05109,1
C1223,Celecoxib,SERPINC1,P01008,1
C1223,Celecoxib,SSTR2,P30874,1
C1223,Celecoxib,STAT3,P40763,1
C1223,Celecoxib,TAT,P17735,1
C1223,Celecoxib,TF,P02787,1
C1223,Celecoxib,THRB,P10828,1
C1223,Celecoxib,TNF,P01375,1
C1223,Celecoxib,TNFRSF10B,O14763,1
C1223,Celecoxib,TP53,P04637,1
C1223,Celecoxib,TRPV3,Q8NET8,1
C1223,Celecoxib,VEGFA,P15692,1
C1224,Centaureidin,IFNG,P01579,1
C1224,Centaureidin,NOS2,P35228,1
C1224,Centaureidin,PTGS2,P35354,1
C1225,Cgmp,CNGA3,Q16281,1
C1225,Cgmp,CREB1,P16220,1
C1225,Cgmp,EGFR,P00533,1
C1225,Cgmp,FOXO1,Q12778,1
C1225,Cgmp,FYN,P06241,1
C1225,Cgmp,GRM5,P41594,1
C1225,Cgmp,GUCY2D,Q02846,1
C1225,Cgmp,IFNB1,P01574,1
C1225,Cgmp,MADCAM1,Q13477,1
C1225,Cgmp,MAPK1,P28482,1
C1225,Cgmp,MAPK3,P27361,1
C1225,Cgmp,NPPB,P16860,1
C1225,Cgmp,PDE2A,O00408,1
C1225,Cgmp,PRKAA1,Q13131,1
C1225,Cgmp,PRKCD,Q05655,1
C1225,Cgmp,PRKG1,Q13976,1
C1225,Cgmp,PTGS2,P35354,1
C1225,Cgmp,SGCB,Q16585,1
C1225,Cgmp,SLC9A3,P48764,2
C1225,Cgmp,VASP,P50552,1
C1226,Chalcone,AHR,P35869,2
C1226,Chalcone,BCL2,P10415,1
C1226,Chalcone,CA9,Q16790,1
C1226,Chalcone,CLPB,Q9H078,1
C1226,Chalcone,CYP1A1,P04798,3
C1226,Chalcone,H2AX,P16104,1
C1226,Chalcone,HIF1A,Q16665,1
C1226,Chalcone,LY96,Q9Y6Y9,2
C1226,Chalcone,NFKBIA,P25963,1
C1226,Chalcone,PPARG,P37231,1
C1226,Chalcone,PTGS2,P35354,1
C1226,Chalcone,TP53,P04637,1
C1227,Chelerythrine,ACHE,P22303,1
C1227,Chelerythrine,AGT,P01019,1
C1227,Chelerythrine,AKR1B1,P15121,1
C1227,Chelerythrine,BCL2,P10415,1
C1227,Chelerythrine,CA9,Q16790,1
C1227,Chelerythrine,CASP3,P42574,1
C1227,Chelerythrine,CDC42BPA,Q5VT25,1
C1227,Chelerythrine,CXCL1,P09341,1
C1227,Chelerythrine,CYP1A1,P04798,1
C1227,Chelerythrine,EDN1,P05305,1
C1227,Chelerythrine,FCAMR,Q8WWV6,1
C1227,Chelerythrine,G6PD,P11413,1
C1227,Chelerythrine,GRIN2A,Q12879,1
C1227,Chelerythrine,GUSB,P08236,1
C1227,Chelerythrine,HIF1A,Q16665,1
C1227,Chelerythrine,HMOX1,P09601,1
C1227,Chelerythrine,IL1B,P01584,1
C1227,Chelerythrine,KCNJ11,Q14654,1
C1227,Chelerythrine,MAOA,P21397,3
C1227,Chelerythrine,MAPK1,P28482,2
C1227,Chelerythrine,MSH2,P43246,1
C1227,Chelerythrine,MSH6,P52701,1
C1227,Chelerythrine,MST1,P26927,2
C1227,Chelerythrine,MYC,P01106,1
C1227,Chelerythrine,NFE2L2,Q16236,1
C1227,Chelerythrine,NFKB1,P19838,1
C1227,Chelerythrine,NPPC,P23582,1
C1227,Chelerythrine,PRKCA,P17252,3
C1227,Chelerythrine,PRKCB,P05771,1
C1227,Chelerythrine,PRKCD,Q05655,1
C1227,Chelerythrine,PRKCG,P05129,1
C1227,Chelerythrine,PRRT2,Q7Z6L0,8
C1227,Chelerythrine,PTGS2,P35354,1
C1227,Chelerythrine,SDHB,P21912,1
C1227,Chelerythrine,SLC1A6,P48664,1
C1227,Chelerythrine,SLC9A3,P48764,1
C1227,Chelerythrine,TRNG,nan,1
C1227,Chelerythrine,VEGFA,P15692,2
C1228,Chenodiol,ABCB4,P21439,1
C1228,Chenodiol,ALAS1,P13196,1
C1228,Chenodiol,ALOX12,P18054,1
C1228,Chenodiol,ALOX15,P16050,1
C1228,Chenodiol,APOB,P04114,1
C1228,Chenodiol,APOF,Q13790,1
C1228,Chenodiol,ATF4,P18848,1
C1228,Chenodiol,CDH1,P12830,1
C1228,Chenodiol,CES2,O00748,1
C1228,Chenodiol,CYP7A1,P22680,2
C1228,Chenodiol,CYP8B1,Q9UNU6,1
C1228,Chenodiol,FABP6,P51161,2
C1228,Chenodiol,FGF21,Q9NSA1,1
C1228,Chenodiol,HMGCR,P04035,1
C1228,Chenodiol,HNF1A,P20823,2
C1228,Chenodiol,HNF4A,P41235,1
C1228,Chenodiol,ICAM1,P05362,2
C1228,Chenodiol,LDLR,P01130,1
C1228,Chenodiol,MTTP,P55157,1
C1228,Chenodiol,NLRP3,Q96P20,1
C1228,Chenodiol,NR0B2,Q15466,2
C1228,Chenodiol,NR1H4,Q96RI1,2
C1228,Chenodiol,NR5A2,O00482,1
C1228,Chenodiol,OAS3,Q9Y6K5,1
C1228,Chenodiol,POU2F1,P14859,1
C1228,Chenodiol,PPARA,Q07869,1
C1228,Chenodiol,PTGS2,P35354,1
C1228,Chenodiol,PTPN11,Q06124,1
C1228,Chenodiol,SLC10A2,Q12908,1
C1228,Chenodiol,SLC2A4,P14672,1
C1228,Chenodiol,SLCO1B3,Q9NPD5,1
C1228,Chenodiol,SNAI1,O95863,1
C1228,Chenodiol,SREBF1,P36956,1
C1228,Chenodiol,VCAM1,P19320,1
C1228,Chenodiol,ZFHX3,Q15911,1
C1229,Chlorhexidine,MMP2,P08253,1
C1229,Chlorhexidine,MMP9,P14780,1
C1229,Chlorhexidine,SMOX,Q9NWM0,1
C1230,Chloroform,AQP1,P29972,1
C1230,Chloroform,AQP3,Q92482,1
C1230,Chloroform,AQP4,P55087,1
C1231,ChlorogenicAcid,ACHE,P22303,1
C1231,ChlorogenicAcid,BCHE,P06276,1
C1231,ChlorogenicAcid,BCL2,P10415,1
C1231,ChlorogenicAcid,G6PC1,P35575,1
C1231,ChlorogenicAcid,GAA,P10253,1
C1231,ChlorogenicAcid,HDC,P19113,1
C1231,ChlorogenicAcid,IRAK4,Q9NWZ3,1
C1231,ChlorogenicAcid,MAPK1,P28482,1
C1231,ChlorogenicAcid,MAPK8,P45983,1
C1231,ChlorogenicAcid,NFKB1,P19838,1
C1231,ChlorogenicAcid,NOTCH1,P46531,1
C1231,ChlorogenicAcid,PPARG,P37231,1
C1231,ChlorogenicAcid,TLR2,O60603,1
C1231,ChlorogenicAcid,VEGFA,P15692,1
C1232,Chlorpheniramine,HRH1,P35367,8
C1233,Cholecalciferol,AKT1,P31749,1
C1233,Cholecalciferol,AR,P10275,1
C1233,Cholecalciferol,CAMKK2,Q96RR4,1
C1233,Cholecalciferol,CAMP,P49913,1
C1233,Cholecalciferol,CASR,P41180,1
C1233,Cholecalciferol,CCR6,P51684,1
C1233,Cholecalciferol,CCR7,P32248,1
C1233,Cholecalciferol,CD14,P08571,1
C1233,Cholecalciferol,CD40,P25942,1
C1233,Cholecalciferol,CD55,P08174,1
C1233,Cholecalciferol,CD80,P33681,1
C1233,Cholecalciferol,CD83,Q01151,1
C1233,Cholecalciferol,CD86,P42081,1
C1233,Cholecalciferol,CSRP1,P21291,1
C1233,Cholecalciferol,CXCL8,P10145,1
C1233,Cholecalciferol,CYP11A1,P05108,1
C1233,Cholecalciferol,CYP19A1,P11511,1
C1233,Cholecalciferol,CYP24A1,Q07973,1
C1233,Cholecalciferol,CYP27B1,O15528,1
C1233,Cholecalciferol,DBP,Q10586,1
C1233,Cholecalciferol,DHCR7,Q9UBM7,1
C1233,Cholecalciferol,DYSF,O75923,1
C1233,Cholecalciferol,FOXP3,Q9BZS1,1
C1233,Cholecalciferol,GJA1,P17302,1
C1233,Cholecalciferol,GLI1,P08151,1
C1233,Cholecalciferol,IGF1,P05019,1
C1233,Cholecalciferol,IGFBP3,P17936,1
C1233,Cholecalciferol,IL10,P22301,1
C1233,Cholecalciferol,IL4,P05112,1
C1233,Cholecalciferol,IL6,P05231,1
C1233,Cholecalciferol,MAPK1,P28482,1
C1233,Cholecalciferol,MAPK3,P27361,1
C1233,Cholecalciferol,MMP2,P08253,1
C1233,Cholecalciferol,MMP9,P14780,1
C1233,Cholecalciferol,NFKB1,P19838,1
C1233,Cholecalciferol,NFKBIA,P25963,1
C1233,Cholecalciferol,PRL,P01236,1
C1233,Cholecalciferol,PTGS2,P35354,1
C1233,Cholecalciferol,PTH,P01270,1
C1233,Cholecalciferol,RELA,Q04206,1
C1233,Cholecalciferol,REN,P00797,1
C1233,Cholecalciferol,RXRA,P19793,1
C1233,Cholecalciferol,S100G,P29377,1
C1233,Cholecalciferol,SMO,Q99835,1
C1233,Cholecalciferol,TG,P01266,1
C1233,Cholecalciferol,TGFA,P01135,1
C1233,Cholecalciferol,TLR2,O60603,1
C1233,Cholecalciferol,TLR4,O00206,1
C1233,Cholecalciferol,TNFRSF11B,O00300,1
C1233,Cholecalciferol,TNFSF11,O14788,1
C1233,Cholecalciferol,TXN,P10599,1
C1233,Cholecalciferol,VDR,P11473,1
C1234,Cholesterol,ABCA1,O95477,1
C1234,Cholesterol,ABCF3,Q9NUQ8,1
C1234,Cholesterol,ABCG5,Q9H222,2
C1234,Cholesterol,ABCG8,Q9H221,1
C1234,Cholesterol,ACAT1,P24752,1
C1234,Cholesterol,ACE,P12821,2
C1234,Cholesterol,APOB,P04114,3
C1234,Cholesterol,APP,P05067,2
C1234,Cholesterol,AQP1,P29972,1
C1234,Cholesterol,AQP8,O94778,1
C1234,Cholesterol,ATP2A3,Q93084,1
C1234,Cholesterol,BACE1,P56817,1
C1234,Cholesterol,CASP1,P29466,1
C1234,Cholesterol,CAV1,Q03135,1
C1234,Cholesterol,CAV3,P56539,1
C1234,Cholesterol,CD81,P60033,1
C1234,Cholesterol,CDH1,P12830,1
C1234,Cholesterol,COG2,Q14746,1
C1234,Cholesterol,CRISP2,P16562,1
C1234,Cholesterol,CRTC1,Q6UUV9,1
C1234,Cholesterol,CYP46A1,Q9Y6A2,2
C1234,Cholesterol,DDIT3,P35638;P0DPQ6,1
C1234,Cholesterol,ECB2,nan,1
C1234,Cholesterol,ESRRA,P11474,1
C1234,Cholesterol,FGF1,P05230,1
C1234,Cholesterol,GPR55,Q9Y2T6,1
C1234,Cholesterol,HIF1A,Q16665,1
C1234,Cholesterol,HMGCR,P04035,2
C1234,Cholesterol,HULC,nan,1
C1234,Cholesterol,IL1B,P01584,1
C1234,Cholesterol,IL4,P05112,1
C1234,Cholesterol,LAMP1,P11279,1
C1234,Cholesterol,LAMP2,P13473,1
C1234,Cholesterol,LDLR,P01130,1
C1234,Cholesterol,LPL,P06858,1
C1234,Cholesterol,LRP1,Q07954,1
C1234,Cholesterol,LY96,Q9Y6Y9,1
C1234,Cholesterol,MIR122,nan,1
C1234,Cholesterol,MIR145,nan,1
C1234,Cholesterol,MIR185,nan,1
C1234,Cholesterol,MIR33A,nan,1
C1234,Cholesterol,MIR33B,nan,1
C1234,Cholesterol,MPP1,Q00013,1
C1234,Cholesterol,NFKB1,P19838,2
C1234,Cholesterol,NKX2-5,P52952,1
C1234,Cholesterol,NOTCH1,P46531,1
C1234,Cholesterol,NPC1,O15118,2
C1234,Cholesterol,NPC1L1,Q9UHC9,2
C1234,Cholesterol,NUS1,Q96E22,1
C1234,Cholesterol,PCSK9,Q8NBP7,1
C1234,Cholesterol,PLP1,P60201,2
C1234,Cholesterol,PON1,P27169,1
C1234,Cholesterol,PRKCB,P05771,1
C1234,Cholesterol,RORA,P35398,1
C1234,Cholesterol,SCAP,Q12770,1
C1234,Cholesterol,SCARB1,Q8WTV0,1
C1234,Cholesterol,SCP2,P22307,1
C1234,Cholesterol,SGMS2,Q8NHU3,1
C1234,Cholesterol,SHH,Q15465,1
C1234,Cholesterol,SIRT1,Q96EB6,1
C1234,Cholesterol,SMO,Q99835,1
C1234,Cholesterol,SNX8,Q9Y5X2,1
C1234,Cholesterol,SREBF2,Q12772,1
C1234,Cholesterol,STAR,P49675,1
C1234,Cholesterol,TNF,P01375,1
C1234,Cholesterol,TSPO,P30536,4
C1235,CholicAcid,NR1I2,O75469,1
C1236,Choline,CHRNA4,P43681,1
C1236,Choline,CHRNA7,P36544,5
C1236,Choline,HMOX1,P09601,1
C1236,Choline,MAPK14,Q16539,1
C1236,Choline,PEMT,Q9UBM1,1
C1236,Choline,TNF,P01375,1
C1236,Choline,VEGFC,P49767,1
C1237,Chrysin,ABCC2,Q92887,1
C1237,Chrysin,ABCG2,Q9UNQ0,1
C1237,Chrysin,ACTA2,P62736,1
C1237,Chrysin,AKT1,P31749,1
C1237,Chrysin,CASP3,P42574,2
C1237,Chrysin,CASP9,P55211,1
C1237,Chrysin,CDK9,P50750,1
C1237,Chrysin,CDKN1A,P38936,1
C1237,Chrysin,CLDN1,O95832,1
C1237,Chrysin,CLDN11,O75508,1
C1237,Chrysin,CYP19A1,P11511,1
C1237,Chrysin,CYP1A2,P05177,1
C1237,Chrysin,EIF6,P56537,1
C1237,Chrysin,GYPB,P06028,1
C1237,Chrysin,HDAC8,Q9BY41,1
C1237,Chrysin,HDAC9,Q9UKV0,1
C1237,Chrysin,IL13,P35225,1
C1237,Chrysin,IL4,P05112,1
C1237,Chrysin,JUN,P05412,1
C1237,Chrysin,MAPK8,P45983,1
C1237,Chrysin,MAPK9,P45984,1
C1237,Chrysin,MUC5AC,P98088,1
C1237,Chrysin,NFE2L2,Q16236,2
C1237,Chrysin,NFKB1,P19838,1
C1237,Chrysin,NOTCH1,P46531,1
C1237,Chrysin,PGP,A6NDG6,1
C1237,Chrysin,PKB_RS07820,nan,1
C1237,Chrysin,PPARG,P37231,3
C1237,Chrysin,PRKAA1,Q13131,1
C1237,Chrysin,PTGS2,P35354,2
C1237,Chrysin,PTPN13,Q12923,1
C1237,Chrysin,TBK1,Q9UHD2,1
C1237,Chrysin,TGFB1,P01137,1
C1237,Chrysin,TNFAIP3,P21580,1
C1237,Chrysin,VEGFA,P15692,1
C1238,ChrysinDimethylEther,ABCG2,Q9UNQ0,1
C1239,Chrysoeriol,CCNB1,P14635,1
C1239,Chrysoeriol,CYP1A1,P04798,1
C1239,Chrysoeriol,CYP1B1,Q16678,2
C1239,Chrysoeriol,KDR,P35968,1
C1239,Chrysoeriol,MET,P08581,1
C1240,Chrysophanol,P2RX7,Q99572,1
C1241,Cianidanol,DHFR,P00374,1
C1241,Cianidanol,FASN,P49327,1
C1241,Cianidanol,KLF7,O75840,1
C1241,Cianidanol,PPARG,P37231,1
C1242,Cinnamaldehyde,IFNB1,P01574,1
C1242,Cinnamaldehyde,IRF3,Q14653,2
C1242,Cinnamaldehyde,NFE2L2,Q16236,1
C1242,Cinnamaldehyde,NFKBIA,P25963,1
C1242,Cinnamaldehyde,PTGS2,P35354,2
C1242,Cinnamaldehyde,RELA,Q04206,1
C1242,Cinnamaldehyde,TLR4,O00206,2
C1242,Cinnamaldehyde,TRPA1,O75762,1
C1242,Cinnamaldehyde,TRPV1,Q8NER1,1
C1242,Cinnamaldehyde,TRPV4,Q9HBA0,1
C1242,Cinnamaldehyde,TXNRD1,Q16881,1
C1243,CinnamicAcid,ACHE,P22303,1
C1243,CinnamicAcid,F3,P13726,1
C1243,CinnamicAcid,NGB,Q9NPG2,1
C1243,CinnamicAcid,PTPN1,P18031,1
C1243,CinnamicAcid,TYR,P14679,1
C1244,Ciprofloxacin,CYP3A4,P08684,1
C1244,Ciprofloxacin,HFM1,A2PYH4,1
C1244,Ciprofloxacin,MCM2,P49736,1
C1244,Ciprofloxacin,MCM3,P25205,1
C1244,Ciprofloxacin,MCM4,P33991,1
C1244,Ciprofloxacin,MCM5,P33992,1
C1244,Ciprofloxacin,MCM6,Q14566,1
C1244,Ciprofloxacin,MCM7,P33993,1
C1244,Ciprofloxacin,NPEPPS,P55786,1
C1245,Citral,AKT1,P31749,1
C1245,Citral,ALDH1A2,O94788,1
C1245,Citral,ALDH1A3,P47895,1
C1245,Citral,CASP1,P29466,1
C1245,Citral,CCL2,P13500,1
C1245,Citral,CPD,O75976,1
C1245,Citral,CYP2B6,P20813,1
C1245,Citral,FAS,P25445,1
C1245,Citral,IL1B,P01584,1
C1245,Citral,IL6,P05231,1
C1245,Citral,MARK4,Q96L34,1
C1245,Citral,NFKBIA,P25963,1
C1245,Citral,PPARG,P37231,1
C1245,Citral,RELA,Q04206,1
C1245,Citral,SREBF1,P36956,1
C1245,Citral,TNF,P01375,1
C1246,CitricAcid,AIFM1,O95831,1
C1246,CitricAcid,BID,P55957,1
C1246,CitricAcid,CASP8,Q14790,1
C1246,CitricAcid,ENDOG,Q14249,1
C1246,CitricAcid,FH,P07954,1
C1246,CitricAcid,HDC,P19113,1
C1246,CitricAcid,MPO,P05164,1
C1247,Citronellol,PTGS2,P35354,1
C1248,Citropten,HSPA4,P34932,1
C1248,Citropten,MAOA,P21397,1
C1249,Codeine,OPRM1,P35372,1
C1249,Codeine,SLC22A1,O15245,1
C1249,Codeine,UGT2B4,P06133,1
C1250,Colchicine,ABCB1,P08183,1
C1250,Colchicine,AHR,P35869,1
C1250,Colchicine,BCL2,P10415,1
C1250,Colchicine,BDNF,P23560,1
C1250,Colchicine,CASP1,P29466,1
C1250,Colchicine,CAT,P04040,1
C1250,Colchicine,CCN2,P29279,1
C1250,Colchicine,COL1A1,P02452,1
C1250,Colchicine,COL3A1,P02461,1
C1250,Colchicine,COL7A1,Q02388,1
C1250,Colchicine,F2,P00734,1
C1250,Colchicine,FOS,P01100,1
C1250,Colchicine,GLS2,Q9UI32,1
C1250,Colchicine,HSPB8,Q9UJY1,1
C1250,Colchicine,IL1A,P01583,1
C1250,Colchicine,IL1B,P01584,1
C1250,Colchicine,MMP1,P03956,1
C1250,Colchicine,NFKB1,P19838,1
C1250,Colchicine,NR3C1,P04150,1
C1250,Colchicine,P2RX7,Q99572,1
C1250,Colchicine,PLAU,P00749,1
C1250,Colchicine,PLAUR,Q03405,1
C1250,Colchicine,PLCB1,Q9NQ66,1
C1250,Colchicine,PTGS2,P35354,1
C1250,Colchicine,RELA,Q04206,1
C1250,Colchicine,SAA2,P02735,1
C1250,Colchicine,SCT,P09683,1
C1250,Colchicine,SLC28A2,O43868,1
C1250,Colchicine,SLC34A1,Q06495,1
C1250,Colchicine,SLC6A3,Q01959,1
C1250,Colchicine,SOD1,P00441,1
C1250,Colchicine,SPP1,P10451,1
C1250,Colchicine,TGFB1,P01137,4
C1250,Colchicine,TIMP1,P01033,1
C1250,Colchicine,TUBA1A,Q71U36,1
C1250,Colchicine,VEGFA,P15692,1
C1251,CongoRed,SNCA,P37840,1
C1252,Corilagin,BACE1,P56817,1
C1252,Corilagin,HMOX1,P09601,1
C1252,Corilagin,IKBKG,Q9Y6K9,1
C1252,Corilagin,IL10,P22301,1
C1252,Corilagin,IL1B,P01584,1
C1252,Corilagin,IL6,P05231,1
C1252,Corilagin,MAPK14,Q16539,1
C1252,Corilagin,NFE2L2,Q16236,1
C1252,Corilagin,NFKB1,P19838,3
C1252,Corilagin,NOS2,P35228,1
C1252,Corilagin,PREP,P48147,1
C1252,Corilagin,PTGS2,P35354,1
C1252,Corilagin,RELA,Q04206,1
C1252,Corilagin,RNF8,O76064,1
C1252,Corilagin,TLR2,O60603,1
C1252,Corilagin,TNF,P01375,1
C1253,CorosolicAcid,CTNNB1,P35222,1
C1253,CorosolicAcid,GPBAR1,Q8TDU6,1
C1253,CorosolicAcid,PTK2,Q05397,1
C1254,Corticosterone,CALB2,P22676,1
C1254,Corticosterone,CNR1,P21554,1
C1254,Corticosterone,CRH,P06850,2
C1254,Corticosterone,ERRFI1,Q9UJM3,1
C1254,Corticosterone,FOS,P01100,1
C1254,Corticosterone,IFNG,P01579,1
C1254,Corticosterone,IGF1,P05019,1
C1254,Corticosterone,KISS1,Q15726,1
C1254,Corticosterone,NR3C1,P04150,1
C1254,Corticosterone,NR3C2,P08235,2
C1254,Corticosterone,PLXNA2,O75051,1
C1254,Corticosterone,SLC22A2,O15244,1
C1254,Corticosterone,SLC22A3,O75751,4
C1254,Corticosterone,TPH1,P17752,1
C1254,Corticosterone,TXN,P10599,1
C1255,Cortodoxone,NOS2,P35228,1
C1256,Costunolide,HEXA,P06865,1
C1256,Costunolide,HEXB,P07686,1
C1256,Costunolide,TP53,P04637,1
C1256,Costunolide,TXNRD1,Q16881,1
C1257,Cotinine,GSN,P06396,1
C1257,Cotinine,HAVCR1,Q96D42,1
C1257,Cotinine,HMOX1,P09601,1
C1257,Cotinine,SYP,P08247,1
C1258,CoumaricAcid,BACE1,P56817,1
C1258,CoumaricAcid,CCL16,O15467,1
C1258,CoumaricAcid,MMP9,P14780,1
C1258,CoumaricAcid,MYC,P01106,1
C1258,CoumaricAcid,NOS3,P29474,1
C1258,CoumaricAcid,PTPN1,P18031,1
C1258,CoumaricAcid,TYR,P14679,1
C1259,Coumarin,AKR1C1,Q04828,1
C1259,Coumarin,BAX,Q07812,1
C1259,Coumarin,BCL2,P10415,1
C1259,Coumarin,CASP3,P42574,1
C1259,Coumarin,CYP2A6,P11509,1
C1259,Coumarin,CYP3A4,P08684,1
C1259,Coumarin,GCLC,P48506,1
C1259,Coumarin,GGT5,P36269,1
C1259,Coumarin,GSTA2,P09210,1
C1259,Coumarin,GSTP1,P09211,1
C1259,Coumarin,IL6,P05231,1
C1259,Coumarin,PPARA,Q07869,1
C1259,Coumarin,PTGS2,P35354,2
C1259,Coumarin,XDH,P47989,1
C1260,Coumestrol,ALPI,P09923,1
C1260,Coumestrol,CDC37,Q16543,1
C1260,Coumestrol,ESR2,Q92731,1
C1260,Coumestrol,FLT3,P36888,1
C1260,Coumestrol,NR1I2,O75469,1
C1261,Cpg,AHR,P35869,1
C1261,Cpg,APOE,P02649,1
C1261,Cpg,BCL2,P10415,1
C1261,Cpg,BDNF,P23560,1
C1261,Cpg,CA1,P00915,1
C1261,Cpg,CAT,P04040,1
C1261,Cpg,CXCL14,O95715,1
C1261,Cpg,CXCR1,P25024,1
C1261,Cpg,CXCR4,P61073,1
C1261,Cpg,DNMT3B,Q9UBC3,1
C1261,Cpg,ERBB2,P04626,1
C1261,Cpg,ESR1,P03372,1
C1261,Cpg,FOXP3,Q9BZS1,1
C1261,Cpg,HLA-G,P17693,1
C1261,Cpg,HMGB1,P09429,1
C1261,Cpg,IL2RA,P01589,1
C1261,Cpg,MBD2,Q9UBB5,1
C1261,Cpg,MIR125B1,nan,1
C1261,Cpg,MIR663A,nan,1
C1261,Cpg,MIRLET7B,nan,1
C1261,Cpg,OSR2,Q8N2R0,1
C1261,Cpg,OXTR,P30559,1
C1261,Cpg,REG1A,P05451,1
C1261,Cpg,SALL3,Q9BXA9,1
C1261,Cpg,SLC1A2,P43004,1
C1261,Cpg,SNCA,P37840,1
C1261,Cpg,SOCS3,O14543,1
C1261,Cpg,TLR3,O15455,1
C1261,Cpg,TLR9,Q9NR96,32
C1261,Cpg,TNFRSF13B,O14836,1
C1261,Cpg,TNFRSF4,P43489,1
C1261,Cpg,TRPC6,Q9Y210,1
C1261,Cpg,TTR,P02766,1
C1262,Crotonaldehyde,CSF2,P04141,1
C1262,Crotonaldehyde,IFNG,P01579,1
C1262,Crotonaldehyde,IL10,P22301,1
C1262,Crotonaldehyde,IL2,P60568,1
C1262,Crotonaldehyde,TNF,P01375,1
C1262,Crotonaldehyde,TRPA1,O75762,1
C1263,Cryptotanshinone,ACHE,P22303,1
C1263,Cryptotanshinone,BID,P55957,1
C1263,Cryptotanshinone,MCL1,Q07820,1
C1263,Cryptotanshinone,PARP1,P09874,1
C1263,Cryptotanshinone,PIGK,Q92643,1
C1263,Cryptotanshinone,STAT3,P40763,3
C1264,CucurbitacinB,HIF1A,Q16665,1
C1265,Curcumin,ABCB1,P08183,3
C1265,Curcumin,ABCC5,O15440,1
C1265,Curcumin,ACHE,P22303,1
C1265,Curcumin,ADA,P00813,2
C1265,Curcumin,ADIPOQ,Q15848,1
C1265,Curcumin,AGTR1,P30556,1
C1265,Curcumin,AKT1,P31749,5
C1265,Curcumin,ALB,P02768,1
C1265,Curcumin,APEX1,P27695,1
C1265,Curcumin,APP,P05067,1
C1265,Curcumin,AR,P10275,2
C1265,Curcumin,BAX,Q07812,2
C1265,Curcumin,BCL2,P10415,3
C1265,Curcumin,BDNF,P23560,3
C1265,Curcumin,BMI1,P35226,1
C1265,Curcumin,BSG,P35613,1
C1265,Curcumin,Bcl2l1,Q64373,2
C1265,Curcumin,CAMP,P49913,1
C1265,Curcumin,CASP1,P29466,1
C1265,Curcumin,CASP3,P42574,4
C1265,Curcumin,CBR1,P16152,2
C1265,Curcumin,CCL2,P13500,1
C1265,Curcumin,CCN2,P29279,4
C1265,Curcumin,CCND1,P24385,5
C1265,Curcumin,CCNE1,P24864,1
C1265,Curcumin,CD19,P15391,1
C1265,Curcumin,CD34,P28906,1
C1265,Curcumin,CDH1,P12830,1
C1265,Curcumin,CDKN2A,Q8N726;P42771,1
C1265,Curcumin,CFLAR,O15519,1
C1265,Curcumin,CISD2,Q8N5K1,1
C1265,Curcumin,CRTC1,Q6UUV9,2
C1265,Curcumin,CTNNB1,P35222,2
C1265,Curcumin,CXCL8,P10145,2
C1265,Curcumin,CYBB,P04839,1
C1265,Curcumin,DDIT3,P35638;P0DPQ6,1
C1265,Curcumin,DLC1,Q96QB1,1
C1265,Curcumin,DNMT1,P26358,2
C1265,Curcumin,EP300,Q09472,1
C1265,Curcumin,FAS,P25445,1
C1265,Curcumin,FEN1,P39748,1
C1265,Curcumin,FOLR2,P14207,1
C1265,Curcumin,FOXO1,Q12778,1
C1265,Curcumin,FOXO3,O43524,1
C1265,Curcumin,FSCN1,Q16658,1
C1265,Curcumin,GAST,P01350,1
C1265,Curcumin,GLI1,P08151,1
C1265,Curcumin,GLO1,Q04760,2
C1265,Curcumin,GSK3B,P49841,2
C1265,Curcumin,GSTM5,P46439,1
C1265,Curcumin,HIF1A,Q16665,1
C1265,Curcumin,HMGB1,P09429,2
C1265,Curcumin,HMOX1,P09601,2
C1265,Curcumin,HPGDS,O60760,1
C1265,Curcumin,HSD11B1,P28845,2
C1265,Curcumin,HSP90AA1,P07900,1
C1265,Curcumin,HSP90B1,P14625,1
C1265,Curcumin,HSPA4,P34932,2
C1265,Curcumin,ICAM1,P05362,1
C1265,Curcumin,ID1,P41134,2
C1265,Curcumin,IDO1,P14902,1
C1265,Curcumin,IFI27,P40305,1
C1265,Curcumin,IGF2,P01344,1
C1265,Curcumin,IL10,P22301,1
C1265,Curcumin,IL1B,P01584,1
C1265,Curcumin,IL6,P05231,2
C1265,Curcumin,IRS1,P35568,1
C1265,Curcumin,ITGAM,P11215,1
C1265,Curcumin,JAK2,O60674,1
C1265,Curcumin,JUN,P05412,5
C1265,Curcumin,KIF11,P52732,2
C1265,Curcumin,KLF15,Q9UIH9,1
C1265,Curcumin,LDLR,P01130,1
C1265,Curcumin,LEP,P41159,1
C1265,Curcumin,MAOB,P27338,1
C1265,Curcumin,MAPK1,P28482,3
C1265,Curcumin,MAPK14,Q16539,1
C1265,Curcumin,MAPK3,P27361,3
C1265,Curcumin,MAPK8,P45983,2
C1265,Curcumin,MIR130A,nan,1
C1265,Curcumin,MIR15A,nan,1
C1265,Curcumin,MIR206,nan,1
C1265,Curcumin,MIR29B1,nan,1
C1265,Curcumin,MIR7-1,nan,2
C1265,Curcumin,MIR7-2,nan,2
C1265,Curcumin,MIR7-3,nan,2
C1265,Curcumin,MIR7641-1,nan,1
C1265,Curcumin,MMP14,P50281,1
C1265,Curcumin,MMP2,P08253,1
C1265,Curcumin,MMP9,P14780,1
C1265,Curcumin,MPO,P05164,1
C1265,Curcumin,MTA1,Q13330,1
C1265,Curcumin,MTOR,P42345,3
C1265,Curcumin,NFE2L2,Q16236,4
C1265,Curcumin,NFKB1,P19838,12
C1265,Curcumin,NFKBIA,P25963,1
C1265,Curcumin,NLRP3,Q96P20,1
C1265,Curcumin,NOS1,P29475,1
C1265,Curcumin,NOS2,P35228,1
C1265,Curcumin,NOX5,Q96PH1,1
C1265,Curcumin,NQO1,P15559,2
C1265,Curcumin,NR1H3,Q13133,1
C1265,Curcumin,OLR1,P78380,1
C1265,Curcumin,P2RX3,P56373,1
C1265,Curcumin,PEG10,Q86TG7,1
C1265,Curcumin,PIAS3,Q9Y6X2,1
C1265,Curcumin,PIGK,Q92643,1
C1265,Curcumin,PLAGL1,Q9UM63,1
C1265,Curcumin,PMP22,Q01453,1
C1265,Curcumin,POLL,Q9UGP5,1
C1265,Curcumin,PPARG,P37231,3
C1265,Curcumin,PRRT2,Q7Z6L0,2
C1265,Curcumin,PSEN1,P49768,2
C1265,Curcumin,PTEN,P60484,1
C1265,Curcumin,PTGES,O14684,1
C1265,Curcumin,PTGS1,P23219,1
C1265,Curcumin,PTGS2,P35354,1
C1265,Curcumin,PTPN1,P18031,2
C1265,Curcumin,RARB,P10826,1
C1265,Curcumin,RASGRF1,Q13972,1
C1265,Curcumin,RECK,O95980,1
C1265,Curcumin,RELA,Q04206,1
C1265,Curcumin,RET,P07949,1
C1265,Curcumin,RUNX2,Q13950,1
C1265,Curcumin,SLC25A21,Q9BQT8,3
C1265,Curcumin,SLC2A1,P11166,1
C1265,Curcumin,SLCO1B1,Q9Y6L6,1
C1265,Curcumin,SNAI2,O43623,1
C1265,Curcumin,SOCS3,O14543,1
C1265,Curcumin,SOD2,P04179,1
C1265,Curcumin,SP1,P08047,1
C1265,Curcumin,SPP1,P10451,1
C1265,Curcumin,SREBF1,P36956,1
C1265,Curcumin,STAT3,P40763,3
C1265,Curcumin,SYN1,P17600,1
C1265,Curcumin,SYP,P08247,1
C1265,Curcumin,TACSTD2,P09758,3
C1265,Curcumin,TCF21,O43680,1
C1265,Curcumin,TF,P02787,1
C1265,Curcumin,TFEB,P19484,1
C1265,Curcumin,TGFB1,P01137,1
C1265,Curcumin,THBS4,P35443,2
C1265,Curcumin,TMPRSS11D,O60235,1
C1265,Curcumin,TNF,P01375,6
C1265,Curcumin,TNFSF13B,Q9Y275,1
C1265,Curcumin,TP53,P04637,5
C1265,Curcumin,TSC2,P49815,1
C1265,Curcumin,TTR,P02766,1
C1265,Curcumin,TXNRD1,Q16881,1
C1265,Curcumin,UGT1A,nan,1
C1265,Curcumin,VEGFA,P15692,2
C1265,Curcumin,VIM,P08670,1
C1265,Curcumin,VIP,P01282,1
C1265,Curcumin,YAP1,P46937,1
C1265,Curcumin,ZBTB7A,O95365,2
C1266,Cyanidin,ADAMTS5,Q9UNA0,1
C1266,Cyanidin,CASP3,P42574,1
C1266,Cyanidin,CASP9,P55211,1
C1266,Cyanidin,CXCL8,P10145,1
C1266,Cyanidin,IL6,P05231,1
C1266,Cyanidin,MAP2K1,Q02750,1
C1266,Cyanidin,MAP2K4,P45985,1
C1266,Cyanidin,MMP13,P45452,1
C1266,Cyanidin,NFKB1,P19838,1
C1266,Cyanidin,NOS2,P35228,1
C1266,Cyanidin,NR1H2,P55055,1
C1266,Cyanidin,PPARA,Q07869,1
C1266,Cyanidin,PTGS2,P35354,1
C1266,Cyanidin,RAF1,P04049,1
C1266,Cyanidin,SIRT3,Q9NTG7,2
C1266,Cyanidin,TNF,P01375,1
C1266,Cyanidin,UGT1A,nan,1
C1267,CyanidinChloride,AMY2A,P04746,1
C1267,CyanidinChloride,CXCL8,P10145,1
C1267,CyanidinChloride,NOS3,P29474,1
C1267,CyanidinChloride,PPARG,P37231,1
C1267,CyanidinChloride,PTGS2,P35354,1
C1267,CyanidinChloride,SOD1,P00441,1
C1267,CyanidinChloride,TNF,P01375,1
C1267,CyanidinChloride,TP53,P04637,1
C1267,CyanidinChloride,TXN,P10599,1
C1268,Cyasterone,EGFR,P00533,1
C1269,CyclicAdenosineMonophosphate,CD81,P60033,1
C1269,CyclicAdenosineMonophosphate,CDK5,Q00535,1
C1269,CyclicAdenosineMonophosphate,MET,P08581,1
C1269,CyclicAdenosineMonophosphate,NLRP3,Q96P20,1
C1269,CyclicAdenosineMonophosphate,PRKACA,P17612,1
C1269,CyclicAdenosineMonophosphate,SLC25A21,Q9BQT8,1
C1270,Cyclohexanone,TRPV1,Q8NER1,1
C1271,Cycloheximide,BAX,Q07812,1
C1271,Cycloheximide,BCL2,P10415,1
C1271,Cycloheximide,CCN1,O00622,1
C1271,Cycloheximide,CDC25C,P30307,1
C1271,Cycloheximide,CRTC1,Q6UUV9,1
C1271,Cycloheximide,EDN1,P05305,1
C1271,Cycloheximide,FOLH1,Q04609,1
C1271,Cycloheximide,HMOX1,P09601,1
C1271,Cycloheximide,JUN,P05412,1
C1271,Cycloheximide,MAPK8,P45983,1
C1271,Cycloheximide,TARDBP,Q13148,1
C1272,Cyclopamine,ABCG2,Q9UNQ0,1
C1272,Cyclopamine,CDH1,P12830,1
C1272,Cyclopamine,CDH2,P19022,1
C1272,Cyclopamine,DHCR7,Q9UBM7,1
C1272,Cyclopamine,EGR1,P18146,1
C1272,Cyclopamine,GLI1,P08151,2
C1272,Cyclopamine,IHH,Q14623,2
C1272,Cyclopamine,SHH,Q15465,15
C1272,Cyclopamine,SMO,Q99835,13
C1272,Cyclopamine,SNAI1,O95863,1
C1273,Cysteamine,BAX,Q07812,1
C1273,Cysteamine,TGM2,P21980,2
C1274,Cytidine5'-Phosphate,BECN1,Q14457,1
C1274,Cytidine5'-Phosphate,CAT,P04040,1
C1274,Cytidine5'-Phosphate,CD274,Q9NZQ7,1
C1274,Cytidine5'-Phosphate,OCLN,Q16625,1
C1274,Cytidine5'-Phosphate,PTGS2,P35354,1
C1274,Cytidine5'-Phosphate,ST8SIA2,Q92186,1
C1275,CytidineDiphosphate,CXCR4,P61073,1
C1276,Cytisine,CHRNA4,P43681,4
C1277,CytochalasinB,SLC2A1,P11166,5
C1278,Daidzein,ADH1C,P00326,1
C1278,Daidzein,ADH4,P08319,1
C1278,Daidzein,AHR,P35869,1
C1278,Daidzein,ALDH2,P05091,1
C1278,Daidzein,APOB,P04114,1
C1278,Daidzein,ARG1,P05089,1
C1278,Daidzein,ATP5F1B,P06576,1
C1278,Daidzein,BAP1,Q92560,1
C1278,Daidzein,BARD1,Q99728,1
C1278,Daidzein,BAX,Q07812,1
C1278,Daidzein,BDNF,P23560,1
C1278,Daidzein,CALM3;CALML2;CAM3;CAMC;CAMIII,P62158,1
C1278,Daidzein,CASP3,P42574,2
C1278,Daidzein,CAT,P04040,1
C1278,Daidzein,CAV1,Q03135,2
C1278,Daidzein,CDKN1A,P38936,1
C1278,Daidzein,CPT1A,P50416,1
C1278,Daidzein,CRYZ,Q08257,1
C1278,Daidzein,CYCS,P99999,1
C1278,Daidzein,CYP1A1,P04798,1
C1278,Daidzein,CYP21A2,P08686,1
C1278,Daidzein,CYP3A4,P08684,1
C1278,Daidzein,ECE1,P42892,1
C1278,Daidzein,EP300,Q09472,1
C1278,Daidzein,ESR1,P03372,5
C1278,Daidzein,ESR2,Q92731,5
C1278,Daidzein,FCER2,P06734,1
C1278,Daidzein,FOS,P01100,1
C1278,Daidzein,GAA,P10253,1
C1278,Daidzein,GABBR1,Q9UBS5,1
C1278,Daidzein,GADD45A,P24522,1
C1278,Daidzein,GHR,P10912,1
C1278,Daidzein,HSD3B1,P14060,2
C1278,Daidzein,HSD3B2,P26439,1
C1278,Daidzein,ICAM1,P05362,1
C1278,Daidzein,IGF1R,P08069,1
C1278,Daidzein,IL4,P05112,1
C1278,Daidzein,IL6,P05231,1
C1278,Daidzein,JUN,P05412,2
C1278,Daidzein,LARS1,Q9P2J5,1
C1278,Daidzein,LDLR,P01130,1
C1278,Daidzein,MKI67,P46013,1
C1278,Daidzein,MMP2,P08253,1
C1278,Daidzein,MMP9,P14780,1
C1278,Daidzein,MT-ND6,P03923,1
C1278,Daidzein,MT2A,P02795,1
C1278,Daidzein,MTTP,P55157,1
C1278,Daidzein,NOS2,P35228,2
C1278,Daidzein,NOS3,P29474,1
C1278,Daidzein,NR1I2,O75469,1
C1278,Daidzein,PRKCD,Q05655,1
C1278,Daidzein,PTGS2,P35354,1
C1278,Daidzein,PTK2B,Q14289,1
C1278,Daidzein,RAD51,Q06609,1
C1278,Daidzein,RELA,Q04206,1
C1278,Daidzein,RHOA,P61586,1
C1278,Daidzein,SLC16A2,P36021,1
C1278,Daidzein,SLC52A1,Q9NWF4,1
C1278,Daidzein,SOD2,P04179,1
C1278,Daidzein,STAT1,P42224,1
C1278,Daidzein,TFF1,P04155,2
C1278,Daidzein,TNF,P01375,1
C1278,Daidzein,TP53,P04637,1
C1278,Daidzein,VCAM1,P19320,1
C1278,Daidzein,VEGFA,P15692,1
C1279,Daidzin,ACHE,P22303,1
C1279,Daidzin,ALDH2,P05091,2
C1279,Daidzin,ESR1,P03372,1
C1279,Daidzin,MAOA,P21397,1
C1280,Dalfampridine,KCNA5,P22460,1
C1281,Daminozide,KDM2A,Q9Y2K7,1
C1282,Damnacanthal,LCK,P06239,1
C1282,Damnacanthal,MET,P08581,1
C1283,Danthron,RXRA,P19793,2
C1284,Daphnetin,DNMT3A,Q9Y6K1,1
