gene_symbol,disease_id,score
AAGAB,C0022596,0.45
AAGAB,C1835662,0.85
AAGAB,C3554145,0.5
AAGAB,C4551675,0.65
AANAT,C0005587,0.5
AANAT,C0011570,0.65
AANAT,C0011581,0.65
AANAT,C1858496,0.5
AANAT,C3279991,0.4
ABAT,C0002395,0.65
ABAT,C0004352,0.6
ABAT,C0017168,0.5
ABAT,C0020179,0.7
ABAT,C0023380,0.45
ABAT,C0026827,0.65
ABAT,C0033922,0.4
ABAT,C0034933,0.4
ABAT,C0342708,0.9
ABAT,C0393706,0.4
ABCA1,C0002395,0.85
ABCA1,C0004153,1.0
ABCA1,C0009402,0.6
ABCA1,C0009404,0.5
ABCA1,C0010054,0.85
ABCA1,C0010068,0.75
ABCA1,C0011860,0.9
ABCA1,C0020443,0.95
ABCA1,C0020445,0.65
ABCA1,C0020623,0.45
ABCA1,C0022661,0.55
ABCA1,C0023487,0.4
ABCA1,C0028754,0.8
ABCA1,C0031117,0.65
ABCA1,C0036341,0.6
ABCA1,C0039292,1.0
ABCA1,C0151691,0.75
ABCA1,C0151744,0.65
ABCA1,C0264694,0.45
ABCA1,C0271183,0.4
ABCA1,C0342898,0.85
ABCA1,C0473527,0.8
ABCA1,C0678222,0.7
ABCA1,C0745103,0.6
ABCA1,C1335029,0.4
ABCA1,C1704429,0.75
ABCA1,C1843386,0.4
ABCA1,C2931838,0.75
ABCA1,C4024448,0.4
ABCA1,C4229399,0.4
ABCA1,C5231558,0.65
ABCA2,C1510586,0.4
ABCA2,C5394135,0.55
ABCA2,C5680181,0.4
ABCA3,C0006142,0.6
ABCA3,C0009404,0.4
ABCA3,C0013990,0.65
ABCA3,C0020542,0.6
ABCA3,C0024115,0.85
ABCA3,C0034050,0.45
ABCA3,C0034069,0.7
ABCA3,C0376358,0.4
ABCA3,C1145670,0.8
ABCA3,C1968602,0.45
ABCA3,C1970456,0.8
ABCA3,C2678480,0.4
ABCA3,C2697932,0.4
ABCA3,C3711368,0.75
ABCA3,C4082171,0.4
ABCA3,C4721507,0.4
ABCA3,C5441745,0.45
ABCA3,C5561926,0.4
ABCA3,C5680383,0.4
ABCB1,C0001175,0.7
ABCB1,C0002103,0.4
ABCB1,C0003431,0.45
ABCB1,C0003873,0.75
ABCB1,C0003977,0.4
ABCB1,C0004936,0.65
ABCB1,C0004943,0.65
ABCB1,C0006868,0.4
ABCB1,C0006870,0.65
ABCB1,C0007097,0.85
ABCB1,C0007131,1.0
ABCB1,C0007134,0.8
ABCB1,C0009324,0.8
ABCB1,C0009402,0.85
ABCB1,C0009404,0.7
ABCB1,C0010403,0.45
ABCB1,C0011570,0.85
ABCB1,C0011581,0.85
ABCB1,C0011860,0.8
ABCB1,C0013369,0.4
ABCB1,C0014544,1.0
ABCB1,C0014836,0.4
ABCB1,C0014859,0.7
ABCB1,C0018798,0.65
ABCB1,C0018799,0.6
ABCB1,C0019337,0.5
ABCB1,C0019693,0.9
ABCB1,C0020473,0.65
ABCB1,C0020476,0.5
ABCB1,C0020651,0.6
ABCB1,C0022658,0.7
ABCB1,C0022665,0.75
ABCB1,C0023449,0.95
ABCB1,C0024530,0.8
ABCB1,C0024809,0.5
ABCB1,C0027497,0.6
ABCB1,C0027543,0.6
ABCB1,C0027765,0.65
ABCB1,C0027819,0.75
ABCB1,C0027947,0.75
ABCB1,C0029445,0.6
ABCB1,C0029792,0.4
ABCB1,C0030193,0.75
ABCB1,C0030201,0.8
ABCB1,C0030567,0.85
ABCB1,C0030569,0.4
ABCB1,C0031069,0.65
ABCB1,C0031117,0.6
ABCB1,C0033141,0.4
ABCB1,C0033975,0.7
ABCB1,C0035126,0.4
ABCB1,C0036341,0.85
ABCB1,C0036529,0.4
ABCB1,C0038220,0.65
ABCB1,C0040715,0.4
ABCB1,C0041327,0.7
ABCB1,C0041696,0.7
ABCB1,C0042963,0.7
ABCB1,C0079744,0.7
ABCB1,C0156147,0.45
ABCB1,C0158442,0.4
ABCB1,C0158449,0.4
ABCB1,C0158450,0.4
ABCB1,C0158451,0.4
ABCB1,C0206686,0.6
ABCB1,C0235032,0.95
ABCB1,C0270850,0.5
ABCB1,C0279543,0.9
ABCB1,C0375359,0.45
ABCB1,C0376545,0.75
ABCB1,C0524662,0.7
ABCB1,C0553707,0.4
ABCB1,C0677776,0.4
ABCB1,C0745048,0.4
ABCB1,C0878544,0.75
ABCB1,C1168401,0.7
ABCB1,C1269683,0.8
ABCB1,C1319315,0.75
ABCB1,C1335029,0.4
ABCB1,C1335469,0.5
ABCB1,C1368683,0.4
ABCB1,C1458155,0.9
ABCB1,C1510586,0.6
ABCB1,C1527349,0.6
ABCB1,C1861502,0.4
ABCB1,C2239176,1.0
ABCB1,C2677101,0.55
ABCB1,C4277682,0.45
ABCB11,C0001733,0.4
ABCB11,C0008370,0.9
ABCB11,C0008372,1.0
ABCB11,C0009404,0.4
ABCB11,C0023890,0.8
ABCB11,C0033774,0.75
ABCB11,C0268312,0.75
ABCB11,C0268318,0.8
ABCB11,C1865643,0.6
ABCB11,C2608083,1.0
ABCB11,C2931067,0.5
ABCB11,C3489789,1.0
ABCB11,C3554241,0.4
ABCB11,C4021883,0.4
ABCB11,C4551898,0.75
ABCB11,C4551899,0.6
ABCB4,C0008311,0.7
ABCB4,C0008312,0.85
ABCB4,C0008313,0.75
ABCB4,C0008370,0.95
ABCB4,C0008372,1.0
ABCB4,C0009404,0.5
ABCB4,C0021368,0.65
ABCB4,C0022354,0.4
ABCB4,C0023890,0.9
ABCB4,C0023892,0.5
ABCB4,C0023895,0.75
ABCB4,C0036341,0.4
ABCB4,C0268312,0.75
ABCB4,C0268318,0.8
ABCB4,C0400966,0.5
ABCB4,C0745744,0.65
ABCB4,C1855465,0.4
ABCB4,C1865643,1.0
ABCB4,C2239176,0.95
ABCB4,C2609268,1.0
ABCB4,C3241937,0.5
ABCB4,C3489728,0.4
ABCB4,C3554241,0.6
ABCB4,C4551898,0.8
ABCB4,C4551899,0.4
ABCB5,C0009402,0.65
ABCB5,C0009404,0.4
ABCB5,C0025202,0.75
ABCB5,C1335302,0.4
ABCB6,C0006142,0.4
ABCB6,C0009404,0.4
ABCB6,C0032460,0.4
ABCB6,C0040136,0.4
ABCB6,C0155299,0.4
ABCB6,C0266551,0.4
ABCB6,C0344516,0.4
ABCB6,C0521573,0.4
ABCB6,C1836705,0.5
ABCB6,C1852767,0.4
ABCB6,C2930995,0.8
ABCB6,C3281027,0.6
ABCB6,C3809394,0.6
ABCB6,C4255043,0.5
ABCB6,C4273970,0.6
ABCB6,C4708599,0.4
ABCC1,C0009404,0.4
ABCC1,C0018799,0.4
ABCC1,C0020538,0.4
ABCC1,C0024117,0.65
ABCC1,C0031117,0.6
ABCC1,C0346153,0.4
ABCC1,C1168401,0.4
ABCC1,C1335029,0.4
ABCC1,C1458155,0.6
ABCC1,C4277682,0.4
ABCC1,C5394499,0.6
ABCC1,C5779548,0.45
ABCC2,C0002170,0.4
ABCC2,C0003873,0.6
ABCC2,C0007131,0.75
ABCC2,C0008312,0.7
ABCC2,C0008370,0.8
ABCC2,C0009404,0.4
ABCC2,C0012242,0.4
ABCC2,C0013182,0.4
ABCC2,C0013369,0.4
ABCC2,C0018799,0.4
ABCC2,C0020433,0.85
ABCC2,C0020435,0.6
ABCC2,C0022350,1.0
ABCC2,C0023449,0.75
ABCC2,C0023892,0.45
ABCC2,C0027765,0.4
ABCC2,C0033141,0.4
ABCC2,C0036529,0.4
ABCC2,C0038220,0.6
ABCC2,C0206698,0.7
ABCC2,C0279543,0.6
ABCC2,C0279626,0.6
ABCC2,C0280725,0.45
ABCC2,C0400966,0.65
ABCC2,C0524912,0.45
ABCC2,C0878544,0.5
ABCC2,C1168401,0.6
ABCC2,C1275116,0.4
ABCC2,C1335469,0.4
ABCC2,C3241937,0.65
ABCC2,C4277682,0.45
ABCC3,C0003873,0.5
ABCC3,C0008370,0.7
ABCC3,C0009404,0.4
ABCC3,C0019209,0.4
ABCC3,C1510586,0.4
ABCC4,C0003873,0.5
ABCC4,C0009404,0.4
ABCC4,C0014175,0.6
ABCC4,C0029227,0.4
ABCC4,C0033578,0.5
ABCC4,C0235604,0.4
ABCC4,C0236969,0.4
ABCC4,C0342257,0.4
ABCC4,C0376358,0.75
ABCC5,C0003873,0.5
ABCC5,C0009404,0.4
ABCF3,C0376358,0.4
ABCG1,C0009404,0.4
ABCG1,C0022661,0.45
ABCG1,C0043094,0.4
ABCG2,C0001430,0.65
ABCG2,C0003868,0.75
ABCG2,C0003873,0.6
ABCG2,C0007134,0.75
ABCG2,C0008312,0.65
ABCG2,C0009404,0.7
ABCG2,C0013369,0.4
ABCG2,C0018099,1.0
ABCG2,C0018801,0.5
ABCG2,C0018802,0.5
ABCG2,C0023492,0.4
ABCG2,C0023892,0.4
ABCG2,C0026764,0.7
ABCG2,C0027765,0.4
ABCG2,C0033141,0.4
ABCG2,C0036529,0.4
ABCG2,C0079731,0.55
ABCG2,C0079744,0.6
ABCG2,C0235032,0.7
ABCG2,C0279543,0.9
ABCG2,C0334389,0.4
ABCG2,C0677776,0.4
ABCG2,C0740394,0.95
ABCG2,C0878544,0.5
ABCG2,C1168401,0.6
ABCG2,C1458155,0.75
ABCG2,C1510586,0.4
ABCG2,C1841837,0.4
ABCG5,C0002881,0.4
ABCG5,C0003850,0.45
ABCG5,C0004153,0.75
ABCG5,C0010054,0.65
ABCG5,C0010068,0.6
ABCG5,C0017565,0.4
ABCG5,C0020443,1.0
ABCG5,C0023772,0.4
ABCG5,C0033578,0.4
ABCG5,C0040034,0.55
ABCG5,C0043325,0.55
ABCG5,C0151744,0.45
ABCG5,C0242339,0.6
ABCG5,C0264694,0.45
ABCG5,C0342907,1.0
ABCG5,C1458140,0.4
ABCG5,C1969115,0.4
ABCG5,C2749759,0.4
ABCG5,C4023141,0.4
ABCG5,C4023153,0.4
ABCG5,C4023154,0.4
ABCG5,C4023155,0.4
ABCG5,C4024703,0.4
ABCG5,C4024727,0.4
ABCG5,C4025650,0.4
ABCG5,C4310724,0.4
ABCG5,C4310741,0.4
ABCG5,C4551856,0.4
ABCG5,C5231453,0.6
ABCG8,C0002881,0.4
ABCG8,C0003850,0.45
ABCG8,C0008350,1.0
ABCG8,C0010054,0.85
ABCG8,C0010068,0.5
ABCG8,C0020473,0.7
ABCG8,C0020476,0.45
ABCG8,C0028754,0.65
ABCG8,C0040034,0.45
ABCG8,C0151744,0.45
ABCG8,C0264694,0.45
ABCG8,C0342907,1.0
ABCG8,C0947622,0.75
ABCG8,C1458140,0.45
ABCG8,C1867743,0.45
ABCG8,C1969115,0.45
ABCG8,C2749759,0.5
ABCG8,C4025650,0.4
ABCG8,C4229399,0.4
ABL1,C0001418,0.4
ABL1,C0008073,0.4
ABL1,C0009404,0.4
ABL1,C0014859,0.5
ABL1,C0015544,0.6
ABL1,C0018798,0.65
ABL1,C0023449,0.85
ABL1,C0023467,1.0
ABL1,C0023903,0.55
ABL1,C0025202,0.85
ABL1,C0151491,0.4
ABL1,C0152021,0.5
ABL1,C0220641,0.4
ABL1,C0279543,1.0
ABL1,C0279628,0.6
ABL1,C0345958,0.4
ABL1,C0346629,0.6
ABL1,C0585362,0.6
ABL1,C0596263,0.75
ABL1,C0862030,0.4
ABL1,C1335469,0.4
ABL1,C1458155,0.65
ABL1,C1961099,0.75
ABL1,C2315100,0.45
ABL1,C4016396,0.4
ABL1,C4023165,0.4
ABL1,C4539857,0.75
ABL1,C4551563,0.5
ABL1,C5680319,0.4
ABL1,C5681261,0.4
ABL1,C5816735,0.4
ACACA,C0009402,0.6
ACACA,C0018801,0.4
ACACA,C0018802,0.4
ACACA,C0268603,0.65
ACACA,C0677776,0.4
ACACA,C2239176,0.75
ACADM,C0006142,0.65
ACADM,C0028754,0.4
ACADM,C0043094,0.4
ACADM,C0085605,0.4
ACADM,C0220710,1.0
ACADM,C0520459,0.4
ACADM,C1527366,0.4
ACADM,C3554691,0.4
ACAN,C0003873,0.75
ACAN,C0025281,0.4
ACAN,C0029421,0.65
ACAN,C0032273,0.4
ACAN,C0038015,0.65
ACAN,C0238288,0.4
ACAN,C0349588,0.8
ACAN,C1842149,0.85
ACAN,C2748544,0.6
ACAN,C3665488,0.7
ACAN,C4540541,0.4
ACAN,C4540542,0.4
ACAN,C5681177,0.45
ACAT1,C0007001,0.45
ACAT1,C0022661,0.45
ACAT1,C0149670,0.45
ACAT1,C1533628,0.45
ACAT1,C1536500,0.9
ACE,C0001418,0.65
ACE,C0001925,0.9
ACE,C0001973,0.65
ACE,C0002395,1.0
ACE,C0002871,0.7
ACE,C0002986,0.55
ACE,C0003811,0.8
ACE,C0004096,0.75
ACE,C0004238,0.95
ACE,C0004352,0.5
ACE,C0004943,0.75
ACE,C0005138,0.6
ACE,C0005586,0.6
ACE,C0006142,0.8
ACE,C0007222,0.95
ACE,C0007785,0.8
ACE,C0007786,0.5
ACE,C0010054,0.95
ACE,C0010068,1.0
ACE,C0010200,0.8
ACE,C0011581,0.75
ACE,C0011854,1.0
ACE,C0011860,1.0
ACE,C0011881,1.0
ACE,C0011884,0.9
ACE,C0013182,0.5
ACE,C0017205,0.8
ACE,C0017661,0.75
ACE,C0017924,0.6
ACE,C0018801,1.0
ACE,C0018802,0.9
ACE,C0019159,0.55
ACE,C0020517,0.55
ACE,C0020538,1.0
ACE,C0020542,0.75
ACE,C0020649,0.9
ACE,C0021364,0.65
ACE,C0022658,0.95
ACE,C0022661,1.0
ACE,C0023418,0.6
ACE,C0023890,0.9
ACE,C0024115,0.65
ACE,C0024117,0.75
ACE,C0024121,0.5
ACE,C0024623,0.75
ACE,C0025303,0.6
ACE,C0026265,0.7
ACE,C0026267,0.6
ACE,C0026764,0.65
ACE,C0027051,1.0
ACE,C0027697,0.65
ACE,C0031069,0.65
ACE,C0032285,0.75
ACE,C0032290,0.55
ACE,C0032310,0.5
ACE,C0032461,0.5
ACE,C0032914,0.8
ACE,C0033578,0.55
ACE,C0033687,0.85
ACE,C0034069,0.8
ACE,C0034152,0.7
ACE,C0035078,0.75
ACE,C0035222,0.75
ACE,C0036202,1.0
ACE,C0036341,0.8
ACE,C0038013,0.65
ACE,C0038356,0.6
ACE,C0038454,0.9
ACE,C0038522,0.65
ACE,C0041696,0.7
ACE,C0043094,0.65
ACE,C0079485,0.45
ACE,C0086132,0.6
ACE,C0149721,1.0
ACE,C0151744,0.95
ACE,C0153421,0.45
ACE,C0178324,0.7
ACE,C0221765,0.6
ACE,C0264694,0.5
ACE,C0264765,0.55
ACE,C0266313,0.8
ACE,C0273115,0.75
ACE,C0344315,0.7
ACE,C0400966,0.6
ACE,C0455503,0.5
ACE,C0520679,0.85
ACE,C0730379,0.6
ACE,C0948008,0.75
ACE,C0948480,0.6
ACE,C1135196,0.65
ACE,C1175175,0.75
ACE,C1262477,0.75
ACE,C1269683,0.7
ACE,C1968949,0.6
ACE,C2239176,0.95
ACE,C2937358,0.75
ACE,C3241937,0.65
ACE,C3281105,0.6
ACE,C5203670,0.95
ACE,C5681536,0.45
ACE2,C0000786,0.4
ACE2,C0003469,0.65
ACE2,C0011881,0.9
ACE2,C0011884,0.8
ACE2,C0017668,0.6
ACE2,C0018801,0.9
ACE2,C0018802,0.8
ACE2,C0020538,1.0
ACE2,C0020542,0.9
ACE2,C0021368,0.75
ACE2,C0024534,0.55
ACE2,C0033141,0.4
ACE2,C0034069,0.8
ACE2,C0035222,0.75
ACE2,C0035235,0.65
ACE2,C0036529,0.4
ACE2,C0162871,0.65
ACE2,C0242488,0.9
ACE2,C0273115,0.85
ACE2,C0553980,0.4
ACE2,C0878544,0.65
ACE2,C1175175,1.0
ACE2,C1262477,0.5
ACE2,C5203670,1.0
ACHE,C0002395,1.0
ACHE,C0002726,0.65
ACHE,C0002871,0.4
ACHE,C0005684,0.5
ACHE,C0005695,0.4
ACHE,C0006870,0.55
ACHE,C0007134,0.5
ACHE,C0009404,0.4
ACHE,C0014544,0.65
ACHE,C0018273,0.4
ACHE,C0019337,0.45
ACHE,C0023186,0.4
ACHE,C0025261,0.65
ACHE,C0026650,0.5
ACHE,C0026850,0.55
ACHE,C0026896,0.8
ACHE,C0027765,0.75
ACHE,C0028754,0.75
ACHE,C0029792,0.45
ACHE,C0033578,0.4
ACHE,C0036341,0.65
ACHE,C0040822,0.55
ACHE,C0086468,0.4
ACHE,C0154333,0.4
ACHE,C0154536,0.4
ACHE,C0700359,0.6
ACHE,C0751265,0.4
ACHE,C1260409,0.45
ACHE,C1458155,0.5
ACHE,C1510586,0.65
ACLY,C0018801,0.6
ACLY,C0018802,0.6
ACLY,C0028754,0.65
ACLY,C2239176,0.75
ACOX1,C0151786,0.4
ACOX1,C1849678,1.0
ACOX1,C2239176,0.75
ACOX1,C5394554,0.9
ACP1,C0010054,0.65
ACP1,C0010068,0.55
ACP1,C0011849,0.7
ACP1,C0011854,0.8
ACP1,C0011860,0.8
ACP1,C0011884,0.65
ACP1,C0028754,0.8
ACP1,C0036341,0.6
ACP1,C0041671,0.45
ACP1,C0041696,0.5
ACP1,C0149654,0.45
ACP1,C0151744,0.45
ACP1,C0264694,0.45
ACP1,C1269683,0.5
ACP5,C0020503,0.7
ACP5,C0028754,0.75
ACP5,C0432222,0.75
ACP5,C1842763,0.7
ACP5,C4759767,0.45
ACSL1,C0007097,0.4
ACSL1,C0028754,0.7
ACSL1,C0553707,0.4
ACSL1,C1368683,0.4
ACSL1,C4277682,0.4
ACSL4,C0009402,0.6
ACSL4,C0011570,0.6
ACSL4,C0025362,0.7
ACSL4,C0033578,0.4
ACSL4,C0041834,0.5
ACSL4,C0152013,0.5
ACSL4,C0557874,0.5
ACSL4,C0948008,0.55
ACSL4,C1335060,0.4
ACSL4,C1510586,0.55
ACSL4,C1845672,0.7
ACSL4,C1846242,0.55
ACSL4,C2239176,0.75
ACSL4,C3501611,0.7
ACSL4,C3714756,0.75
ACTA2,C0005398,0.4
ACTA2,C0009375,0.4
ACTA2,C0009782,0.6
ACTA2,C0014175,0.5
ACTA2,C0015934,0.4
ACTA2,C0016059,0.85
ACTA2,C0017668,0.4
ACTA2,C0019189,0.4
ACTA2,C0022116,0.4
ACTA2,C0022658,0.4
ACTA2,C0023890,0.5
ACTA2,C0023895,0.5
ACTA2,C0026654,0.8
ACTA2,C0027051,0.55
ACTA2,C0027719,0.4
ACTA2,C0029866,0.4
ACTA2,C0034069,0.65
ACTA2,C0036421,0.6
ACTA2,C0162872,1.0
ACTA2,C0856750,0.4
ACTA2,C1328840,0.4
ACTA2,C1458155,0.4
ACTA2,C1619692,0.4
ACTA2,C1846837,0.4
ACTA2,C1876165,0.4
ACTA2,C2673186,0.45
ACTA2,C3151201,0.95
ACTA2,C3279191,0.4
ACTA2,C3279690,0.5
ACTA2,C4022878,0.45
ACTA2,C4707243,0.5
ACVR1,C0004114,0.6
ACVR1,C0016037,1.0
ACVR1,C0017606,0.5
ACVR1,C0017638,0.75
ACVR1,C0025202,0.6
ACVR1,C0027122,0.5
ACVR1,C0152021,0.55
ACVR1,C0206368,0.5
ACVR1,C0242488,0.55
ACVR1,C0339573,0.45
ACVR1,C0555198,0.65
ACVR1,C0678230,0.4
ACVR1,C0750935,0.4
ACVR1,C1458155,0.4
ADA,C0004096,0.7
ADA,C0004352,0.6
ADA,C0007102,0.65
ADA,C0020452,0.4
ADA,C0024121,0.4
ADA,C0037928,0.4
ADA,C0041326,0.75
ADA,C0042133,0.55
ADA,C0085110,1.0
ADA,C0152531,0.45
ADA,C0268124,0.85
ADA,C0392607,0.75
ADA,C1510586,0.5
ADA,C1832322,0.4
ADA,C1863236,0.5
ADA,C1863239,0.6
ADA,C2700553,0.6
ADAM10,C0002395,1.0
ADAM10,C0016059,0.4
ADAM10,C0017661,0.4
ADAM10,C0033054,0.4
ADAM10,C0035078,0.4
ADAM10,C0406811,0.8
ADAM10,C1321872,0.4
ADAM10,C1458155,0.4
ADAM10,C3714534,0.4
ADAM10,C3810041,0.6
ADAM10,C5575119,0.4
ADAM17,C0002395,0.9
ADAM17,C0005758,0.4
ADAM17,C0009319,0.65
ADAM17,C0011860,0.8
ADAM17,C0021390,0.6
ADAM17,C0152021,0.55
ADAM17,C1834752,0.4
ADAM17,C3280501,0.5
ADAM17,C4751120,0.4
ADAM9,C0033578,0.5
ADAM9,C0035334,0.4
ADAM9,C0854723,0.4
ADAM9,C1423873,0.55
ADAM9,C4085590,0.75
ADAMTS5,C0019209,0.4
ADAMTS5,C0085215,0.4
ADAMTS5,C0157946,0.45
ADCY8,C0005586,0.65
ADCY8,C0009402,0.4
ADCY8,C0011570,0.5
ADCY8,C0011581,0.6
ADCY8,C0011871,0.4
ADCY8,C0011875,0.5
ADCY8,C0525045,0.8
ADCY8,C3887506,0.4
ADCYAP1,C0001973,0.6
ADCYAP1,C0005586,0.65
ADCYAP1,C0011570,0.75
ADCYAP1,C0011581,0.75
ADCYAP1,C0020452,0.4
ADCYAP1,C0026205,0.4
ADCYAP1,C0033141,0.4
ADCYAP1,C0036341,0.75
ADCYAP1,C0036529,0.4
ADCYAP1,C0235032,0.65
ADCYAP1,C0279626,0.4
ADCYAP1,C0878544,0.65
ADCYAP1,C0878773,0.4
ADCYAP1,C3887612,0.4
ADH1C,C0001969,0.65
ADH1C,C0001973,1.0
ADH1C,C0026640,0.4
ADH1C,C0030297,0.45
ADH1C,C0085762,0.65
ADH1C,C0153458,0.45
ADH1C,C0153459,0.45
ADH1C,C0153460,0.45
ADH1C,C0153463,0.45
ADH1C,C1838867,0.4
ADH1C,C3160718,0.5
ADH1C,C4274355,0.45
ADH4,C0001956,0.6
ADH4,C0001973,0.9
ADH4,C0085762,0.6
ADH4,C0400966,0.5
ADH4,C1510586,0.4
ADH4,C2239176,0.7
ADH4,C3241937,0.6
ADH5,C0001973,0.7
ADH5,C0004096,0.65
ADH5,C1510586,0.45
ADH5,C5436906,0.85
ADIPOQ,C0003873,0.75
ADIPOQ,C0004153,0.9
ADIPOQ,C0006142,0.8
ADIPOQ,C0007112,0.55
ADIPOQ,C0007134,0.65
ADIPOQ,C0007222,0.9
ADIPOQ,C0010054,0.8
ADIPOQ,C0010068,0.85
ADIPOQ,C0011849,0.85
ADIPOQ,C0011860,1.0
ADIPOQ,C0011881,0.8
ADIPOQ,C0011884,0.8
ADIPOQ,C0018801,0.9
ADIPOQ,C0018802,0.8
ADIPOQ,C0019337,0.5
ADIPOQ,C0020452,0.4
ADIPOQ,C0020456,0.85
ADIPOQ,C0020538,0.85
ADIPOQ,C0021368,0.95
ADIPOQ,C0021655,1.0
ADIPOQ,C0022661,0.9
ADIPOQ,C0027055,0.4
ADIPOQ,C0028754,1.0
ADIPOQ,C0033141,0.45
ADIPOQ,C0034063,0.4
ADIPOQ,C0034069,0.5
ADIPOQ,C0036529,0.45
ADIPOQ,C0043094,0.75
ADIPOQ,C0085207,0.9
ADIPOQ,C0151744,0.8
ADIPOQ,C0156147,0.45
ADIPOQ,C0264694,0.45
ADIPOQ,C0339573,0.55
ADIPOQ,C0400966,0.95
ADIPOQ,C0524620,1.0
ADIPOQ,C0878544,0.6
ADIPOQ,C0948480,0.4
ADIPOQ,C1262477,0.85
ADIPOQ,C2239176,0.65
ADIPOQ,C2675517,0.8
ADIPOQ,C2675519,0.75
ADIPOQ,C3241937,0.85
ADIPOQ,C4277682,0.4
ADIPOR1,C0006142,0.8
ADIPOR1,C0007112,0.45
ADIPOR1,C0021361,0.4
ADIPOR1,C0022661,0.65
ADIPOR1,C0024437,0.45
ADIPOR1,C0035334,0.65
ADIPOR1,C0854723,0.55
ADIPOR2,C0011860,0.9
ADIPOR2,C0021361,0.4
ADIPOR2,C0400966,0.7
ADIPOR2,C3241937,0.7
ADM,C0004352,0.6
ADM,C0005586,0.6
ADM,C0006142,0.8
ADM,C0017658,0.7
ADM,C0020429,0.45
ADM,C0020456,0.55
ADM,C0020542,0.7
ADM,C0021655,0.65
ADM,C0030193,0.6
ADM,C0030297,0.45
ADM,C0032460,0.7
ADM,C0036341,0.6
ADM,C0038358,0.4
ADM,C0153458,0.45
ADM,C0153459,0.45
ADM,C0153460,0.45
ADM,C0153463,0.45
ADM,C0243026,0.8
ADM,C0751955,0.55
ADORA1,C0004096,0.85
ADORA1,C0007370,0.4
ADORA1,C0007787,0.4
ADORA1,C0009402,0.6
ADORA1,C0013182,0.4
ADORA1,C0020649,0.4
ADORA1,C0022116,0.65
ADORA1,C0027051,0.4
ADORA1,C0027746,0.65
ADORA1,C0033054,0.4
ADORA1,C0036341,0.6
ADORA1,C0038525,0.4
ADORA1,C0242973,0.4
ADORA1,C0428977,0.55
ADORA1,C0740392,0.4
ADORA2A,C0003469,0.75
ADORA2A,C0003873,0.75
ADORA2A,C0004096,0.7
ADORA2A,C0011570,0.65
ADORA2A,C0013182,0.4
ADORA2A,C0020649,0.5
ADORA2A,C0021603,0.4
ADORA2A,C0026650,0.65
ADORA2A,C0030319,0.75
ADORA2A,C0033141,0.4
ADORA2A,C0035126,0.7
ADORA2A,C0036341,0.75
ADORA2A,C0036529,0.4
ADORA2A,C0040822,0.65
ADORA2A,C0154334,0.4
ADORA2A,C0154536,0.4
ADORA2A,C0242973,0.4
ADORA2A,C0243026,0.65
ADORA2A,C0525045,0.5
ADORA2A,C0878544,0.5
ADORA2A,C1262477,0.4
ADORA2A,C3887506,0.4
ADORA2A,C4707658,0.6
ADORA3,C0009402,0.65
ADORA3,C0022116,0.6
ADORA3,C0027051,0.4
ADRA1A,C0002395,0.8
ADRA1A,C0005586,0.6
ADRA1A,C0006142,0.65
ADRA1A,C0006870,0.5
ADRA1A,C0009171,0.5
ADRA1A,C0019337,0.65
ADRA1A,C0020538,0.8
ADRA1A,C0023890,0.4
ADRA1A,C0036341,0.7
ADRA1A,C0041696,0.6
ADRA1A,C0600427,0.5
ADRA1A,C0600519,0.4
ADRA1A,C1269683,0.6
ADRA1A,C2239176,0.65
ADRA1A,C3496069,0.5
ADRA1B,C0018800,0.4
ADRA1B,C0020649,0.55
ADRA1B,C0022658,0.4
ADRA1B,C0027746,0.65
ADRA1B,C0235032,0.55
ADRA1B,C0525045,0.5
ADRA1D,C1135196,0.4
ADRA2A,C0001973,0.7
ADRA2A,C0011570,0.8
ADRA2A,C0011581,0.75
ADRA2A,C0011860,0.8
ADRA2A,C0013146,0.4
ADRA2A,C0014544,0.4
ADRA2A,C0016059,0.55
ADRA2A,C0018799,0.4
ADRA2A,C0018800,0.4
ADRA2A,C0020538,0.85
ADRA2A,C0020649,0.65
ADRA2A,C0028043,0.55
ADRA2A,C0030319,0.5
ADRA2A,C0036341,0.75
ADRA2A,C0041671,0.55
ADRA2A,C0271694,0.4
ADRA2A,C0525045,0.6
ADRA2A,C1720859,0.4
ADRA2A,C1720860,0.4
ADRA2A,C1720861,0.4
ADRA2A,C5882744,0.45
ADRA2B,C0010520,0.4
ADRA2B,C0011860,0.65
ADRA2B,C0011882,0.45
ADRA2B,C0014544,0.5
ADRA2B,C0020538,0.65
ADRA2B,C0024115,0.4
ADRA2B,C0025362,0.45
ADRA2B,C0027051,0.7
ADRA2B,C0028754,0.65
ADRA2B,C1842852,0.4
ADRA2B,C2239176,0.5
ADRA2B,C4273988,0.6
ADRB1,C0005612,0.45
ADRB1,C0007193,0.8
ADRB1,C0007222,0.8
ADRB1,C0011570,0.65
ADRB1,C0011581,0.65
ADRB1,C0011849,0.5
ADRB1,C0018801,1.0
ADRB1,C0018802,0.95
ADRB1,C0020452,0.4
ADRB1,C0020538,1.0
ADRB1,C0024117,0.45
ADRB1,C0027055,0.45
ADRB1,C0027719,0.4
ADRB1,C0028754,0.85
ADRB1,C0031099,0.65
ADRB1,C0038356,0.4
ADRB1,C0151744,0.65
ADRB1,C0152136,0.55
ADRB1,C0242973,0.5
ADRB1,C0520679,0.65
ADRB1,C0525045,0.6
ADRB1,C0553980,0.4
ADRB1,C1821417,0.4
ADRB1,C3838076,0.4
ADRB1,C5231420,0.4
ADRB2,C0001849,0.4
ADRB2,C0004096,1.0
ADRB2,C0004352,0.6
ADRB2,C0005586,0.5
ADRB2,C0006271,0.55
ADRB2,C0007193,0.7
ADRB2,C0010674,0.75
ADRB2,C0011603,0.45
ADRB2,C0014055,0.4
ADRB2,C0015695,0.7
ADRB2,C0015696,0.45
ADRB2,C0016059,0.55
ADRB2,C0017612,0.6
ADRB2,C0018213,0.65
ADRB2,C0019693,0.5
ADRB2,C0020445,0.45
ADRB2,C0020473,0.6
ADRB2,C0020476,0.4
ADRB2,C0020538,0.8
ADRB2,C0021655,0.8
ADRB2,C0022660,0.7
ADRB2,C0022661,0.45
ADRB2,C0024115,0.6
ADRB2,C0024117,0.85
ADRB2,C0025517,0.65
ADRB2,C0026896,0.65
ADRB2,C0027051,0.8
ADRB2,C0027765,0.4
ADRB2,C0028754,0.95
ADRB2,C0029839,0.45
ADRB2,C0033141,0.4
ADRB2,C0033578,0.5
ADRB2,C0033860,0.65
ADRB2,C0034063,0.55
ADRB2,C0036529,0.4
ADRB2,C0038356,0.4
ADRB2,C0040822,0.5
ADRB2,C0151744,0.65
ADRB2,C0242698,0.4
ADRB2,C0282488,0.55
ADRB2,C0339573,0.6
ADRB2,C0600327,0.4
ADRB2,C0878544,0.65
ADRB2,C1260409,0.45
ADRB2,C1510586,0.6
ADRB2,C1514284,0.4
ADRB2,C1565662,0.45
ADRB2,C1862282,0.4
ADRB2,C2609414,0.55
ADRB3,C0002395,0.45
ADRB3,C0003868,0.45
ADRB3,C0003873,0.55
ADRB3,C0007103,0.65
ADRB3,C0007193,0.45
ADRB3,C0010054,0.75
ADRB3,C0010068,0.75
ADRB3,C0011860,0.9
ADRB3,C0011884,0.55
ADRB3,C0014170,0.45
ADRB3,C0018099,0.7
ADRB3,C0018801,0.8
ADRB3,C0018802,0.8
ADRB3,C0020473,0.65
ADRB3,C0020476,0.4
ADRB3,C0020538,0.75
ADRB3,C0028754,1.0
ADRB3,C0149721,0.4
ADRB3,C0151744,0.55
ADRB3,C0264694,0.45
ADRB3,C0400966,0.55
ADRB3,C1858591,0.45
ADRB3,C3241937,0.55
AFP,C0019196,0.85
AFP,C0023895,0.85
AFP,C0038356,0.7
AFP,C0085215,0.55
AFP,C1458155,0.65
AFP,C1863080,0.7
AFP,C1863081,0.45
AFP,C2239176,1.0
AFP,C4274336,0.4
AGER,C0002395,1.0
AGER,C0003873,1.0
AGER,C0004030,0.45
AGER,C0004096,0.95
AGER,C0004153,1.0
AGER,C0007222,0.9
AGER,C0010054,0.8
AGER,C0010068,0.85
AGER,C0010674,0.8
AGER,C0011854,0.95
AGER,C0011860,1.0
AGER,C0011871,0.55
AGER,C0011875,0.75
AGER,C0011884,1.0
AGER,C0020429,0.4
AGER,C0020456,0.85
AGER,C0020538,0.95
AGER,C0020564,0.55
AGER,C0021151,0.45
AGER,C0021368,1.0
AGER,C0022660,0.7
AGER,C0022661,0.8
AGER,C0023105,0.45
AGER,C0024141,0.85
AGER,C0024143,0.7
AGER,C0025202,0.75
AGER,C0026769,0.95
AGER,C0027051,0.9
AGER,C0027796,0.4
AGER,C0028756,0.6
AGER,C0029607,0.4
AGER,C0029771,0.4
AGER,C0033687,0.7
AGER,C0033823,0.45
AGER,C0033836,0.45
AGER,C0033860,0.7
AGER,C0036341,0.7
AGER,C0036343,0.45
AGER,C0151744,0.85
AGER,C0157946,0.4
AGER,C0162819,0.45
AGER,C0262593,0.55
AGER,C0264423,0.4
AGER,C0264694,0.5
AGER,C0677886,0.5
AGER,C0740392,0.45
AGER,C0752347,0.6
AGER,C1270972,0.75
AGER,C1443045,0.45
AGER,C1565662,0.45
AGER,C1847014,0.4
AGER,C2609414,0.7
AGRN,C0023467,0.4
AGRN,C0751882,0.8
AGRN,C0751883,0.4
AGRN,C0751884,0.45
AGRN,C1535926,0.5
AGRN,C3808739,0.65
AGRN,C4021745,0.4
AGRP,C0011860,0.8
AGRP,C0028754,1.0
AGRP,C0039870,0.55
AGRP,C4016782,0.4
AGT,C0001925,0.85
AGT,C0002063,0.4
AGT,C0002871,0.6
AGT,C0002940,0.75
AGT,C0002986,0.5
AGT,C0003460,0.45
AGT,C0003486,0.75
AGT,C0003811,0.85
AGT,C0004153,0.85
AGT,C0004238,0.9
AGT,C0005586,0.6
AGT,C0006142,0.8
AGT,C0007192,0.65
AGT,C0007194,0.8
AGT,C0007222,1.0
AGT,C0007273,0.5
AGT,C0007370,0.65
AGT,C0007820,0.65
AGT,C0008370,0.4
AGT,C0011570,0.75
AGT,C0011581,0.75
AGT,C0011881,1.0
AGT,C0011884,0.85
AGT,C0015934,0.8
AGT,C0016059,1.0
AGT,C0017658,0.85
AGT,C0017661,0.85
AGT,C0017668,0.7
AGT,C0018799,0.85
AGT,C0018800,0.45
AGT,C0018801,1.0
AGT,C0018802,0.9
AGT,C0019284,0.4
AGT,C0020295,0.6
AGT,C0020429,0.4
AGT,C0020452,0.4
AGT,C0020459,0.8
AGT,C0020517,0.55
AGT,C0020538,1.0
AGT,C0020540,0.75
AGT,C0020544,0.65
AGT,C0020564,0.85
AGT,C0020649,0.95
AGT,C0021368,0.95
AGT,C0021390,0.75
AGT,C0022658,0.85
AGT,C0023890,0.8
AGT,C0026267,0.6
AGT,C0027051,0.95
AGT,C0027055,0.4
AGT,C0027540,0.65
AGT,C0027720,0.55
AGT,C0028754,0.9
AGT,C0029227,0.4
AGT,C0029696,0.45
AGT,C0029944,0.5
AGT,C0030922,0.4
AGT,C0032285,0.6
AGT,C0032914,0.95
AGT,C0033141,0.5
AGT,C0033687,0.85
AGT,C0034063,0.6
AGT,C0034069,0.75
AGT,C0034152,0.65
AGT,C0035078,0.75
AGT,C0035344,0.6
AGT,C0036529,0.4
AGT,C0037052,0.55
AGT,C0040053,0.65
AGT,C0042373,0.85
AGT,C0085580,1.0
AGT,C0087086,0.65
AGT,C0149721,0.85
AGT,C0151744,0.75
AGT,C0162871,0.85
AGT,C0242698,0.7
AGT,C0243050,0.6
AGT,C0265010,0.4
AGT,C0266313,0.75
AGT,C0271650,0.6
AGT,C0340643,0.75
AGT,C0428977,0.65
AGT,C0456132,0.4
AGT,C0553980,0.4
AGT,C0598608,0.65
AGT,C0600519,0.65
AGT,C0730379,0.5
AGT,C0752127,0.4
AGT,C0752130,0.4
AGT,C0853897,0.65
AGT,C0876994,0.65
AGT,C0878544,0.85
AGT,C1305122,0.4
AGT,C1514284,0.4
AGT,C1963943,0.4
AGT,C2936380,0.4
AGT,C3850148,0.4
AGT,C4551563,0.45
AGT,C5203670,0.85
AGT,C5681536,0.45
AGTR1,C0000786,0.5
AGTR1,C0002395,0.8
AGTR1,C0006142,0.8
AGTR1,C0007273,0.45
AGTR1,C0007820,0.65
AGTR1,C0010054,0.8
AGTR1,C0010068,0.9
AGTR1,C0011884,0.65
AGTR1,C0013274,0.6
AGTR1,C0016059,0.8
AGTR1,C0016719,0.55
AGTR1,C0018800,0.45
AGTR1,C0018801,0.85
AGTR1,C0018802,0.75
AGTR1,C0019284,0.4
AGTR1,C0020538,1.0
AGTR1,C0020542,0.65
AGTR1,C0022658,0.75
AGTR1,C0022661,0.8
AGTR1,C0027051,0.9
AGTR1,C0032019,0.4
AGTR1,C0033687,0.8
AGTR1,C0036202,0.65
AGTR1,C0085580,0.85
AGTR1,C0151744,0.8
AGTR1,C0153461,0.4
AGTR1,C0162871,0.8
AGTR1,C0178324,0.65
AGTR1,C0206692,0.55
AGTR1,C0264694,0.45
AGTR1,C0266313,0.75
AGTR1,C0271650,0.65
AGTR1,C0730379,0.4
AGTR1,C0887833,0.4
AGTR1,C1176475,0.5
AGTR1,C3275898,0.4
AGTR1,C5203670,0.9
AGTR1,C5681536,0.45
AGTR2,C0017661,0.65
AGTR2,C0020538,0.9
AGTR2,C0020615,0.65
AGTR2,C0022661,0.55
AGTR2,C0025362,0.7
AGTR2,C0029513,0.4
AGTR2,C0038356,0.4
AGTR2,C0042580,0.7
AGTR2,C0149721,0.75
AGTR2,C0178324,0.65
AGTR2,C0206692,0.55
AGTR2,C0853897,0.65
AGTR2,C3501611,0.4
AHCY,C0002514,0.4
AHCY,C0019202,0.65
AHCY,C0035410,0.4
AHCY,C0152013,0.4
AHCY,C0162871,0.55
AHCY,C0242184,0.4
AHCY,C0268613,0.45
AHCY,C0268621,0.5
AHCY,C0400966,0.4
AHCY,C1335060,0.4
AHCY,C1847720,0.4
AHCY,C2673200,0.4
AHCY,C3151058,0.9
AHCY,C3241937,0.55
AHCY,C4048705,0.75
AHR,C0000786,0.4
AHR,C0000889,0.4
AHR,C0002940,0.4
AHR,C0003873,0.8
AHR,C0004153,0.75
AHR,C0004943,0.6
AHR,C0005612,0.4
AHR,C0005683,0.45
AHR,C0005940,0.4
AHR,C0005974,0.4
AHR,C0009319,0.75
AHR,C0011615,0.75
AHR,C0011616,0.4
AHR,C0013604,0.5
AHR,C0018273,0.4
AHR,C0018798,0.65
AHR,C0018800,0.6
AHR,C0019209,0.4
AHR,C0020538,0.65
AHR,C0020564,0.65
AHR,C0020578,0.4
AHR,C0020615,0.4
AHR,C0021361,0.4
AHR,C0021364,0.65
AHR,C0021368,0.75
AHR,C0021655,0.75
AHR,C0022593,0.4
AHR,C0023890,0.4
AHR,C0023895,0.65
AHR,C0023903,0.65
AHR,C0025517,0.65
AHR,C0027540,0.5
AHR,C0027626,0.4
AHR,C0027643,0.4
AHR,C0028043,0.4
AHR,C0028754,0.75
AHR,C0030297,0.7
AHR,C0032285,0.65
AHR,C0033578,0.65
AHR,C0033774,0.55
AHR,C0035334,0.6
AHR,C0037116,0.5
AHR,C0037997,0.4
AHR,C0038002,0.55
AHR,C0038356,0.65
AHR,C0039231,0.4
AHR,C0041955,0.4
AHR,C0042373,0.6
AHR,C0043094,0.65
AHR,C0149721,0.65
AHR,C0152013,0.75
AHR,C0153458,0.45
AHR,C0153459,0.45
AHR,C0153460,0.45
AHR,C0153463,0.45
AHR,C0162834,0.55
AHR,C0232910,0.6
AHR,C0236811,0.4
AHR,C0242339,0.55
AHR,C0271650,0.65
AHR,C0273115,0.65
AHR,C0333641,0.65
AHR,C0344688,0.55
AHR,C0376634,0.55
AHR,C0400966,0.8
AHR,C0559470,0.55
AHR,C0700501,0.6
AHR,C0752127,0.4
AHR,C0752130,0.4
AHR,C0854723,0.4
AHR,C0862030,0.4
AHR,C1262477,0.55
AHR,C1335060,0.4
AHR,C1458155,0.75
AHR,C1510586,0.6
AHR,C2973725,0.6
AHR,C3241937,0.7
AHR,C4277682,0.45
AHR,C5193041,0.5
AHSG,C0006663,0.85
AHSG,C0010054,0.75
AHSG,C0010068,0.75
AHSG,C0011860,1.0
AHSG,C0022660,0.6
AHSG,C0151744,0.75
AHSG,C0264694,0.45
AHSG,C1565662,0.4
AHSG,C1833683,0.5
AHSG,C1859878,0.6
AHSG,C2609414,0.7
AHSG,C2931280,0.6
AIFM1,C0004352,0.4
AIFM1,C0007959,0.7
AIFM1,C0011195,0.45
AIFM1,C0011854,0.4
AIFM1,C0016202,0.4
AIFM1,C0018784,0.65
AIFM1,C0020179,0.5
AIFM1,C0023520,0.4
AIFM1,C0027540,0.55
AIFM1,C0027888,0.55
AIFM1,C0035305,0.55
AIFM1,C0205713,0.45
AIFM1,C0266589,0.4
AIFM1,C0376358,0.6
AIFM1,C0427065,0.45
AIFM1,C0427144,0.45
AIFM1,C0795910,0.9
AIFM1,C1408174,0.45
AIFM1,C1408182,0.45
AIFM1,C1845095,0.8
AIFM1,C1846148,0.45
AIFM1,C1866141,0.4
AIFM1,C2732267,0.65
AIFM1,C2875300,0.45
AIFM1,C2931891,0.4
AIFM1,C3151753,0.7
AIFM1,C4277682,0.4
AIFM1,C4302745,0.5
AIFM1,C4304400,0.5
AIFM1,C4304743,0.5
AIFM1,C4540031,0.4
AKAP12,C0009402,0.7
AKAP12,C0022661,0.45
AKAP12,C0349639,0.5
AKAP12,C1458155,0.4
AKR1A1,C0001969,0.65
AKR1A1,C0001973,0.75
AKR1A1,C0036341,0.6
AKR1A1,C0085762,0.65
AKR1A1,C0520459,0.4
AKR1A1,C0596263,0.6
AKR1A1,C1510586,0.4
AKR1A1,C2239176,0.7
AKR1A1,C4277682,0.45
AKR1B1,C0003850,0.45
AKR1B1,C0011860,0.9
AKR1B1,C0011882,0.9
AKR1B1,C0011884,0.8
AKR1B1,C0014170,0.4
AKR1B1,C0014175,0.5
AKR1B1,C0029531,0.5
AKR1B1,C0035222,0.4
AKR1B1,C0342257,0.75
AKR1C1,C0007131,0.65
AKR1C1,C0014170,0.4
AKR1C1,C0014175,0.6
AKR1C1,C0027661,0.4
AKR1C1,C0032460,0.6
AKR1C1,C0036875,0.55
AKR1C1,C0157946,0.4
AKR1C3,C0001973,0.75
AKR1C3,C0014170,0.4
AKR1C3,C0014175,0.65
AKR1C3,C0023418,0.75
AKR1C3,C0023492,0.4
AKR1C3,C0027661,0.4
AKR1C3,C0028754,0.5
AKR1C3,C0032460,0.75
AKR1C3,C0033578,0.6
AKR1C3,C0036875,0.4
AKR1C3,C0038356,0.4
AKR1C3,C0376358,0.75
AKR1C3,C0862030,0.4
AKR1C3,C1510586,0.4
AKR1C3,C3658266,0.45
AKR1C3,C3658267,0.45
AKT1,C0001418,0.7
AKT1,C0005586,0.8
AKT1,C0005587,0.45
AKT1,C0005684,0.7
AKT1,C0005695,0.6
AKT1,C0006142,0.95
AKT1,C0006868,0.4
AKT1,C0007102,0.8
AKT1,C0007112,0.5
AKT1,C0007137,0.75
AKT1,C0009404,0.7
AKT1,C0011570,0.75
AKT1,C0011581,0.75
AKT1,C0011860,0.9
AKT1,C0014544,0.7
AKT1,C0015695,0.4
AKT1,C0015696,0.4
AKT1,C0016059,0.5
AKT1,C0018553,0.6
AKT1,C0018800,0.45
AKT1,C0019209,0.4
AKT1,C0020507,0.65
AKT1,C0020557,0.4
AKT1,C0021368,0.8
AKT1,C0023487,0.4
AKT1,C0024121,0.8
AKT1,C0024713,0.45
AKT1,C0024809,0.5
AKT1,C0025286,0.85
AKT1,C0026846,0.6
AKT1,C0028754,0.85
AKT1,C0030193,0.5
AKT1,C0030297,0.65
AKT1,C0030567,0.8
AKT1,C0032580,0.4
AKT1,C0033141,0.4
AKT1,C0033578,0.8
AKT1,C0036341,0.85
AKT1,C0036529,0.4
AKT1,C0037286,0.7
AKT1,C0041327,0.55
AKT1,C0079772,0.65
AKT1,C0085261,1.0
AKT1,C0152013,0.75
AKT1,C0152018,0.65
AKT1,C0153458,0.4
AKT1,C0153459,0.4
AKT1,C0153460,0.4
AKT1,C0153463,0.4
AKT1,C0154334,0.4
AKT1,C0154536,0.5
AKT1,C0236780,0.45
AKT1,C0279543,0.65
AKT1,C0346153,0.5
AKT1,C0346629,0.9
AKT1,C0376358,0.75
AKT1,C0400966,0.7
AKT1,C0428791,0.5
AKT1,C0525045,0.6
AKT1,C0596263,0.75
AKT1,C0699790,0.5
AKT1,C0751688,0.4
AKT1,C0858252,0.4
AKT1,C0878544,0.4
AKT1,C0919267,1.0
AKT1,C1140680,0.9
AKT1,C1168401,0.7
AKT1,C1266071,0.45
AKT1,C1299247,0.5
AKT1,C1334698,0.4
AKT1,C1458155,0.9
AKT1,C1527349,0.45
AKT1,C2239176,0.75
AKT1,C3241937,0.65
AKT1,C3554519,0.7
AKT2,C0001418,0.6
AKT2,C0005586,0.5
AKT2,C0007103,0.6
AKT2,C0007112,0.4
AKT2,C0011860,1.0
AKT2,C0014170,0.4
AKT2,C0020615,0.75
AKT2,C0033578,0.85
AKT2,C0271694,0.6
AKT2,C0376358,0.8
AKT2,C0600139,0.75
AKT2,C0677886,0.65
AKT2,C1458155,0.8
AKT2,C1720859,0.4
AKT2,C1720860,0.4
AKT2,C1720861,0.4
AKT2,C3278384,0.8
AKT2,C4751124,0.5
AKT2,C5680134,0.4
ALAD,C0002895,0.55
ALAD,C0007134,0.4
ALAD,C0018939,0.4
ALAD,C0020538,0.6
ALAD,C0022658,0.4
ALAD,C0023176,0.8
ALAD,C0023890,0.65
ALAD,C0023895,0.55
ALAD,C0025286,0.6
ALAD,C0033578,0.4
ALAD,C0035222,0.4
ALAD,C0162533,0.65
ALAD,C0162566,0.7
ALAD,C0268328,0.9
ALAD,C1334698,0.4
ALAD,C1510586,0.4
ALAD,C4016013,0.4
ALAS1,C0032708,0.45
ALB,C0001308,0.4
ALB,C0002994,0.4
ALB,C0003460,0.4
ALB,C0004509,0.4
ALB,C0005398,0.55
ALB,C0005830,0.45
ALB,C0006111,0.6
ALB,C0007222,0.8
ALB,C0007786,0.6
ALB,C0008312,0.6
ALB,C0009324,0.85
ALB,C0011570,0.8
ALB,C0011871,0.4
ALB,C0011875,0.5
ALB,C0011881,1.0
ALB,C0013502,0.4
ALB,C0014544,0.75
ALB,C0016059,0.85
ALB,C0017658,0.75
ALB,C0017662,0.5
ALB,C0017665,0.7
ALB,C0018799,0.7
ALB,C0018801,0.8
ALB,C0018802,0.75
ALB,C0019061,0.4
ALB,C0019189,0.7
ALB,C0019209,0.65
ALB,C0019693,0.85
ALB,C0019699,0.6
ALB,C0020517,0.75
ALB,C0020522,0.4
ALB,C0020538,0.95
ALB,C0020551,0.7
ALB,C0020649,0.8
ALB,C0022548,0.5
ALB,C0022658,0.95
ALB,C0022660,0.75
ALB,C0022661,0.85
ALB,C0023890,0.85
ALB,C0023892,0.5
ALB,C0025290,0.4
ALB,C0026848,0.5
ALB,C0027055,0.4
ALB,C0027697,0.75
ALB,C0027707,0.4
ALB,C0027720,0.75
ALB,C0027726,0.95
ALB,C0028797,0.4
ALB,C0029582,0.4
ALB,C0029771,0.4
ALB,C0029839,0.4
ALB,C0030193,0.6
ALB,C0030305,0.7
ALB,C0033687,0.9
ALB,C0033860,0.75
ALB,C0035222,0.75
ALB,C0035457,0.5
ALB,C0036830,0.55
ALB,C0037116,0.5
ALB,C0038325,0.4
ALB,C0038356,0.5
ALB,C0038454,0.85
ALB,C0040034,0.7
ALB,C0042164,0.65
ALB,C0085584,0.6
ALB,C0149519,0.4
ALB,C0152013,0.75
ALB,C0162557,0.7
ALB,C0206698,0.75
ALB,C0239981,0.9
ALB,C0270611,0.7
ALB,C0273115,0.75
ALB,C0280725,0.4
ALB,C0342185,0.85
ALB,C0345913,0.4
ALB,C0375359,0.4
ALB,C0740392,0.4
ALB,C0878666,0.75
ALB,C1306571,0.5
ALB,C1335060,0.4
ALB,C1565662,0.4
ALB,C1863119,0.6
ALB,C2239176,1.0
ALB,C2609414,0.85
ALB,C3658339,0.4
ALB,C4015776,0.4
ALB,C4277682,0.5
ALB,C4305253,0.75
ALB,C4551623,0.4
ALDH1A1,C0001969,0.5
ALDH1A1,C0001973,0.7
ALDH1A1,C0007134,0.6
ALDH1A1,C0022336,0.4
ALDH1A1,C0023895,0.55
ALDH1A1,C0025202,0.75
ALDH1A1,C0036341,0.65
ALDH1A1,C0085762,0.5
ALDH1A1,C0242422,0.4
ALDH1A1,C0400966,0.4
ALDH1A1,C1510586,0.4
ALDH1A1,C3241937,0.5
ALDH1A2,C0019284,0.5
ALDH1A2,C0025312,0.4
ALDH1A2,C0033578,0.5
ALDH1A2,C0036341,0.65
ALDH1A2,C0086664,0.4
ALDH1A2,C0157946,0.4
ALDH1A2,C0242422,0.4
ALDH1A2,C0751316,0.4
ALDH1A2,C5774210,0.45
ALDH1A3,C0004352,0.4
ALDH1A3,C0025202,0.65
ALDH1A3,C0026010,0.65
ALDH1A3,C0038356,0.4
ALDH1A3,C0158543,0.55
ALDH1A3,C1510586,0.65
ALDH1A3,C3554524,0.7
ALDH1A3,C4255043,0.4
ALDH1A3,C4274282,0.4
ALDH1A3,C5679828,0.5
ALDH2,C0001969,0.65
ALDH2,C0001973,1.0
ALDH2,C0002395,0.75
ALDH2,C0002940,0.5
ALDH2,C0004096,0.65
ALDH2,C0005586,0.7
ALDH2,C0009404,0.6
ALDH2,C0011854,0.7
ALDH2,C0011860,0.85
ALDH2,C0011882,0.45
ALDH2,C0014859,0.75
ALDH2,C0016382,0.85
ALDH2,C0018805,0.5
ALDH2,C0019337,0.55
ALDH2,C0020538,0.85
ALDH2,C0021364,0.4
ALDH2,C0023891,0.75
ALDH2,C0023895,0.8
ALDH2,C0025209,0.6
ALDH2,C0027051,0.95
ALDH2,C0028796,0.4
ALDH2,C0030297,0.6
ALDH2,C0030567,0.75
ALDH2,C0042373,0.6
ALDH2,C0085762,0.9
ALDH2,C0153458,0.45
ALDH2,C0153459,0.45
ALDH2,C0153460,0.45
ALDH2,C0153463,0.45
ALDH2,C0236664,0.65
ALDH2,C0242973,0.4
ALDH2,C0279626,0.75
ALDH2,C0342257,0.6
ALDH2,C0349464,0.5
ALDH2,C0393756,0.6
ALDH2,C0400966,0.75
ALDH2,C0520459,0.4
ALDH2,C0751955,0.45
ALDH2,C0752127,0.4
ALDH2,C0752130,0.4
ALDH2,C1456283,0.4
ALDH2,C1510586,0.4
ALDH2,C2239176,0.8
ALDH2,C2608086,0.4
ALDH2,C2674838,0.5
ALDH2,C2676227,0.4
ALDH2,C3149226,0.4
ALDH2,C3241937,0.75
ALDH2,C5436906,0.7
ALDH3A1,C0003850,0.45
ALDH3A1,C0022578,0.65
ALDH3A1,C0029531,0.4
ALDH3A1,C0036341,0.5
ALDH3A1,C0339289,0.4
ALDH3A1,C1510586,0.4
ALDH7A1,C0005940,0.4
ALDH7A1,C0009363,0.55
ALDH7A1,C0014544,0.9
ALDH7A1,C0036572,0.8
ALDH7A1,C0038356,0.4
ALDH7A1,C0159020,0.4
ALDH7A1,C0270612,0.4
ALDH7A1,C0497552,0.4
ALDH7A1,C1849508,1.0
ALDH7A1,C2674422,0.4
ALDH7A1,C3278923,0.45
ALDH7A1,C3281191,0.4
ALDH7A1,C3463992,0.4
ALDH7A1,C3714756,0.7
ALDH7A1,C4021085,0.4
ALDOB,C0011860,0.55
ALDOB,C0016751,1.0
ALDOB,C0038356,0.4
ALDOB,C0241910,0.4
ALDOB,C0242184,0.75
ALDOB,C1332355,0.4
ALDOB,C4277682,0.4
ALOX12,C0005586,0.5
ALOX12,C0020429,0.4
ALOX12,C0029574,0.4
ALOX12,C0031117,0.4
ALOX12,C0036341,0.6
ALOX12,C0037274,0.4
ALOX12,C0037277,0.4
ALOX12,C0157916,0.4
ALOX12,C0157917,0.4
ALOX12,C0157918,0.4
ALOX12,C0409667,0.4
ALOX12,C1335029,0.4
ALOX12,C1510586,0.4
ALOX15,C0004153,0.8
ALOX15,C0014859,0.5
ALOX15,C0020538,0.65
ALOX15,C0027430,0.9
ALOX15,C1135196,0.4
ALOX15,C1510586,0.4
ALOX5,C0001418,0.5
ALOX5,C0001430,0.6
ALOX5,C0003850,0.45
ALOX5,C0003873,0.65
ALOX5,C0004096,1.0
ALOX5,C0004153,0.85
ALOX5,C0007134,0.6
ALOX5,C0009319,0.65
ALOX5,C0009375,0.55
ALOX5,C0009376,0.55
ALOX5,C0011609,0.4
ALOX5,C0016659,0.4
ALOX5,C0020429,0.4
ALOX5,C0020542,0.65
ALOX5,C0026766,0.55
ALOX5,C0027626,0.4
ALOX5,C0027719,0.4
ALOX5,C0029839,0.4
ALOX5,C0030297,0.75
ALOX5,C0033578,0.5
ALOX5,C0035126,0.45
ALOX5,C0038356,0.4
ALOX5,C0041327,0.55
ALOX5,C0152013,0.5
ALOX5,C0153458,0.5
ALOX5,C0153459,0.5
ALOX5,C0153460,0.5
ALOX5,C0153463,0.5
ALOX5,C0279543,0.75
ALOX5,C0334389,0.4
ALOX5,C0376618,0.65
ALOX5,C0740392,0.4
ALOX5,C0919267,0.6
ALOX5,C1335060,0.4
ALOX5,C1336708,0.4
ALOX5,C1527349,0.4
ALOX5,C1833270,0.4
ALOX5,C1851473,0.4
ALPI,C0021390,0.75
ALPI,C5681586,0.4
ALPL,C0002382,0.5
ALPL,C0005944,0.85
ALPL,C0006663,0.85
ALPL,C0009782,0.4
ALPL,C0018843,0.4
ALPL,C0020503,0.85
ALPL,C0020630,1.0
ALPL,C0023895,0.85
ALPL,C0025995,0.45
ALPL,C0029434,0.6
ALPL,C0220743,1.0
ALPL,C0268412,1.0
ALPL,C0268413,1.0
ALPL,C1840322,0.7
ALPL,C1845055,0.4
ALPL,C1860130,0.7
ALPL,C2673477,0.65
ALPL,C4551563,0.4
ALPL,C5679616,0.5
AMER1,C0009404,0.75
AMER1,C0009952,0.4
AMER1,C0027059,0.4
AMER1,C0027708,0.75
AMER1,C0346629,0.7
AMER1,C0432268,1.0
AMER1,C1332219,0.4
AMER1,C1333015,0.75
AMER1,C2243051,0.45
AMER1,C2981150,0.45
AMER1,C3278923,0.4
AMH,C0036875,0.8
AMH,C0677886,0.6
AMH,C1720887,0.4
AMH,C1849930,1.0
AMH,C3897939,0.4
AMH,C5925042,0.4
ANGPT1,C0001973,0.45
ANGPT1,C0007786,0.7
ANGPT1,C0011884,0.9
ANGPT1,C0016059,0.65
ANGPT1,C0017639,0.4
ANGPT1,C0019243,0.75
ANGPT1,C0020538,0.8
ANGPT1,C0020564,0.7
ANGPT1,C0021368,0.85
ANGPT1,C0027746,0.4
ANGPT1,C0243026,0.85
ANGPT1,C0752252,0.4
ANGPT1,C1533041,0.65
ANGPT1,C1857728,0.4
ANGPT1,C5543508,0.45
ANGPT1,C5681601,0.4
ANGPT2,C0018923,0.7
ANGPT2,C0349588,0.4
ANGPT2,C0455988,0.4
ANGPT2,C0854893,0.4
ANGPT2,C1313885,0.4
ANGPT2,C1704423,0.65
ANGPT2,C1855081,0.4
ANGPT2,C3711387,0.4
ANGPT2,C3714756,0.4
ANGPT2,C5543531,0.5
ANGPTL4,C0007097,0.5
ANGPTL4,C0010054,0.9
ANGPTL4,C0010068,0.65
ANGPTL4,C0015695,0.8
ANGPTL4,C0015696,0.45
ANGPTL4,C0020557,0.65
ANGPTL4,C0024232,0.4
ANGPTL4,C0027626,0.4
ANGPTL4,C0028754,0.85
ANGPTL4,C0151744,0.45
ANGPTL4,C0242339,0.75
ANGPTL4,C0264694,0.45
ANGPTL4,C0553707,0.4
ANGPTL4,C1368683,0.4
ANGPTL4,C1458155,0.4
ANGPTL4,C4014553,0.4
ANO1,C0026654,0.6
ANO1,C5774219,0.5
ANO1,C5882748,0.5
ANPEP,C0005684,0.55
ANPEP,C0005695,0.4
ANPEP,C0041696,0.5
ANPEP,C0149821,0.55
ANPEP,C1269683,0.5
ANXA1,C0007097,0.75
ANXA1,C0007137,0.75
ANXA1,C0007786,0.45
ANXA1,C0020538,0.45
ANXA1,C0022658,0.65
ANXA1,C0024232,0.5
ANXA1,C0026640,0.4
ANXA1,C0027626,0.4
ANXA1,C0030297,0.45
ANXA1,C0033578,0.5
ANXA1,C0038354,0.4
ANXA1,C0152013,0.6
ANXA1,C0153458,0.45
ANXA1,C0153459,0.45
ANXA1,C0153460,0.45
ANXA1,C0153463,0.45
ANXA1,C0279626,0.7
ANXA1,C0376634,0.4
ANXA1,C0553707,0.4
ANXA1,C0751688,0.45
ANXA1,C1335060,0.4
ANXA1,C1368683,0.5
ANXA5,C0007137,0.7
ANXA5,C0019202,0.45
ANXA5,C0023467,0.7
ANXA5,C0026640,0.5
ANXA5,C0027051,0.7
ANXA5,C0032914,0.75
ANXA5,C0036421,0.6
ANXA5,C0038356,0.4
ANXA5,C0043094,0.4
ANXA5,C0152013,0.4
ANXA5,C0751688,0.4
ANXA5,C0751871,0.45
ANXA5,C1335060,0.4
ANXA5,C3280674,0.4
AOX1,C0002736,0.7
AOX1,C0033578,0.4
AOX1,C1510586,0.4
APAF1,C0007134,0.6
APAF1,C0007138,0.6
APAF1,C0015393,0.4
APAF1,C0027794,0.5
APAF1,C0035305,0.4
APAF1,C0037268,0.4
APAF1,C0041696,0.6
APAF1,C0334265,0.4
APAF1,C0376634,0.55
APAF1,C1269683,0.6
APC,C0001418,0.95
APC,C0001430,0.95
APC,C0002886,0.5
APC,C0004352,0.5
APC,C0006142,0.8
APC,C0007102,0.95
APC,C0007103,0.8
APC,C0007131,0.85
APC,C0007134,0.8
APC,C0007137,0.85
APC,C0007138,0.75
APC,C0009375,0.95
APC,C0009402,0.85
APC,C0009404,1.0
APC,C0009405,0.5
APC,C0010276,0.5
APC,C0014170,0.75
APC,C0015393,0.4
APC,C0016978,0.45
APC,C0017097,0.8
APC,C0017181,0.45
APC,C0017185,0.75
APC,C0017636,0.6
APC,C0020473,0.65
APC,C0021390,0.75
APC,C0021841,0.8
APC,C0021846,0.8
APC,C0023903,0.7
APC,C0024121,0.75
APC,C0024623,1.0
APC,C0025149,0.95
APC,C0025362,0.65
APC,C0025500,0.6
APC,C0027672,0.65
APC,C0030297,0.85
APC,C0032580,1.0
APC,C0033578,0.85
APC,C0034885,0.7
APC,C0036341,0.65
APC,C0038002,0.55
APC,C0038356,0.9
APC,C0079218,1.0
APC,C0149978,0.6
APC,C0152013,0.6
APC,C0153421,0.45
APC,C0153422,0.45
APC,C0153423,0.45
APC,C0153436,0.5
APC,C0153452,0.6
APC,C0153458,0.45
APC,C0153459,0.45
APC,C0153460,0.45
APC,C0153463,0.45
APC,C0206624,0.8
APC,C0206646,0.6
APC,C0206663,0.7
APC,C0206677,0.85
APC,C0206685,0.7
APC,C0206687,0.55
APC,C0206698,0.65
APC,C0236048,0.8
APC,C0238198,0.6
APC,C0278804,0.65
APC,C0280725,0.45
APC,C0334265,0.45
APC,C0334389,0.5
APC,C0338106,0.8
APC,C0345905,0.6
APC,C0346153,0.5
APC,C0346629,1.0
APC,C0349579,0.5
APC,C0376358,0.85
APC,C0476089,0.75
APC,C0578477,0.45
APC,C0678222,0.8
APC,C0699790,0.75
APC,C1140680,0.8
APC,C1262477,0.55
APC,C1302401,0.8
APC,C1334410,0.5
APC,C1510586,0.6
APC,C1851124,0.7
APC,C1858438,0.4
APC,C1859309,0.5
APC,C1868001,0.85
APC,C1868071,0.55
APC,C1879526,0.75
APC,C2239176,0.95
APC,C2673218,0.4
APC,C2673229,0.4
APC,C2674616,0.7
APC,C2675440,0.4
APC,C2713442,0.55
APC,C3469522,0.4
APC,C4552100,0.4
APC,C4749917,0.8
APC,C5399763,0.5
APC,C5548205,0.45
APC,C5679615,0.45
APC,C5681818,0.45
APEX1,C0005684,0.75
APEX1,C0005695,0.45
APEX1,C0006142,0.75
APEX1,C0007103,0.65
APEX1,C0007847,0.7
APEX1,C0007873,0.45
APEX1,C0014170,0.55
APEX1,C0018799,0.4
APEX1,C0025202,0.65
APEX1,C0027051,0.65
APEX1,C0033578,0.55
APEX1,C0038356,0.4
APEX1,C0080178,0.45
APEX1,C0152013,0.6
APEX1,C0156669,0.45
APEX1,C0270611,0.4
APEX1,C0302592,0.7
APEX1,C0919267,0.65
APEX1,C1140680,0.65
APEX1,C1299247,0.45
APEX1,C1335060,0.4
APEX1,C2239176,0.75
APLN,C0016059,0.75
APLN,C0018800,0.45
APLN,C0020649,0.6
APLN,C0740394,0.4
APLN,C1135196,0.4
APLN,C2239176,0.75
APOA1,C0001418,0.5
APOA1,C0002395,0.85
APOA1,C0004153,1.0
APOA1,C0004943,0.4
APOA1,C0010054,0.9
APOA1,C0010068,1.0
APOA1,C0011609,0.4
APOA1,C0013604,0.55
APOA1,C0017665,0.4
APOA1,C0019693,0.85
APOA1,C0020445,0.95
APOA1,C0020538,0.95
APOA1,C0020623,0.45
APOA1,C0021368,0.85
APOA1,C0023772,0.5
APOA1,C0024121,0.55
APOA1,C0024141,0.75
APOA1,C0027051,0.9
APOA1,C0038356,0.55
APOA1,C0038454,0.85
APOA1,C0151744,0.9
APOA1,C0152013,0.4
APOA1,C0242184,0.65
APOA1,C0242488,0.65
APOA1,C0264694,0.45
APOA1,C0268389,0.4
APOA1,C0278752,0.4
APOA1,C0342898,0.9
APOA1,C0345967,0.4
APOA1,C0392400,0.4
APOA1,C0853897,0.65
APOA1,C1332338,0.4
APOA1,C1335060,0.4
APOA1,C1561643,0.75
APOA1,C1848533,0.4
APOA1,C2239176,0.75
APOA1,C2362324,0.5
APOA1,C2752008,0.4
APOA1,C4277682,0.4
APOA1,C4551500,0.6
APOA1,C5231558,0.4
APOA1,C5551172,0.7
APOA1,C5677030,0.4
APOA1,C5680269,0.6
APOA4,C0002395,0.8
APOA4,C0004153,0.75
APOA4,C0009319,0.7
APOA4,C0009324,0.65
APOA4,C0020445,0.6
APOA4,C0027051,0.65
APOA4,C0036341,0.65
APOA4,C0375359,0.45
APOA4,C3658339,0.4
APOA4,C4511620,0.4
APOA5,C0007785,0.65
APOA5,C0010054,0.85
APOA5,C0010068,0.85
APOA5,C0011860,0.8
APOA5,C0020479,0.6
APOA5,C0020480,0.65
APOA5,C0020481,0.75
APOA5,C0020557,1.0
APOA5,C0023817,0.7
APOA5,C0151744,0.75
APOA5,C0264694,0.55
APOA5,C0813230,0.9
APOA5,C2362324,0.4
APOA5,C5444012,0.45
APOA5,C5680141,0.75
APOB,C0002895,0.6
APOB,C0003507,0.8
APOB,C0003850,0.75
APOB,C0004943,0.4
APOB,C0005396,0.45
APOB,C0007222,1.0
APOB,C0007570,0.7
APOB,C0009402,0.7
APOB,C0010054,0.95
APOB,C0010068,1.0
APOB,C0011860,1.0
APOB,C0011884,0.8
APOB,C0015695,0.9
APOB,C0015696,0.45
APOB,C0016978,0.45
APOB,C0019080,0.65
APOB,C0020443,1.0
APOB,C0020445,1.0
APOB,C0020473,1.0
APOB,C0020476,0.95
APOB,C0020557,1.0
APOB,C0020597,1.0
APOB,C0151744,0.9
APOB,C0152417,0.45
APOB,C0153452,0.65
APOB,C0153453,0.45
APOB,C0155567,0.45
APOB,C0242339,0.95
APOB,C0264694,0.45
APOB,C0278806,0.45
APOB,C0342881,0.9
APOB,C0745103,0.85
APOB,C0745133,0.4
APOB,C0750384,0.4
APOB,C0919267,0.65
APOB,C1140680,0.65
APOB,C1299247,0.4
APOB,C1704417,0.95
APOB,C1848533,0.4
APOB,C1849156,0.4
APOB,C1862596,0.85
APOB,C1863551,0.5
APOB,C3714933,0.4
APOB,C4021419,0.4
APOB,C4229399,0.5
APOB,C4551990,0.95
APOB,C5139433,0.4
APOBEC3A,C0033975,0.5
APOBEC3A,C0349204,0.5
APOD,C0005586,0.65
APOD,C0011860,0.7
APOD,C0017638,0.6
APOD,C0023186,0.4
APOD,C0028754,0.7
APOD,C0036341,0.75
APOD,C0086439,0.4
APOD,C0524851,0.6
APOD,C0555198,0.4
APOD,C0751265,0.4
APOD,C1285162,0.4
APOE,C0000786,0.6
APOE,C0001418,0.6
APOE,C0001973,0.6
APOE,C0002395,1.0
APOE,C0002726,0.95
APOE,C0002736,0.75
APOE,C0003469,0.85
APOE,C0003850,0.75
APOE,C0004153,1.0
APOE,C0005396,0.45
APOE,C0005586,0.85
APOE,C0006142,0.8
APOE,C0006739,0.45
APOE,C0007193,0.55
APOE,C0007222,1.0
APOE,C0007273,0.6
APOE,C0007282,0.6
APOE,C0007785,0.8
APOE,C0007820,0.95
APOE,C0010054,1.0
APOE,C0010068,1.0
APOE,C0011206,0.9
APOE,C0011615,0.55
APOE,C0011849,1.0
APOE,C0011884,0.7
APOE,C0013990,0.65
APOE,C0015695,0.9
APOE,C0015696,0.45
APOE,C0016059,0.75
APOE,C0016978,0.45
APOE,C0017605,0.45
APOE,C0017612,0.75
APOE,C0018784,0.65
APOE,C0018801,0.85
APOE,C0018802,0.8
APOE,C0019202,0.65
APOE,C0019348,0.65
APOE,C0019357,0.65
APOE,C0020443,1.0
APOE,C0020445,0.9
APOE,C0020473,1.0
APOE,C0020474,0.8
APOE,C0020476,0.95
APOE,C0020479,1.0
APOE,C0020538,1.0
APOE,C0022570,0.4
APOE,C0024121,0.65
APOE,C0024437,0.95
APOE,C0024530,0.65
APOE,C0025427,0.4
APOE,C0026764,0.4
APOE,C0026769,0.75
APOE,C0027051,1.0
APOE,C0027746,0.95
APOE,C0028754,1.0
APOE,C0029227,0.45
APOE,C0033687,0.8
APOE,C0033860,0.95
APOE,C0035078,0.75
APOE,C0035309,0.7
APOE,C0036341,0.75
APOE,C0036489,0.75
APOE,C0038002,0.7
APOE,C0040715,0.55
APOE,C0085762,0.65
APOE,C0086981,0.4
APOE,C0151744,0.95
APOE,C0152136,0.65
APOE,C0153452,0.55
APOE,C0153453,0.45
APOE,C0162871,0.85
APOE,C0206368,0.7
APOE,C0242339,0.95
APOE,C0264694,0.5
APOE,C0268393,0.5
APOE,C0271084,0.65
APOE,C0278806,0.45
APOE,C0339573,0.75
APOE,C0525041,0.6
APOE,C0684249,0.45
APOE,C0740394,0.65
APOE,C0750384,0.4
APOE,C0751967,0.6
APOE,C1384666,0.75
APOE,C1510489,0.9
APOE,C1527336,0.4
APOE,C1527338,0.4
APOE,C1843013,0.5
APOE,C1847200,0.55
APOE,C1862591,0.4
APOE,C1863051,0.85
APOE,C1864205,0.5
APOE,C1956349,0.4
APOE,C2673196,1.0
APOE,C4025650,0.4
APOE,C4277682,0.4
APOE,C4290121,0.45
APOE,C4479659,0.4
APOE,C4479660,0.4
APOE,C5779573,0.4
APOF,C2239176,0.6
APOM,C0010054,0.75
APOM,C0010068,0.7
APOM,C0011854,0.75
APOM,C0011860,0.95
APOM,C0151744,0.45
APOM,C0264694,0.45
APP,C0002395,1.0
APP,C0002622,0.75
APP,C0002625,0.4
APP,C0002726,0.95
APP,C0003469,0.75
APP,C0005586,0.65
APP,C0006111,0.65
APP,C0011269,0.7
APP,C0011570,0.75
APP,C0011573,0.5
APP,C0011581,0.75
APP,C0015411,0.4
APP,C0016667,0.85
APP,C0017639,0.55
APP,C0023186,0.4
APP,C0025261,0.4
APP,C0027540,0.4
APP,C0027746,0.85
APP,C0029227,0.5
APP,C0033141,0.4
APP,C0036529,0.4
APP,C0037928,0.4
APP,C0038002,0.4
APP,C0043094,0.65
APP,C0085584,0.6
APP,C0154319,0.4
APP,C0206247,0.55
APP,C0231341,0.55
APP,C0268393,0.6
APP,C0276496,0.9
APP,C0338656,1.0
APP,C0522224,0.65
APP,C0524851,0.85
APP,C0600467,0.65
APP,C0751265,0.4
APP,C0878544,0.4
APP,C1285162,0.65
APP,C1510489,0.8
APP,C1527338,0.4
APP,C1858477,0.4
APP,C1863052,0.8
APP,C1956349,0.4
APP,C2751494,0.4
APP,C2751536,0.8
APP,C2931672,0.8
APP,C2931784,0.75
APP,C2936349,0.85
APP,C3549448,0.4
APP,C3888307,0.4
APP,C3888308,0.4
APP,C3888309,0.4
APP,C5679878,0.4
APP,C5679879,0.4
APP,C5679880,0.4
APP,C5679881,0.4
APP,C5679882,0.4
APP,C5779573,0.6
APPL2,C0033578,0.4
APPL2,C0236969,0.4
AQP1,C0007097,0.6
AQP1,C0008340,0.4
AQP1,C0010606,0.6
AQP1,C0013608,0.55
AQP1,C0020538,0.7
AQP1,C0020550,0.4
AQP1,C0030193,0.65
AQP1,C0036095,0.4
AQP1,C0037929,0.7
AQP1,C0085548,0.6
AQP1,C0553707,0.4
AQP1,C0600327,0.4
AQP1,C1368683,0.4
AQP1,C1862554,0.4
AQP1,C2973725,0.65
AQP1,C3714618,0.4
AQP2,C0011848,0.9
AQP2,C0033141,0.4
AQP2,C0036529,0.4
AQP2,C0162283,1.0
AQP2,C0878544,0.4
AQP2,C1563706,0.85
AQP3,C0005684,0.65
AQP3,C0005695,0.4
AQP3,C0007137,0.7
AQP3,C0014859,0.4
AQP3,C0024232,0.5
AQP3,C0037286,0.65
AQP3,C0040411,0.4
AQP3,C0751688,0.4
AQP3,C0919267,0.6
AQP3,C1843889,0.4
AQP4,C0004352,0.65
AQP4,C0011570,0.65
AQP4,C0011581,0.65
AQP4,C0014556,0.7
AQP4,C0025281,0.65
AQP4,C0026976,0.75
AQP4,C0027873,1.0
AQP4,C0029134,0.9
AQP4,C0036341,0.65
AQP4,C0037929,0.7
AQP4,C0038220,0.75
AQP4,C0152013,0.6
AQP4,C0155020,0.45
AQP4,C0338715,0.6
AQP4,C0560219,0.55
AQP4,C1335060,0.4
AQP4,C1510586,0.4
AQP4,C1858854,0.5
AQP4,C3714756,0.65
AQP4,C5830628,0.45
AQP5,C0019284,0.4
AQP5,C1838359,0.9
AQP7,C0028754,0.75
AQP7,C3280715,0.4
AQP8,C0006142,0.5
AQP9,C0023418,0.6
AQP9,C0023467,0.5
AQP9,C0023487,0.65
AQP9,C0157916,0.4
AQP9,C0157917,0.4
AQP9,C0157918,0.4
AQP9,C0270730,0.4
AQP9,C0311375,0.55
AQP9,C0409667,0.4
AQP9,C1510586,0.4
AR,C0001973,0.7
AR,C0002170,0.85
AR,C0004114,0.6
AR,C0004352,0.6
AR,C0007103,0.75
AR,C0010417,0.85
AR,C0011570,0.75
AR,C0011581,0.8
AR,C0014170,0.65
AR,C0017412,0.5
AR,C0020538,0.7
AR,C0021361,0.4
AR,C0021364,0.8
AR,C0021655,0.8
AR,C0023267,0.8
AR,C0023418,0.6
AR,C0024121,0.4
AR,C0026847,0.65
AR,C0027643,0.4
AR,C0028754,0.8
AR,C0029121,0.55
AR,C0033578,1.0
AR,C0039585,1.0
AR,C0041671,0.45
AR,C0085207,0.5
AR,C0149654,0.55
AR,C0154088,0.65
AR,C0236663,0.6
AR,C0242788,0.5
AR,C0268301,0.8
AR,C0376358,1.0
AR,C0525045,0.5
AR,C0556385,0.5
AR,C0750935,0.4
AR,C0848558,0.95
AR,C0936016,0.85
AR,C1458155,0.85
AR,C1839259,1.0
AR,C2239176,0.85
AR,C2678098,0.4
AR,C3658266,0.65
AR,C3658267,0.5
AR,C5935569,0.4
ARC,C0001973,0.65
ARC,C0002395,0.75
ARC,C0026650,0.4
ARC,C0036341,0.75
ARC,C0236736,0.4
ARF1,C0007959,0.4
ARF1,C0027626,0.4
ARF1,C1458155,0.55
ARF1,C1848213,0.4
ARF1,C1868720,0.75
ARF1,C4748602,0.5
ARG1,C0002514,0.4
ARG1,C0003949,0.4
ARG1,C0004096,0.95
ARG1,C0018500,0.4
ARG1,C0023281,0.65
ARG1,C0026848,0.4
ARG1,C0037116,0.45
ARG1,C0041806,0.4
ARG1,C0152013,0.4
ARG1,C0268548,1.0
ARG1,C1335060,0.4
ARG1,C2239176,0.9
ARG1,C4277682,0.4
ARG2,C0004096,0.85
ARG2,C0018801,0.4
ARG2,C0018802,0.4
ARG2,C0020542,0.5
ARG2,C0027540,0.4
ARG2,C0027746,0.5
ARG2,C0033578,0.55
ARG2,C0035304,0.4
ARG2,C0153461,0.4
ARG2,C0161398,0.5
ARG2,C0887833,0.5
ARRB1,C0023890,0.4
ARRB1,C0041696,0.65
ARRB1,C1269683,0.65
ARRB1,C3178803,0.55
ASCL1,C0025362,0.45
ASCL1,C0027765,0.4
ASCL1,C0149925,0.85
ASCL1,C0242488,0.4
ASCL1,C1275808,0.4
ASCL1,C1859049,0.45
ASIC1,C0007786,0.55
ASIC1,C0021368,0.6
ASIC1,C0036572,0.65
ASIC1,C0270611,0.55
ASIC3,C0021368,0.65
ATF2,C0006142,0.75
ATF2,C0206710,0.4
ATF2,C1368295,0.4
ATF3,C0007131,0.75
ATF3,C0011570,0.65
ATF3,C0011581,0.65
ATF3,C0011860,0.65
ATF3,C0021400,0.4
ATF3,C0027765,0.4
ATF3,C0031117,0.5
ATF3,C0033141,0.4
ATF3,C0033578,0.6
ATF3,C0036529,0.4
ATF3,C0740392,0.4
ATF3,C0848558,0.65
ATF3,C0878544,0.55
ATF3,C0919267,0.6
ATF3,C1335029,0.4
ATF4,C0005586,0.6
ATF4,C0011570,0.55
ATF4,C0011581,0.55
ATF4,C0015695,0.65
ATF4,C0015696,0.4
ATF4,C0027540,0.5
ATF4,C0036341,0.65
ATF4,C0037929,0.4
ATF4,C0242184,0.75
ATF4,C0600139,0.6
ATF4,C1527349,0.4
ATF6,C0003949,0.4
ATF6,C0022336,0.4
ATF6,C0035334,0.6
ATF6,C0036457,0.4
ATF6,C0085636,0.55
ATF6,C0152200,0.9
ATF6,C0220701,0.4
ATF6,C0242225,0.45
ATF6,C0452138,0.4
ATF6,C0700501,0.4
ATF6,C0730292,0.4
ATF6,C0854723,0.5
ATF6,C1849792,0.4
ATF6,C4085590,0.5
ATF6,C4225297,0.65
ATG5,C0002871,0.65
ATG5,C0009402,0.75
ATG5,C0019209,0.4
ATG5,C0023380,0.4
ATG5,C0023890,0.4
ATG5,C0024312,0.55
ATG5,C0027540,0.65
ATG5,C0037929,0.45
ATG5,C0403824,0.4
ATG5,C0919267,0.6
ATG5,C1262477,0.5
ATG5,C4277682,0.4
ATG5,C4539808,0.7
ATG7,C0002871,0.4
ATG7,C0019209,0.4
ATG7,C0023380,0.4
ATG7,C0024312,0.4
ATG7,C0027540,0.4
ATG7,C0085215,0.6
ATG7,C0085605,0.4
ATG7,C0919267,0.65
ATG7,C1262477,0.4
ATG7,C2239176,0.65
ATG7,C2750440,0.4
ATG7,C5543627,0.7
ATM,C0001418,0.7
ATM,C0004135,1.0
ATM,C0005684,0.75
ATM,C0005695,0.5
ATM,C0006142,1.0
ATM,C0007102,0.7
ATM,C0007103,0.65
ATM,C0007104,0.65
ATM,C0007115,0.6
ATM,C0007131,0.9
ATM,C0007137,0.8
ATM,C0007193,0.5
ATM,C0007758,0.9
ATM,C0009375,0.65
ATM,C0009404,0.75
ATM,C0010606,0.5
ATM,C0014170,0.65
ATM,C0016059,0.6
ATM,C0017636,0.75
ATM,C0021051,0.8
ATM,C0023434,1.0
ATM,C0023890,0.4
ATM,C0024623,0.8
ATM,C0025202,0.9
ATM,C0026764,0.85
ATM,C0027051,0.7
ATM,C0027672,0.65
ATM,C0029531,0.4
ATM,C0030297,0.9
ATM,C0030567,0.7
ATM,C0032463,0.6
ATM,C0033054,0.4
ATM,C0033578,0.75
ATM,C0036341,0.6
ATM,C0036572,0.45
ATM,C0036646,0.55
ATM,C0038356,0.55
ATM,C0079731,0.9
ATM,C0079773,0.65
ATM,C0079774,0.6
ATM,C0149782,0.65
ATM,C0149925,0.8
ATM,C0152013,0.8
ATM,C0153458,0.5
ATM,C0153459,0.5
ATM,C0153460,0.5
ATM,C0153463,0.5
ATM,C0153633,0.5
ATM,C0206624,0.6
ATM,C0235653,0.55
ATM,C0235974,0.75
ATM,C0238463,0.8
ATM,C0239105,0.55
ATM,C0242379,0.75
ATM,C0242698,0.4
ATM,C0262436,0.4
ATM,C0278701,0.5
ATM,C0279702,0.75
ATM,C0281267,0.4
ATM,C0346153,0.8
ATM,C0346629,0.85
ATM,C0346647,0.8
ATM,C0376358,0.8
ATM,C0376407,0.4
ATM,C0427144,0.4
ATM,C0476089,0.4
ATM,C0555198,0.6
ATM,C0677776,0.85
ATM,C0678222,0.9
ATM,C0699790,0.4
ATM,C0751688,0.4
ATM,C0854924,0.6
ATM,C0919267,0.9
ATM,C0949059,0.5
ATM,C1140680,0.8
ATM,C1319315,0.5
ATM,C1333600,0.7
ATM,C1336839,0.4
ATM,C1458155,0.95
ATM,C1864871,0.4
ATM,C1876175,0.45
ATM,C1883486,0.5
ATM,C2239176,0.8
ATM,C2363142,0.8
ATM,C2676676,0.4
ATM,C2931038,0.75
ATM,C2931456,0.5
ATM,C2936783,0.4
ATM,C3469522,0.4
ATM,C3896578,0.55
ATM,C4017102,0.4
ATM,C4023354,0.4
ATM,C4551563,0.65
ATM,C4721414,0.95
ATM,C4721610,0.7
ATM,C5669733,0.4
ATM,C5669877,0.4
ATM,C5679802,0.4
ATM,C5708128,0.4
ATM,C5708129,0.4
ATP1A1,C0001430,0.65
ATP1A1,C0005586,0.65
ATP1A1,C0010481,0.5
ATP1A1,C0020428,0.7
ATP1A1,C0020538,0.7
ATP1A1,C0027051,0.4
ATP1A1,C0027055,0.4
ATP1A1,C0027868,0.55
ATP1A1,C0042594,0.4
ATP1A1,C0151744,0.4
ATP1A1,C0334389,0.4
ATP1A1,C0376358,0.65
ATP1A1,C1706762,0.5
ATP1A1,C3714756,0.6
ATP1A1,C4721887,0.4
ATP1A1,C4747974,0.8
ATP1A1,C5193023,0.45
ATP1A1,C5681271,0.4
ATP2A2,C0011570,0.65
ATP2A2,C0011581,0.7
ATP2A2,C0011860,0.8
ATP2A2,C0018799,0.7
ATP2A2,C0018800,0.4
ATP2A2,C0018801,0.9
ATP2A2,C0018802,0.8
ATP2A2,C0020542,0.55
ATP2A2,C0022595,1.0
ATP2A2,C0027055,0.4
ATP2A2,C0036341,0.8
ATP2A2,C0038220,0.55
ATP2A2,C0085580,0.6
ATP2A2,C0206146,0.4
ATP2A2,C0242698,0.4
ATP2A2,C0265971,0.9
ATP2A2,C0525045,0.65
ATP2A2,C0853897,0.7
ATP2A2,C1852296,0.5
ATP2A2,C1852297,0.6
ATP2A3,C0001430,0.6
ATP2A3,C0006142,0.6
ATP2A3,C0011860,0.8
ATP2A3,C0334389,0.4
ATP4A,C5681095,0.5
ATP5F1B,C0022660,0.5
ATP5F1B,C0242184,0.6
ATP5F1B,C0400966,0.4
ATP5F1B,C1565662,0.4
ATP5F1B,C1846707,0.4
ATP5F1B,C2609414,0.5
ATP5F1B,C3241937,0.4
ATP5F1B,C5774237,0.5
ATP6AP2,C0016059,0.65
ATP6AP2,C0376634,0.4
ATP6AP2,C1845543,0.7
ATP6AP2,C3806722,0.8
ATP6AP2,C5393313,0.5
ATP6AP2,C5574948,0.4
ATP7A,C0002871,0.4
ATP7A,C0003496,0.4
ATP7A,C0004134,0.4
ATP7A,C0007959,0.5
ATP7A,C0009375,0.4
ATP7A,C0010495,0.6
ATP7A,C0013720,0.6
ATP7A,C0018273,0.4
ATP7A,C0019054,0.4
ATP7A,C0019189,0.4
ATP7A,C0019284,0.45
ATP7A,C0019569,0.55
ATP7A,C0020542,0.4
ATP7A,C0022716,1.0
ATP7A,C0027854,0.4
ATP7A,C0040822,0.4
ATP7A,C0086468,0.4
ATP7A,C0178324,0.4
ATP7A,C0268353,1.0
ATP7A,C0270914,0.4
ATP7A,C0522224,0.4
ATP7A,C1845359,1.0
ATP7A,C2936380,0.4
ATP7A,C4016446,0.4
ATP7A,C4016447,0.4
ATP7A,C4225274,0.4
ATR,C0007102,0.65
ATR,C0010606,0.5
ATR,C0024624,0.4
ATR,C0027672,0.4
ATR,C0030297,0.55
ATR,C0032273,0.4
ATR,C0033578,0.65
ATR,C0042076,0.4
ATR,C0149782,0.4
ATR,C0152013,0.65
ATR,C0153458,0.45
ATR,C0153459,0.45
ATR,C0153460,0.45
ATR,C0153463,0.45
ATR,C0153491,0.4
ATR,C0153492,0.4
ATR,C0153493,0.4
ATR,C0265202,0.85
ATR,C0345958,0.4
ATR,C0346153,0.5
ATR,C3165106,0.4
ATR,C3281203,0.5
ATR,C4551474,0.8
ATR,C4551563,0.75
ATR,C5190630,0.4
AURKA,C0002938,0.75
AURKA,C0009404,0.65
AURKA,C0022665,0.4
AURKA,C0025202,0.85
AURKA,C0026764,0.85
AURKA,C0027819,0.85
AURKA,C0031117,0.5
AURKA,C0033578,0.8
AURKA,C0042138,0.45
AURKA,C0153567,0.65
AURKA,C0278883,0.6
AURKA,C0346629,0.85
AURKA,C0919267,0.8
AURKA,C1140680,0.8
AURKA,C1257806,0.7
AURKA,C1299247,0.45
AURKA,C1319315,0.6
AURKA,C1335029,0.4
AURKA,C1458155,0.85
AURKA,C2239176,0.75
AURKA,C4016820,0.4
AURKB,C0017661,0.4
AURKB,C0038356,0.4
AURKB,C2239176,0.85
AURKB,C4509932,0.4
AVP,C0002622,0.55
AVP,C0002625,0.4
AVP,C0002962,0.4
AVP,C0003811,0.5
AVP,C0004352,0.85
AVP,C0005586,0.7
AVP,C0009178,0.55
AVP,C0011175,0.9
AVP,C0011848,1.0
AVP,C0013390,0.6
AVP,C0017181,0.4
AVP,C0018801,0.85
AVP,C0018802,0.85
AVP,C0020429,0.6
AVP,C0020538,0.9
AVP,C0020541,0.55
AVP,C0020625,1.0
AVP,C0020649,0.85
AVP,C0021141,0.85
AVP,C0022116,0.7
AVP,C0022660,0.65
AVP,C0025261,0.4
AVP,C0029516,0.4
AVP,C0029944,0.4
AVP,C0030193,0.75
AVP,C0032617,0.9
AVP,C0033141,0.4
AVP,C0036341,0.9
AVP,C0036529,0.4
AVP,C0037019,0.5
AVP,C0041696,0.6
AVP,C0086132,0.65
AVP,C0149925,0.75
AVP,C0342394,0.75
AVP,C0344315,0.6
AVP,C0600427,0.7
AVP,C0687720,1.0
AVP,C0878544,0.5
AVP,C1269683,0.6
AVP,C1565662,0.4
AVP,C2609414,0.7
AVP,C4016430,0.4
AVP,C5680110,0.65
AXIN1,C0005684,0.55
AXIN1,C0005695,0.45
AXIN1,C0024624,0.4
AXIN1,C0153491,0.4
AXIN1,C0153492,0.4
AXIN1,C0153493,0.4
AXIN1,C0279607,0.4
AXIN1,C1842884,0.55
AXIN1,C2239176,1.0
AXIN1,C5882710,0.45
AXIN2,C0006142,0.75
AXIN2,C0007193,0.45
AXIN2,C0009375,0.7
AXIN2,C0009402,0.8
AXIN2,C0009404,0.85
AXIN2,C0010278,0.7
AXIN2,C0016978,0.4
AXIN2,C0019569,0.4
AXIN2,C0024624,0.45
AXIN2,C0027672,0.4
AXIN2,C0149925,0.5
AXIN2,C0151744,0.4
AXIN2,C0152013,0.55
AXIN2,C0153452,0.5
AXIN2,C0153491,0.45
AXIN2,C0153492,0.45
AXIN2,C0153493,0.45
AXIN2,C0278806,0.4
AXIN2,C0279763,0.45
AXIN2,C0346629,0.85
AXIN2,C0585362,0.55
AXIN2,C0600519,0.4
AXIN2,C0699790,0.65
AXIN2,C1140680,0.6
AXIN2,C1153706,0.45
AXIN2,C1335060,0.45
AXIN2,C1336905,0.45
AXIN2,C1837750,0.75
AXIN2,C3266076,0.7
AXIN2,C4082304,0.85
AXIN2,C4750788,0.5
AXIN2,C5680012,0.45
AXL,C0002453,0.4
AXL,C0007131,0.85
AXL,C0011860,0.7
AXL,C0011881,0.7
AXL,C0013338,0.4
AXL,C0020635,0.4
AXL,C0022665,0.5
AXL,C0027626,0.4
AXL,C0027809,0.6
AXL,C0030297,0.75
AXL,C0153458,0.4
AXL,C0153459,0.4
AXL,C0153460,0.4
AXL,C0153463,0.4
AXL,C0162809,0.5
AXL,C0206728,0.4
AXL,C0221405,0.4
AXL,C0242342,0.4
AXL,C0242343,0.4
AXL,C0271577,0.4
AXL,C0271582,0.4
AXL,C0271623,0.55
AXL,C0278701,0.5
AXL,C0342381,0.4
AXL,C0342384,0.6
AXL,C2200127,0.4
AXL,C2874188,0.4
AXL,C2874189,0.4
AXL,C2874190,0.4
AXL,C4509932,0.5
B2M,C0003089,0.45
B2M,C0003864,0.7
B2M,C0018799,0.4
B2M,C0020455,0.4
B2M,C0021390,0.65
B2M,C0022658,0.75
B2M,C0022660,0.8
B2M,C0022661,0.8
B2M,C0024305,0.8
B2M,C0033578,0.65
B2M,C0033687,0.75
B2M,C0079744,0.8
B2M,C0079774,0.5
B2M,C0268389,0.4
B2M,C0279626,0.5
B2M,C1565662,0.45
B2M,C1855796,0.7
B2M,C1858266,0.5
B2M,C2609414,0.9
B2M,C4302669,0.4
B2M,C5935573,0.45
BACE1,C0002395,1.0
BACE1,C0036341,0.8
BACH1,C0016059,0.4
BACH1,C0876994,0.4
BACH1,C1840379,0.4
BAD,C0007103,0.6
BAD,C0007131,0.65
BAD,C0007787,0.5
BAD,C0014170,0.4
BAD,C0023418,0.4
BAD,C0030297,0.4
BAD,C0033578,0.55
BAD,C0153458,0.4
BAD,C0153459,0.4
BAD,C0153460,0.4
BAD,C0153463,0.4
BAG3,C0001956,0.5
BAG3,C0001973,0.5
BAG3,C0007193,1.0
BAG3,C0007194,0.65
BAG3,C0019693,0.55
BAG3,C0023976,0.5
BAG3,C0027059,0.4
BAG3,C0031117,0.5
BAG3,C0151636,0.4
BAG3,C0241005,0.45
BAG3,C0340427,0.6
BAG3,C0878544,1.0
BAG3,C0949658,0.4
BAG3,C1449563,0.6
BAG3,C2678065,0.9
BAG3,C2751831,0.8
BAG3,C3151293,0.65
BAG3,C4021745,0.4
BAG3,C4274968,0.4
BAG3,C4509880,0.4
BAG3,C5679590,0.4
BAK1,C0004135,0.55
BAK1,C0009375,0.6
BAK1,C0027051,0.4
BAK1,C0027746,0.5
BAK1,C0302592,0.65
BAP1,C0004114,0.4
BAP1,C0005684,0.6
BAP1,C0005695,0.4
BAP1,C0005967,0.4
BAP1,C0007134,0.9
BAP1,C0009375,0.4
BAP1,C0018671,0.4
BAP1,C0022665,0.6
BAP1,C0023418,0.6
BAP1,C0023798,0.4
BAP1,C0023903,0.4
BAP1,C0024121,0.55
BAP1,C0025149,0.4
BAP1,C0025286,0.9
BAP1,C0025500,0.95
BAP1,C0026764,0.4
BAP1,C0027672,0.7
BAP1,C0030297,0.55
BAP1,C0030421,0.6
BAP1,C0033578,0.5
BAP1,C0038356,0.55
BAP1,C0039590,0.4
BAP1,C0040100,0.6
BAP1,C0042138,0.4
BAP1,C0085136,0.5
BAP1,C0151779,0.8
BAP1,C0152013,0.75
BAP1,C0153458,0.4
BAP1,C0153459,0.4
BAP1,C0153460,0.4
BAP1,C0153463,0.4
BAP1,C0206631,0.4
BAP1,C0206686,0.4
BAP1,C0206694,0.6
BAP1,C0206698,0.85
BAP1,C0206710,0.5
BAP1,C0206716,0.4
BAP1,C0206739,0.4
BAP1,C0206754,0.5
BAP1,C0206769,0.5
BAP1,C0220633,1.0
BAP1,C0242379,0.65
BAP1,C0278752,0.45
BAP1,C0279659,0.4
BAP1,C0279702,0.85
BAP1,C0280725,0.4
BAP1,C0345967,1.0
BAP1,C0346118,0.4
BAP1,C0392400,0.45
BAP1,C0553580,0.4
BAP1,C0919267,0.65
BAP1,C1332338,0.45
BAP1,C1333600,0.6
BAP1,C1334698,0.4
BAP1,C1335060,0.4
BAP1,C1368295,0.5
BAP1,C1377913,0.7
BAP1,C1458155,0.75
BAP1,C1512419,0.6
BAP1,C1535926,0.6
BAP1,C1847723,0.4
BAP1,C3280492,0.95
BAP1,C4707290,0.75
BAP1,C5568766,0.4
BAP1,C5676925,0.7
BARD1,C0006142,1.0
BARD1,C0007115,0.4
BARD1,C0024623,0.4
BARD1,C0026764,0.4
BARD1,C0027672,0.6
BARD1,C0027819,0.75
BARD1,C0153567,0.4
BARD1,C0206624,0.4
BARD1,C0346153,0.7
BARD1,C0476089,0.4
BARD1,C0677776,0.7
BARD1,C0678222,0.8
BARD1,C0699790,0.4
BARD1,C0919267,0.85
BARD1,C1140680,0.85
BARD1,C1299247,0.45
BARD1,C1333600,0.6
BARD1,C1458155,0.75
BARD1,C1518693,0.4
BARD1,C2348819,0.5
BARD1,C2931038,0.4
BARD1,C3272841,0.4
BARD1,C3469522,0.4
BARD1,C5679802,0.45
BAX,C0002395,0.8
BAX,C0004135,0.65
BAX,C0006413,0.7
BAX,C0009375,0.7
BAX,C0009404,0.75
BAX,C0011860,0.75
BAX,C0014859,0.75
BAX,C0019693,0.6
BAX,C0021364,0.45
BAX,C0021841,0.4
BAX,C0022116,0.75
BAX,C0022660,0.65
BAX,C0023449,0.85
BAX,C0027051,0.75
BAX,C0027055,0.65
BAX,C0027746,0.75
BAX,C0032460,0.75
BAX,C0033578,0.8
BAX,C0079773,0.7
BAX,C0338106,0.65
BAX,C0346629,0.9
BAX,C0376407,0.4
BAX,C0699790,0.6
BAX,C0920269,0.7
BAX,C1335469,0.45
BAX,C1458155,0.85
BAX,C1565662,0.4
BAX,C1961099,0.6
BAX,C2609414,0.65
BAX,C2937358,0.5
BAX,C4277682,0.4
BBC3,C0006413,0.6
BBC3,C0007786,0.4
BBC3,C0014859,0.5
BCHE,C0001969,0.65
BCHE,C0002395,1.0
BCHE,C0003578,0.75
BCHE,C0005586,0.5
BCHE,C0007134,0.5
BCHE,C0010054,0.65
BCHE,C0010068,0.45
BCHE,C0011854,0.6
BCHE,C0011860,0.9
BCHE,C0014544,0.45
BCHE,C0014549,0.4
BCHE,C0015644,0.4
BCHE,C0017636,0.6
BCHE,C0020557,0.65
BCHE,C0025521,0.45
BCHE,C0026769,0.6
BCHE,C0026850,0.65
BCHE,C0027819,0.65
BCHE,C0028754,0.75
BCHE,C0029227,0.4
BCHE,C0030552,0.4
BCHE,C0030569,0.4
BCHE,C0032787,0.6
BCHE,C0037315,0.4
BCHE,C0039231,0.5
BCHE,C0041105,0.4
BCHE,C0151744,0.65
BCHE,C0235032,0.75
BCHE,C0236736,0.4
BCHE,C0264694,0.45
BCHE,C0268379,0.6
BCHE,C0278878,0.4
BCHE,C0522224,0.65
BCHE,C0700359,0.75
BCHE,C0876994,0.55
BCHE,C0948480,0.45
BCHE,C1283400,0.8
BCHE,C1458155,0.5
BCHE,C1510586,0.4
BCHE,C1514422,0.4
BCHE,C1855794,0.4
BCHE,C1867468,0.6
BCHE,C1867469,0.4
BCHE,C3887506,0.4
BCHE,C3889588,0.4
BCHE,C5880943,0.4
BCL11A,C0002895,0.9
BCL11A,C0003635,0.5
BCL11A,C0005283,0.9
BCL11A,C0006142,0.6
BCL11A,C0010606,0.4
BCL11A,C0023014,0.4
BCL11A,C0032460,0.4
BCL11A,C0036095,0.4
BCL11A,C0036341,0.75
BCL11A,C0175754,0.4
BCL11A,C0220697,0.4
BCL11A,C0454644,0.5
BCL11A,C0557874,0.65
BCL11A,C1510586,0.8
BCL11A,C1840379,0.4
BCL11A,C1969758,0.4
BCL11A,C3714756,0.65
BCL11A,C4022738,0.4
BCL11A,C4310833,0.9
BCL11A,C4539848,0.4
BCL11A,C5203670,0.65
BCL11A,C5231391,0.4
BCL2,C0001418,0.85
BCL2,C0001430,0.75
BCL2,C0002395,0.8
BCL2,C0004096,0.75
BCL2,C0004352,0.6
BCL2,C0004509,0.6
BCL2,C0005586,0.7
BCL2,C0005684,0.85
BCL2,C0005695,0.8
BCL2,C0007097,0.95
BCL2,C0007134,0.8
BCL2,C0007138,0.75
BCL2,C0007766,0.4
BCL2,C0008449,0.4
BCL2,C0009375,0.8
BCL2,C0009404,0.8
BCL2,C0011581,0.65
BCL2,C0011616,0.4
BCL2,C0011860,1.0
BCL2,C0014859,0.75
BCL2,C0015923,0.65
BCL2,C0016978,0.5
BCL2,C0018671,0.75
BCL2,C0020538,0.65
BCL2,C0021364,0.6
BCL2,C0021841,0.65
BCL2,C0023186,0.4
BCL2,C0023434,1.0
BCL2,C0023467,1.0
BCL2,C0023492,0.7
BCL2,C0023891,0.4
BCL2,C0024301,1.0
BCL2,C0024305,1.0
BCL2,C0025261,0.4
BCL2,C0025490,0.4
BCL2,C0025568,0.6
BCL2,C0026764,0.95
BCL2,C0027051,0.75
BCL2,C0027540,0.75
BCL2,C0027746,0.65
BCL2,C0029422,0.4
BCL2,C0032131,0.8
BCL2,C0032460,0.8
BCL2,C0033578,0.95
BCL2,C0035126,0.65
BCL2,C0035304,0.75
BCL2,C0036341,0.85
BCL2,C0037579,0.4
BCL2,C0039101,0.75
BCL2,C0079744,0.95
BCL2,C0079745,0.75
BCL2,C0079758,0.6
BCL2,C0079765,0.7
BCL2,C0149925,0.9
BCL2,C0162820,0.5
BCL2,C0206637,0.7
BCL2,C0206681,0.6
BCL2,C0242350,0.65
BCL2,C0276535,0.4
BCL2,C0278752,0.4
BCL2,C0279628,0.6
BCL2,C0334265,0.65
BCL2,C0334322,0.4
BCL2,C0334389,0.4
BCL2,C0334660,0.6
BCL2,C0345967,0.75
BCL2,C0376358,0.9
BCL2,C0392400,0.4
BCL2,C0553707,0.4
BCL2,C0751265,0.4
BCL2,C0853193,0.6
BCL2,C1332338,0.4
BCL2,C1368683,0.6
BCL2,C1458155,0.9
BCL2,C1956130,0.6
BCL2,C1956131,0.5
BCL2,C2931456,0.4
BCL2,C2937358,0.55
BCL2,C2985290,0.65
BCL2,C4524190,0.4
BCL2A1,C0003873,0.5
BCL2A1,C0014859,0.4
BCL2A1,C1458155,0.4
BCL2L1,C0001430,0.65
BCL2L1,C0006142,0.8
BCL2L1,C0007097,0.85
BCL2L1,C0007138,0.7
BCL2L1,C0010417,0.55
BCL2L1,C0011860,0.65
BCL2L1,C0018671,0.5
BCL2L1,C0023448,0.55
BCL2L1,C0023449,0.8
BCL2L1,C0023895,0.6
BCL2L1,C0024121,0.75
BCL2L1,C0026764,0.8
BCL2L1,C0027051,0.55
BCL2L1,C0030297,0.45
BCL2L1,C0038356,0.5
BCL2L1,C0085084,0.5
BCL2L1,C0153458,0.45
BCL2L1,C0153459,0.45
BCL2L1,C0153460,0.45
BCL2L1,C0153463,0.45
BCL2L1,C0235032,0.65
BCL2L1,C0242350,0.6
BCL2L1,C0279543,0.8
BCL2L1,C0334265,0.45
BCL2L1,C0334389,0.4
BCL2L1,C0553707,0.4
BCL2L1,C0600139,0.85
BCL2L1,C0677776,0.4
BCL2L1,C1335469,0.45
BCL2L1,C1368683,0.4
BCL2L1,C1384666,0.55
BCL2L1,C1862939,0.4
BCL2L1,C2239176,0.9
BCL2L1,C2937358,0.5
BCL2L10,C0026764,0.8
BCL2L10,C0699791,0.65
BCL2L10,C2713368,0.45
BCL2L11,C0008313,0.4
BCL2L11,C0011860,0.8
BCL2L11,C2931456,0.4
BCL2L2,C0007787,0.45
BCL3,C0004153,0.5
BCL3,C0242339,0.5
BDKRB1,C0014556,0.65
BDKRB1,C0020429,0.7
BDKRB1,C0020538,0.8
BDKRB1,C0021368,0.75
BDKRB1,C0022661,0.7
BDKRB1,C0030193,0.8
BDKRB1,C0034069,0.45
BDKRB1,C0038002,0.4
BDKRB1,C0178324,0.65
BDKRB2,C0003873,0.4
BDKRB2,C0004096,0.55
BDKRB2,C0005586,0.6
BDKRB2,C0014556,0.4
BDKRB2,C0015379,0.4
BDKRB2,C0019080,0.4
BDKRB2,C0020429,0.6
BDKRB2,C0020452,0.55
BDKRB2,C0020538,0.85
BDKRB2,C0020649,0.7
BDKRB2,C0021368,0.7
BDKRB2,C0022660,0.4
BDKRB2,C0024117,0.65
BDKRB2,C0028796,0.4
BDKRB2,C0030193,0.6
BDKRB2,C0033141,0.4
BDKRB2,C0035455,0.45
BDKRB2,C0036529,0.4
BDKRB2,C0040053,0.55
BDKRB2,C0041696,0.5
BDKRB2,C0087086,0.4
BDKRB2,C0178324,0.4
BDKRB2,C0878544,0.4
BDKRB2,C1269683,0.5
BDKRB2,C1565662,0.4
BDKRB2,C1963943,0.4
BDKRB2,C2609414,0.4
BDKRB2,C4277682,0.4
BDNF,C0001969,0.7
BDNF,C0001973,0.85
BDNF,C0002395,1.0
BDNF,C0004096,0.9
BDNF,C0004352,0.85
BDNF,C0005586,1.0
BDNF,C0005587,0.6
BDNF,C0005910,0.75
BDNF,C0007786,0.75
BDNF,C0011053,0.75
BDNF,C0011570,1.0
BDNF,C0011581,0.95
BDNF,C0011615,0.9
BDNF,C0014544,0.9
BDNF,C0014549,0.4
BDNF,C0017601,0.95
BDNF,C0017639,0.4
BDNF,C0019337,0.9
BDNF,C0020179,1.0
BDNF,C0021368,0.9
BDNF,C0024713,0.5
BDNF,C0025362,0.65
BDNF,C0027746,0.9
BDNF,C0027765,0.85
BDNF,C0028043,0.7
BDNF,C0028754,1.0
BDNF,C0028756,0.75
BDNF,C0028768,0.9
BDNF,C0029227,0.45
BDNF,C0029516,0.4
BDNF,C0030567,1.0
BDNF,C0035455,0.55
BDNF,C0036341,0.95
BDNF,C0038220,0.85
BDNF,C0038356,0.5
BDNF,C0038436,0.9
BDNF,C0041696,0.85
BDNF,C0085762,0.7
BDNF,C0154536,0.45
BDNF,C0206115,0.7
BDNF,C0236736,0.55
BDNF,C0236780,0.4
BDNF,C0242184,0.85
BDNF,C0242225,0.55
BDNF,C0242422,0.85
BDNF,C0270611,0.9
BDNF,C0338715,0.65
BDNF,C0520679,0.85
BDNF,C0525045,0.95
BDNF,C0600427,0.7
BDNF,C1269683,0.95
BDNF,C1275808,0.75
BDNF,C1510586,0.9
BDNF,C1859049,0.45
BECN1,C0009375,0.4
BECN1,C0024121,0.55
BECN1,C0024408,0.7
BECN1,C0027051,0.65
BECN1,C0036341,0.7
BECN1,C0037929,0.6
BECN1,C0038220,0.6
BECN1,C0270611,0.6
BECN1,C0752347,0.65
BEST1,C0024437,0.9
BEST1,C0035334,0.85
BEST1,C0154860,0.55
BEST1,C0271093,0.6
BEST1,C0282193,0.4
BEST1,C0339510,1.0
BEST1,C0730292,0.7
BEST1,C0854723,0.6
BEST1,C1842914,0.9
BEST1,C1851316,0.4
BEST1,C1866293,0.5
BEST1,C2678493,0.85
BEST1,C2745945,1.0
BEST1,C2750789,0.7
BEST1,C3888099,1.0
BEST1,C3888198,0.85
BEST1,C4274282,0.6
BEST1,C4551714,0.55
BEST1,C4551953,0.4
BEST1,C4749856,0.5
BEST1,C5435648,0.4
BEST1,C5681367,0.4
BGLAP,C0003873,0.9
BGLAP,C0004096,0.7
BGLAP,C0006663,0.9
BGLAP,C0018824,0.4
BGLAP,C0029456,1.0
BGLAP,C0033578,0.8
BGLAP,C0042880,0.75
BGLAP,C0079485,0.4
BGLAP,C0157946,0.4
BGLAP,C0376358,0.8
BGLAP,C1833683,0.4
BHLHE40,C0005586,0.65
BHLHE40,C0005587,0.4
BHLHE40,C0017636,0.65
BHLHE40,C0024713,0.4
BHLHE40,C0036341,0.55
BHLHE40,C0151744,0.4
BHLHE40,C0236780,0.4
BHLHE40,C0278878,0.4
BHLHE40,C1514422,0.4
BHLHE40,C1858496,0.4
BHMT,C0000821,0.4
BHMT,C0001973,0.55
BHMT,C0007785,0.45
BHMT,C0011860,0.7
BHMT,C0019202,0.55
BHMT,C0024305,0.4
BHMT,C0034065,0.45
BHMT,C1845026,0.4
BHMT,C1866558,0.4
BID,C0005586,0.5
BID,C0030297,0.45
BID,C0036341,0.5
BID,C0038356,0.4
BID,C0153458,0.45
BID,C0153459,0.45
BID,C0153460,0.45
BID,C0153463,0.45
BID,C2239176,0.6
BIK,C0004135,0.55
BIK,C0006142,0.8
BIK,C0007102,0.65
BIK,C0033578,0.45
BIK,C0376358,0.8
BIRC2,C0006142,0.8
BIRC2,C0019693,0.4
BIRC2,C0023418,0.6
BIRC2,C0027819,0.6
BIRC2,C0038356,0.4
BIRC2,C1458155,0.65
BIRC3,C0005684,0.6
BIRC3,C0005695,0.4
BIRC3,C0007131,0.7
BIRC3,C0009402,0.7
BIRC3,C0015695,0.4
BIRC3,C0015696,0.4
BIRC3,C0019693,0.4
BIRC3,C0023418,0.7
BIRC3,C0027819,0.5
BIRC3,C0242647,0.75
BIRC3,C0279628,0.6
BIRC3,C1850900,0.8
BIRC3,C2239176,0.75
BIRC5,C0001418,0.85
BIRC5,C0007131,0.95
BIRC5,C0007134,0.9
BIRC5,C0007137,0.85
BIRC5,C0007138,0.75
BIRC5,C0007873,0.55
BIRC5,C0009375,0.75
BIRC5,C0009404,0.8
BIRC5,C0014170,0.6
BIRC5,C0023462,0.4
BIRC5,C0023487,0.6
BIRC5,C0023493,0.65
BIRC5,C0024121,0.75
BIRC5,C0033578,0.85
BIRC5,C0038356,0.75
BIRC5,C0279543,0.8
BIRC5,C0334239,0.4
BIRC5,C0334265,0.55
BIRC5,C0376358,0.9
BIRC5,C0751688,0.4
BIRC5,C0919267,0.85
BIRC5,C1458155,0.85
BIRC5,C2239176,0.85
BIRC7,C0007134,0.6
BMF,C0023434,0.75
BMI1,C0009402,0.8
BMI1,C0017636,0.75
BMI1,C0017638,0.85
BMI1,C0019569,0.5
BMI1,C0023467,0.8
BMI1,C0027686,0.4
BMI1,C0029463,0.65
BMI1,C0206639,0.4
BMI1,C0278878,0.4
BMI1,C0555198,0.4
BMI1,C1335062,0.45
BMI1,C1514422,0.4
BMI1,C2239176,0.75
BMI1,C2713368,0.4
BMP2,C0005940,0.75
BMP2,C0006663,0.75
BMP2,C0009404,0.4
BMP2,C0010278,0.65
BMP2,C0012715,0.45
BMP2,C0016658,0.85
BMP2,C0018995,0.5
BMP2,C0027092,0.65
BMP2,C0029456,0.95
BMP2,C0029696,0.45
BMP2,C0033054,0.4
BMP2,C0033578,0.65
BMP2,C0038356,0.4
BMP2,C0041948,0.4
BMP2,C0157946,0.45
BMP2,C0242379,0.75
BMP2,C0376358,0.75
BMP2,C0399352,0.55
BMP2,C0876994,0.55
BMP2,C1384666,0.4
BMP2,C1458155,0.65
BMP2,C1704436,0.6
BMP2,C1832702,0.85
BMP2,C1837341,0.4
BMP2,C1848587,0.4
BMP2,C1862389,0.4
BMP2,C3280777,0.4
BMP2,C3469186,0.65
BMP2,C4282128,0.4
BMP2,C4304539,0.4
BMP2,C4479496,0.4
BMP2,C5542952,0.65
BMP2,C5679990,0.45
BMP4,C0003872,0.5
BMP4,C0003873,0.6
BMP4,C0007302,0.4
BMP4,C0008924,0.75
BMP4,C0009404,0.6
BMP4,C0018817,0.55
BMP4,C0019284,0.55
BMP4,C0025202,0.65
BMP4,C0029456,0.6
BMP4,C0029696,0.45
BMP4,C0033375,0.7
BMP4,C0042842,0.5
BMP4,C0157946,0.4
BMP4,C0158646,0.7
BMP4,C0158651,0.45
BMP4,C0265253,0.4
BMP4,C0266294,0.4
BMP4,C0344490,0.4
BMP4,C0344559,0.4
BMP4,C0399352,0.45
BMP4,C0796005,0.4
BMP4,C1306214,0.65
BMP4,C1458155,0.65
BMP4,C1864689,0.7
BMP4,C1865343,0.65
BMP4,C1968949,0.7
BMP4,C2677434,0.6
BMP4,C3266076,0.65
BMP4,C4024202,0.8
BMP4,C4025037,0.4
BMP4,C5574705,0.65
BMP4,C5679782,0.5
BMP5,C0152423,0.6
BMP5,C1389016,0.5
BMP5,C1868578,0.4
BMP5,C4024617,0.4
BMPR2,C0016037,0.75
BMPR2,C0018816,0.55
BMPR2,C0020542,1.0
BMPR2,C0026267,0.4
BMPR2,C0034091,0.7
BMPR2,C0085615,0.4
BMPR2,C0152021,0.7
BMPR2,C0152171,0.95
BMPR2,C0162770,0.7
BMPR2,C0206081,0.65
BMPR2,C0340543,0.85
BMPR2,C0340544,0.4
BMPR2,C0340848,0.4
BMPR2,C0344893,0.4
BMPR2,C0428851,0.4
BMPR2,C1458155,0.6
BMPR2,C1867421,0.45
BMPR2,C1867423,0.55
BMPR2,C1969342,0.4
BMPR2,C1969343,0.4
BMPR2,C2973725,1.0
BMPR2,C3489529,0.4
BMPR2,C3697119,0.65
BMPR2,C3714844,0.4
BMPR2,C3887658,0.6
BMPR2,C4552070,0.45
BMPR2,C5679820,0.6
BMPR2,C5925042,0.4
BNIP3,C0026764,0.6
BNIP3,C0033578,0.6
BNIP3,C0038356,0.4
BNIP3,C0677050,0.4
BRAF,C0002448,0.75
BRAF,C0004114,0.95
BRAF,C0004135,0.7
BRAF,C0007102,0.85
BRAF,C0007112,0.7
BRAF,C0007131,1.0
BRAF,C0007193,0.4
BRAF,C0007194,0.65
BRAF,C0008309,0.65
BRAF,C0009402,0.85
BRAF,C0009404,1.0
BRAF,C0010276,0.9
BRAF,C0010964,0.4
BRAF,C0011860,0.75
BRAF,C0017638,0.95
BRAF,C0018818,0.45
BRAF,C0019621,1.0
BRAF,C0022665,0.7
BRAF,C0023443,0.95
BRAF,C0023903,0.75
BRAF,C0024121,0.85
BRAF,C0024232,0.7
BRAF,C0024305,0.7
BRAF,C0024624,0.45
BRAF,C0025202,1.0
BRAF,C0026764,0.85
BRAF,C0027070,0.6
BRAF,C0027708,0.7
BRAF,C0028326,0.8
BRAF,C0030297,0.65
BRAF,C0033578,0.75
BRAF,C0040136,0.95
BRAF,C0079744,0.6
BRAF,C0079773,0.4
BRAF,C0151526,0.45
BRAF,C0151779,1.0
BRAF,C0152013,1.0
BRAF,C0153452,0.6
BRAF,C0153458,0.45
BRAF,C0153459,0.45
BRAF,C0153460,0.45
BRAF,C0153463,0.45
BRAF,C0153491,0.45
BRAF,C0153492,0.45
BRAF,C0153493,0.45
BRAF,C0158570,0.6
BRAF,C0175704,0.7
BRAF,C0206660,0.55
BRAF,C0206686,0.6
BRAF,C0206687,0.65
BRAF,C0206698,0.9
BRAF,C0206754,0.65
BRAF,C0221217,0.45
BRAF,C0221406,0.6
BRAF,C0238463,1.0
BRAF,C0239676,0.45
BRAF,C0242379,0.9
BRAF,C0279661,0.65
BRAF,C0280725,0.45
BRAF,C0334586,0.75
BRAF,C0345905,0.7
BRAF,C0346629,0.95
BRAF,C0347915,0.45
BRAF,C0398368,0.5
BRAF,C0406803,0.6
BRAF,C0423110,0.45
BRAF,C0476089,0.65
BRAF,C0555198,0.7
BRAF,C0557874,0.65
BRAF,C0587248,0.8
BRAF,C0596263,0.95
BRAF,C0684249,0.65
BRAF,C0699790,0.8
BRAF,C0750935,0.6
BRAF,C0920269,0.85
BRAF,C1140680,0.75
BRAF,C1266158,0.4
BRAF,C1266177,0.75
BRAF,C1275081,1.0
BRAF,C1319315,0.8
BRAF,C1335060,0.4
BRAF,C1337013,0.75
BRAF,C1512419,0.45
BRAF,C1519086,0.6
BRAF,C1827524,0.45
BRAF,C1835047,0.4
BRAF,C1842036,0.65
BRAF,C1861862,0.4
BRAF,C2239176,0.85
BRAF,C2674727,0.4
BRAF,C3150970,0.6
BRAF,C3150971,0.6
BRAF,C3714756,0.65
BRAF,C4022738,0.45
BRAF,C4225426,0.4
BRAF,C4551602,0.4
BRAF,C4721532,0.6
BRAF,C4722327,0.4
BRAF,C5555857,0.75
BRAF,C5681679,0.4
BRCA1,C0005684,0.7
BRCA1,C0005695,0.75
BRCA1,C0006142,1.0
BRCA1,C0006413,0.4
BRCA1,C0007097,0.85
BRCA1,C0007102,0.8
BRCA1,C0007131,0.8
BRCA1,C0007847,0.75
BRCA1,C0007873,0.6
BRCA1,C0009404,0.7
BRCA1,C0010606,0.6
BRCA1,C0011570,0.7
BRCA1,C0011581,0.7
BRCA1,C0015625,0.75
BRCA1,C0020538,0.4
BRCA1,C0024623,0.85
BRCA1,C0026636,0.4
BRCA1,C0027672,0.85
BRCA1,C0030297,0.7
BRCA1,C0033578,0.8
BRCA1,C0035412,0.6
BRCA1,C0036341,0.5
BRCA1,C0038356,0.65
BRCA1,C0153392,0.45
BRCA1,C0153393,0.45
BRCA1,C0153394,0.45
BRCA1,C0153395,0.45
BRCA1,C0153396,0.45
BRCA1,C0153421,0.45
BRCA1,C0153422,0.45
BRCA1,C0153423,0.45
BRCA1,C0153458,0.45
BRCA1,C0153459,0.45
BRCA1,C0153460,0.45
BRCA1,C0153463,0.45
BRCA1,C0153467,0.7
BRCA1,C0206698,0.7
BRCA1,C0235974,0.85
BRCA1,C0242379,0.75
BRCA1,C0279626,0.7
BRCA1,C0281267,0.6
BRCA1,C0334361,0.7
BRCA1,C0346153,0.9
BRCA1,C0346629,0.75
BRCA1,C0346647,0.9
BRCA1,C0376358,1.0
BRCA1,C0376628,0.55
BRCA1,C0476089,0.7
BRCA1,C0518967,0.4
BRCA1,C0553707,0.4
BRCA1,C0677776,1.0
BRCA1,C0678222,0.9
BRCA1,C0699790,0.6
BRCA1,C0851140,0.45
BRCA1,C0858252,0.5
BRCA1,C0919267,1.0
BRCA1,C1140680,1.0
BRCA1,C1299247,0.45
BRCA1,C1333600,0.75
BRCA1,C1335178,0.4
BRCA1,C1368683,0.6
BRCA1,C1412014,0.7
BRCA1,C1458155,1.0
BRCA1,C1527349,0.7
BRCA1,C1832587,0.4
BRCA1,C1837315,0.4
BRCA1,C1867982,0.4
BRCA1,C1868720,0.4
BRCA1,C1883486,0.4
BRCA1,C2675520,0.4
BRCA1,C2676676,0.45
BRCA1,C2931038,0.8
BRCA1,C2931456,0.7
BRCA1,C3280442,0.4
BRCA1,C3469521,0.75
BRCA1,C3469522,0.4
BRCA1,C3539878,0.95
BRCA1,C4021818,0.4
BRCA1,C4554406,0.8
BRCA1,C4721610,1.0
BRCA1,C5669919,0.4
BRCA2,C0005586,0.5
BRCA2,C0005684,0.6
BRCA2,C0006142,1.0
BRCA2,C0007103,0.75
BRCA2,C0007124,0.7
BRCA2,C0007789,0.4
BRCA2,C0008487,0.6
BRCA2,C0014170,0.55
BRCA2,C0015625,0.9
BRCA2,C0017638,0.75
BRCA2,C0024121,0.55
BRCA2,C0024623,0.8
BRCA2,C0025149,1.0
BRCA2,C0025202,1.0
BRCA2,C0026764,0.65
BRCA2,C0027672,0.85
BRCA2,C0027708,0.95
BRCA2,C0027819,0.75
BRCA2,C0030297,0.9
BRCA2,C0033578,0.85
BRCA2,C0035412,0.6
BRCA2,C0040588,0.45
BRCA2,C0079744,0.6
BRCA2,C0151779,0.75
BRCA2,C0152427,0.4
BRCA2,C0153458,0.5
BRCA2,C0153459,0.5
BRCA2,C0153460,0.5
BRCA2,C0153463,0.5
BRCA2,C0206624,0.7
BRCA2,C0206663,0.7
BRCA2,C0206698,0.7
BRCA2,C0206720,0.4
BRCA2,C0220633,0.65
BRCA2,C0235974,0.85
BRCA2,C0242379,0.9
BRCA2,C0279565,0.6
BRCA2,C0279626,0.75
BRCA2,C0281267,0.6
BRCA2,C0342573,0.4
BRCA2,C0344452,0.4
BRCA2,C0346153,0.9
BRCA2,C0346629,0.75
BRCA2,C0346647,0.9
BRCA2,C0376358,1.0
BRCA2,C0476089,0.6
BRCA2,C0546837,0.65
BRCA2,C0555198,0.45
BRCA2,C0677776,1.0
BRCA2,C0678222,1.0
BRCA2,C0699790,0.5
BRCA2,C0751495,0.4
BRCA2,C0796004,0.4
BRCA2,C0853879,0.6
BRCA2,C0854924,0.75
BRCA2,C0919267,1.0
BRCA2,C1140680,1.0
BRCA2,C1266184,0.4
BRCA2,C1299247,0.45
BRCA2,C1332219,0.5
BRCA2,C1333015,0.7
BRCA2,C1333600,0.75
BRCA2,C1334410,0.5
BRCA2,C1335178,0.4
BRCA2,C1384666,0.45
BRCA2,C1412014,0.6
BRCA2,C1458155,1.0
BRCA2,C1527349,0.6
BRCA2,C1832587,0.4
BRCA2,C1838457,0.95
BRCA2,C1883486,0.4
BRCA2,C2675520,0.4
BRCA2,C2676676,0.4
BRCA2,C2751641,0.4
BRCA2,C2931038,0.8
BRCA2,C2931456,0.8
BRCA2,C2986658,0.4
BRCA2,C3150546,0.4
BRCA2,C3280492,0.65
BRCA2,C3469522,0.4
BRCA2,C3714756,0.45
BRCA2,C3896578,0.65
BRCA2,C4022738,0.4
BRCA2,C4024989,0.4
BRCA2,C4305467,0.6
BRCA2,C4707792,0.4
BRCA2,C4763838,0.4
BRCA2,C5669877,0.4
BRCA2,C5669918,0.4
BRCA2,C5925042,0.4
BRD4,C0002170,0.55
BRD4,C0004936,0.4
BRD4,C0007102,0.7
BRD4,C0009375,0.4
BRD4,C0017636,0.65
BRD4,C0020507,0.4
BRD4,C0020542,0.5
BRD4,C0022680,0.4
BRD4,C0025149,0.65
BRD4,C0029463,0.6
BRD4,C0033578,0.4
BRD4,C0040136,0.6
BRD4,C0206639,0.4
BRD4,C0206663,0.4
BRD4,C0270972,0.85
BRD4,C0278878,0.4
BRD4,C0349588,0.45
BRD4,C1334410,0.4
BRD4,C1514422,0.4
BRD4,C1535926,0.4
BRD4,C1707291,0.75
BRD4,C1800706,0.65
BRD4,C3714756,0.45
BRD4,C4277682,0.4
BRD4,C4551851,0.4
BRD4,C5680525,0.45
BRD4,C5882712,0.6
BRF1,C0009402,0.5
BRF1,C0018784,0.4
BRF1,C0018798,0.4
BRF1,C0026351,0.4
BRF1,C0346629,0.5
BRF1,C1458155,0.4
BRF1,C1859778,0.4
BRF1,C2677180,0.4
BRF1,C3714756,0.45
BRF1,C4015495,0.9
BRF1,C4021809,0.4
BRF1,C4748070,0.4
BSG,C0007134,0.65
BSG,C0014859,0.65
BSG,C0024535,0.6
BSG,C0025202,0.75
BSG,C0027626,0.4
BSG,C0030297,0.4
BSG,C0040100,0.4
BSG,C0085084,0.4
BSG,C0153458,0.4
BSG,C0153459,0.4
BSG,C0153460,0.4
BSG,C0153463,0.4
BSG,C0206686,0.4
BSG,C1862939,0.4
BSG,C2239176,0.85
BSG,C5203670,0.85
BTK,C0001768,0.9
BTK,C0006413,0.5
BTK,C0009447,0.6
BTK,C0013338,0.55
BTK,C0020635,0.45
BTK,C0079731,0.85
BTK,C0079744,0.85
BTK,C0086438,0.85
BTK,C0162809,0.45
BTK,C0221026,1.0
BTK,C0221405,0.45
BTK,C0241932,0.5
BTK,C0242342,0.45
BTK,C0242343,0.45
BTK,C0271577,0.45
BTK,C0271582,0.45
BTK,C0271623,0.45
BTK,C0280803,0.6
BTK,C0342381,0.45
BTK,C0345958,0.4
BTK,C0472813,0.7
BTK,C0751958,0.4
BTK,C2874188,0.45
BTK,C2874189,0.45
BTK,C2874190,0.45
BTK,C3152144,0.4
BTK,C4721414,0.85
BTK,C5197805,0.5
BTK,C5203670,0.85
BUB1,C0009402,0.75
BUB1,C0009404,0.7
BUB1,C0346629,1.0
BUB1,C0346647,0.6
BUB1,C0699790,0.5
BUB1,C2239176,0.7
BUB1,C3711387,0.4
BUB1,C4551972,0.5
BUB1,C5231530,0.4
BUB1,C5774280,0.45
C3,C0002395,0.8
C3,C0002895,0.4
C3,C0004096,0.7
C3,C0007787,0.4
C3,C0009324,0.65
C3,C0011860,0.75
C3,C0017665,0.45
C3,C0019050,0.55
C3,C0021051,0.4
C3,C0021655,0.75
C3,C0022660,0.45
C3,C0024141,0.85
C3,C0024143,0.75
C3,C0024437,0.7
C3,C0024790,0.65
C3,C0030524,0.4
C3,C0030807,0.4
C3,C0034152,0.5
C3,C0037116,0.45
C3,C0086774,0.45
C3,C0271084,0.45
C3,C0375359,0.4
C3,C0740392,0.45
C3,C1332655,0.55
C3,C1565662,0.4
C3,C1857813,0.45
C3,C1969651,0.45
C3,C2609414,0.45
C3,C2752037,0.4
C3,C2931788,0.95
C3,C3658339,0.4
C3,C4055342,0.4
C3,C4277682,0.4
C3,C5203670,0.65
C3,C5680166,0.4
C5,C0004096,0.45
C5,C0019050,0.55
C5,C0021051,0.4
C5,C0023890,0.4
C5,C0024790,0.65
C5,C0027947,0.6
C5,C0029823,0.4
C5,C0032285,0.55
C5,C0086774,0.45
C5,C0343047,0.7
C5,C0398765,0.4
C5,C5551904,0.45
C5AR1,C0600327,0.4
CA1,C0001126,0.6
CA1,C0001418,0.5
CA1,C0032273,0.4
CA1,C0035579,0.5
CA1,C0038356,0.6
CA1,C0220981,0.6
CA1,C0279626,0.4
CA1,C4015931,0.4
CA1,C4015932,0.4
CA2,C0001418,0.6
CA2,C0008311,0.4
CA2,C0029454,0.85
CA2,C0029456,0.65
CA2,C0038356,0.4
CA2,C0279626,0.4
CA2,C0345407,1.0
CA2,C1510586,0.4
CA2,C2239176,0.65
CA3,C0015695,0.55
CA3,C0015696,0.4
CA3,C0028754,0.7
CA3,C0032273,0.4
CA3,C4277682,0.4
CA9,C0002793,0.4
CA9,C0007124,0.6
CA9,C0007131,0.75
CA9,C0007134,1.0
CA9,C0019163,0.6
CA9,C0020542,0.5
CA9,C0242184,0.95
CA9,C0279543,0.5
CA9,C1176475,0.5
CACNA1C,C0003469,0.65
CACNA1C,C0003811,0.8
CACNA1C,C0004352,0.8
CACNA1C,C0005586,1.0
CACNA1C,C0005587,0.4
CACNA1C,C0007193,0.65
CACNA1C,C0007194,0.6
CACNA1C,C0007196,0.4
CACNA1C,C0007789,0.4
CACNA1C,C0011570,0.75
CACNA1C,C0011581,0.75
CACNA1C,C0014544,0.65
CACNA1C,C0014850,0.4
CACNA1C,C0020538,0.8
CACNA1C,C0020615,0.65
CACNA1C,C0021051,0.65
CACNA1C,C0023976,0.75
CACNA1C,C0024517,0.4
CACNA1C,C0024713,0.4
CACNA1C,C0029488,0.4
CACNA1C,C0033975,0.85
CACNA1C,C0034194,0.4
CACNA1C,C0036341,1.0
CACNA1C,C0036572,0.7
CACNA1C,C0041696,0.75
CACNA1C,C0042514,0.65
CACNA1C,C0043202,0.4
CACNA1C,C0085298,0.65
CACNA1C,C0086437,0.4
CACNA1C,C0154409,0.4
CACNA1C,C0178417,0.6
CACNA1C,C0206762,0.4
CACNA1C,C0236780,0.4
CACNA1C,C0238044,0.4
CACNA1C,C0264886,0.6
CACNA1C,C0338656,0.7
CACNA1C,C0349204,0.75
CACNA1C,C0454641,0.5
CACNA1C,C0520806,0.5
CACNA1C,C0525045,0.85
CACNA1C,C0683322,0.4
CACNA1C,C0878544,0.65
CACNA1C,C1141890,0.6
CACNA1C,C1142166,0.8
CACNA1C,C1269683,0.8
CACNA1C,C1527349,0.4
CACNA1C,C1535926,0.65
CACNA1C,C1832916,1.0
CACNA1C,C1854301,0.45
CACNA1C,C2348199,0.65
CACNA1C,C2678478,0.6
CACNA1C,C2751898,0.4
CACNA1C,C3495498,0.4
CACNA1C,C3714756,0.7
CACNA1C,C3887612,0.4
CACNA1C,C4022737,0.4
CACNA1C,C4022738,0.4
CACNA1C,C4023681,0.4
CACNA1C,C4304347,0.65
CACNA1C,C4540327,0.4
CACNA1C,C4551520,0.45
CACNA1C,C4551647,0.4
CACNA1C,C5568766,0.4
CACNA1C,C5574922,0.4
CACNA1C,C5574939,0.7
CACNA1C,C5575746,0.4
CACNA1C,C5774213,0.6
CACNA1I,C0036341,0.85
CACNA1I,C0557874,0.4
CACNA1I,C1141890,0.4
CACNA1I,C1837247,0.4
CACNA1I,C3278923,0.4
CACNA1I,C5680502,0.4
CACNA1I,C5774252,0.5
CACNA1S,C0023976,0.4
CACNA1S,C0024591,1.0
CACNA1S,C0035410,0.65
CACNA1S,C0158551,0.4
CACNA1S,C0175709,0.65
CACNA1S,C0238358,1.0
CACNA1S,C0264490,0.4
CACNA1S,C0268446,0.7
CACNA1S,C0270960,0.7
CACNA1S,C0541794,0.4
CACNA1S,C1866077,0.5
CACNA1S,C2749982,0.4
CACNA1S,C2930980,0.65
CACNA1S,C3714580,0.85
CACNA1S,C4021745,0.4
CACNA1S,C4751572,0.4
CACNA1S,C5437603,0.4
CACNA1S,C5830283,0.7
CACNA2D1,C0009375,0.4
CACNA2D1,C0018790,0.45
CACNA2D1,C0020429,0.4
CACNA2D1,C0020538,0.45
CACNA2D1,C0023976,0.4
CACNA2D1,C0027796,0.4
CACNA2D1,C0030193,0.65
CACNA2D1,C0036572,0.45
CACNA2D1,C0042510,0.45
CACNA2D1,C0235480,0.4
CACNA2D1,C0678222,0.4
CACNA2D1,C1142166,0.5
CACNA2D1,C1535926,0.5
CACNA2D1,C2348199,0.6
CACNA2D1,C3714756,0.55
CACNA2D1,C4551804,0.45
CACNA2D1,C5680057,0.4
CACNA2D1,C5774265,0.6
CACUL1,C0009404,0.4
CACUL1,C0333068,0.4
CALB2,C0031149,0.5
CALB2,C0042164,0.4
CALB2,C0085084,0.4
CALB2,C0278752,0.4
CALB2,C0345967,0.7
CALB2,C0392400,0.4
CALB2,C1332338,0.4
CALB2,C1862939,0.4
CALCA,C0004352,0.5
CALCA,C0007370,0.4
CALCA,C0013080,0.4
CALCA,C0013604,0.65
CALCA,C0020429,0.7
CALCA,C0020437,0.75
CALCA,C0020538,0.85
CALCA,C0020542,0.65
CALCA,C0021368,0.9
CALCA,C0025362,0.5
CALCA,C0029456,0.9
CALCA,C0033578,0.6
CALCA,C0034069,0.5
CALCA,C0040997,0.65
CALCA,C0085129,0.4
CALCA,C0149931,1.0
CALCA,C0149940,0.4
CALCA,C0157946,0.4
CALCA,C0338480,0.7
CALCA,C0344315,0.65
CALCA,C0600467,0.85
CALCA,C3887506,0.4
CALCR,C0020437,0.65
CALCR,C0029456,0.95
CALCR,C3150680,0.4
CALR,C0001815,1.0
CALR,C0002896,0.45
CALR,C0005586,0.5
CALR,C0006413,0.5
CALR,C0007102,0.65
CALR,C0009404,0.55
CALR,C0024624,0.45
CALR,C0026987,0.75
CALR,C0027626,0.4
CALR,C0033578,0.4
CALR,C0033937,0.5
CALR,C0033975,0.6
CALR,C0036337,0.6
CALR,C0036349,0.5
CALR,C0036939,0.5
CALR,C0040028,1.0
CALR,C0151744,0.4
CALR,C0152013,0.6
CALR,C0153491,0.45
CALR,C0153492,0.45
CALR,C0153493,0.45
CALR,C0206754,0.55
CALR,C0279626,0.7
CALR,C0349204,0.6
CALR,C0699790,0.5
CALR,C0836924,1.0
CALR,C0856761,0.6
CALR,C1335060,0.4
CALR,C1335302,0.4
CALR,C2239176,0.65
CALR,C2939461,0.7
CALR,C3277671,0.4
CAMK2G,C0004352,0.4
CAMK2G,C0036857,0.55
CAMK2G,C0557874,0.45
CAMK2G,C1535926,0.5
CAMK2G,C1858120,0.45
CAMK2G,C5193190,0.6
CAMK2G,C5680502,0.4
CAMK4,C0085110,0.4
CAMK4,C0152013,0.4
CAMK4,C0236736,0.4
CAMK4,C0345958,0.4
CAMK4,C0427086,0.4
CAMK4,C0600427,0.65
CAMK4,C3714756,0.6
CAMKK2,C0033578,0.55
CAMKK2,C0036341,0.65
CAMKK2,C0919267,0.6
CAMKK2,C1319315,0.4
CAMKK2,C2200127,0.4
CAMP,C0035854,0.75
CAMP,C0041834,0.4
CAPN1,C0025202,0.65
CAPN1,C0029134,0.65
CAPN1,C5567483,0.9
CARTPT,C0001973,0.7
CARTPT,C0003469,0.75
CARTPT,C0009171,0.7
CARTPT,C0011570,0.65
CARTPT,C0011581,0.65
CARTPT,C0020429,0.4
CARTPT,C0020550,0.4
CARTPT,C0028754,0.95
CARTPT,C0236664,0.4
CARTPT,C0236736,0.4
CARTPT,C3714618,0.4
CASP1,C0001925,0.55
CASP1,C0020517,0.55
CASP1,C0021368,0.85
CASP1,C0021655,0.75
CASP1,C0022658,0.4
CASP1,C0026769,0.65
CASP1,C0027055,0.4
CASP1,C0028754,0.75
CASP1,C0032285,0.65
CASP1,C0038220,0.4
CASP1,C0085084,0.4
CASP1,C0598608,0.4
CASP1,C1862939,0.4
CASP10,C0024305,0.7
CASP10,C0024623,0.75
CASP10,C0038356,0.45
CASP10,C0153421,0.4
CASP10,C0153422,0.4
CASP10,C0153423,0.4
CASP10,C1328840,0.8
CASP10,C1858968,0.8
CASP10,C4721532,0.55
CASP10,C5669877,0.4
CASP12,C0011854,0.45
CASP12,C0027055,0.45
CASP14,C0079154,0.4
CASP14,C4310621,0.4
CASP2,C0007134,0.5
CASP2,C0025362,0.45
CASP2,C5680181,0.4
CASP2,C5882733,0.4
CASP3,C0002395,0.8
CASP3,C0006663,0.4
CASP3,C0007102,0.8
CASP3,C0007131,0.9
CASP3,C0007786,0.65
CASP3,C0009324,0.7
CASP3,C0010417,0.6
CASP3,C0011860,0.8
CASP3,C0011871,0.4
CASP3,C0011875,0.4
CASP3,C0011882,0.45
CASP3,C0011884,0.65
CASP3,C0013604,0.65
CASP3,C0018824,0.4
CASP3,C0019189,0.55
CASP3,C0024623,0.75
CASP3,C0026936,0.4
CASP3,C0027051,0.85
CASP3,C0027055,0.7
CASP3,C0027746,0.75
CASP3,C0027765,0.6
CASP3,C0030567,0.75
CASP3,C0035126,0.8
CASP3,C0035305,0.4
CASP3,C0036341,0.6
CASP3,C0037929,0.7
CASP3,C0038220,0.65
CASP3,C0038356,0.55
CASP3,C0038525,0.75
CASP3,C0079485,0.4
CASP3,C0153421,0.4
CASP3,C0153422,0.4
CASP3,C0153423,0.4
CASP3,C0235032,0.85
CASP3,C0242488,0.55
CASP3,C0243026,0.65
CASP3,C0375359,0.4
CASP3,C1876165,0.4
CASP3,C2937358,0.55
CASP6,C0677886,0.45
CASP7,C0002395,0.65
CASP7,C0006142,0.6
CASP7,C0007102,0.65
CASP7,C0007131,0.65
CASP7,C0023467,0.5
CASP7,C0027055,0.4
CASP7,C0042900,0.45
CASP7,C1458155,0.5
CASP8,C0001418,0.5
CASP8,C0005586,0.5
CASP8,C0006142,0.9
CASP8,C0007131,0.9
CASP8,C0007873,0.4
CASP8,C0009404,0.6
CASP8,C0011616,0.4
CASP8,C0011860,0.7
CASP8,C0013604,0.4
CASP8,C0014859,0.6
CASP8,C0021051,0.65
CASP8,C0023449,0.6
CASP8,C0024121,0.4
CASP8,C0024314,0.5
CASP8,C0024624,0.45
CASP8,C0025202,0.75
CASP8,C0027055,0.45
CASP8,C0030297,0.45
CASP8,C0035126,0.65
CASP8,C0037286,0.45
CASP8,C0038220,0.45
CASP8,C0038356,0.4
CASP8,C0153458,0.45
CASP8,C0153459,0.45
CASP8,C0153460,0.45
CASP8,C0153463,0.45
CASP8,C0153491,0.45
CASP8,C0153492,0.45
CASP8,C0153493,0.45
CASP8,C0162820,0.4
CASP8,C0242379,0.7
CASP8,C0279607,0.4
CASP8,C0279628,0.5
CASP8,C0343641,0.6
CASP8,C0346153,0.5
CASP8,C0751651,0.4
CASP8,C0950124,0.4
CASP8,C1168401,0.8
CASP8,C1328840,0.75
CASP8,C1335469,0.4
CASP8,C1458155,0.65
CASP8,C1846545,0.85
CASP8,C1968897,0.4
CASP8,C2239176,0.9
CASP8,C2873719,0.5
CASP8,C2931456,0.4
CASP8,C2937358,0.6
CASP8,C4016759,0.4
CASP9,C0005684,0.7
CASP9,C0005695,0.45
CASP9,C0007131,0.9
CASP9,C0007786,0.4
CASP9,C0007787,0.45
CASP9,C0009404,0.45
CASP9,C0011860,0.65
CASP9,C0013604,0.4
CASP9,C0027055,0.45
CASP9,C0027765,0.5
CASP9,C0030297,0.45
CASP9,C0030567,0.7
CASP9,C0031117,0.4
CASP9,C0033578,0.65
CASP9,C0035305,0.4
CASP9,C0153458,0.45
CASP9,C0153459,0.45
CASP9,C0153460,0.45
CASP9,C0153463,0.45
CASP9,C0346629,0.8
CASP9,C1335029,0.4
CASR,C0004775,0.75
CASR,C0006705,0.75
CASR,C0007194,0.4
CASR,C0014544,0.7
CASR,C0020437,1.0
CASR,C0020502,1.0
CASR,C0020503,0.8
CASR,C0020598,0.85
CASR,C0020599,0.8
CASR,C0020626,0.75
CASR,C0025362,0.55
CASR,C0027672,0.4
CASR,C0156257,0.5
CASR,C0221002,1.0
CASR,C0262587,0.8
CASR,C0268450,0.65
CASR,C0270850,0.55
CASR,C0342345,0.65
CASR,C0342637,1.0
CASR,C0348454,0.45
CASR,C0376358,0.7
CASR,C1535926,0.4
CASR,C1809471,0.85
CASR,C1832615,1.0
CASR,C1832648,0.6
CASR,C2752062,0.45
CASR,C3715128,1.0
CASR,C4048195,0.9
CASR,C5241444,0.4
CASR,C5779632,0.65
CAT,C0000771,0.4
CAT,C0001308,0.4
CAT,C0001973,0.65
CAT,C0002103,0.4
CAT,C0003493,0.4
CAT,C0003873,0.75
CAT,C0003977,0.4
CAT,C0004045,0.4
CAT,C0004096,0.85
CAT,C0004352,0.6
CAT,C0004943,0.65
CAT,C0005684,0.6
CAT,C0005695,0.4
CAT,C0007131,0.7
CAT,C0007786,0.7
CAT,C0008370,0.6
CAT,C0011849,0.85
CAT,C0011854,0.8
CAT,C0011860,0.95
CAT,C0011882,0.65
CAT,C0013386,0.4
CAT,C0013604,0.55
CAT,C0015695,0.8
CAT,C0015696,0.45
CAT,C0017605,0.4
CAT,C0017638,0.65
CAT,C0018801,0.7
CAT,C0018802,0.7
CAT,C0019189,0.4
CAT,C0020192,0.55
CAT,C0020452,0.65
CAT,C0020538,0.9
CAT,C0020550,0.7
CAT,C0020649,0.65
CAT,C0022593,0.6
CAT,C0022661,0.7
CAT,C0023891,0.4
CAT,C0024115,0.75
CAT,C0024141,0.7
CAT,C0024517,0.4
CAT,C0024796,0.4
CAT,C0025202,0.8
CAT,C0025500,0.6
CAT,C0027051,0.8
CAT,C0027055,0.8
CAT,C0027540,0.65
CAT,C0027543,0.5
CAT,C0027626,0.4
CAT,C0029134,0.65
CAT,C0029445,0.5
CAT,C0029458,0.6
CAT,C0033141,0.4
CAT,C0033847,0.4
CAT,C0033860,0.9
CAT,C0034063,0.55
CAT,C0034065,0.5
CAT,C0034069,0.7
CAT,C0035126,0.8
CAT,C0035334,0.7
CAT,C0036529,0.4
CAT,C0036646,0.45
CAT,C0038220,0.65
CAT,C0038358,0.7
CAT,C0041408,0.5
CAT,C0041696,0.6
CAT,C0042900,0.5
CAT,C0079744,0.65
CAT,C0085580,0.65
CAT,C0149519,0.4
CAT,C0151526,0.6
CAT,C0154409,0.4
CAT,C0158442,0.4
CAT,C0158449,0.4
CAT,C0158450,0.4
CAT,C0158451,0.4
CAT,C0220701,0.45
CAT,C0242488,0.65
CAT,C0268419,1.0
CAT,C0349231,0.4
CAT,C0376628,0.4
CAT,C0400966,0.85
CAT,C0555198,0.6
CAT,C0745048,0.4
CAT,C0876994,0.75
CAT,C0878544,0.75
CAT,C1269683,0.65
CAT,C1456865,0.4
CAT,C1458155,0.75
CAT,C1527168,0.4
CAT,C2239176,0.9
CAT,C2936847,0.5
CAT,C2985290,0.4
CAT,C3241937,0.65
CAT,C3714618,0.45
CAT,C4277682,0.45
CATSPER1,C0021364,0.8
CATSPER1,C0403811,0.4
CATSPER1,C2751811,0.5
CAV1,C0002736,0.7
CAV1,C0004238,0.8
CAV1,C0006142,0.95
CAV1,C0017612,0.6
CAV1,C0018800,0.45
CAV1,C0020538,0.85
CAV1,C0023787,0.85
CAV1,C0024121,0.6
CAV1,C0026769,0.7
CAV1,C0033578,0.95
CAV1,C0034069,0.85
CAV1,C0036341,0.65
CAV1,C0036421,0.7
CAV1,C0037116,0.55
CAV1,C0038325,0.4
CAV1,C0038356,0.65
CAV1,C0043094,0.4
CAV1,C0152171,0.6
CAV1,C0206710,0.55
CAV1,C0221032,0.7
CAV1,C0271694,0.65
CAV1,C0339573,0.8
CAV1,C0340543,0.65
CAV1,C0376358,0.9
CAV1,C0494360,0.45
CAV1,C0596263,0.75
CAV1,C0677886,0.55
CAV1,C0678222,0.9
CAV1,C0748540,0.45
CAV1,C0919267,0.8
CAV1,C1258104,0.5
CAV1,C1368295,0.4
CAV1,C1458155,0.85
CAV1,C1720859,0.45
CAV1,C1720860,0.45
CAV1,C1720861,0.45
CAV1,C2675861,0.6
CAV1,C2973725,0.8
CAV1,C3697119,0.4
CAV1,C3807567,0.4
CAV1,C3809192,0.4
CAV1,C3888631,0.4
CAV1,C4225221,0.4
CAV1,C5574860,0.4
CAV3,C0007194,0.7
CAV3,C0018798,0.5
CAV3,C0018800,0.4
CAV3,C0023976,0.7
CAV3,C0026850,0.85
CAV3,C0038644,0.65
CAV3,C0241005,0.85
CAV3,C0410207,0.4
CAV3,C0427144,0.4
CAV3,C0686353,0.8
CAV3,C0878544,0.75
CAV3,C0949658,0.6
CAV3,C1141890,0.6
CAV3,C1832560,0.5
CAV3,C1838254,0.4
CAV3,C1853698,0.9
CAV3,C2676788,0.4
CAV3,C2678485,0.8
CAV3,C2931337,0.4
CAV3,C3280443,0.7
CAV3,C3495498,0.6
CAV3,C4016724,0.4
CAV3,C4021745,0.4
CAV3,C4551647,0.45
CAV3,C4751434,0.4
CAV3,C5679790,0.8
CBR1,C0009375,0.4
CBR1,C0022661,0.55
CBR1,C0033141,0.4
CBR1,C0033578,0.4
CBR1,C0036529,0.4
CBR1,C0162823,0.4
CBR1,C0878544,0.5
CBR1,C1510586,0.4
CBR1,C2239176,0.65
CCK,C0001973,0.75
CCK,C0003123,0.75
CCK,C0007370,0.65
CCK,C0008350,0.75
CCK,C0012242,0.4
CCK,C0013386,0.4
CCK,C0015967,0.4
CCK,C0021368,0.75
CCK,C0023895,0.5
CCK,C0028043,0.45
CCK,C0030305,0.75
CCK,C0036341,0.75
CCK,C0038358,0.65
CCK,C0041657,0.4
CCK,C0235032,0.4
CCK,C0338831,0.55
CCK,C0525041,0.4
CCK,C0564408,0.55
CCK,C0947622,0.75
CCK,C3887506,0.4
CCKBR,C0020429,0.55
CCKBR,C0028768,0.5
CCKBR,C0030297,0.7
CCKBR,C0030319,0.85
CCKBR,C0153458,0.45
CCKBR,C0153459,0.45
CCKBR,C0153460,0.45
CCKBR,C0153463,0.45
CCKBR,C0236736,0.4
CCL11,C0004096,1.0
CCL11,C0007786,0.4
CCL11,C0011615,0.75
CCL11,C0013182,0.4
CCL11,C0014175,0.75
CCL11,C0019693,0.8
CCL11,C0020456,0.55
CCL11,C0020517,0.8
CCL11,C0021368,0.85
CCL11,C0032285,0.55
CCL11,C0034069,0.65
CCL11,C0949804,0.4
CCL11,C1836230,0.4
CCL11,C1869116,0.4
CCL11,C3825727,0.4
CCL2,C0004096,0.95
CCL2,C0004153,0.95
CCL2,C0004943,0.75
CCL2,C0005586,0.75
CCL2,C0005587,0.55
CCL2,C0006663,0.65
CCL2,C0007137,0.75
CCL2,C0007222,0.9
CCL2,C0007273,0.55
CCL2,C0007786,0.8
CCL2,C0010054,0.8
CCL2,C0010068,0.85
CCL2,C0011881,0.9
CCL2,C0013264,0.6
CCL2,C0014170,0.5
CCL2,C0015695,0.9
CCL2,C0015696,0.55
CCL2,C0017658,0.85
CCL2,C0018801,0.9
CCL2,C0018802,0.8
CCL2,C0019284,0.4
CCL2,C0019693,0.9
CCL2,C0020429,0.8
CCL2,C0020456,0.85
CCL2,C0020459,0.7
CCL2,C0020473,0.75
CCL2,C0020476,0.5
CCL2,C0020500,0.55
CCL2,C0020517,0.75
CCL2,C0020538,0.9
CCL2,C0020542,0.8
CCL2,C0021368,1.0
CCL2,C0021400,0.8
CCL2,C0021655,0.9
CCL2,C0022116,0.9
CCL2,C0022661,0.95
CCL2,C0022876,0.75
CCL2,C0023283,0.6
CCL2,C0023890,0.9
CCL2,C0023895,0.85
CCL2,C0024117,0.9
CCL2,C0024141,0.9
CCL2,C0024143,0.9
CCL2,C0024713,0.45
CCL2,C0026764,0.7
CCL2,C0026769,0.9
CCL2,C0027051,0.9
CCL2,C0027055,0.7
CCL2,C0027626,0.4
CCL2,C0027707,0.5
CCL2,C0028754,1.0
CCL2,C0030305,0.8
CCL2,C0031106,0.75
CCL2,C0032226,0.4
CCL2,C0032285,0.9
CCL2,C0034069,0.9
CCL2,C0034152,0.65
CCL2,C0035126,0.75
CCL2,C0035222,0.65
CCL2,C0035304,0.65
CCL2,C0036341,0.85
CCL2,C0037116,0.7
CCL2,C0037926,0.45
CCL2,C0038220,0.7
CCL2,C0039483,0.65
CCL2,C0040034,0.75
CCL2,C0040128,0.5
CCL2,C0040136,0.6
CCL2,C0041327,0.8
CCL2,C0041696,0.7
CCL2,C0042165,0.7
CCL2,C0079485,0.4
CCL2,C0080178,0.5
CCL2,C0085129,0.7
CCL2,C0151744,0.9
CCL2,C0151779,0.5
CCL2,C0154830,0.75
CCL2,C0156147,0.4
CCL2,C0236780,0.45
CCL2,C0264694,0.45
CCL2,C0270611,0.8
CCL2,C0273115,0.75
CCL2,C0278601,0.6
CCL2,C0338831,0.55
CCL2,C0524620,0.85
CCL2,C0585362,0.8
CCL2,C0740392,0.4
CCL2,C0751688,0.4
CCL2,C0876994,0.75
CCL2,C1175175,0.75
CCL2,C1269683,0.85
CCL2,C1332355,0.4
CCL2,C1834750,0.4
CCL2,C1834751,0.4
CCL2,C1834752,0.4
CCL2,C1836230,0.4
CCL2,C2239176,0.9
CCL2,C3539878,0.75
CCL2,C4277682,0.4
CCL2,C5203670,0.9
CCL20,C0009324,0.9
CCL20,C0009375,0.4
CCL20,C0011854,0.4
CCL20,C0020517,0.5
CCL20,C0026769,0.75
CCL20,C0029574,0.4
CCL20,C0029866,0.4
CCL20,C0030297,0.55
CCL20,C0032285,0.6
CCL20,C0037274,0.7
CCL20,C0037277,0.4
CCL20,C0153458,0.45
CCL20,C0153459,0.45
CCL20,C0153460,0.45
CCL20,C0153463,0.45
CCL20,C0311375,0.4
CCL20,C0375359,0.4
CCL20,C1458155,0.6
CCL22,C0011615,0.85
CCL22,C0014175,0.4
CCL22,C3552634,0.4
CCL24,C0004096,0.9
CCL24,C0011615,0.6
CCL24,C0013182,0.4
CCL24,C0020517,0.6
CCL24,C0032285,0.4
CCL24,C0035455,0.55
CCL24,C0041696,0.5
CCL24,C1269683,0.5
CCL26,C0004096,0.9
CCL26,C0035455,0.65
CCL26,C0341106,0.85
CCL3,C0004153,0.65
CCL3,C0007786,0.4
CCL3,C0009375,0.4
CCL3,C0017658,0.45
CCL3,C0019693,0.85
CCL3,C0020517,0.55
CCL3,C0021368,0.85
CCL3,C0027626,0.4
CCL3,C0034069,0.65
CCL3,C0035126,0.5
CCL3,C0038220,0.7
CCL3,C0151744,0.4
CCL3,C0273115,0.4
CCL3,C0278752,0.4
CCL3,C0345967,0.4
CCL3,C0392400,0.4
CCL3,C1332338,0.4
CCL3,C2239176,0.75
CCL3,C5203670,0.85
CCL4,C0001175,0.75
CCL4,C0004153,0.75
CCL4,C0007786,0.4
CCL4,C0017658,0.6
CCL4,C0020517,0.5
CCL4,C0021368,0.85
CCL4,C0029574,0.4
CCL4,C0032285,0.5
CCL4,C0034069,0.6
CCL4,C0037274,0.4
CCL4,C0037277,0.4
CCL4,C0151744,0.4
CCL4,C0273115,0.55
CCL4,C0311375,0.4
CCL4,C0949804,0.4
CCL5,C0001306,0.4
CCL5,C0004096,0.95
CCL5,C0008312,0.55
CCL5,C0011615,0.85
CCL5,C0011854,0.8
CCL5,C0017658,0.65
CCL5,C0019163,0.65
CCL5,C0019196,0.75
CCL5,C0019693,0.9
CCL5,C0020500,0.6
CCL5,C0023890,0.7
CCL5,C0023892,0.45
CCL5,C0027626,0.4
CCL5,C0030305,0.65
CCL5,C0034069,0.7
CCL5,C0041327,0.65
CCL5,C0241910,0.4
CCL5,C0278752,0.4
CCL5,C0345967,0.6
CCL5,C0392400,0.4
CCL5,C1175175,0.65
CCL5,C1332338,0.4
CCL5,C1332355,0.4
CCL5,C2239176,0.9
CCL5,C4016386,0.4
CCL5,C4016387,0.4
CCN1,C0003873,0.75
CCN1,C0017638,0.7
CCN1,C0024121,0.7
CCN1,C0036421,0.6
CCN1,C0555198,0.4
CCN1,C2239176,0.75
CCN2,C0001418,0.55
CCN2,C0003504,0.45
CCN2,C0003873,0.75
CCN2,C0005398,0.4
CCN2,C0011616,0.4
CCN2,C0017668,0.6
CCN2,C0018801,0.8
CCN2,C0018802,0.8
CCN2,C0019284,0.4
CCN2,C0020538,0.75
CCN2,C0021361,0.4
CCN2,C0023890,0.65
CCN2,C0024115,0.65
CCN2,C0024121,0.4
CCN2,C0033054,0.4
CCN2,C0034069,0.8
CCN2,C0036421,0.75
CCN2,C0085207,0.55
CCN2,C0155568,0.45
CCN2,C0264774,0.45
CCN2,C0432239,0.55
CCN2,C0524909,0.65
CCN2,C0677886,0.4
CCN2,C0862030,0.4
CCNA1,C0033578,0.4
CCNA1,C0343641,0.6
CCNA1,C0376358,0.6
CCNA1,C0950124,0.4
CCNA1,C1168401,0.6
CCNA1,C2239176,0.6
CCNA2,C0025362,0.4
CCNA2,C0036341,0.55
CCNA2,C1168401,0.65
CCNB1,C0006142,0.8
CCNB1,C0007131,0.8
CCNB1,C0032460,0.6
CCNB1,C0033578,0.65
CCNB1,C0376358,0.75
CCNB1,C1168401,0.65
CCNB1,C2239176,0.75
CCND1,C0001418,0.85
CCND1,C0005684,0.8
CCND1,C0005695,0.9
CCND1,C0006079,0.65
CCND1,C0006118,0.7
CCND1,C0007097,0.95
CCND1,C0007131,0.95
CCND1,C0007134,0.9
CCND1,C0007137,1.0
CCND1,C0007138,0.8
CCND1,C0007528,0.4
CCND1,C0007873,0.4
CCND1,C0009375,0.85
CCND1,C0009404,0.9
CCND1,C0010606,0.6
CCND1,C0014170,0.75
CCND1,C0014859,0.85
CCND1,C0017638,0.9
CCND1,C0018923,0.65
CCND1,C0019562,0.8
CCND1,C0020502,0.65
CCND1,C0020507,0.85
CCND1,C0021846,0.5
CCND1,C0022665,0.75
CCND1,C0023418,0.8
CCND1,C0023434,0.85
CCND1,C0023467,0.8
CCND1,C0023903,0.65
CCND1,C0024121,0.75
CCND1,C0024305,0.9
CCND1,C0026764,1.0
CCND1,C0030297,0.85
CCND1,C0030354,0.75
CCND1,C0033578,0.8
CCND1,C0036095,0.6
CCND1,C0036341,0.6
CCND1,C0038356,0.65
CCND1,C0040136,0.85
CCND1,C0041696,0.6
CCND1,C0042076,0.4
CCND1,C0149925,0.75
CCND1,C0151744,0.4
CCND1,C0152013,0.85
CCND1,C0153458,0.45
CCND1,C0153459,0.45
CCND1,C0153460,0.45
CCND1,C0153463,0.45
CCND1,C0205875,0.4
CCND1,C0206692,0.65
CCND1,C0279626,0.95
CCND1,C0334265,0.55
CCND1,C0346629,0.95
CCND1,C0553707,0.4
CCND1,C0555198,0.75
CCND1,C0677886,0.7
CCND1,C0751688,0.7
CCND1,C0751958,0.65
CCND1,C0854893,0.4
CCND1,C0919532,0.4
CCND1,C1141890,0.4
CCND1,C1168401,0.9
CCND1,C1269683,0.6
CCND1,C1335060,0.4
CCND1,C1335302,0.75
CCND1,C1368683,0.65
CCND1,C1458155,0.9
CCND1,C1858438,0.4
CCND1,C2239176,1.0
CCND1,C3805838,0.4
CCND1,C4721414,1.0
CCND2,C0006142,0.7
CCND2,C0007124,0.65
CCND2,C0007138,0.55
CCND2,C0009375,0.6
CCND2,C0009404,0.55
CCND2,C0011860,1.0
CCND2,C0016059,0.4
CCND2,C0018800,0.4
CCND2,C0019163,0.55
CCND2,C0020255,0.45
CCND2,C0023467,0.8
CCND2,C0023903,0.4
CCND2,C0024620,0.4
CCND2,C0033578,0.5
CCND2,C0036341,0.6
CCND2,C0036572,0.45
CCND2,C0149782,0.45
CCND2,C0151744,0.4
CCND2,C0152013,0.6
CCND2,C0206692,0.55
CCND2,C0221355,0.65
CCND2,C0334265,0.45
CCND2,C0345904,0.5
CCND2,C0376358,0.8
CCND2,C0699791,0.6
CCND2,C0854795,0.4
CCND2,C0919267,0.75
CCND2,C1335060,0.4
CCND2,C1845668,0.4
CCND2,C1879677,0.55
CCND2,C2239176,0.65
CCND2,C3810405,0.4
CCND2,C4012727,0.6
CCND2,C4014742,0.5
CCND2,C4282400,0.4
CCND2,C4302893,0.5
CCND3,C0023492,0.75
CCNE1,C0005684,0.75
CCNE1,C0005695,0.6
CCNE1,C0025149,0.5
CCNE1,C0206663,0.4
CCNE1,C0858252,0.55
CCNE1,C0919267,0.85
CCNE1,C1168401,0.5
CCNE1,C1334410,0.4
CCNE1,C1458155,0.85
CCNE1,C2239176,0.8
CCNE2,C0014175,0.4
CCNE2,C0032460,0.4
CCNE2,C0278752,0.4
CCNE2,C0345967,0.4
CCNE2,C0392400,0.4
CCNE2,C1168401,0.55
CCNE2,C1332338,0.4
CCNE2,C3658266,0.4
CCNE2,C3658267,0.4
CCNG1,C0024121,0.4
CCNG1,C0030297,0.4
CCNG1,C0153458,0.4
CCNG1,C0153459,0.4
CCNG1,C0153460,0.4
CCNG1,C0153463,0.4
CCNG1,C0153519,0.45
CCNG1,C0278511,0.4
CCNG1,C0677776,0.4
CCNG1,C0677886,0.65
CCNG1,C0919267,0.6
CCNG1,C1140680,0.6
CCNG1,C1299247,0.4
CCNG1,C2239176,0.8
CCR1,C0003873,0.8
CCR1,C0004943,0.75
CCR1,C0009375,0.55
CCR1,C0011616,0.4
CCR1,C0020517,0.4
CCR1,C0023895,0.55
CCR1,C0032285,0.7
CCR1,C0162820,0.45
CCR1,C2239176,0.75
CCR2,C0003872,0.55
CCR2,C0004096,0.8
CCR2,C0010054,0.75
CCR2,C0010068,0.75
CCR2,C0011854,0.9
CCR2,C0018801,0.7
CCR2,C0018802,0.7
CCR2,C0019693,0.9
CCR2,C0020517,0.65
CCR2,C0023895,0.75
CCR2,C0026691,0.65
CCR2,C0027051,0.9
CCR2,C0029839,0.45
CCR2,C0031106,0.55
CCR2,C0032285,0.7
CCR2,C0034069,0.7
CCR2,C0035455,0.45
CCR2,C0036202,0.65
CCR2,C0038220,0.65
CCR2,C0041326,0.55
CCR2,C0042166,0.45
CCR2,C0042167,0.45
CCR2,C0151744,0.65
CCR2,C0152531,0.45
CCR2,C0162820,0.6
CCR2,C0264694,0.45
CCR2,C0362046,0.55
CCR2,C0400966,0.75
CCR2,C0555214,0.45
CCR2,C0585362,0.65
CCR2,C1384901,0.45
CCR2,C1836230,0.4
CCR2,C3241937,0.65
CCR2,C4277682,0.4
CCR2,C5203670,0.8
CCR3,C0004096,0.9
CCR3,C0011615,0.75
CCR3,C0019693,0.7
CCR3,C0034069,0.6
CCR3,C0035455,0.55
CCR3,C0038220,0.55
CCR3,C0341823,0.4
CCR3,C3825727,0.4
CCR4,C0007570,0.4
CCR4,C0007786,0.4
CCR4,C0017638,0.55
CCR4,C0023493,0.8
CCR4,C0023903,0.4
CCR4,C0036920,0.8
CCR4,C0555198,0.4
CCR5,C0003873,0.75
CCR5,C0004096,0.8
CCR5,C0004943,0.65
CCR5,C0005138,0.5
CCR5,C0006142,0.8
CCR5,C0009375,0.4
CCR5,C0009404,0.5
CCR5,C0011615,0.65
CCR5,C0011854,0.9
CCR5,C0015556,0.45
CCR5,C0016978,0.4
CCR5,C0019163,0.65
CCR5,C0019196,0.8
CCR5,C0019693,1.0
CCR5,C0020538,0.7
CCR5,C0022660,0.4
CCR5,C0023283,0.65
CCR5,C0026691,0.65
CCR5,C0026769,0.85
CCR5,C0027697,0.55
CCR5,C0029839,0.45
CCR5,C0035235,0.65
CCR5,C0036202,0.75
CCR5,C0036205,0.45
CCR5,C0036341,0.6
CCR5,C0042167,0.45
CCR5,C0043124,0.7
CCR5,C0086981,0.55
CCR5,C0153452,0.5
CCR5,C0157916,0.45
CCR5,C0157917,0.45
CCR5,C0157918,0.45
CCR5,C0278806,0.4
CCR5,C0409667,0.45
CCR5,C1527336,0.55
CCR5,C1565662,0.4
CCR5,C1835407,0.4
CCR5,C1835867,0.4
CCR5,C1836031,0.4
CCR5,C1836230,0.5
CCR5,C2609414,0.4
CCR5,C2675864,0.5
CCR5,C3495801,0.65
CCR5,C3837958,0.45
CCR5,C4016730,0.4
CCR5,C4017844,0.4
CCR5,C4290090,0.45
CCR5,C4290091,0.45
CCR5,C4290092,0.45
CCR6,C0003873,0.9
CCR6,C0009324,0.65
CCR6,C0020517,0.5
CCR6,C0032285,0.4
CCR6,C0042900,0.5
CCR6,C0178417,0.55
CCR6,C0375359,0.4
CCR6,C1258104,0.4
CCR6,C5574860,0.4
CCR7,C0023493,0.7
CCR7,C0038220,0.55
CCR7,C0156147,0.4
CCR7,C0178417,0.55
CD14,C0003868,0.4
CD14,C0004096,0.95
CD14,C0007273,0.65
CD14,C0007570,0.65
CD14,C0010674,0.75
CD14,C0013369,0.4
CD14,C0013595,0.85
CD14,C0017661,0.6
CD14,C0018099,0.65
CD14,C0020517,0.85
CD14,C0020538,0.65
CD14,C0023890,0.8
CD14,C0027051,0.9
CD14,C0035455,0.55
CD14,C0036202,0.85
CD14,C0041327,0.65
CD14,C0157916,0.4
CD14,C0157917,0.4
CD14,C0157918,0.4
CD14,C0270611,0.6
CD14,C0400966,0.75
CD14,C0409667,0.4
CD14,C1262477,0.7
CD14,C3241937,0.65
CD19,C0001768,0.5
CD19,C0001969,0.5
CD19,C0009447,0.95
CD19,C0086438,0.7
CD19,C3150354,0.4
CD19,C3150738,0.6
CD19,C5197805,0.4
CD1D,C0041327,0.65
CD209,C0001175,0.6
CD209,C0004030,0.65
CD209,C0011311,0.75
CD209,C0019100,0.65
CD209,C0019196,0.7
CD209,C0019693,0.75
CD209,C0041295,0.45
CD209,C0041327,0.7
CD209,C0679362,0.45
CD209,C1834752,0.4
CD209,C1836230,0.4
CD209,C1858186,0.4
CD209,C3280582,0.4
CD209,C5203670,0.6
CD24,C0026769,0.9
CD24,C0030297,0.75
CD24,C0153458,0.4
CD24,C0153459,0.4
CD24,C0153460,0.4
CD24,C0153463,0.4
CD274,C0020517,0.75
CD274,C0024121,0.85
CD274,C0024232,0.7
CD274,C0024299,0.85
CD274,C0025202,0.95
CD274,C0027666,0.4
CD274,C0038356,0.7
CD274,C0236969,0.4
CD274,C0598798,0.5
CD274,C0919267,1.0
CD274,C1527349,0.6
CD274,C2239176,0.95
CD274,C3714644,0.6
CD276,C0033578,0.5
CD276,C2239176,0.85
CD28,C0003089,0.4
CD28,C0003873,0.8
CD28,C0005138,0.5
CD28,C0011854,0.9
CD28,C0019693,0.8
CD28,C0023493,0.65
CD28,C0026769,0.9
CD28,C0036920,0.6
CD28,C0079773,0.65
CD28,C0079774,0.6
CD28,C0263454,0.4
CD28,C0376407,0.4
CD28,C4707404,0.4
CD28,C5935639,0.6
CD33,C0002395,1.0
CD33,C0023467,0.95
CD34,C0033975,0.5
CD34,C0041696,0.5
CD34,C0349204,0.5
CD34,C1269683,0.5
CD34,C2239176,0.85
CD36,C0005818,0.6
CD36,C0007193,0.6
CD36,C0007570,0.5
CD36,C0010068,0.85
CD36,C0011860,0.95
CD36,C0019061,0.55
CD36,C0020538,0.8
CD36,C0021051,0.5
CD36,C0021655,0.9
CD36,C0024530,0.8
CD36,C0029454,0.4
CD36,C0030807,0.45
CD36,C0035126,0.4
CD36,C0038160,0.4
CD36,C0041327,0.55
CD36,C0043094,0.65
CD36,C0151744,0.7
CD36,C0157946,0.45
CD36,C0162820,0.4
CD36,C0271650,0.75
CD36,C1842090,0.85
CD36,C1855457,0.4
CD36,C1867743,0.5
CD36,C1969379,0.4
CD36,C1970028,0.4
CD36,C1970441,0.4
CD38,C0001925,0.5
CD38,C0011854,0.8
CD38,C0011860,0.8
CD38,C0151744,0.55
CD4,C0013264,0.5
CD4,C0018213,0.5
CD4,C0027746,0.65
CD4,C0162526,0.4
CD4,C3151379,0.5
CD4,C3501681,0.4
CD4,C5543220,0.5
CD40,C0003864,0.9
CD40,C0003873,1.0
CD40,C0004096,0.8
CD40,C0006413,0.75
CD40,C0018213,0.85
CD40,C0019829,0.75
CD40,C0020456,0.65
CD40,C0020459,0.5
CD40,C0021655,0.65
CD40,C0022661,0.65
CD40,C0023484,0.55
CD40,C0024141,0.95
CD40,C0024301,0.8
CD40,C0024305,0.75
CD40,C0025202,0.85
CD40,C0026691,0.85
CD40,C0026764,0.85
CD40,C0026769,1.0
CD40,C0028754,0.75
CD40,C0030807,0.65
CD40,C0033860,0.85
CD40,C0038220,0.65
CD40,C0079731,0.8
CD40,C0079744,0.8
CD40,C0079745,0.65
CD40,C0079758,0.45
CD40,C0079765,0.45
CD40,C0153461,0.45
CD40,C0156147,0.45
CD40,C0272236,0.8
CD40,C0398689,0.75
CD40,C0887833,0.45
CD40,C1334069,0.55
CD40,C1458155,0.7
CD40,C1720957,0.9
CD40,C1956130,0.45
CD40,C1956131,0.45
CD40LG,C0002736,0.6
CD40LG,C0003089,0.45
CD40LG,C0009447,0.7
CD40LG,C0010054,0.85
CD40LG,C0010068,0.95
CD40LG,C0013374,0.6
CD40LG,C0018213,0.7
CD40LG,C0019693,0.9
CD40LG,C0019829,0.7
CD40LG,C0020517,0.7
CD40LG,C0020542,0.55
CD40LG,C0024141,0.9
CD40LG,C0024143,0.8
CD40LG,C0024301,0.65
CD40LG,C0026691,0.6
CD40LG,C0026764,0.85
CD40LG,C0027540,0.65
CD40LG,C0032285,0.7
CD40LG,C0079745,0.55
CD40LG,C0079758,0.45
CD40LG,C0079765,0.45
CD40LG,C0085278,0.65
CD40LG,C0151744,0.75
CD40LG,C0264694,0.5
CD40LG,C0272236,0.75
CD40LG,C0376628,0.4
CD40LG,C0398650,0.75
CD40LG,C0398689,1.0
CD40LG,C1956130,0.45
CD40LG,C1956131,0.45
CD40LG,C2711630,0.45
CD44,C0007138,0.85
CD44,C0009405,0.4
CD44,C0011616,0.5
CD44,C0017661,0.6
CD44,C0022660,0.4
CD44,C0023467,0.8
CD44,C0023487,0.6
CD44,C0026769,0.75
CD44,C0027746,0.7
CD44,C0027819,0.85
CD44,C0029574,0.4
CD44,C0030297,0.75
CD44,C0032580,0.75
CD44,C0033578,0.65
CD44,C0037274,0.65
CD44,C0037277,0.4
CD44,C0038356,0.65
CD44,C0042900,0.5
CD44,C0153458,0.5
CD44,C0153459,0.4
CD44,C0153460,0.4
CD44,C0153463,0.4
CD44,C0206692,0.65
CD44,C0278701,0.7
CD44,C0311375,0.4
CD44,C0334265,0.45
CD44,C0376358,0.85
CD44,C1176475,0.6
CD44,C1319315,0.7
CD44,C1565662,0.4
CD44,C1833683,0.4
CD44,C2609414,0.4
CD44,C4552100,0.4
CD46,C0002881,0.4
CD46,C0009402,0.6
CD46,C0011616,0.45
CD46,C0019061,0.95
CD46,C0022658,0.65
CD46,C0025007,0.75
CD46,C0025294,0.45
CD46,C0026769,0.85
CD46,C0032914,0.7
CD46,C1135745,0.45
CD46,C1135746,0.45
CD46,C1135747,0.45
CD46,C1136209,0.45
CD46,C1136210,0.45
CD46,C2717961,0.65
CD46,C2752040,0.45
CD46,C2931788,1.0
CD46,C3658266,0.4
CD46,C3658267,0.4
CD46,C4055018,0.5
CD46,C5680166,0.4
CD55,C0014175,0.5
CD55,C0033578,0.55
CD55,C0033680,0.9
CD55,C0154536,0.4
CD55,C0376358,0.65
CD55,C4538570,0.65
CD69,C0000786,0.5
CD69,C0003864,0.65
CD69,C0011854,0.8
CD74,C0007131,0.7
CD74,C0162557,0.4
CD74,C1458155,0.6
CD80,C0007570,0.5
CD80,C0008312,0.6
CD80,C0011854,0.7
CD80,C0023892,0.4
CD80,C0042900,0.4
CD81,C0009447,0.7
CD81,C0019196,0.85
CD81,C3150741,0.6
CD83,C0003873,0.7
CD83,C0029574,0.4
CD83,C0037274,0.4
CD83,C0037277,0.4
CD83,C0157916,0.4
CD83,C0157917,0.4
CD83,C0157918,0.4
CD83,C0311375,0.4
CD83,C0409667,0.4
CD86,C0004096,0.8
CD86,C0011616,0.5
CD86,C0011854,0.7
CD86,C0023434,0.9
CD86,C0023895,0.4
CD86,C0024117,0.65
CD86,C0026764,0.85
CD86,C0026769,1.0
CD86,C0034152,0.4
CD86,C0036421,0.65
CD86,C0398650,0.65
CD86,C2930967,0.4
CD9,C0007112,0.4
CD9,C0007131,0.75
CD9,C0009404,0.4
CD9,C0017636,0.6
CD9,C0023467,0.8
CD9,C0023890,0.65
CD9,C0027658,0.4
CD9,C0027746,0.4
CD9,C0033578,0.4
CD9,C0278878,0.4
CD9,C1514422,0.4
CDA,C0007131,0.8
CDA,C1458155,0.4
CDC20,C2239176,0.75
CDC20,C5830326,0.5
CDC25A,C0005684,0.55
CDC25A,C0005695,0.45
CDC25A,C0007847,0.7
CDC25A,C0007873,0.6
CDC25A,C0033578,0.45
CDC25A,C0158683,0.55
CDC25A,C0376358,0.7
CDC25B,C0033578,0.6
CDC25B,C1135196,0.4
CDC25B,C4277682,0.4
CDC25C,C0007103,0.55
CDC25C,C0014170,0.45
CDC25C,C0033578,0.45
CDC25C,C0036341,0.55
CDC25C,C0376358,0.65
CDC25C,C2239176,0.6
CDC42,C0001624,0.4
CDC42,C0007097,0.6
CDC42,C0016057,0.45
CDC42,C0019693,0.6
CDC42,C0027540,0.4
CDC42,C0036341,0.65
CDC42,C0206643,0.45
CDC42,C0424503,0.65
CDC42,C0553707,0.4
CDC42,C0850715,0.4
CDC42,C1336021,0.45
CDC42,C1368683,0.4
CDC42,C1535926,0.6
CDC42,C1834120,0.4
CDC42,C1859778,0.45
CDC42,C4021753,0.4
CDC42,C4022737,0.4
CDC42,C4225222,1.0
CDC42,C5925147,0.6
CDC42BPA,C2200127,0.4
CDC45,C0039585,0.4
CDC45,C1868684,0.7
CDC45,C2239176,0.6
CDC45,C4310738,0.8
CDC45,C4551563,0.45
CDC7,C0025322,0.4
CDH1,C0004096,0.9
CDH1,C0005684,0.8
CDH1,C0005695,0.85
CDH1,C0006142,1.0
CDH1,C0007097,0.95
CDH1,C0007102,0.75
CDH1,C0007103,0.8
CDH1,C0007134,0.75
CDH1,C0007137,0.95
CDH1,C0008924,0.7
CDH1,C0009324,0.85
CDH1,C0009404,0.85
CDH1,C0010606,0.75
CDH1,C0014170,0.75
CDH1,C0016059,0.85
CDH1,C0022658,0.6
CDH1,C0023467,0.8
CDH1,C0023890,0.7
CDH1,C0024623,0.95
CDH1,C0025500,0.75
CDH1,C0026936,0.4
CDH1,C0027626,0.4
CDH1,C0027645,0.4
CDH1,C0027672,0.6
CDH1,C0027746,0.5
CDH1,C0029866,0.4
CDH1,C0029925,0.75
CDH1,C0030297,0.7
CDH1,C0033578,0.95
CDH1,C0036095,0.6
CDH1,C0038356,0.9
CDH1,C0079487,0.4
CDH1,C0153458,0.4
CDH1,C0153459,0.4
CDH1,C0153460,0.4
CDH1,C0153463,0.4
CDH1,C0154088,0.5
CDH1,C0158646,0.6
CDH1,C0158651,0.45
CDH1,C0206692,1.0
CDH1,C0206694,0.65
CDH1,C0278701,0.75
CDH1,C0346153,0.75
CDH1,C0346629,0.9
CDH1,C0375359,0.4
CDH1,C0376358,0.95
CDH1,C0476089,0.8
CDH1,C0553707,0.4
CDH1,C0677776,0.6
CDH1,C0678222,0.9
CDH1,C0699790,0.7
CDH1,C0699791,0.85
CDH1,C0751688,0.6
CDH1,C0810364,0.4
CDH1,C0851140,0.65
CDH1,C0919267,1.0
CDH1,C1140680,1.0
CDH1,C1176475,0.85
CDH1,C1299247,0.45
CDH1,C1333600,0.6
CDH1,C1368683,0.75
CDH1,C1458155,0.9
CDH1,C1527349,0.75
CDH1,C1708349,1.0
CDH1,C1861536,0.6
CDH1,C2239176,0.9
CDH1,C2931456,0.7
CDH1,C4551988,0.6
CDH1,C4721610,0.85
CDH1,C4721859,0.85
CDH1,C5669877,0.4
CDH1,C5677027,0.4
CDH1,C5679802,0.4
CDH11,C0001973,0.65
CDH11,C0809936,0.95
CDH11,C1861537,0.4
CDH11,C5676911,0.7
CDH2,C0007193,0.65
CDH2,C0027626,0.4
CDH2,C0027746,0.4
CDH2,C0038220,0.5
CDH2,C0038356,0.4
CDH2,C0151744,0.4
CDH2,C0152021,0.4
CDH2,C0175754,0.65
CDH2,C0349788,0.8
CDH2,C0917804,0.4
CDH2,C1458155,0.75
CDH2,C1852271,0.4
CDH2,C5394505,0.6
CDH2,C5394523,0.7
CDH2,C5677018,0.5
CDH2,C5925015,0.4
CDH5,C0001973,0.55
CDH5,C0008312,0.4
CDH5,C0009404,0.4
CDH5,C0023892,0.4
CDH5,C0232347,0.4
CDH5,C0278752,0.4
CDH5,C0345967,0.5
CDH5,C0392400,0.4
CDH5,C1332338,0.4
CDH5,C1458155,0.4
CDH6,C0006625,0.4
CDK1,C0005684,0.65
CDK1,C0005695,0.45
CDK1,C0006142,0.8
CDK1,C0007847,0.65
CDK1,C0007873,0.45
CDK1,C0079744,0.6
CDK1,C1306067,0.5
CDK1,C2239176,0.8
CDK2,C0007134,0.75
CDK2,C0025202,0.8
CDK2,C0033578,0.55
CDK2,C0376358,0.75
CDK2,C0752351,0.4
CDK2,C1168401,0.65
CDK2,C1621958,0.6
CDK2,C3539878,0.75
CDK4,C0005684,0.75
CDK4,C0005695,0.55
CDK4,C0006118,0.6
CDK4,C0007097,0.85
CDK4,C0007131,0.75
CDK4,C0011860,0.8
CDK4,C0017636,0.9
CDK4,C0023827,0.85
CDK4,C0024623,0.75
CDK4,C0027672,0.5
CDK4,C0028754,0.7
CDK4,C0033578,0.55
CDK4,C0038356,0.65
CDK4,C0151779,0.85
CDK4,C0205824,0.75
CDK4,C0278878,0.45
CDK4,C0281361,0.5
CDK4,C0376358,0.75
CDK4,C0553580,0.6
CDK4,C0553707,0.4
CDK4,C0677866,0.4
CDK4,C0678222,0.9
CDK4,C1168401,0.85
CDK4,C1333600,0.4
CDK4,C1368683,0.5
CDK4,C1370889,0.7
CDK4,C1512419,0.8
CDK4,C1514422,0.45
CDK4,C1836892,0.5
CDK4,C2239176,0.85
CDK4,C3539878,0.7
CDK4,C5669918,0.4
CDK5,C0002395,0.9
CDK5,C0036341,0.65
CDK5,C0600427,0.65
CDK5,C0949664,0.75
CDK5,C4225359,0.5
CDK5,C4274995,0.55
CDK5R1,C0002395,0.65
CDK5R1,C0006111,0.4
CDK5R1,C0027746,0.4
CDK5R1,C0029227,0.4
CDK5R1,C0036341,0.55
CDK5R1,C0085584,0.4
CDK6,C0002871,0.65
CDK6,C0003873,0.65
CDK6,C0004238,0.45
CDK6,C0004943,0.5
CDK6,C0007131,0.8
CDK6,C0008625,0.4
CDK6,C0017636,0.85
CDK6,C0017638,0.85
CDK6,C0023449,0.75
CDK6,C0023467,0.85
CDK6,C0025149,0.75
CDK6,C0038454,0.55
CDK6,C0153461,0.4
CDK6,C0206663,0.5
CDK6,C0263454,0.4
CDK6,C0278752,0.4
CDK6,C0278878,0.4
CDK6,C0278883,0.6
CDK6,C0281361,0.4
CDK6,C0345967,0.6
CDK6,C0392400,0.4
CDK6,C0555198,0.65
CDK6,C0677866,0.4
CDK6,C0887833,0.4
CDK6,C1168401,0.7
CDK6,C1332338,0.4
CDK6,C1334410,0.4
CDK6,C1335469,0.4
CDK6,C1514422,0.4
CDK6,C3539878,0.7
CDK6,C3711387,0.4
CDK6,C4015156,0.6
CDK9,C0025149,0.55
CDK9,C0206663,0.4
CDK9,C1334410,0.4
CDKN1A,C0004238,0.7
CDKN1A,C0005684,0.8
CDKN1A,C0005695,0.75
CDKN1A,C0007138,0.8
CDKN1A,C0009375,0.6
CDKN1A,C0011881,0.65
CDKN1A,C0017638,0.75
CDKN1A,C0019693,0.6
CDKN1A,C0020564,0.65
CDKN1A,C0021841,0.7
CDKN1A,C0022658,0.4
CDKN1A,C0023903,0.65
CDKN1A,C0024117,0.6
CDKN1A,C0024121,0.6
CDKN1A,C0028840,0.55
CDKN1A,C0030354,0.7
CDKN1A,C0033578,0.8
CDKN1A,C0035126,0.6
CDKN1A,C0038356,0.65
CDKN1A,C0205875,0.45
CDKN1A,C0238288,0.4
CDKN1A,C0278752,0.4
CDKN1A,C0279626,0.75
CDKN1A,C0334265,0.4
CDKN1A,C0339573,0.55
CDKN1A,C0345967,0.7
CDKN1A,C0392400,0.4
CDKN1A,C0555198,0.6
CDKN1A,C0585362,0.8
CDKN1A,C0752351,0.4
CDKN1A,C1112530,0.45
CDKN1A,C1332338,0.4
CDKN1B,C0006142,0.9
CDKN1B,C0021841,0.65
CDKN1B,C0022665,0.65
CDKN1B,C0023467,0.75
CDKN1B,C0023903,0.4
CDKN1B,C0024121,0.65
CDKN1B,C0025500,0.5
CDKN1B,C0027662,0.8
CDKN1B,C0027672,0.6
CDKN1B,C0032019,0.75
CDKN1B,C0033578,0.9
CDKN1B,C0034885,0.4
CDKN1B,C0036920,0.5
CDKN1B,C0038356,0.65
CDKN1B,C0042138,0.4
CDKN1B,C0079487,0.4
CDKN1B,C0154088,0.6
CDKN1B,C0206669,0.4
CDKN1B,C0206754,0.85
CDKN1B,C0221002,0.75
CDKN1B,C0263454,0.4
CDKN1B,C0919267,0.8
CDKN1B,C1140680,0.75
CDKN1B,C1333990,0.4
CDKN1B,C1458155,0.75
CDKN1B,C1970712,1.0
CDKN1B,C2239176,0.75
CDKN1B,C2713368,0.45
CDKN1B,C2931456,0.65
CDKN2A,C0001418,0.95
CDKN2A,C0001624,0.4
CDKN2A,C0005426,0.5
CDKN2A,C0005684,1.0
CDKN2A,C0005695,1.0
CDKN2A,C0005940,0.5
CDKN2A,C0006118,0.75
CDKN2A,C0006142,0.95
CDKN2A,C0007131,1.0
CDKN2A,C0007134,0.9
CDKN2A,C0007137,1.0
CDKN2A,C0007138,0.85
CDKN2A,C0008628,0.4
CDKN2A,C0009404,0.75
CDKN2A,C0011570,0.65
CDKN2A,C0011581,0.65
CDKN2A,C0014859,0.9
CDKN2A,C0017601,0.7
CDKN2A,C0017636,0.95
CDKN2A,C0017638,1.0
CDKN2A,C0022783,0.5
CDKN2A,C0023418,1.0
CDKN2A,C0023449,1.0
CDKN2A,C0023467,0.95
CDKN2A,C0023492,0.8
CDKN2A,C0023903,0.7
CDKN2A,C0024117,0.7
CDKN2A,C0024121,1.0
CDKN2A,C0024232,0.55
CDKN2A,C0024299,0.9
CDKN2A,C0024623,0.9
CDKN2A,C0025202,1.0
CDKN2A,C0025500,1.0
CDKN2A,C0026640,0.75
CDKN2A,C0026764,0.95
CDKN2A,C0027672,0.7
CDKN2A,C0027809,0.65
CDKN2A,C0027819,0.8
CDKN2A,C0030297,1.0
CDKN2A,C0031117,0.5
CDKN2A,C0032227,0.6
CDKN2A,C0033578,0.8
CDKN2A,C0035335,0.85
CDKN2A,C0036920,0.6
CDKN2A,C0038356,0.85
CDKN2A,C0040100,0.6
CDKN2A,C0040715,0.4
CDKN2A,C0041107,0.5
CDKN2A,C0041696,0.6
CDKN2A,C0079744,0.85
CDKN2A,C0079773,0.65
CDKN2A,C0085390,0.75
CDKN2A,C0149782,0.7
CDKN2A,C0151779,1.0
CDKN2A,C0153458,0.5
CDKN2A,C0153459,0.5
CDKN2A,C0153460,0.5
CDKN2A,C0153463,0.5
CDKN2A,C0205747,0.8
CDKN2A,C0206660,0.55
CDKN2A,C0206686,0.7
CDKN2A,C0206727,0.75
CDKN2A,C0220641,0.75
CDKN2A,C0235974,0.95
CDKN2A,C0278752,0.4
CDKN2A,C0278878,0.5
CDKN2A,C0279626,0.85
CDKN2A,C0279628,0.75
CDKN2A,C0281361,0.85
CDKN2A,C0345967,0.95
CDKN2A,C0349579,0.6
CDKN2A,C0376358,0.85
CDKN2A,C0376407,0.45
CDKN2A,C0392400,0.4
CDKN2A,C0555198,0.8
CDKN2A,C0596263,0.95
CDKN2A,C0598798,0.75
CDKN2A,C0677866,0.4
CDKN2A,C0751688,0.7
CDKN2A,C0851140,0.75
CDKN2A,C0862030,0.45
CDKN2A,C0887833,0.6
CDKN2A,C0919267,0.95
CDKN2A,C1140680,0.8
CDKN2A,C1168401,1.0
CDKN2A,C1269683,0.65
CDKN2A,C1332338,0.4
CDKN2A,C1333600,0.65
CDKN2A,C1335029,0.4
CDKN2A,C1335469,0.5
CDKN2A,C1458155,0.95
CDKN2A,C1512419,0.95
CDKN2A,C1527349,0.8
CDKN2A,C1835042,0.7
CDKN2A,C1835044,0.45
CDKN2A,C1838547,0.8
CDKN2A,C1961099,0.75
CDKN2A,C2239176,0.9
CDKN2A,C2314896,0.9
CDKN2A,C2931038,0.75
CDKN2B,C0005684,0.65
CDKN2B,C0005695,0.65
CDKN2B,C0006142,0.9
CDKN2B,C0007131,0.7
CDKN2B,C0007138,0.45
CDKN2B,C0010054,0.8
CDKN2B,C0010068,0.7
CDKN2B,C0017601,0.85
CDKN2B,C0017612,0.75
CDKN2B,C0017638,0.7
CDKN2B,C0023467,0.8
CDKN2B,C0023480,0.7
CDKN2B,C0023487,0.6
CDKN2B,C0023903,0.4
CDKN2B,C0024299,0.75
CDKN2B,C0027662,0.4
CDKN2B,C0079773,0.6
CDKN2B,C0085273,0.55
CDKN2B,C0151744,0.45
CDKN2B,C0152013,0.65
CDKN2B,C0264694,0.45
CDKN2B,C0279626,0.75
CDKN2B,C0334265,0.45
CDKN2B,C0376407,0.4
CDKN2B,C0555198,0.6
CDKN2B,C0598798,0.5
CDKN2B,C2239176,0.75
CDKN2B,C2713368,0.5
CDKN2B,C3272265,0.4
CDKN2C,C0006142,0.65
CDKN2C,C0026764,0.7
CDKN2C,C2239176,0.6
CDT1,C1868684,0.85
CDT1,C2239176,0.6
CDT1,C3151120,0.7
CDT1,C3539878,0.5
CDX2,C0009375,0.65
CDX2,C0037205,0.65
CDX2,C0038356,0.6
CDX2,C3495676,0.6
CEBPA,C0007137,0.4
CEBPA,C0013990,0.55
CEBPA,C0018671,0.4
CEBPA,C0021361,0.4
CEBPA,C0023467,1.0
CEBPA,C0023487,0.65
CEBPA,C0027666,0.4
CEBPA,C0027672,0.5
CEBPA,C0028754,0.6
CEBPA,C0032914,0.4
CEBPA,C0034069,0.55
CEBPA,C0037286,0.4
CEBPA,C0751688,0.4
CEBPA,C1292774,0.4
CEBPA,C2239176,0.65
CEBPA,C4707178,0.5
CEBPA,C4707228,0.5
CEBPB,C0001418,0.55
CEBPB,C0007786,0.4
CEBPB,C0015695,0.4
CEBPB,C0015696,0.4
CEBPB,C0016059,0.65
CEBPB,C0018800,0.4
CEBPB,C0021361,0.4
CEBPB,C0034069,0.4
CEBPB,C0038356,0.4
CEBPB,C0270611,0.45
CEBPB,C2239176,0.8
CEBPD,C0023467,0.5
CEBPD,C0033375,0.7
CEBPD,C0151744,0.4
CEBPD,C2239176,0.5
CEBPE,C0021051,0.4
CEBPE,C0023449,0.75
CEBPE,C0023487,0.6
CEBPE,C0398593,0.65
CEBPE,C1335469,0.4
CEBPE,C1850054,0.5
CEBPE,C4551556,0.5
CEBPE,C5546032,0.65
CEBPE,C5568564,0.4
CEL,C0011854,0.65
CEL,C0011860,0.85
CEL,C0023801,0.65
CEL,C0149521,0.75
CEL,C0342276,0.85
CEL,C1853297,0.95
CEL,C3888631,0.6
CENPE,C0004352,0.4
CENPE,C0265202,0.65
CENPE,C1527349,0.4
CENPE,C2239176,0.6
CENPE,C3711387,0.45
CENPE,C4015080,0.6
CERS6,C0236969,0.4
CES1,C0009404,0.5
CES1,C0012243,0.4
CES1,C0017185,0.4
CES1,C0020443,0.4
CES1,C0024121,0.4
CES1,C0025521,0.4
CES1,C0028754,0.75
CES1,C0236736,0.4
CES1,C0270611,0.4
CES1,C0346629,0.6
CES1,C0524662,0.4
CES1,C0685938,0.4
CES1,C1861889,0.4
CES1,C4748035,0.4
CES2,C0236736,0.4
CES2,C1510586,0.4
CETP,C0007273,0.4
CETP,C0342883,0.85
CETP,C3149462,0.8
CETP,C3149463,0.4
CETP,C3875011,0.6
CETP,C4025650,0.4
CFL1,C0027626,0.4
CFL1,C0080178,0.5
CFL1,C0279626,0.6
CFL1,C1458155,0.6
CFLAR,C0019829,0.65
CFLAR,C0023418,0.6
CFLAR,C0030297,0.4
CFLAR,C0153458,0.4
CFLAR,C0153459,0.4
CFLAR,C0153460,0.4
CFLAR,C0153463,0.4
CFLAR,C0392788,0.4
CFLAR,C2713368,0.45
CFTR,C0001973,0.5
CFTR,C0004031,0.8
CFTR,C0004096,0.85
CFTR,C0004509,0.85
CFTR,C0006267,0.95
CFTR,C0008340,0.4
CFTR,C0009404,0.4
CFTR,C0010674,1.0
CFTR,C0019284,0.4
CFTR,C0021359,0.85
CFTR,C0021364,0.95
CFTR,C0024115,1.0
CFTR,C0024117,0.85
CFTR,C0024624,0.45
CFTR,C0025160,0.4
CFTR,C0030297,0.6
CFTR,C0030305,0.95
CFTR,C0035455,0.4
CFTR,C0036205,0.55
CFTR,C0041466,0.7
CFTR,C0085548,0.8
CFTR,C0149512,0.5
CFTR,C0149516,0.8
CFTR,C0149521,0.9
CFTR,C0153458,0.4
CFTR,C0153459,0.4
CFTR,C0153460,0.4
CFTR,C0153463,0.4
CFTR,C0153491,0.45
CFTR,C0153492,0.45
CFTR,C0153493,0.45
CFTR,C0236969,0.4
CFTR,C0238093,0.4
CFTR,C0238339,0.8
CFTR,C0267963,0.85
CFTR,C0376670,0.8
CFTR,C0403814,1.0
CFTR,C0566602,0.8
CFTR,C0948242,0.4
CFTR,C1333990,0.4
CFTR,C1510586,0.4
CFTR,C1619700,0.6
CFTR,C1839071,0.4
CFTR,C1865433,0.4
CFTR,C2749757,0.75
CFTR,C3279211,0.4
CFTR,C4016791,0.4
CFTR,C4017631,0.4
CFTR,C4021768,0.4
CFTR,C4023106,0.8
CFTR,C4551632,0.65
CFTR,C5681165,0.4
CFTR,C5924204,0.7
CHAT,C0001125,0.4
CHAT,C0001969,0.55
CHAT,C0002395,0.9
CHAT,C0009952,0.4
CHAT,C0011570,0.65
CHAT,C0011581,0.6
CHAT,C0016202,0.4
CHAT,C0017605,0.4
CHAT,C0026837,0.4
CHAT,C0032290,0.4
CHAT,C0035126,0.4
CHAT,C0035229,0.6
CHAT,C0035309,0.4
CHAT,C0036341,0.6
CHAT,C0037317,0.4
CHAT,C0151786,0.5
CHAT,C0162292,0.4
CHAT,C0240421,0.4
CHAT,C0393929,1.0
CHAT,C0520680,0.45
CHAT,C0575081,0.45
CHAT,C0751837,0.4
CHAT,C0751882,0.75
CHAT,C0751884,0.5
CHAT,C1510586,0.4
CHAT,C1834015,0.4
CHAT,C1836150,0.4
CHAT,C1837091,0.4
CHAT,C1839888,0.4
CHAT,C4021745,0.4
CHAT,C4310654,0.4
CHAT,C4317146,0.45
CHEK1,C0027672,0.4
CHEK1,C0030297,0.5
CHEK1,C0032578,0.4
CHEK1,C0036341,0.5
CHEK1,C0153458,0.4
CHEK1,C0153459,0.4
CHEK1,C0153460,0.4
CHEK1,C0153463,0.4
CHEK1,C0346153,0.5
CHEK1,C0376358,0.75
CHEK1,C1458155,0.75
CHEK1,C5679802,0.4
CHEK1,C5680033,0.4
CHEK1,C5882722,0.5
CHEK2,C0004114,0.55
CHEK2,C0005684,0.7
CHEK2,C0005695,0.45
CHEK2,C0006142,1.0
CHEK2,C0007102,0.75
CHEK2,C0007104,0.65
CHEK2,C0009375,0.45
CHEK2,C0009404,0.7
CHEK2,C0023269,0.5
CHEK2,C0024121,0.75
CHEK2,C0024305,0.85
CHEK2,C0024623,0.75
CHEK2,C0025202,0.9
CHEK2,C0027672,0.65
CHEK2,C0027708,0.6
CHEK2,C0027819,0.65
CHEK2,C0029463,0.7
CHEK2,C0033578,0.8
CHEK2,C0038356,0.5
CHEK2,C0079744,0.6
CHEK2,C0085215,0.4
CHEK2,C0085390,0.8
CHEK2,C0151544,0.4
CHEK2,C0206639,0.45
CHEK2,C0206686,0.65
CHEK2,C0206720,0.4
CHEK2,C0235653,0.5
CHEK2,C0235974,0.7
CHEK2,C0242379,0.85
CHEK2,C0242788,0.5
CHEK2,C0346153,0.75
CHEK2,C0346629,0.85
CHEK2,C0376358,1.0
CHEK2,C0476089,0.5
CHEK2,C0585442,0.6
CHEK2,C0677776,0.7
CHEK2,C0678222,1.0
CHEK2,C0684249,0.55
CHEK2,C0699790,0.5
CHEK2,C0919267,0.85
CHEK2,C1135954,0.4
CHEK2,C1261473,0.8
CHEK2,C1333600,0.6
CHEK2,C1333990,0.75
CHEK2,C1458155,0.95
CHEK2,C1835398,0.4
CHEK2,C1836482,0.45
CHEK2,C1883486,0.4
CHEK2,C2676676,0.4
CHEK2,C2931456,0.75
CHEK2,C2936783,0.4
CHEK2,C3469522,0.4
CHEK2,C3469524,0.4
CHEK2,C3539878,0.7
CHEK2,C3554194,0.4
CHEK2,C3896578,0.55
CHEK2,C4015779,0.4
CHEK2,C4509932,0.4
CHEK2,C4721610,0.5
CHEK2,C5669877,0.4
CHEK2,C5679802,0.45
CHEK2,C5882668,0.45
CHGA,C0007131,0.7
CHGA,C0017661,0.55
CHGA,C0020538,0.8
CHGA,C0022661,0.65
CHGA,C0031511,0.75
CHGA,C0033578,0.8
CHGA,C0036341,0.6
CHGA,C0206710,0.4
CHGA,C0376358,0.8
CHGA,C1257877,0.4
CHGA,C1368295,0.4
CHGB,C0036341,0.6
CHGB,C0221765,0.5
CHGB,C0376358,0.6
CHI3L1,C0004096,0.95
CHI3L1,C0017636,0.9
CHI3L1,C0017638,0.85
CHI3L1,C0027626,0.4
CHI3L1,C0036341,1.0
CHI3L1,C0157946,0.4
CHI3L1,C0278878,0.45
CHI3L1,C0555198,0.6
CHI3L1,C1514422,0.45
CHI3L1,C2677770,0.4
CHIA,C0000786,0.4
CHIA,C0004096,0.9
CHRM1,C0004096,0.65
CHRM1,C0007786,0.4
CHRM1,C0014544,0.6
CHRM1,C0022972,0.55
CHRM1,C0025261,0.45
CHRM1,C0026896,0.45
CHRM1,C0036341,0.75
CHRM1,C1260409,0.45
CHRM3,C0003962,0.55
CHRM3,C0005686,0.75
CHRM3,C0010417,0.45
CHRM3,C0023890,0.4
CHRM3,C0024117,0.7
CHRM3,C0033770,0.9
CHRM3,C0034069,0.45
CHRM3,C4277682,0.4
CHRM4,C0007398,0.4
CHRM4,C0036341,0.75
CHRM4,C0040822,0.4
CHRNA4,C0001973,0.65
CHRNA4,C0002736,0.5
CHRNA4,C0004352,0.5
CHRNA4,C0008073,0.4
CHRNA4,C0009171,0.55
CHRNA4,C0011570,0.65
CHRNA4,C0011581,0.7
CHRNA4,C0013421,0.4
CHRNA4,C0021368,0.5
CHRNA4,C0027765,0.65
CHRNA4,C0028043,0.85
CHRNA4,C0036341,0.75
CHRNA4,C0036572,0.8
CHRNA4,C0041671,0.5
CHRNA4,C0085541,0.75
CHRNA4,C0154564,0.4
CHRNA4,C0338451,0.5
CHRNA4,C0344315,0.65
CHRNA4,C0393593,0.4
CHRNA4,C1838049,0.6
CHRNA4,C1861063,0.4
CHRNA4,C3696898,0.8
CHRNA4,C3809278,0.4
CHRNA4,C4015943,0.4
CHRNA4,C4313718,0.7
CHRNA5,C0001973,0.65
CHRNA5,C0003469,0.55
CHRNA5,C0007131,0.75
CHRNA5,C0009171,0.4
CHRNA5,C0024117,0.95
CHRNA5,C0024121,0.4
CHRNA5,C0024624,0.5
CHRNA5,C0028043,0.9
CHRNA5,C0036341,0.8
CHRNA5,C0085762,0.4
CHRNA5,C0149782,0.6
CHRNA5,C0152013,0.9
CHRNA5,C0153392,0.45
CHRNA5,C0153393,0.45
CHRNA5,C0153394,0.45
CHRNA5,C0153395,0.45
CHRNA5,C0153396,0.45
CHRNA5,C0153491,0.5
CHRNA5,C0153492,0.5
CHRNA5,C0153493,0.5
CHRNA5,C0236969,0.4
CHRNA5,C0279626,0.55
CHRNA5,C0600427,0.6
CHRNA5,C1335060,0.45
CHRNA5,C2677571,0.4
CHRNA5,C3150168,0.4
CHRNA6,C0005586,0.65
CHRNA6,C0009171,0.45
CHRNA6,C0011570,0.65
CHRNA6,C0011581,0.65
CHRNA6,C0028043,0.85
CHRNA6,C0085762,0.4
CHRNA6,C3496069,0.5
CHRNA7,C0002395,0.8
CHRNA7,C0004310,0.4
CHRNA7,C0004352,0.7
CHRNA7,C0005586,0.8
CHRNA7,C0007131,0.6
CHRNA7,C0014544,0.75
CHRNA7,C0014548,0.5
CHRNA7,C0024117,0.5
CHRNA7,C0024121,0.4
CHRNA7,C0024624,0.4
CHRNA7,C0025261,0.4
CHRNA7,C0027626,0.4
CHRNA7,C0027746,0.65
CHRNA7,C0028043,0.65
CHRNA7,C0036341,1.0
CHRNA7,C0037917,0.4
CHRNA7,C0038644,0.5
CHRNA7,C0153491,0.4
CHRNA7,C0153492,0.4
CHRNA7,C0153493,0.4
CHRNA7,C0270611,0.4
CHRNA7,C0279626,0.55
CHRNA7,C0525041,0.4
CHRNA7,C0795690,0.4
CHRNA7,C0812413,0.4
CHRNA7,C1306503,0.4
CHRNA7,C1510586,0.75
CHRNA7,C2677613,0.5
CHRNA7,C2751729,0.4
CHRNA7,C3714756,0.65
CHRNA9,C0149925,0.45
CHRNE,C0005745,0.55
CHRNE,C0427144,0.4
CHRNE,C0751882,0.8
CHRNE,C0751883,0.4
CHRNE,C0751885,0.4
CHRNE,C1837091,0.85
CHRNE,C2931107,0.4
CHRNE,C3281034,0.4
CHRNE,C4021745,0.4
CHRNE,C4022738,0.4
CHRNE,C4225369,0.6
CHRNE,C4225405,0.4
CHRNE,C4225413,0.65
CHST10,C1510586,0.4
CHUK,C0004352,0.4
CHUK,C0008925,0.4
CHUK,C0015929,0.4
CHUK,C0023903,0.45
CHUK,C0024620,0.45
CHUK,C0033578,0.6
CHUK,C0037268,0.4
CHUK,C0206762,0.4
CHUK,C0345904,0.45
CHUK,C0376358,0.7
CHUK,C0854795,0.45
CHUK,C3150891,0.85
CHUK,C5543445,0.5
CIITA,C0001403,0.75
CIITA,C0003873,0.95
CIITA,C0024141,0.65
CIITA,C0026769,0.8
CIITA,C0027051,0.7
CIITA,C0157916,0.45
CIITA,C0157917,0.45
CIITA,C0157918,0.45
CIITA,C0242583,0.8
CIITA,C0409667,0.45
CIITA,C1859534,0.7
CIITA,C2930967,0.4
CIITA,C2931418,0.6
CIITA,C5447452,0.55
CISD2,C0011860,0.65
CISD2,C0043207,0.8
CISD2,C1858028,0.9
CKB,C0001418,0.5
CKB,C0025322,0.4
CKB,C0027051,0.85
CKB,C0036341,0.75
CKB,C0038356,0.4
CKB,C0149721,0.4
CKB,C0149925,0.65
CKB,C0857501,0.55
CKB,C0948089,0.8
CKB,C4277682,0.4
CLCN3,C0004352,0.4
CLCN3,C0017638,0.6
CLCN3,C0038356,0.4
CLCN3,C0555198,0.5
CLCN3,C1535926,0.65
CLCN3,C1843156,0.4
CLCN3,C4022738,0.4
CLCN3,C5561977,0.5
CLCN3,C5561979,0.45
CLCN3,C5568766,0.45
CLDN1,C0007137,0.7
CLDN1,C0011615,0.9
CLDN1,C0011616,0.4
CLDN1,C0014175,0.4
CLDN1,C0024232,0.4
CLDN1,C0026640,0.4
CLDN1,C0156147,0.45
CLDN1,C0751688,0.5
CLDN1,C1168401,0.6
CLDN1,C1458155,0.75
CLDN1,C1843355,0.8
CLDN11,C0026769,0.6
CLDN11,C5543406,0.7
CLDN2,C0021364,0.45
CLDN2,C0030305,0.6
CLDN2,C5542351,0.5
CLDN3,C0002103,0.4
CLDN3,C0033578,0.5
CLDN3,C0038356,0.4
CLDN3,C1510586,0.5
CLDN4,C0027643,0.4
CLDN4,C0030297,0.55
CLDN4,C0032460,0.5
CLDN4,C0153458,0.45
CLDN4,C0153459,0.45
CLDN4,C0153460,0.45
CLDN4,C0153463,0.45
CLDN4,C0278752,0.4
CLDN4,C0345967,0.7
CLDN4,C0392400,0.4
CLDN4,C0919267,0.8
CLDN4,C1140680,0.8
CLDN4,C1299247,0.45
CLDN4,C1332338,0.4
CLDN4,C1458155,0.6
CLDN4,C1527349,0.6
CLDN4,C3825727,0.4
CLDN5,C0036341,0.85
CLDN5,C0278752,0.4
CLDN5,C0345967,0.5
CLDN5,C0392400,0.4
CLDN5,C1332338,0.4
CLDN5,C1535926,0.55
CLDN5,C3825727,0.4
CLDN5,C4022737,0.4
CLEC1B,C2239176,0.6
CLEC7A,C0004030,0.65
CLEC7A,C0006845,0.7
CLEC7A,C0341024,0.45
CLEC7A,C3279774,0.4
CLIC1,C0019693,0.4
CLIC1,C0022548,0.4
CLIC1,C0157946,0.4
CLIC1,C0279626,0.6
CLIC1,C1458155,0.5
CLIP1,C0006142,0.6
CLIP1,C0349588,0.4
CLIP1,C5680181,0.5
CLPB,C0001824,0.4
CLPB,C0025322,0.4
CLPB,C0027947,0.6
CLPB,C0151787,0.45
CLPB,C0853697,0.65
CLPB,C1853118,0.65
CLPB,C2751288,0.4
CLPB,C2931891,0.4
CLPB,C3151952,0.4
CLPB,C3696376,0.7
CLPB,C4225393,0.6
CLPB,C4290088,0.4
CLPB,C4749612,0.4
CLPB,C5194182,0.4
CLPB,C5676893,0.6
CLPB,C5676954,0.45
CLPB,C5676967,0.6
CLU,C0002395,1.0
CLU,C0004153,0.8
CLU,C0006142,0.75
CLU,C0011884,0.65
CLU,C0020538,0.6
CLU,C0022658,0.75
CLU,C0022660,0.8
CLU,C0024141,0.65
CLU,C0025202,0.65
CLU,C0026848,0.55
CLU,C0027051,0.65
CLU,C0027686,0.4
CLU,C0032914,0.65
CLU,C0033578,0.75
CLU,C0036341,0.6
CLU,C0085084,0.5
CLU,C0157916,0.4
CLU,C0157917,0.4
CLU,C0157918,0.4
CLU,C0157946,0.4
CLU,C0206368,0.8
CLU,C0238190,0.55
CLU,C0333641,0.55
CLU,C0338656,0.8
CLU,C0409667,0.4
CLU,C1565662,0.45
CLU,C1862939,0.4
CLU,C2609414,0.8
CLU,C4277682,0.4
CMA1,C0004096,0.75
CMA1,C0007194,0.55
CMA1,C0011615,0.65
CMA1,C0020538,0.65
CMA1,C0034069,0.5
CMA1,C0036202,0.55
CMA1,C0149721,0.7
CMAHP,C0026769,0.45
CNGA3,C0024437,0.6
CNGA3,C0029124,0.4
CNGA3,C0085636,0.65
CNGA3,C0152200,0.95
CNGA3,C0234629,0.45
CNGA3,C0242225,0.75
CNGA3,C0730290,0.75
CNGA3,C0730292,0.4
CNGA3,C0854723,0.65
CNGA3,C1849792,0.7
CNGA3,C1857618,0.95
CNGA3,C4085590,0.7
CNGA3,C4316870,0.4
CNGA3,C5201048,0.6
CNP,C0001080,0.75
CNP,C0026769,0.65
CNP,C0036341,0.85
CNP,C0041696,0.65
CNP,C1269683,0.65
CNP,C1834531,0.4
CNP,C5436730,0.6
CNR1,C0001973,0.75
CNR1,C0003469,0.75
CNR1,C0005586,0.75
CNR1,C0006868,0.45
CNR1,C0007370,0.65
CNR1,C0008370,0.55
CNR1,C0011570,0.75
CNR1,C0011581,0.75
CNR1,C0011757,0.4
CNR1,C0011860,0.8
CNR1,C0014170,0.4
CNR1,C0014175,0.65
CNR1,C0014556,0.65
CNR1,C0020179,0.75
CNR1,C0020429,0.75
CNR1,C0020649,0.45
CNR1,C0020672,0.65
CNR1,C0023890,0.4
CNR1,C0024809,0.55
CNR1,C0025261,0.4
CNR1,C0026650,0.5
CNR1,C0026769,0.7
CNR1,C0026838,0.65
CNR1,C0027746,0.7
CNR1,C0028754,0.85
CNR1,C0029227,0.4
CNR1,C0030193,0.8
CNR1,C0030297,0.4
CNR1,C0030305,0.55
CNR1,C0035412,0.55
CNR1,C0036341,0.85
CNR1,C0036421,0.65
CNR1,C0038220,0.7
CNR1,C0038436,0.65
CNR1,C0041671,0.4
CNR1,C0041696,0.75
CNR1,C0043094,0.75
CNR1,C0151779,0.4
CNR1,C0153458,0.4
CNR1,C0153459,0.4
CNR1,C0153460,0.4
CNR1,C0153463,0.4
CNR1,C0236736,0.4
CNR1,C0236969,0.4
CNR1,C0271650,0.65
CNR1,C0600427,0.6
CNR1,C1262477,0.75
CNR1,C1269683,0.75
CNR2,C0001973,0.65
CNR2,C0004153,0.65
CNR2,C0005586,0.6
CNR2,C0007370,0.65
CNR2,C0008370,0.55
CNR2,C0011570,0.8
CNR2,C0011581,0.75
CNR2,C0013369,0.4
CNR2,C0014170,0.4
CNR2,C0020429,0.75
CNR2,C0020452,0.4
CNR2,C0020456,0.55
CNR2,C0021390,0.75
CNR2,C0023467,0.5
CNR2,C0023890,0.6
CNR2,C0024809,0.7
CNR2,C0030297,0.5
CNR2,C0030305,0.6
CNR2,C0030569,0.4
CNR2,C0036341,0.75
CNR2,C0036421,0.65
CNR2,C0038436,0.75
CNR2,C0041806,0.4
CNR2,C0085762,0.65
CNR2,C0153458,0.4
CNR2,C0153459,0.4
CNR2,C0153460,0.4
CNR2,C0153463,0.4
CNR2,C1262477,0.65
CNR2,C1456574,0.4
CNR2,C1458155,0.55
CNR2,C3160814,0.5
CNTF,C0004936,0.7
CNTF,C0011570,0.75
CNTF,C0011581,0.75
CNTF,C0017601,0.85
CNTF,C0020179,0.8
CNTF,C0026769,0.7
CNTF,C0027746,0.75
CNTF,C0028754,0.8
CNTF,C0036341,0.7
CNTF,C0085084,0.75
CNTF,C1862939,0.5
CNTF,C2937358,0.5
COG2,C4479353,0.7
COL10A1,C0008449,0.45
COL10A1,C0029422,0.45
COL10A1,C0265289,1.0
COL10A1,C0265290,0.7
COL18A1,C0006663,0.5
COL18A1,C0017606,0.5
COL18A1,C0018824,0.4
COL18A1,C0018923,0.4
COL18A1,C0025362,0.45
COL18A1,C0028738,0.45
COL18A1,C0035334,0.4
COL18A1,C0079485,0.4
COL18A1,C0086543,0.45
COL18A1,C0271183,0.55
COL18A1,C0730292,0.4
COL18A1,C0854723,0.5
COL18A1,C0854893,0.4
COL18A1,C1849409,0.85
COL18A1,C4551775,0.65
COL18A1,C5394374,0.45
COL1A1,C0000786,0.4
COL1A1,C0003089,0.4
COL1A1,C0003504,0.4
COL1A1,C0004045,0.4
COL1A1,C0005283,0.65
COL1A1,C0005398,0.4
COL1A1,C0006663,0.4
COL1A1,C0007193,0.5
COL1A1,C0007194,0.6
COL1A1,C0008311,0.4
COL1A1,C0009782,0.6
COL1A1,C0011436,0.85
COL1A1,C0013720,0.8
COL1A1,C0016059,0.85
COL1A1,C0018824,0.5
COL1A1,C0020497,1.0
COL1A1,C0020534,0.45
COL1A1,C0020538,0.7
COL1A1,C0022548,0.8
COL1A1,C0022578,0.65
COL1A1,C0023283,0.55
COL1A1,C0023890,0.75
COL1A1,C0023931,1.0
COL1A1,C0027719,0.4
COL1A1,C0027726,0.5
COL1A1,C0029171,0.4
COL1A1,C0029172,0.6
COL1A1,C0029434,1.0
COL1A1,C0029453,0.8
COL1A1,C0029456,1.0
COL1A1,C0029458,0.7
COL1A1,C0029696,0.45
COL1A1,C0031106,0.55
COL1A1,C0031485,0.4
COL1A1,C0079485,0.4
COL1A1,C0149721,0.5
COL1A1,C0151526,0.45
COL1A1,C0152021,0.4
COL1A1,C0155568,0.4
COL1A1,C0206647,0.65
COL1A1,C0240231,0.65
COL1A1,C0241181,0.45
COL1A1,C0264774,0.4
COL1A1,C0268335,0.55
COL1A1,C0268345,0.6
COL1A1,C0268358,1.0
COL1A1,C0268362,1.0
COL1A1,C0268363,1.0
COL1A1,C0340643,0.55
COL1A1,C0376358,0.65
COL1A1,C0392784,0.85
COL1A1,C0410528,0.65
COL1A1,C0410606,0.45
COL1A1,C0410935,0.4
COL1A1,C0423110,0.4
COL1A1,C0423798,0.45
COL1A1,C0542514,0.65
COL1A1,C0565599,0.4
COL1A1,C0857379,0.4
COL1A1,C1390474,0.8
COL1A1,C1458140,0.4
COL1A1,C1619692,0.4
COL1A1,C1833762,0.45
COL1A1,C1835884,0.45
COL1A1,C1836542,0.45
COL1A1,C1837402,0.4
COL1A1,C1838280,0.4
COL1A1,C1840077,0.4
COL1A1,C1844820,0.4
COL1A1,C1849089,0.4
COL1A1,C1850171,0.45
COL1A1,C1850178,0.45
COL1A1,C1851801,0.4
COL1A1,C1857486,0.4
COL1A1,C1858084,0.4
COL1A1,C1858120,0.45
COL1A1,C1860245,0.4
COL1A1,C1866134,0.45
COL1A1,C1866730,0.5
COL1A1,C1867114,0.4
COL1A1,C1970497,0.45
COL1A1,C2674432,0.65
COL1A1,C4015948,0.4
COL1A1,C4015949,0.6
COL1A1,C4015950,0.4
COL1A1,C4015951,0.4
COL1A1,C4021790,0.4
COL1A1,C4225429,0.65
COL1A1,C4518787,0.4
COL1A1,C4551623,0.55
COL1A1,C4707243,0.4
COL1A1,C5190607,0.4
COL1A1,C5436842,0.6
COL1A2,C0000786,0.4
COL1A2,C0007766,0.75
COL1A2,C0009782,0.6
COL1A2,C0011436,0.8
COL1A2,C0013720,0.85
COL1A2,C0016059,0.85
COL1A2,C0018818,0.4
COL1A2,C0018824,0.75
COL1A2,C0023890,0.4
COL1A2,C0023931,0.8
COL1A2,C0029171,0.4
COL1A2,C0029172,0.6
COL1A2,C0029434,1.0
COL1A2,C0029456,0.95
COL1A2,C0029458,0.7
COL1A2,C0036421,0.85
COL1A2,C0038379,0.45
COL1A2,C0079485,0.5
COL1A2,C0152021,0.4
COL1A2,C0157946,0.4
COL1A2,C0268335,0.5
COL1A2,C0268345,0.7
COL1A2,C0268358,0.9
COL1A2,C0268362,0.95
COL1A2,C0268363,1.0
COL1A2,C0349588,0.55
COL1A2,C0410528,0.6
COL1A2,C0557874,0.45
COL1A2,C0743924,0.4
COL1A2,C1306710,0.4
COL1A2,C1390474,0.8
COL1A2,C1850168,0.4
COL1A2,C1851801,0.5
COL1A2,C1853171,0.45
COL1A2,C4015953,0.4
COL1A2,C4016055,0.4
COL1A2,C4021790,0.5
COL1A2,C4225429,0.4
COL1A2,C4303789,0.9
COL1A2,C4518787,0.4
COL1A2,C4551623,0.4
COL1A2,C5190607,0.4
COL1A2,C5436847,0.5
COL1A2,C5574742,0.4
COL1A2,C5681014,0.4
COL2A1,C0003864,0.7
COL2A1,C0003873,0.6
COL2A1,C0003977,0.4
COL2A1,C0005974,0.4
COL2A1,C0007302,0.6
COL2A1,C0008449,0.6
COL2A1,C0008479,0.7
COL2A1,C0008513,0.45
COL2A1,C0008925,0.75
COL2A1,C0009782,0.6
COL2A1,C0013604,0.45
COL2A1,C0015397,0.7
COL2A1,C0015814,0.45
COL2A1,C0018784,0.65
COL2A1,C0018798,0.4
COL2A1,C0020507,0.4
COL2A1,C0021368,0.6
COL2A1,C0022441,0.45
COL2A1,C0023234,0.45
COL2A1,C0024454,0.4
COL2A1,C0024796,0.5
COL2A1,C0025202,0.6
COL2A1,C0025990,0.55
COL2A1,C0026760,0.6
COL2A1,C0027092,0.9
COL2A1,C0027543,0.65
COL2A1,C0029124,0.4
COL2A1,C0029422,0.75
COL2A1,C0029445,0.65
COL2A1,C0029531,0.45
COL2A1,C0035305,1.0
COL2A1,C0035334,0.6
COL2A1,C0036439,0.55
COL2A1,C0039103,0.4
COL2A1,C0041834,0.4
COL2A1,C0157946,0.45
COL2A1,C0158442,0.4
COL2A1,C0158449,0.4
COL2A1,C0158450,0.4
COL2A1,C0158451,0.4
COL2A1,C0220685,1.0
COL2A1,C0265253,0.8
COL2A1,C0265279,1.0
COL2A1,C0271093,0.4
COL2A1,C0345050,0.4
COL2A1,C0349588,0.7
COL2A1,C0376634,0.4
COL2A1,C0426790,0.45
COL2A1,C0426817,0.45
COL2A1,C0432214,0.7
COL2A1,C0432221,0.4
COL2A1,C0542428,0.85
COL2A1,C0677776,0.4
COL2A1,C0700635,0.9
COL2A1,C0745048,0.4
COL2A1,C0796173,0.8
COL2A1,C0854723,0.6
COL2A1,C0949691,0.55
COL2A1,C1262477,0.4
COL2A1,C1328407,0.6
COL2A1,C1335473,0.5
COL2A1,C1384666,0.7
COL2A1,C1442965,0.85
COL2A1,C1835437,1.0
COL2A1,C1836080,0.6
COL2A1,C1836081,0.5
COL2A1,C1836683,0.85
COL2A1,C1840452,0.65
COL2A1,C1846442,0.4
COL2A1,C1848488,0.5
COL2A1,C1849937,0.45
COL2A1,C1851536,0.7
COL2A1,C1852989,0.5
COL2A1,C1858556,0.4
COL2A1,C1860191,0.45
COL2A1,C1861537,0.5
COL2A1,C1866688,0.6
COL2A1,C2020284,1.0
COL2A1,C2675767,0.4
COL2A1,C2745959,1.0
COL2A1,C2931073,0.6
COL2A1,C3279764,0.4
COL2A1,C3279941,0.4
COL2A1,C4021790,0.65
COL2A1,C4021847,0.45
COL2A1,C4225273,0.7
COL2A1,C4275063,0.4
COL2A1,C4275066,0.4
COL2A1,C4302548,0.65
COL2A1,C4551562,0.65
COL2A1,C4551649,0.65
COL2A1,C4706658,0.5
COL2A1,C4759767,0.65
COL2A1,C5551484,0.55
COL2A1,C5680616,0.4
COL3A1,C0002949,0.7
COL3A1,C0003486,0.65
COL3A1,C0003504,0.4
COL3A1,C0005398,0.4
COL3A1,C0009402,0.6
COL3A1,C0009782,0.6
COL3A1,C0013720,1.0
COL3A1,C0015695,0.5
COL3A1,C0015696,0.4
COL3A1,C0016059,0.75
COL3A1,C0020443,0.4
COL3A1,C0020456,0.55
COL3A1,C0020459,0.55
COL3A1,C0020538,0.55
COL3A1,C0022548,0.6
COL3A1,C0022661,0.45
COL3A1,C0023890,0.5
COL3A1,C0023891,0.4
COL3A1,C0023895,0.5
COL3A1,C0024796,0.6
COL3A1,C0027719,0.4
COL3A1,C0029866,0.4
COL3A1,C0034069,0.6
COL3A1,C0036341,0.5
COL3A1,C0036572,0.55
COL3A1,C0149721,0.4
COL3A1,C0155568,0.4
COL3A1,C0238288,0.4
COL3A1,C0238590,0.6
COL3A1,C0264774,0.4
COL3A1,C0268337,0.5
COL3A1,C0268338,1.0
COL3A1,C0268339,0.4
COL3A1,C0334083,0.4
COL3A1,C0340643,0.7
COL3A1,C0345050,0.6
COL3A1,C0553980,0.4
COL3A1,C1333150,0.4
COL3A1,C1836996,0.4
COL3A1,C1846837,0.4
COL3A1,C1866855,0.4
COL3A1,C2697932,0.6
COL3A1,C4275172,0.4
COL3A1,C4277682,0.4
COL3A1,C4707243,0.4
COL3A1,C5193040,0.5
COL3A1,C5816785,0.4
COL4A2,C0004153,0.5
COL4A2,C0007789,0.6
COL4A2,C0011269,0.4
COL4A2,C0027070,0.4
COL4A2,C0027726,0.4
COL4A2,C0036572,0.6
COL4A2,C0042133,0.65
COL4A2,C0042384,0.4
COL4A2,C0149925,0.4
COL4A2,C0240059,0.4
COL4A2,C0302892,0.5
COL4A2,C0338502,0.4
COL4A2,C1844820,0.4
COL4A2,C1867983,0.55
COL4A2,C2937358,0.85
COL4A2,C3280970,0.6
COL4A2,C3281105,0.5
COL4A2,C3698507,0.5
COL4A2,C3714756,0.4
COL4A2,C4082172,0.45
COL4A2,C4310675,0.4
COL4A2,C4755307,0.4
COL4A4,C0017658,0.65
COL4A4,C0017668,0.7
COL4A4,C0018965,0.95
COL4A4,C0020461,0.4
COL4A4,C0020538,0.75
COL4A4,C0022658,0.85
COL4A4,C0022661,0.8
COL4A4,C0022680,0.5
COL4A4,C0025281,0.4
COL4A4,C0027092,0.6
COL4A4,C0027726,0.65
COL4A4,C0033687,0.9
COL4A4,C0040034,0.4
COL4A4,C0239937,0.6
COL4A4,C0241908,1.0
COL4A4,C0268747,0.4
COL4A4,C0271097,0.4
COL4A4,C0403397,0.6
COL4A4,C1384666,0.65
COL4A4,C1408258,0.5
COL4A4,C1561643,0.75
COL4A4,C1567741,0.9
COL4A4,C1567743,0.7
COL4A4,C1567744,0.85
COL4A4,C2316810,0.8
COL4A4,C3809483,0.4
COL4A4,C4746745,0.65
COL4A4,C4746986,0.4
COL4A4,C5882663,0.4
COL4A4,C5925113,0.6
COL7A1,C0006142,0.5
COL7A1,C0007131,0.4
COL7A1,C0008767,0.45
COL7A1,C0009404,0.4
COL7A1,C0013261,0.4
COL7A1,C0014527,0.85
COL7A1,C0020757,0.4
COL7A1,C0079153,0.4
COL7A1,C0079294,1.0
COL7A1,C0079474,1.0
COL7A1,C0162834,0.4
COL7A1,C0206624,0.4
COL7A1,C0221260,0.7
COL7A1,C0221352,0.4
COL7A1,C0262444,0.4
COL7A1,C0265660,0.4
COL7A1,C0265998,0.45
COL7A1,C0268371,0.5
COL7A1,C0334082,0.4
COL7A1,C0349588,0.4
COL7A1,C0399367,0.4
COL7A1,C0427065,0.4
COL7A1,C0432321,0.95
COL7A1,C0432322,0.9
COL7A1,C0476403,0.4
COL7A1,C0574769,0.4
COL7A1,C1275113,0.6
COL7A1,C1275114,0.9
COL7A1,C1458155,0.4
COL7A1,C1843761,0.6
COL7A1,C1851562,0.4
COL7A1,C1851573,0.9
COL7A1,C1853063,0.4
COL7A1,C2132198,0.45
COL7A1,C2315100,0.45
COL7A1,C2673611,0.4
COL7A1,C2673612,0.4
COL7A1,C2675780,0.4
COL7A1,C3806301,0.4
COL7A1,C3887524,0.45
COL7A1,C4015945,0.5
COL7A1,C4021800,0.4
COL7A1,C4024876,0.45
COL7A1,C4302547,0.4
COL7A1,C4317107,0.4
COL7A1,C4510043,0.65
COL7A1,C4511044,0.6
COL7A1,C4518087,0.4
COL7A1,C4551563,0.4
COL7A1,C5574742,0.45
COL7A1,C5679846,0.4
COL7A1,C5848159,0.4
COL9A1,C0008449,0.5
COL9A1,C0009782,0.4
COL9A1,C0018784,0.5
COL9A1,C0026760,0.8
COL9A1,C0027092,0.45
COL9A1,C0029124,0.4
COL9A1,C0029422,0.65
COL9A1,C0035309,0.4
COL9A1,C0265253,0.8
COL9A1,C0854723,0.4
COL9A1,C1384666,0.65
COL9A1,C2020284,0.4
COL9A1,C2675767,0.6
COL9A1,C3279941,0.45
COL9A1,C4707798,0.4
COL9A1,C5439212,0.6
COMT,C0001723,0.6
COMT,C0001973,0.9
COMT,C0004352,0.75
COMT,C0004936,0.85
COMT,C0005586,1.0
COMT,C0005587,0.7
COMT,C0006142,0.9
COMT,C0006370,0.55
COMT,C0006868,0.45
COMT,C0006870,0.45
COMT,C0007103,0.75
COMT,C0007134,0.65
COMT,C0007193,0.4
COMT,C0011570,0.85
COMT,C0011581,0.9
COMT,C0012236,0.8
COMT,C0014170,0.45
COMT,C0015934,0.65
COMT,C0016053,0.8
COMT,C0019337,0.7
COMT,C0020429,0.7
COMT,C0020538,0.8
COMT,C0021776,0.4
COMT,C0023267,0.65
COMT,C0024449,0.5
COMT,C0024624,0.45
COMT,C0024713,0.5
COMT,C0024809,0.8
COMT,C0025261,0.4
COMT,C0026552,0.45
COMT,C0026858,0.6
COMT,C0027609,0.65
COMT,C0028043,0.65
COMT,C0028754,0.95
COMT,C0028768,0.9
COMT,C0029227,0.55
COMT,C0029792,0.45
COMT,C0030193,0.9
COMT,C0030319,0.75
COMT,C0030662,0.65
COMT,C0031511,0.5
COMT,C0033578,0.6
COMT,C0033860,0.7
COMT,C0036341,1.0
COMT,C0039494,0.85
COMT,C0041671,0.7
COMT,C0041696,0.7
COMT,C0041948,0.6
COMT,C0042900,0.45
COMT,C0085762,0.6
COMT,C0086133,0.5
COMT,C0152183,0.4
COMT,C0153491,0.45
COMT,C0153492,0.45
COMT,C0153493,0.45
COMT,C0154536,0.5
COMT,C0178417,0.6
COMT,C0233477,0.6
COMT,C0236736,0.4
COMT,C0236780,0.5
COMT,C0376358,0.75
COMT,C0524662,0.6
COMT,C0525045,0.7
COMT,C0525046,0.5
COMT,C0600427,0.7
COMT,C0752166,0.4
COMT,C0919267,0.8
COMT,C0949658,0.4
COMT,C1140680,0.8
COMT,C1257877,0.4
COMT,C1269683,0.8
COMT,C1299247,0.45
COMT,C1306067,0.5
COMT,C1332133,0.4
COMT,C1458155,0.75
COMT,C1510586,0.8
COMT,C1868649,0.4
COMT,C2239176,0.6
COMT,C2675945,0.4
COMT,C3160814,0.6
COMT,C4540522,0.4
COX8A,C0001969,0.5
COX8A,C0751651,0.4
COX8A,C2931891,0.4
COX8A,C5435656,0.4
COX8A,C5436712,0.45
COX8A,C5779825,0.4
CPM,C0014175,0.4
CPM,C0037116,0.5
CPT1A,C0011849,0.4
CPT1A,C0011860,0.85
CPT1A,C0022661,0.6
CPT1A,C0023772,0.45
CPT1A,C0025517,0.7
CPT1A,C0268634,0.5
CPT1A,C0400966,0.65
CPT1A,C1458155,0.4
CPT1A,C1829703,0.95
CPT1A,C3241937,0.5
CPT1B,C0018800,0.4
CPT1B,C0023903,0.4
CPT1B,C0027404,0.65
CPT1B,C0151744,0.4
CPT1B,C0268634,0.4
CPT1B,C0271183,0.4
CRABP2,C0268583,0.4
CRABP2,C0919267,0.6
CRABP2,C1855119,0.4
CRBN,C0000771,0.4
CRBN,C0026764,0.9
CRBN,C0497552,0.4
CRBN,C1843942,0.6
CRBN,C3714756,0.8
CRBN,C5680181,0.7
CREB1,C0001973,0.75
CREB1,C0005586,0.6
CREB1,C0011570,0.9
CREB1,C0011581,0.85
CREB1,C0019337,0.45
CREB1,C0026552,0.6
CREB1,C0027051,0.55
CREB1,C0030567,0.7
CREB1,C0036341,0.9
CREB1,C0041696,0.75
CREB1,C0151779,0.6
CREB1,C0206651,0.75
CREB1,C0236736,0.4
CREB1,C0525045,0.75
CREB1,C0600427,0.6
CREB1,C1266127,0.75
CREB1,C1269683,0.75
CREB3L3,C4751115,0.4
CREB3L3,C5444012,0.4
CREB3L3,C5543398,0.5
CREBBP,C0004352,0.7
CREBBP,C0005684,0.6
CREBBP,C0005695,0.4
CREBBP,C0007137,0.6
CREBBP,C0007138,0.6
CREBBP,C0010606,0.4
CREBBP,C0011573,0.5
CREBBP,C0017601,0.45
CREBBP,C0020555,0.4
CREBBP,C0023449,0.7
CREBBP,C0023467,0.8
CREBBP,C0024301,0.85
CREBBP,C0026764,0.5
CREBBP,C0026838,0.4
CREBBP,C0033578,0.4
CREBBP,C0035934,1.0
CREBBP,C0036439,0.65
CREBBP,C0036920,0.5
CREBBP,C0039538,0.4
CREBBP,C0079744,0.85
CREBBP,C0079745,0.4
CREBBP,C0079758,0.4
CREBBP,C0079765,0.4
CREBBP,C0085084,0.4
CREBBP,C0149925,0.65
CREBBP,C0152013,0.6
CREBBP,C0175754,0.45
CREBBP,C0279626,0.6
CREBBP,C0334265,0.4
CREBBP,C0344479,0.4
CREBBP,C0426891,0.45
CREBBP,C0427144,0.4
CREBBP,C0431447,0.4
CREBBP,C0454644,0.45
CREBBP,C0497552,0.4
CREBBP,C0557874,0.45
CREBBP,C0575897,0.4
CREBBP,C0578038,0.4
CREBBP,C0751688,0.4
CREBBP,C1335060,0.4
CREBBP,C1335469,0.4
CREBBP,C1535926,0.6
CREBBP,C1837618,0.4
CREBBP,C1862939,0.4
CREBBP,C1864648,0.4
CREBBP,C1956130,0.4
CREBBP,C1956131,0.4
CREBBP,C3714756,0.8
CREBBP,C3888239,0.4
CREBBP,C4021762,0.4
CREBBP,C4021765,0.4
CREBBP,C4511003,0.4
CREBBP,C4551859,0.65
CREBBP,C5193034,0.6
CREBBP,C5680527,0.4
CREBBP,C5681632,0.65
CREBBP,C5681840,0.4
CREM,C0011871,0.4
CREM,C0011875,0.4
CREM,C0020564,0.5
CREM,C0027051,0.55
CREM,C0157916,0.4
CREM,C0157917,0.4
CREM,C0157918,0.4
CREM,C0162820,0.4
CREM,C0263454,0.4
CREM,C0409667,0.4
CRH,C0001973,0.85
CRH,C0002170,0.65
CRH,C0002395,0.9
CRH,C0003123,0.7
CRH,C0003469,0.75
CRH,C0005586,0.65
CRH,C0008031,0.4
CRH,C0010481,0.75
CRH,C0011570,0.95
CRH,C0011581,0.9
CRH,C0013415,0.5
CRH,C0014544,0.5
CRH,C0015967,0.65
CRH,C0020649,0.65
CRH,C0026650,0.4
CRH,C0028754,0.9
CRH,C0029227,0.4
CRH,C0030193,0.75
CRH,C0030319,0.65
CRH,C0032001,0.6
CRH,C0033922,0.4
CRH,C0034012,0.4
CRH,C0035333,0.4
CRH,C0036341,0.65
CRH,C0037769,0.6
CRH,C0038220,0.4
CRH,C0038273,0.4
CRH,C0041696,0.75
CRH,C0085762,0.6
CRH,C0178417,0.65
CRH,C0236736,0.45
CRH,C0393698,0.4
CRH,C0393699,0.4
CRH,C0428977,0.4
CRH,C0525045,0.75
CRH,C0546878,0.4
CRH,C0553558,0.4
CRH,C0684276,0.4
CRH,C1262477,0.5
CRH,C1269683,0.85
CRH,C1527306,0.4
CRH,C1527366,0.5
CRH,C3696898,0.6
CRHBP,C0001973,0.65
CRHBP,C0011570,0.7
CRHBP,C0011581,0.6
CRHBP,C0041696,0.65
CRHBP,C0236736,0.45
CRHBP,C0525045,0.65
CRHBP,C1269683,0.65
CRHBP,C2239176,0.65
CRHR1,C0001973,0.85
CRHR1,C0003123,0.4
CRHR1,C0003469,0.85
CRHR1,C0004096,0.75
CRHR1,C0005586,0.6
CRHR1,C0011570,0.8
CRHR1,C0011581,0.75
CRHR1,C0011616,0.55
CRHR1,C0020429,0.65
CRHR1,C0024117,0.6
CRHR1,C0024517,0.6
CRHR1,C0028754,0.7
CRHR1,C0029410,0.5
CRHR1,C0030201,0.4
CRHR1,C0033975,0.6
CRHR1,C0041696,0.75
CRHR1,C0154409,0.4
CRHR1,C0178417,0.5
CRHR1,C0236736,0.45
CRHR1,C0349204,0.6
CRHR1,C0525045,0.65
CRHR1,C1269683,0.8
CRHR1,C1458155,0.4
CRHR1,C3887506,0.4
CRHR2,C0003123,0.45
CRHR2,C0003469,0.65
CRHR2,C0004096,0.65
CRHR2,C0005586,0.5
CRHR2,C0011570,0.8
CRHR2,C0011581,0.75
CRHR2,C0020538,0.65
CRHR2,C0021368,0.65
CRHR2,C0024115,0.4
CRHR2,C0178417,0.55
CRHR2,C0233477,0.55
CRHR2,C0236736,0.4
CRHR2,C0525045,0.65
CRISP2,C0025160,0.4
CRISPLD2,C0023895,0.4
CRISPLD2,C0024115,0.4
CRISPLD2,C0235032,0.4
CRK,C0151744,0.4
CRMP1,C0036341,0.6
CRMP1,C3178803,0.5
CRP,C0001485,0.4
CRP,C0003469,0.85
CRP,C0003864,0.9
CRP,C0003873,1.0
CRP,C0004153,0.95
CRP,C0007222,1.0
CRP,C0007820,0.85
CRP,C0010054,0.9
CRP,C0010068,1.0
CRP,C0011854,0.9
CRP,C0011884,0.9
CRP,C0018799,0.95
CRP,C0018801,0.95
CRP,C0018802,0.85
CRP,C0019693,0.85
CRP,C0020503,0.7
CRP,C0020538,1.0
CRP,C0020557,0.8
CRP,C0021368,1.0
CRP,C0021390,0.9
CRP,C0022660,0.8
CRP,C0022661,0.85
CRP,C0023281,0.75
CRP,C0023290,0.65
CRP,C0024117,1.0
CRP,C0024121,0.7
CRP,C0024141,1.0
CRP,C0024143,0.85
CRP,C0024312,0.9
CRP,C0024437,0.75
CRP,C0024530,0.85
CRP,C0025289,0.8
CRP,C0025517,0.85
CRP,C0026691,0.9
CRP,C0027059,0.8
CRP,C0027707,0.55
CRP,C0028754,1.0
CRP,C0031099,0.95
CRP,C0033860,0.9
CRP,C0036341,0.85
CRP,C0038325,0.5
CRP,C0040053,0.85
CRP,C0041696,0.85
CRP,C0085278,0.65
CRP,C0085397,0.4
CRP,C0087086,0.75
CRP,C0151650,0.6
CRP,C0151744,0.9
CRP,C0156147,0.5
CRP,C0264694,0.45
CRP,C0271084,0.65
CRP,C0311375,0.4
CRP,C0344315,0.7
CRP,C0520679,0.9
CRP,C0524620,1.0
CRP,C0740392,0.45
CRP,C0948089,1.0
CRP,C1269683,0.95
CRP,C1565662,0.55
CRP,C1963943,0.75
CRP,C2239176,0.85
CRP,C2609414,0.9
CRP,C3541994,0.5
CRP,C4277682,0.4
CRP,C5203670,0.95
CRTC1,C0279628,0.65
CRTC1,C0525045,0.55
CRYAB,C0007134,0.5
CRYAB,C0007137,0.6
CRYAB,C0007193,0.8
CRYAB,C0007194,0.7
CRYAB,C0009375,0.4
CRYAB,C0009691,0.9
CRYAB,C0014859,0.4
CRYAB,C0026640,0.5
CRYAB,C0029531,0.45
CRYAB,C0033578,0.4
CRYAB,C0040411,0.4
CRYAB,C0524851,0.75
CRYAB,C0751688,0.4
CRYAB,C0858617,0.4
CRYAB,C0878544,0.8
CRYAB,C0949658,0.4
CRYAB,C1285162,0.4
CRYAB,C1837317,0.85
CRYAB,C1850191,0.45
CRYAB,C1861861,0.4
CRYAB,C2678065,0.75
CRYAB,C3554649,0.6
CRYAB,C3808377,0.65
CRYAB,C5190691,0.8
CRYAB,C5191079,0.55
CRYAB,C5679590,0.4
CRYAB,C5681191,0.4
CRYAB,C5681644,0.4
CRYBA1,C0009691,0.8
CRYBA1,C0029531,0.45
CRYBA1,C0858617,0.4
CRYBA1,C1833229,0.6
CRYBA1,C1854021,0.4
CRYBA1,C5681191,0.4
CRYBA1,C5681644,0.4
CRYZ,C1510586,0.4
CS,C0007193,0.55
CS,C0007194,0.55
CS,C0018801,0.55
CS,C0018802,0.45
CS,C0028754,0.65
CS,C0033141,0.4
CS,C0036529,0.4
CS,C0242184,0.6
CS,C0878544,0.4
CSF1,C0029401,0.6
CSF1,C0278752,0.4
CSF1,C0282488,0.4
CSF1,C0345967,0.6
CSF1,C0392400,0.4
CSF1,C0876994,0.4
CSF1,C1332338,0.4
CSF1,C1458155,0.9
CSF2,C0001824,0.6
CSF2,C0002622,0.55
CSF2,C0002625,0.4
CSF2,C0002871,0.85
CSF2,C0002874,0.7
CSF2,C0003873,0.85
CSF2,C0007097,0.75
CSF2,C0009404,0.75
CSF2,C0015423,0.4
CSF2,C0017181,0.4
CSF2,C0018801,0.7
CSF2,C0018802,0.6
CSF2,C0021368,0.85
CSF2,C0023290,0.7
CSF2,C0023467,1.0
CSF2,C0023903,0.75
CSF2,C0024305,0.8
CSF2,C0025202,0.85
CSF2,C0026764,0.8
CSF2,C0027947,0.8
CSF2,C0030193,0.75
CSF2,C0032285,0.9
CSF2,C0033860,0.75
CSF2,C0034050,0.9
CSF2,C0034069,0.8
CSF2,C0036341,0.7
CSF2,C0040034,0.75
CSF2,C0040136,0.5
CSF2,C0042487,0.5
CSF2,C0085090,0.5
CSF2,C0151526,0.7
CSF2,C0151786,0.5
CSF2,C0153519,0.4
CSF2,C0242596,0.65
CSF2,C0333355,0.75
CSF2,C0349639,0.9
CSF2,C0400966,0.5
CSF2,C0553707,0.4
CSF2,C1262477,0.4
CSF2,C1368683,0.4
CSF2,C1458155,0.75
CSF2,C1845026,0.4
CSF2,C1866558,0.4
CSF2,C2931245,0.5
CSF2,C3241937,0.5
CSF3R,C0001824,0.45
CSF3R,C0023467,0.8
CSF3R,C0023480,0.7
CSF3R,C0023481,0.95
CSF3R,C0023518,0.6
CSF3R,C0027947,0.8
CSF3R,C0543669,0.95
CSF3R,C1292772,0.85
CSF3R,C1853118,0.95
CSF3R,C2713368,0.45
CSF3R,C4290088,0.45
CSF3R,C4310764,0.6
CSF3R,C4329780,0.4
CSF3R,C5190863,0.5
CSF3R,C5197805,0.4
CSN2,C0007097,0.55
CSN2,C0553707,0.4
CSN2,C1368683,0.4
CSNK2A1,C0007137,0.65
CSNK2A1,C0008073,0.4
CSNK2A1,C0023493,0.5
CSNK2A1,C0037286,0.4
CSNK2A1,C0751688,0.4
CSNK2A1,C1510586,0.5
CSNK2A1,C1535926,0.6
CSNK2A1,C3714756,0.65
CSNK2A1,C4022738,0.4
CSNK2A1,C4310739,0.85
CSNK2A1,C5568766,0.5
CSNK2A1,C5680525,0.4
CSNK2A2,C0007137,0.6
CSNK2A2,C0037286,0.4
CSNK2A2,C0751688,0.4
CSRP1,C0005586,0.5
CSRP1,C0014173,0.4
CSRP1,C0033578,0.4
CSRP1,C0152021,0.4
CSRP1,C0349578,0.4
CSRP1,C0349579,0.4
CSRP1,C0456483,0.4
CSRP1,C0746402,0.5
CSTB,C0008489,0.4
CSTB,C0013384,0.4
CSTB,C0013421,0.4
CSTB,C0017636,0.4
CSTB,C0025286,0.6
CSTB,C0027626,0.4
CSTB,C0036857,0.4
CSTB,C0085584,0.4
CSTB,C0241816,0.4
CSTB,C0278878,0.4
CSTB,C0279626,0.5
CSTB,C0376532,0.4
CSTB,C0393706,0.4
CSTB,C0406702,0.4
CSTB,C0751778,0.85
CSTB,C0751785,1.0
CSTB,C1334698,0.4
CSTB,C1514422,0.4
CSTB,C1837397,0.4
CSTB,C1850456,0.4
CSTB,C1854301,0.4
CSTB,C1854885,0.4
CSTB,C1861866,0.4
CSTB,C4551563,0.4
CTBP2,C0027626,0.4
CTBP2,C0033578,0.5
CTBP2,C0265908,0.4
CTH,C0002514,0.45
CTH,C0015934,0.5
CTH,C0025202,0.65
CTH,C0035320,0.4
CTH,C0220993,0.8
CTH,C0268616,0.75
CTLA4,C0002171,0.75
CTLA4,C0002880,0.75
CTLA4,C0003873,0.95
CTLA4,C0004096,0.85
CTLA4,C0004943,0.75
CTLA4,C0005586,0.6
CTLA4,C0006142,0.8
CTLA4,C0007134,0.9
CTLA4,C0007137,0.85
CTLA4,C0007570,0.8
CTLA4,C0007832,0.45
CTLA4,C0008312,0.8
CTLA4,C0011615,0.75
CTLA4,C0011854,1.0
CTLA4,C0018133,0.8
CTLA4,C0018213,1.0
CTLA4,C0019163,0.8
CTLA4,C0021051,0.8
CTLA4,C0022658,0.8
CTLA4,C0022661,0.75
CTLA4,C0023467,0.85
CTLA4,C0023493,0.65
CTLA4,C0023892,0.45
CTLA4,C0024117,0.7
CTLA4,C0024141,1.0
CTLA4,C0024143,0.75
CTLA4,C0024305,0.8
CTLA4,C0025202,1.0
CTLA4,C0026470,0.55
CTLA4,C0026764,0.85
CTLA4,C0026769,0.9
CTLA4,C0027051,0.55
CTLA4,C0029171,0.4
CTLA4,C0029172,0.5
CTLA4,C0031117,0.65
CTLA4,C0033860,0.7
CTLA4,C0036202,0.65
CTLA4,C0036341,0.6
CTLA4,C0036920,0.6
CTLA4,C0041696,0.6
CTLA4,C0042900,0.45
CTLA4,C0079773,0.65
CTLA4,C0086981,0.55
CTLA4,C0154909,0.45
CTLA4,C0157916,0.4
CTLA4,C0157917,0.4
CTLA4,C0157918,0.4
CTLA4,C0162538,0.6
CTLA4,C0206710,0.45
CTLA4,C0241910,0.75
CTLA4,C0276926,0.45
CTLA4,C0339143,0.8
CTLA4,C0376323,0.45
CTLA4,C0376407,0.4
CTLA4,C0409667,0.4
CTLA4,C0677607,1.0
CTLA4,C0751688,0.45
CTLA4,C0920350,0.75
CTLA4,C1269683,0.6
CTLA4,C1332309,0.45
CTLA4,C1332355,0.45
CTLA4,C1335029,0.4
CTLA4,C1368295,0.45
CTLA4,C1527336,0.65
CTLA4,C1563709,0.45
CTLA4,C1739108,0.75
CTLA4,C1832392,0.5
CTLA4,C1857845,0.4
CTLA4,C2239176,0.9
CTLA4,C3149378,0.4
CTLA4,C3495801,0.8
CTLA4,C3809971,0.4
CTLA4,C3837958,0.45
CTLA4,C3862275,0.4
CTLA4,C4015214,0.95
CTLA4,C4290090,0.45
CTLA4,C4290091,0.45
CTLA4,C4290092,0.45
CTLA4,C4707404,0.4
CTLA4,C5197805,0.4
CTLA4,C5680024,0.65
CTNNB1,C0001418,0.85
CTNNB1,C0001430,0.95
CTNNB1,C0001624,0.65
CTNNB1,C0003466,0.4
CTNNB1,C0005684,0.65
CTNNB1,C0007193,0.7
CTNNB1,C0007528,0.4
CTNNB1,C0007873,0.45
CTNNB1,C0008073,0.6
CTNNB1,C0009375,0.85
CTNNB1,C0009402,0.85
CTNNB1,C0009404,0.95
CTNNB1,C0010276,0.9
CTNNB1,C0016059,0.65
CTNNB1,C0018923,0.65
CTNNB1,C0021841,0.75
CTNNB1,C0023890,0.75
CTNNB1,C0023903,0.85
CTNNB1,C0024121,0.75
CTNNB1,C0025149,1.0
CTNNB1,C0026846,0.55
CTNNB1,C0027626,0.4
CTNNB1,C0027708,0.85
CTNNB1,C0027746,0.65
CTNNB1,C0029464,0.4
CTNNB1,C0030297,0.65
CTNNB1,C0031149,0.4
CTNNB1,C0033578,0.8
CTNNB1,C0036341,0.65
CTNNB1,C0038325,0.4
CTNNB1,C0039538,0.55
CTNNB1,C0040136,0.85
CTNNB1,C0079218,1.0
CTNNB1,C0149721,0.55
CTNNB1,C0151744,0.55
CTNNB1,C0153452,0.6
CTNNB1,C0153458,0.4
CTNNB1,C0153459,0.4
CTNNB1,C0153460,0.4
CTNNB1,C0153463,0.4
CTNNB1,C0158683,0.4
CTNNB1,C0206624,0.85
CTNNB1,C0206663,0.7
CTNNB1,C0206669,0.75
CTNNB1,C0206686,0.9
CTNNB1,C0206711,1.0
CTNNB1,C0232347,0.4
CTNNB1,C0242698,0.4
CTNNB1,C0278752,0.4
CTNNB1,C0334287,0.65
CTNNB1,C0334389,0.4
CTNNB1,C0339539,0.75
CTNNB1,C0342649,0.4
CTNNB1,C0345967,0.7
CTNNB1,C0346629,0.95
CTNNB1,C0349579,0.6
CTNNB1,C0376358,0.8
CTNNB1,C0376634,0.55
CTNNB1,C0392400,0.4
CTNNB1,C0497552,0.4
CTNNB1,C0557874,0.65
CTNNB1,C0600519,0.4
CTNNB1,C0699790,0.75
CTNNB1,C0751958,0.4
CTNNB1,C0854893,0.4
CTNNB1,C0919267,0.85
CTNNB1,C1140680,0.95
CTNNB1,C1168401,0.7
CTNNB1,C1299247,0.5
CTNNB1,C1332219,0.5
CTNNB1,C1332338,0.4
CTNNB1,C1333015,0.85
CTNNB1,C1334410,0.45
CTNNB1,C1367536,0.6
CTNNB1,C1458155,0.8
CTNNB1,C1535926,0.75
CTNNB1,C1851124,0.4
CTNNB1,C1851402,0.4
CTNNB1,C1854882,0.4
CTNNB1,C1879526,0.75
CTNNB1,C2239176,1.0
CTNNB1,C2675440,0.4
CTNNB1,C3554439,0.4
CTNNB1,C3554449,1.0
CTNNB1,C3714756,0.8
CTNNB1,C4021029,0.4
CTNNB1,C4022737,0.4
CTNNB1,C4022738,0.5
CTNNB1,C4277682,0.4
CTNNB1,C4539767,0.6
CTNNB1,C4551563,0.75
CTNNB1,C4721414,0.5
CTNNB1,C5190576,0.65
CTNNB1,C5207962,0.6
CTRC,C0149521,0.85
CTRC,C0238339,0.7
CTRC,C1842402,0.6
CTRC,C1969419,0.4
CTSB,C0007134,0.6
CTSB,C0011849,0.5
CTSB,C0017636,0.8
CTSB,C0026848,0.4
CTSB,C0027540,0.6
CTSB,C0027626,0.4
CTSB,C0033578,0.75
CTSB,C0033687,0.5
CTSB,C0278601,0.6
CTSB,C0278878,0.45
CTSB,C0406756,0.7
CTSB,C1514422,0.45
CTSC,C0030360,1.0
CTSC,C0031090,0.65
CTSC,C0031106,0.65
CTSC,C0038356,0.4
CTSC,C0151744,0.4
CTSC,C0162820,0.4
CTSC,C1855627,0.8
CTSC,C4551681,0.45
CTSD,C0002395,0.8
CTSD,C0003873,0.6
CTSD,C0006142,0.9
CTSD,C0007134,0.6
CTSD,C0011881,0.55
CTSD,C0022340,0.5
CTSD,C0022658,0.4
CTSD,C0022797,0.5
CTSD,C0027626,0.4
CTSD,C0027877,1.0
CTSD,C0033578,0.5
CTSD,C0043094,0.4
CTSD,C0085084,0.4
CTSD,C0157946,0.4
CTSD,C0751383,0.75
CTSD,C1740801,0.4
CTSD,C1862939,0.4
CTSD,C1864669,0.9
CTSD,C2239176,0.75
CTSD,C5888338,0.65
CTSK,C0011351,0.45
CTSK,C0017636,0.6
CTSK,C0031099,0.65
CTSK,C0036341,0.65
CTSK,C0036439,0.55
CTSK,C0040433,0.4
CTSK,C0157946,0.4
CTSK,C0235942,0.4
CTSK,C0238402,1.0
CTSK,C0277828,0.45
CTSK,C0278878,0.4
CTSK,C0349588,0.55
CTSK,C0410528,0.75
CTSK,C0877165,0.4
CTSK,C1390474,0.55
CTSK,C1514422,0.4
CTSK,C1834405,0.45
CTSK,C1844548,0.45
CTSK,C1853242,0.45
CTSK,C1857790,0.4
CTSK,C2243051,0.4
CTSK,C3840083,0.4
CTSK,C4021790,0.4
CTSK,C4025876,0.4
CTSK,C4038738,0.45
CTSL,C0007194,0.45
CTSL,C0025286,0.6
CTSL,C0033687,0.65
CTSL,C0038356,0.4
CTSL,C1175175,0.6
CTSL,C1334698,0.4
CTSS,C0011616,0.4
CTSS,C0027626,0.4
CTSS,C0028754,0.8
CTSS,C0442874,0.4
CX3CL1,C0009443,0.45
CX3CL1,C0020517,0.65
CX3CL1,C0032285,0.5
CX3CL1,C0033578,0.5
CX3CL1,C0034072,0.45
CX3CL1,C0151744,0.65
CX3CR1,C0004096,0.7
CX3CR1,C0010068,0.65
CX3CR1,C0019693,0.9
CX3CR1,C0020542,0.6
CX3CR1,C0024437,0.7
CX3CR1,C0028754,0.7
CX3CR1,C0029882,0.55
CX3CR1,C0033860,0.7
CX3CR1,C0035304,0.7
CX3CR1,C0036421,0.7
CX3CR1,C0152026,0.55
CX3CR1,C0263454,0.4
CX3CR1,C1832288,0.4
CX3CR1,C1836230,0.4
CX3CR1,C1846418,0.4
CX3CR1,C3151079,0.55
CX3CR1,C4016733,0.4
CXCL1,C0020517,0.6
CXCL1,C0023903,0.5
CXCL1,C0024117,0.7
CXCL1,C0032285,0.8
CXCL1,C0035126,0.7
CXCL1,C0036982,0.45
CXCL1,C0085129,0.4
CXCL1,C0157916,0.4
CXCL1,C0157917,0.4
CXCL1,C0157918,0.4
CXCL1,C0241910,0.4
CXCL1,C0409667,0.4
CXCL1,C1332355,0.4
CXCL1,C3825727,0.4
CXCL1,C4277682,0.4
CXCL10,C0000786,0.4
CXCL10,C0002171,0.7
CXCL10,C0007222,0.7
CXCL10,C0007570,0.6
CXCL10,C0007786,0.55
CXCL10,C0007820,0.5
CXCL10,C0008312,0.6
CXCL10,C0009375,0.5
CXCL10,C0011615,0.8
CXCL10,C0019163,0.85
CXCL10,C0021400,0.75
CXCL10,C0023892,0.4
CXCL10,C0040136,0.5
CXCL10,C0041696,0.6
CXCL10,C0151744,0.5
CXCL10,C0270611,0.5
CXCL10,C0282488,0.65
CXCL10,C0740392,0.45
CXCL10,C1269683,0.7
CXCL10,C4277682,0.4
CXCL10,C5203670,0.9
CXCL12,C0010054,0.75
CXCL12,C0010068,0.75
CXCL12,C0011603,0.55
CXCL12,C0011854,0.8
CXCL12,C0011871,0.45
CXCL12,C0011875,0.7
CXCL12,C0019693,0.85
CXCL12,C0022116,0.75
CXCL12,C0027626,0.4
CXCL12,C0027719,0.5
CXCL12,C0033578,0.75
CXCL12,C0151744,0.75
CXCL12,C0242698,0.4
CXCL12,C0264694,0.4
CXCL12,C0266929,0.65
CXCL12,C0278752,0.4
CXCL12,C0345967,0.6
CXCL12,C0392400,0.4
CXCL12,C0553980,0.4
CXCL12,C0678222,0.9
CXCL12,C1332338,0.4
CXCL12,C1458155,0.85
CXCL12,C1836230,0.4
CXCL12,C2239176,0.85
CXCL13,C0014175,0.4
CXCL13,C0278752,0.4
CXCL13,C0345967,0.4
CXCL13,C0392400,0.4
CXCL13,C1332338,0.4
CXCL14,C0004096,0.5
CXCL14,C0011616,0.4
CXCL14,C0014175,0.6
CXCL14,C0023890,0.4
CXCL14,C0024121,0.6
CXCL14,C0236969,0.4
CXCL14,C2239176,0.6
CXCL14,C4277682,0.4
CXCL2,C0003873,0.6
CXCL2,C0005974,0.4
CXCL2,C0008370,0.4
CXCL2,C0014859,0.65
CXCL2,C0018801,0.4
CXCL2,C0018802,0.4
CXCL2,C0020538,0.4
CXCL2,C0021368,0.85
CXCL2,C0024117,0.65
CXCL2,C0029574,0.4
CXCL2,C0034069,0.5
CXCL2,C0035126,0.6
CXCL2,C0036982,0.4
CXCL2,C0037274,0.4
CXCL2,C0037277,0.4
CXCL2,C0151744,0.4
CXCL2,C0157946,0.4
CXCL2,C0162820,0.4
CXCL2,C0242488,0.8
CXCL2,C0311375,0.4
CXCL2,C0740392,0.4
CXCL2,C1458155,0.55
CXCL8,C0001969,0.5
CXCL8,C0005586,0.85
CXCL8,C0006309,0.6
CXCL8,C0011206,0.8
CXCL8,C0011570,0.85
CXCL8,C0011581,0.85
CXCL8,C0014055,0.4
CXCL8,C0017152,0.85
CXCL8,C0023290,0.65
CXCL8,C0023343,0.6
CXCL8,C0024449,0.4
CXCL8,C0034069,0.85
CXCL8,C0035222,0.75
CXCL8,C0040592,0.5
CXCL8,C0041295,0.5
CXCL8,C0042029,0.85
CXCL8,C0153107,0.4
CXCL8,C0153108,0.4
CXCL8,C0344315,0.7
CXCL8,C0520575,0.6
CXCL8,C0699791,0.85
CXCL8,C0948039,0.4
CXCL8,C2239176,0.85
CXCL8,C3888523,0.55
CXCR1,C0009324,0.5
CXCR1,C0019693,0.65
CXCR1,C0034186,0.7
CXCR1,C0042029,0.8
CXCR1,C0375359,0.4
CXCR1,C1836230,0.4
CXCR1,C1840084,0.4
CXCR4,C0003873,0.85
CXCR4,C0023467,0.85
CXCR4,C0023492,0.5
CXCR4,C0023530,0.75
CXCR4,C0024419,0.85
CXCR4,C0024623,0.75
CXCR4,C0027626,0.4
CXCR4,C0027719,0.5
CXCR4,C0027796,0.4
CXCR4,C0029456,0.7
CXCR4,C0029463,0.85
CXCR4,C0033578,0.75
CXCR4,C0038356,0.65
CXCR4,C0153421,0.4
CXCR4,C0153422,0.4
CXCR4,C0153423,0.4
CXCR4,C0157916,0.4
CXCR4,C0157917,0.4
CXCR4,C0157918,0.4
CXCR4,C0206639,0.4
CXCR4,C0281361,0.75
CXCR4,C0376358,0.75
CXCR4,C0409667,0.4
CXCR4,C0472817,1.0
CXCR4,C1458155,0.85
CXCR4,C2936755,0.4
CXCR4,C5197805,0.4
CXCR4,C5542296,0.4
CYBA,C0004096,0.65
CYBA,C0004153,0.8
CYBA,C0010054,0.8
CYBA,C0010068,0.8
CYBA,C0011860,0.75
CYBA,C0018203,1.0
CYBA,C0018799,0.4
CYBA,C0019209,0.45
CYBA,C0020538,0.85
CYBA,C0022661,0.65
CYBA,C0023890,0.4
CYBA,C0024117,0.7
CYBA,C0031306,0.45
CYBA,C0035078,0.6
CYBA,C0085580,0.6
CYBA,C0085859,0.4
CYBA,C0151744,0.65
CYBA,C0264694,0.45
CYBA,C1844376,0.65
CYBA,C1856255,0.6
CYBB,C0003873,0.6
CYBB,C0008780,0.4
CYBB,C0011849,0.65
CYBB,C0018203,1.0
CYBB,C0018801,0.65
CYBB,C0018802,0.65
CYBB,C0020538,0.7
CYBB,C0022658,0.6
CYBB,C0022661,0.55
CYBB,C0027055,0.65
CYBB,C0033687,0.65
CYBB,C0035126,0.6
CYBB,C0085580,0.4
CYBB,C0741796,0.4
CYBB,C0751955,0.55
CYBB,C1844376,1.0
CYBB,C1970859,0.8
CYBB,C4022990,0.4
CYCS,C0007131,0.6
CYCS,C0007786,0.6
CYCS,C0007787,0.4
CYCS,C0015695,0.55
CYCS,C0015696,0.4
CYCS,C0022116,0.65
CYCS,C0028754,0.65
CYCS,C0030297,0.55
CYCS,C0040034,0.9
CYCS,C0153458,0.45
CYCS,C0153459,0.45
CYCS,C0153460,0.45
CYCS,C0153463,0.45
CYCS,C0206698,0.55
CYCS,C0263454,0.4
CYCS,C0268583,0.4
CYCS,C0280725,0.45
CYCS,C1458140,0.4
CYCS,C1855119,0.4
CYCS,C2677608,0.85
CYCS,C5680462,0.4
CYP11A1,C0001623,0.8
CYP11A1,C0014170,0.4
CYP11A1,C0342474,0.65
CYP11A1,C0701163,0.45
CYP11A1,C1510586,0.6
CYP11A1,C2751824,0.4
CYP11A1,C2936858,0.4
CYP11A1,C3151055,0.8
CYP11A1,C3496069,0.55
CYP11A1,C3502131,0.6
CYP11A1,C3838076,0.4
CYP11A1,C4707238,0.4
CYP11A1,C5190811,0.4
CYP11B1,C0001627,0.8
CYP11B1,C0010481,0.75
CYP11B1,C0020428,0.85
CYP11B1,C0268292,0.95
CYP11B1,C0701163,0.45
CYP11B1,C3838731,0.9
CYP11B2,C0007193,0.6
CYP11B2,C0010481,0.8
CYP11B2,C0011849,0.75
CYP11B2,C0011860,0.7
CYP11B2,C0020428,0.9
CYP11B2,C0020538,1.0
CYP11B2,C0020595,0.5
CYP11B2,C0032914,0.8
CYP11B2,C0033578,0.4
CYP11B2,C0268293,0.9
CYP11B2,C1510586,0.5
CYP11B2,C1846990,0.4
CYP11B2,C1852324,0.4
CYP11B2,C1858591,0.4
CYP11B2,C3463917,0.75
CYP11B2,C3838731,0.85
CYP11B2,C4275180,0.45
CYP11B2,C5680171,0.55
CYP17A1,C0001627,0.8
CYP17A1,C0002453,0.6
CYP17A1,C0005684,0.5
CYP17A1,C0005695,0.4
CYP17A1,C0006142,0.8
CYP17A1,C0006739,0.45
CYP17A1,C0016978,0.45
CYP17A1,C0020461,0.4
CYP17A1,C0020540,0.4
CYP17A1,C0020619,0.5
CYP17A1,C0020635,0.4
CYP17A1,C0021361,0.4
CYP17A1,C0021364,0.65
CYP17A1,C0027796,0.4
CYP17A1,C0028949,0.4
CYP17A1,C0029456,0.7
CYP17A1,C0029513,0.4
CYP17A1,C0030297,0.45
CYP17A1,C0033578,0.85
CYP17A1,C0085215,0.65
CYP17A1,C0153452,0.65
CYP17A1,C0153458,0.45
CYP17A1,C0153459,0.45
CYP17A1,C0153460,0.45
CYP17A1,C0153463,0.45
CYP17A1,C0268285,0.95
CYP17A1,C0278806,0.45
CYP17A1,C0376358,0.9
CYP17A1,C0400966,0.4
CYP17A1,C0701163,0.5
CYP17A1,C1458155,0.6
CYP17A1,C2239176,0.65
CYP17A1,C2936858,0.4
CYP17A1,C3241937,0.4
CYP17A1,C3277849,0.75
CYP17A1,C3469522,0.4
CYP17A1,C4017190,0.4
CYP17A1,C5681470,0.4
CYP19A1,C0001418,0.6
CYP19A1,C0002395,0.8
CYP19A1,C0002453,0.4
CYP19A1,C0004352,0.65
CYP19A1,C0005694,0.45
CYP19A1,C0005974,0.4
CYP19A1,C0006142,0.9
CYP19A1,C0007103,0.85
CYP19A1,C0014170,0.75
CYP19A1,C0014175,1.0
CYP19A1,C0014859,0.5
CYP19A1,C0015695,0.65
CYP19A1,C0015696,0.4
CYP19A1,C0016059,0.55
CYP19A1,C0020619,0.85
CYP19A1,C0020635,0.4
CYP19A1,C0021361,0.55
CYP19A1,C0029456,1.0
CYP19A1,C0029928,0.5
CYP19A1,C0032460,0.95
CYP19A1,C0033578,0.7
CYP19A1,C0033581,0.7
CYP19A1,C0034013,0.65
CYP19A1,C0041972,0.45
CYP19A1,C0085207,0.6
CYP19A1,C0085215,0.65
CYP19A1,C0086132,0.5
CYP19A1,C0154088,0.65
CYP19A1,C0236663,0.5
CYP19A1,C0242341,0.5
CYP19A1,C0279628,0.5
CYP19A1,C0342548,0.5
CYP19A1,C0919267,0.8
CYP19A1,C1140680,0.8
CYP19A1,C1299247,0.45
CYP19A1,C1458155,0.95
CYP19A1,C1510586,0.6
CYP19A1,C1960539,0.85
CYP19A1,C1970109,0.95
CYP19A1,C2936858,0.5
CYP1A1,C0000786,0.4
CYP1A1,C0003838,0.4
CYP1A1,C0003860,0.5
CYP1A1,C0003872,0.55
CYP1A1,C0004943,0.55
CYP1A1,C0005426,0.45
CYP1A1,C0005612,0.4
CYP1A1,C0005684,0.75
CYP1A1,C0005695,0.65
CYP1A1,C0006142,0.9
CYP1A1,C0006277,0.55
CYP1A1,C0007103,0.75
CYP1A1,C0007134,0.8
CYP1A1,C0008677,0.65
CYP1A1,C0009081,0.45
CYP1A1,C0010674,0.5
CYP1A1,C0011609,0.5
CYP1A1,C0011615,0.6
CYP1A1,C0011616,0.4
CYP1A1,C0011849,0.45
CYP1A1,C0011860,0.8
CYP1A1,C0014170,0.55
CYP1A1,C0014859,0.75
CYP1A1,C0016978,0.45
CYP1A1,C0018213,0.55
CYP1A1,C0018552,0.4
CYP1A1,C0018671,0.45
CYP1A1,C0018800,0.4
CYP1A1,C0018965,0.5
CYP1A1,C0019209,0.4
CYP1A1,C0020517,0.6
CYP1A1,C0020538,0.8
CYP1A1,C0021364,0.65
CYP1A1,C0022661,0.6
CYP1A1,C0022665,0.7
CYP1A1,C0023449,0.75
CYP1A1,C0023467,0.75
CYP1A1,C0023976,0.4
CYP1A1,C0024117,0.85
CYP1A1,C0024141,0.65
CYP1A1,C0024623,0.75
CYP1A1,C0024624,0.45
CYP1A1,C0026764,0.65
CYP1A1,C0028797,0.5
CYP1A1,C0030567,0.8
CYP1A1,C0031099,0.55
CYP1A1,C0031115,0.4
CYP1A1,C0032285,0.65
CYP1A1,C0032460,0.65
CYP1A1,C0033578,0.7
CYP1A1,C0033860,0.9
CYP1A1,C0035012,0.45
CYP1A1,C0038013,0.55
CYP1A1,C0038356,0.45
CYP1A1,C0039239,0.5
CYP1A1,C0086132,0.6
CYP1A1,C0086981,0.45
CYP1A1,C0149514,0.45
CYP1A1,C0152085,0.45
CYP1A1,C0153368,0.45
CYP1A1,C0153369,0.45
CYP1A1,C0153413,0.45
CYP1A1,C0153414,0.45
CYP1A1,C0153415,0.45
CYP1A1,C0153416,0.45
CYP1A1,C0153421,0.45
CYP1A1,C0153422,0.45
CYP1A1,C0153423,0.45
CYP1A1,C0153452,0.75
CYP1A1,C0153491,0.45
CYP1A1,C0153492,0.45
CYP1A1,C0153493,0.45
CYP1A1,C0162566,0.55
CYP1A1,C0162820,0.4
CYP1A1,C0273115,0.65
CYP1A1,C0278806,0.45
CYP1A1,C0279543,0.6
CYP1A1,C0279626,0.75
CYP1A1,C0376358,0.75
CYP1A1,C0428977,0.5
CYP1A1,C0496758,0.45
CYP1A1,C0496775,0.45
CYP1A1,C0585362,0.75
CYP1A1,C0750952,0.45
CYP1A1,C0848558,0.65
CYP1A1,C1335469,0.45
CYP1A1,C1458155,0.85
CYP1A1,C1510586,0.4
CYP1A1,C1527336,0.55
CYP1A1,C2239176,0.75
CYP1A1,C4277682,0.4
CYP1A2,C0006142,0.75
CYP1A2,C0007103,0.65
CYP1A2,C0007137,0.6
CYP1A2,C0008370,0.6
CYP1A2,C0009404,0.5
CYP1A2,C0011860,0.85
CYP1A2,C0014170,0.45
CYP1A2,C0018273,0.4
CYP1A2,C0019209,0.4
CYP1A2,C0023449,0.5
CYP1A2,C0023890,0.6
CYP1A2,C0023895,0.6
CYP1A2,C0024117,0.7
CYP1A2,C0024121,0.5
CYP1A2,C0025637,0.55
CYP1A2,C0036341,0.8
CYP1A2,C0037997,0.4
CYP1A2,C0038002,0.4
CYP1A2,C0162566,0.75
CYP1A2,C0273115,0.65
CYP1A2,C0333641,0.4
CYP1A2,C0400966,0.65
CYP1A2,C0751688,0.4
CYP1A2,C0809983,0.5
CYP1A2,C1335469,0.4
CYP1A2,C1510586,0.6
CYP1A2,C1845026,0.4
CYP1A2,C1866558,0.4
CYP1A2,C2239176,0.75
CYP1A2,C3241937,0.55
CYP1A2,C4277682,0.4
CYP1B1,C0001430,0.6
CYP1B1,C0006142,0.9
CYP1B1,C0007137,0.9
CYP1B1,C0009363,0.65
CYP1B1,C0009404,0.6
CYP1B1,C0011616,0.5
CYP1B1,C0015695,0.65
CYP1B1,C0015696,0.4
CYP1B1,C0018800,0.45
CYP1B1,C0019209,0.4
CYP1B1,C0020302,1.0
CYP1B1,C0023449,0.6
CYP1B1,C0024121,0.75
CYP1B1,C0025202,0.65
CYP1B1,C0026640,0.6
CYP1B1,C0028754,0.75
CYP1B1,C0033578,0.75
CYP1B1,C0086132,0.6
CYP1B1,C0149782,0.65
CYP1B1,C0271650,0.5
CYP1B1,C0311251,0.55
CYP1B1,C0334389,0.4
CYP1B1,C0339573,0.9
CYP1B1,C0344559,0.8
CYP1B1,C0477984,0.4
CYP1B1,C0751688,0.5
CYP1B1,C0919267,0.75
CYP1B1,C1335469,0.4
CYP1B1,C1458155,0.85
CYP1B1,C1533041,0.9
CYP1B1,C1832977,0.45
CYP1B1,C1842028,0.4
CYP1B1,C1856439,0.45
CYP1B1,C1862839,0.7
CYP1B1,C2981140,0.8
CYP1B1,C3278153,0.75
CYP1B1,C4014814,0.4
CYP1B1,C4016760,0.4
CYP1B1,C4277682,0.4
CYP1B1,C4310623,0.5
CYP21A2,C0001627,0.95
CYP21A2,C0013720,0.6
CYP21A2,C0342474,0.4
CYP21A2,C0701163,0.4
CYP21A2,C1859995,0.4
CYP21A2,C1859998,0.4
CYP21A2,C2936858,0.9
CYP21A2,C3151153,0.6
CYP21A2,C5679895,0.4
CYP21A2,C5679896,0.4
CYP24A1,C0000786,0.4
CYP24A1,C0007102,0.75
CYP24A1,C0007113,0.45
CYP24A1,C0007131,0.75
CYP24A1,C0009324,0.55
CYP24A1,C0009404,0.75
CYP24A1,C0020437,0.95
CYP24A1,C0020438,0.8
CYP24A1,C0024121,0.7
CYP24A1,C0024624,0.45
CYP24A1,C0029456,0.6
CYP24A1,C0035078,0.5
CYP24A1,C0037763,0.4
CYP24A1,C0149925,0.45
CYP24A1,C0152013,0.7
CYP24A1,C0153491,0.45
CYP24A1,C0153492,0.45
CYP24A1,C0153493,0.45
CYP24A1,C0156257,0.45
CYP24A1,C0279626,0.55
CYP24A1,C0346629,0.75
CYP24A1,C0375359,0.45
CYP24A1,C0475732,0.8
CYP24A1,C0585362,0.7
CYP24A1,C0684249,0.45
CYP24A1,C0949022,0.45
CYP24A1,C1302401,0.6
CYP24A1,C1319315,0.45
CYP24A1,C1335060,0.45
CYP24A1,C1458155,0.6
CYP24A1,C1510586,0.5
CYP24A1,C4310232,0.75
CYP24A1,C4329374,0.5
CYP26A1,C0001418,0.4
CYP26A1,C0004763,0.5
CYP26A1,C0009375,0.5
CYP26A1,C0014175,0.4
CYP26A1,C0014859,0.4
CYP26A1,C0032580,0.5
CYP26A1,C0338502,0.4
CYP27A1,C0004153,0.65
CYP27A1,C0005944,0.4
CYP27A1,C0008370,0.6
CYP27A1,C0023890,0.4
CYP27A1,C0238052,1.0
CYP27A1,C1510586,0.5
CYP27A1,C1867743,0.45
CYP27A1,C3714756,0.45
CYP27B1,C0011854,0.75
CYP27B1,C0019163,0.5
CYP27B1,C0020437,0.75
CYP27B1,C0028754,0.8
CYP27B1,C0035579,0.9
CYP27B1,C0085655,0.4
CYP27B1,C0221468,0.65
CYP27B1,C0263984,0.4
CYP27B1,C0268689,1.0
CYP27B1,C0554591,0.4
CYP27B1,C1510586,0.6
CYP27B1,C1868685,0.4
CYP2A13,C0001973,0.5
CYP2A13,C0152013,0.6
CYP2A13,C1335060,0.4
CYP2A13,C1510586,0.4
CYP2A6,C0750384,0.4
CYP2A6,C1852514,0.4
CYP2A6,C1852516,0.5
CYP2A6,C1968897,0.4
CYP2B6,C0001973,0.6
CYP2B6,C0008370,0.5
CYP2B6,C0019337,0.4
CYP2B6,C0019693,0.8
CYP2B6,C0022661,0.6
CYP2B6,C0023467,0.65
CYP2B6,C0027609,0.5
CYP2B6,C0028043,0.7
CYP2B6,C0029792,0.4
CYP2B6,C0033975,0.5
CYP2B6,C0041295,0.4
CYP2B6,C0206726,0.4
CYP2B6,C0349204,0.5
CYP2B6,C1332133,0.4
CYP2B6,C1510586,0.4
CYP2B6,C2239176,0.75
CYP2B6,C3281153,0.45
CYP2B6,C4277682,0.4
CYP2C19,C0002895,0.65
CYP2C19,C0004238,0.8
CYP2C19,C0006142,0.7
CYP2C19,C0007222,0.85
CYP2C19,C0011570,0.85
CYP2C19,C0011581,0.85
CYP2C19,C0019337,0.4
CYP2C19,C0022660,0.5
CYP2C19,C0022661,0.6
CYP2C19,C0024535,0.6
CYP2C19,C0026764,0.65
CYP2C19,C0030920,0.85
CYP2C19,C0033578,0.6
CYP2C19,C0040053,0.85
CYP2C19,C0041295,0.4
CYP2C19,C0041696,0.75
CYP2C19,C0085215,0.5
CYP2C19,C0087086,0.7
CYP2C19,C0238013,0.6
CYP2C19,C0242992,0.65
CYP2C19,C0341106,0.5
CYP2C19,C0948089,0.95
CYP2C19,C1168401,0.6
CYP2C19,C1269683,0.85
CYP2C19,C1510586,0.6
CYP2C19,C1565662,0.4
CYP2C19,C1836024,0.4
CYP2C19,C1836026,0.4
CYP2C19,C1963943,0.5
CYP2C19,C2239176,0.8
CYP2C19,C2609414,0.4
CYP2C19,C2674941,0.4
CYP2C19,C4277682,0.4
CYP2C8,C0020544,0.45
CYP2C8,C0022658,0.5
CYP2C8,C0022661,0.45
CYP2C8,C0023449,0.5
CYP2C8,C0027765,0.4
CYP2C8,C0031117,0.6
CYP2C8,C0035410,0.6
CYP2C8,C1335029,0.4
CYP2C8,C1335469,0.4
CYP2C8,C1510586,0.4
CYP2C8,C1832733,0.4
CYP2C8,C2239176,0.75
CYP2C8,C3838076,0.4
CYP2C8,C4693948,0.4
CYP2C9,C0005684,0.5
CYP2C9,C0005695,0.4
CYP2C9,C0011849,0.7
CYP2C9,C0011860,0.85
CYP2C9,C0020456,0.55
CYP2C9,C0020538,0.8
CYP2C9,C0020615,0.7
CYP2C9,C0041696,0.6
CYP2C9,C0750384,0.45
CYP2C9,C1168401,0.65
CYP2C9,C1269683,0.6
CYP2C9,C1832730,0.4
CYP2C9,C3838076,0.4
CYP2C9,C4016718,0.4
CYP2D6,C0002395,0.85
CYP2D6,C0004096,0.55
CYP2D6,C0004782,0.4
CYP2D6,C0009421,0.5
CYP2D6,C0011570,0.85
CYP2D6,C0011581,0.85
CYP2D6,C0013421,0.7
CYP2D6,C0014549,0.4
CYP2D6,C0022660,0.55
CYP2D6,C0023449,0.75
CYP2D6,C0023467,0.75
CYP2D6,C0024517,0.5
CYP2D6,C0026837,0.4
CYP2D6,C0027707,0.4
CYP2D6,C0028797,0.4
CYP2D6,C0029227,0.4
CYP2D6,C0030567,0.85
CYP2D6,C0033054,0.4
CYP2D6,C0033578,0.5
CYP2D6,C0035455,0.55
CYP2D6,C0036341,0.95
CYP2D6,C0040822,0.65
CYP2D6,C0041696,0.7
CYP2D6,C0043094,0.6
CYP2D6,C0154409,0.4
CYP2D6,C0154536,0.4
CYP2D6,C0236969,0.5
CYP2D6,C0241910,0.8
CYP2D6,C0393593,0.7
CYP2D6,C0428977,0.6
CYP2D6,C0477355,0.45
CYP2D6,C0524662,0.6
CYP2D6,C0525045,0.6
CYP2D6,C0677050,0.6
CYP2D6,C0809983,0.5
CYP2D6,C1168401,0.6
CYP2D6,C1269683,0.85
CYP2D6,C1332355,0.45
CYP2D6,C1335469,0.45
CYP2D6,C1458155,0.75
CYP2D6,C1510586,0.7
CYP2D6,C1565662,0.4
CYP2D6,C1837156,0.4
CYP2D6,C1837157,0.4
CYP2D6,C2609414,0.4
CYP2E1,C0001418,0.6
CYP2E1,C0001973,0.8
CYP2E1,C0004096,0.65
CYP2E1,C0007131,0.75
CYP2E1,C0009404,0.65
CYP2E1,C0011609,0.5
CYP2E1,C0015695,0.95
CYP2E1,C0015696,0.75
CYP2E1,C0017638,0.65
CYP2E1,C0018800,0.4
CYP2E1,C0023449,0.7
CYP2E1,C0023891,0.9
CYP2E1,C0023895,0.9
CYP2E1,C0023903,0.65
CYP2E1,C0024117,0.65
CYP2E1,C0024121,0.65
CYP2E1,C0024305,0.6
CYP2E1,C0024623,0.7
CYP2E1,C0027540,0.4
CYP2E1,C0027626,0.4
CYP2E1,C0027859,0.55
CYP2E1,C0028754,0.8
CYP2E1,C0030567,0.75
CYP2E1,C0032285,0.45
CYP2E1,C0033578,0.4
CYP2E1,C0036341,0.6
CYP2E1,C0038356,0.4
CYP2E1,C0085762,0.85
CYP2E1,C0153368,0.45
CYP2E1,C0153369,0.45
CYP2E1,C0153392,0.55
CYP2E1,C0153393,0.45
CYP2E1,C0153394,0.45
CYP2E1,C0153395,0.45
CYP2E1,C0153396,0.45
CYP2E1,C0153421,0.4
CYP2E1,C0153422,0.4
CYP2E1,C0153423,0.4
CYP2E1,C0346629,0.8
CYP2E1,C0400966,0.9
CYP2E1,C0496758,0.45
CYP2E1,C0555198,0.45
CYP2E1,C0585362,0.65
CYP2E1,C1335469,0.4
CYP2E1,C2239176,0.85
CYP2E1,C3241937,0.8
CYP2E1,C4277682,0.55
CYP2J2,C0020538,0.8
CYP2J2,C0020542,0.45
CYP2J2,C0020544,0.45
CYP2J2,C0027051,0.65
CYP2J2,C0151650,0.45
CYP2J2,C1510586,0.4
CYP2J2,C3838076,0.4
CYP3A4,C0011860,0.85
CYP3A4,C0019196,0.6
CYP3A4,C0021368,0.85
CYP3A4,C0029463,0.6
CYP3A4,C0031069,0.5
CYP3A4,C0033578,0.6
CYP3A4,C0036341,0.7
CYP3A4,C0040479,0.5
CYP3A4,C0206639,0.4
CYP3A4,C0677886,0.4
CYP3A4,C1458155,0.7
CYP3A4,C4277682,0.4
CYP3A4,C5436733,0.7
CYP3A5,C0022658,0.7
CYP3A5,C0023449,0.75
CYP3A5,C0027720,0.4
CYP3A5,C0033578,0.5
CYP3A5,C0035126,0.4
CYP3A5,C0036341,0.7
CYP3A5,C0040053,0.4
CYP3A5,C0085580,0.55
CYP3A5,C0087086,0.6
CYP3A5,C0235032,0.85
CYP3A5,C0279543,0.85
CYP3A5,C0809983,0.5
CYP3A5,C0862030,0.4
CYP3A5,C1335469,0.45
CYP3A5,C1510586,0.4
CYP3A5,C1963943,0.4
CYP3A5,C3547403,0.4
CYP3A5,C3837651,0.4
CYP46A1,C0002395,0.95
CYP46A1,C3838076,0.4
CYP4B1,C0005684,0.6
CYP4B1,C0005695,0.5
CYP4B1,C1510586,0.4
CYP4B1,C3838076,0.4
CYP51A1,C0009691,0.4
CYP51A1,C5681444,0.4
CYP7A1,C0008370,0.9
CYP7A1,C0020443,1.0
CYP7A1,C1510586,0.4
CYP7A1,C4751204,0.5
CYP8B1,C0008370,0.65
CYP8B1,C4277682,0.4
CYSLTR1,C0004096,0.9
CYSLTR1,C0013182,0.4
CYSLTR1,C0016659,0.4
CYSLTR1,C0020517,0.6
CYSLTR1,C0035455,0.75
CYSLTR1,C0376358,0.6
DAG1,C0006287,0.55
DAG1,C0013264,0.8
DAG1,C0023092,0.6
DAG1,C0026848,0.75
DAG1,C0026850,1.0
DAG1,C0033578,0.4
DAG1,C0238190,0.55
DAG1,C0241005,0.45
DAG1,C0265221,0.85
DAG1,C0410174,0.8
DAG1,C0457133,0.8
DAG1,C1836373,0.45
DAG1,C2936332,0.45
DAG1,C2936406,0.9
DAG1,C4225291,0.6
DAG1,C4284790,0.5
DAG1,C4511963,0.95
DAG1,C5191414,0.4
DAGLA,C0004352,0.65
DAGLA,C0024624,0.45
DAGLA,C0153491,0.45
DAGLA,C0153492,0.45
DAGLA,C0153493,0.45
DAGLA,C1263846,0.4
DAGLA,C1868576,0.45
DAO,C0002736,0.9
DAO,C0004352,0.4
DAO,C0005586,0.6
DAO,C0036341,0.85
DAO,C0086132,0.5
DAO,C0525045,0.6
DAO,C0853193,0.6
DAO,C1839839,0.5
DAPK1,C0001418,0.65
DAPK1,C0005684,0.75
DAPK1,C0005695,0.55
DAPK1,C0006118,0.4
DAPK1,C0007131,0.8
DAPK1,C0007134,0.6
DAPK1,C0007138,0.6
DAPK1,C0009759,0.4
DAPK1,C0010606,0.5
DAPK1,C0023467,0.7
DAPK1,C0024121,0.75
DAPK1,C0027070,0.4
DAPK1,C0029582,0.4
DAPK1,C0031117,0.4
DAPK1,C0036095,0.4
DAPK1,C0042133,0.55
DAPK1,C0085183,0.65
DAPK1,C0157916,0.4
DAPK1,C0157917,0.4
DAPK1,C0157918,0.4
DAPK1,C0162871,0.4
DAPK1,C0334265,0.4
DAPK1,C0409667,0.4
DAPK1,C1335029,0.4
DAPK1,C2713368,0.4
DAXX,C0003614,0.45
DAXX,C0030297,0.4
DAXX,C0153458,0.4
DAXX,C0153459,0.4
DAXX,C0153460,0.4
DAXX,C0153463,0.4
DAXX,C0206686,0.5
DAXX,C0206754,0.85
DAXX,C0242363,0.4
DAXX,C0341823,0.55
DAXX,C0496784,0.4
DAXX,C0585362,0.6
DAXX,C1328479,0.5
DBH,C0001973,0.7
DBH,C0005586,0.7
DBH,C0011570,0.7
DBH,C0011581,0.65
DBH,C0018784,0.4
DBH,C0020538,0.95
DBH,C0027819,0.75
DBH,C0030567,0.8
DBH,C0031511,0.7
DBH,C0041671,0.65
DBH,C0041696,0.6
DBH,C0085762,0.55
DBH,C0154723,0.65
DBH,C0342687,0.8
DBH,C0525045,0.6
DBH,C0600427,0.7
DBH,C1257877,0.4
DBH,C1269683,0.6
DBH,C1306067,0.6
DBH,C1456784,0.6
DBH,C2239176,0.4
DBH,C4746777,0.45
DBI,C0001973,0.55
DBI,C0007097,0.4
DBI,C0553707,0.4
DBI,C1368683,0.4
DBP,C0029456,0.7
DCT,C0001916,0.65
DCT,C0078918,0.65
DCT,C0078921,0.4
DCT,C0078922,0.4
DCT,C0078923,0.4
DCT,C1857813,0.4
DCT,C5436929,0.6
DDAH1,C0007222,0.7
DDAH1,C0010054,0.7
DDAH1,C0010068,0.55
DDAH1,C0020538,0.7
DDAH1,C0023895,0.4
DDAH1,C0151744,0.7
DDAH1,C0264694,0.45
DDC,C0004936,0.4
DDC,C0005586,0.7
DDC,C0005587,0.45
DDC,C0024713,0.45
DDC,C0025521,0.45
DDC,C0027746,0.4
DDC,C0028043,0.65
DDC,C0030567,0.95
DDC,C0031511,0.6
DDC,C0041696,0.5
DDC,C0085633,0.55
DDC,C0236780,0.45
DDC,C0242422,0.65
DDC,C0557874,0.8
DDC,C1257877,0.4
DDC,C1269683,0.6
DDC,C1291564,1.0
DDC,C1839839,0.6
DDC,C5555857,0.4
DDIT3,C0003949,0.4
DDIT3,C0009402,0.6
DDIT3,C0011616,0.4
DDIT3,C0011854,0.5
DDIT3,C0015695,0.65
DDIT3,C0015696,0.4
DDIT3,C0021831,0.4
DDIT3,C0027051,0.5
DDIT3,C0027720,0.55
DDIT3,C0028754,0.75
DDIT3,C0028840,0.65
DDIT3,C0037929,0.55
DDIT3,C0041582,0.4
DDIT3,C0157916,0.4
DDIT3,C0157917,0.4
DDIT3,C0157918,0.4
DDIT3,C0206634,1.0
DDIT3,C0409667,0.4
DDIT3,C1458155,0.75
DDIT4,C0003873,0.6
DDIT4,C0023418,0.5
DDIT4,C0026636,0.4
DDIT4,C0027746,0.65
DDIT4,C0030567,0.65
DDIT4,C0041696,0.5
DDIT4,C1269683,0.5
DDIT4L,C0025202,0.5
DDX5,C0014175,0.4
DDX5,C0557874,0.4
DECR1,C0009171,0.55
DECR1,C0023772,0.4
DECR1,C1857252,0.5
DEGS1,C0023520,0.6
DEGS1,C0033578,0.4
DEGS1,C5193078,0.9
DES,C0004238,0.65
DES,C0007097,0.8
DES,C0007193,1.0
DES,C0007196,0.85
DES,C0015934,0.65
DES,C0017658,0.4
DES,C0019284,0.4
DES,C0026850,0.75
DES,C0027720,0.55
DES,C0038356,0.5
DES,C0349788,0.8
DES,C0553707,0.4
DES,C0598608,0.55
DES,C0686353,0.6
DES,C1368683,0.65
DES,C1458155,0.5
DES,C1832370,0.9
DES,C1858154,0.5
DES,C1867005,0.5
DES,C2678065,0.75
DES,C5679590,0.4
DFFB,C0376628,0.4
DGAT1,C0011991,0.65
DGAT1,C0013369,0.4
DGAT1,C0033141,0.45
DGAT1,C0036529,0.45
DGAT1,C0235840,0.45
DGAT1,C0495452,0.45
DGAT1,C0878544,0.7
DGAT1,C4014516,0.5
DGAT1,C4751003,0.5
DGAT2,C0008370,0.4
DGAT2,C0400966,0.8
DGAT2,C1861678,0.4
DGAT2,C3241937,0.7
DGAT2,C4277682,0.4
DGAT2,C5567515,0.4
DGKQ,C0086981,0.4
DGKQ,C1527336,0.4
DHCR24,C0002395,0.75
DHCR24,C0023772,0.45
DHCR24,C0034362,0.4
DHCR24,C0036341,0.55
DHCR24,C0455988,0.4
DHCR24,C1510586,0.4
DHCR24,C1865596,0.95
DHCR7,C0004352,0.45
DHCR7,C0004943,0.45
DHCR7,C0005944,0.4
DHCR7,C0023487,0.4
DHCR7,C0023890,0.45
DHCR7,C0175694,1.0
DHCR7,C0206624,0.4
DHCR7,C0235991,0.4
DHCR7,C1849185,0.45
DHCR7,C2677180,0.4
DHCR7,C4021085,0.4
DHCR7,C4551563,0.45
DHCR7,C4551570,0.45
DHFR,C0000786,0.4
DHFR,C0002888,0.65
DHFR,C0003873,0.7
DHFR,C0004352,0.6
DHFR,C0009404,0.5
DHFR,C0021361,0.4
DHFR,C0023449,0.8
DHFR,C0025521,0.5
DHFR,C0027672,0.4
DHFR,C0027765,0.4
DHFR,C0029463,0.6
DHFR,C0030312,0.55
DHFR,C0151482,0.4
DHFR,C0206639,0.4
DHFR,C0238198,0.4
DHFR,C0476089,0.4
DHFR,C1335469,0.45
DHFR,C1458155,0.4
DHFR,C3151205,0.75
DHFR,C4277682,0.4
DHFR,C4310719,0.4
DHODH,C0002895,0.4
DHODH,C0005283,0.4
DHODH,C0037889,0.4
DHODH,C0265257,1.0
DHODH,C4520840,0.4
DIABLO,C0007786,0.4
DIABLO,C0020179,0.55
DIABLO,C0027055,0.4
DIABLO,C0029410,0.4
DIABLO,C0033578,0.4
DIABLO,C0452138,0.45
DIABLO,C1384666,0.4
DIABLO,C3279948,0.7
DIABLO,C5680182,0.4
DIABLO,C5779548,0.45
DIO1,C0020551,0.4
DIO1,C0025521,0.4
DIO1,C0040128,0.45
DIO1,C5676976,0.45
DKK1,C0014175,0.6
DKK1,C0016658,0.85
DKK1,C0399352,0.45
DKK1,C0560219,0.5
DKK1,C0750929,0.65
DKK1,C1458155,0.7
DLC1,C0009404,0.55
DLC1,C0027794,0.5
DLC1,C0038356,0.45
DLC1,C0346629,0.85
DLC1,C0699790,0.5
DLC1,C0919267,0.6
DLG4,C0005586,0.6
DLG4,C0011570,0.65
DLG4,C0011581,0.65
DLG4,C0032460,0.4
DLG4,C0035410,0.4
DLG4,C0036341,0.75
DLG4,C0041696,0.6
DLG4,C0175702,0.6
DLG4,C0525045,0.6
DLG4,C0949658,0.4
DLG4,C1269683,0.6
DLG4,C1510586,0.8
DLG4,C1535926,0.65
DLG4,C2931296,0.4
DLG4,C3714756,0.75
DLG4,C3887523,0.4
DLG4,C4014414,0.4
DLG4,C4022738,0.5
DLG4,C4023591,0.4
DLG4,C4310683,0.4
DLG4,C5394083,0.45
DLG4,C5568766,0.45
DLG4,C5680502,0.4
DLK1,C0015934,0.7
DLK1,C0342543,0.75
DLK1,C2713368,0.4
DLK1,C5393125,0.4
DLK1,C5679639,0.4
DLK1,C5679640,0.4
DLK1,C5680248,0.5
DLK1,C5680251,0.4
DLK1,C5680720,0.4
DLK1,C5680721,0.4
DLK1,C5816761,0.4
DLK1,C5816765,0.4
DMP1,C0342643,0.8
DMP1,C1704375,0.7
DMP1,C4551495,0.75
DNAH8,C0004352,0.4
DNAH8,C0005586,0.65
DNAH8,C0008780,0.65
DNAH8,C0009402,0.5
DNAH8,C0236736,0.4
DNAH8,C0236969,0.4
DNAH8,C0239998,0.4
DNAH8,C0338831,0.65
DNAH8,C0376358,0.6
DNAH8,C1456784,0.45
DNAH8,C3806482,0.4
DNAH8,C4551766,0.4
DNAH8,C5436799,0.75
DNAJB4,C5830424,0.6
DNAJC5,C0022340,0.45
DNAJC5,C0022797,0.8
DNAJC5,C0027877,0.95
DNAJC5,C0751383,0.45
DNAJC5,C1834207,0.8
DNMT1,C0001418,0.65
DNMT1,C0003469,0.65
DNMT1,C0004096,0.7
DNMT1,C0004134,0.4
DNMT1,C0004903,0.6
DNMT1,C0005586,0.65
DNMT1,C0007097,0.7
DNMT1,C0007131,0.9
DNMT1,C0007758,0.65
DNMT1,C0007959,0.4
DNMT1,C0008489,0.4
DNMT1,C0009375,0.65
DNMT1,C0011168,0.4
DNMT1,C0013362,0.4
DNMT1,C0018213,0.6
DNMT1,C0020071,0.75
DNMT1,C0020072,0.5
DNMT1,C0020074,0.5
DNMT1,C0020075,0.5
DNMT1,C0025149,0.6
DNMT1,C0027626,0.4
DNMT1,C0027889,0.7
DNMT1,C0033578,0.65
DNMT1,C0036341,0.8
DNMT1,C0037771,0.4
DNMT1,C0038356,0.5
DNMT1,C0086405,0.5
DNMT1,C0153461,0.4
DNMT1,C0154088,0.5
DNMT1,C0154319,0.4
DNMT1,C0206663,0.4
DNMT1,C0235946,0.45
DNMT1,C0279702,0.75
DNMT1,C0477392,0.45
DNMT1,C0525045,0.5
DNMT1,C0553707,0.4
DNMT1,C0687751,0.4
DNMT1,C0699739,0.6
DNMT1,C0740279,0.55
DNMT1,C0887833,0.6
DNMT1,C1334410,0.4
DNMT1,C1368683,0.4
DNMT1,C1384666,0.65
DNMT1,C1458155,0.75
DNMT1,C1510586,0.6
DNMT1,C1849156,0.4
DNMT1,C2713368,0.4
DNMT1,C2875301,0.45
DNMT1,C2875302,0.45
DNMT1,C2875303,0.45
DNMT1,C3279885,0.95
DNMT1,C3807295,1.0
DNMT1,C3854373,0.45
DNMT1,C4053775,0.4
DNMT1,C4302668,0.4
DNMT3A,C0013336,0.55
DNMT3A,C0017636,0.6
DNMT3A,C0018273,0.5
DNMT3A,C0020981,0.75
DNMT3A,C0023449,0.75
DNMT3A,C0023465,0.6
DNMT3A,C0023467,1.0
DNMT3A,C0023480,0.7
DNMT3A,C0023487,0.65
DNMT3A,C0023492,0.45
DNMT3A,C0024121,0.75
DNMT3A,C0024623,0.75
DNMT3A,C0025202,0.65
DNMT3A,C0025362,0.45
DNMT3A,C0025958,0.4
DNMT3A,C0026764,0.6
DNMT3A,C0027022,0.85
DNMT3A,C0027643,0.4
DNMT3A,C0028754,0.7
DNMT3A,C0036920,0.5
DNMT3A,C0038356,0.45
DNMT3A,C0079744,0.7
DNMT3A,C0079773,0.4
DNMT3A,C0079774,0.75
DNMT3A,C0153421,0.45
DNMT3A,C0153422,0.45
DNMT3A,C0153423,0.45
DNMT3A,C0156147,0.4
DNMT3A,C0279702,0.65
DNMT3A,C0282631,0.4
DNMT3A,C0349639,0.65
DNMT3A,C0376407,0.4
DNMT3A,C0376634,0.4
DNMT3A,C0497552,0.4
DNMT3A,C0554970,0.4
DNMT3A,C0557874,0.55
DNMT3A,C1292773,0.4
DNMT3A,C1335469,0.4
DNMT3A,C1458155,0.4
DNMT3A,C1510586,0.65
DNMT3A,C1535926,0.65
DNMT3A,C1848395,0.4
DNMT3A,C2243051,0.65
DNMT3A,C2267233,0.4
DNMT3A,C2713368,0.45
DNMT3A,C3496069,0.55
DNMT3A,C3714756,0.7
DNMT3A,C4014545,1.0
DNMT3A,C4025790,0.4
DNMT3A,C4329780,0.6
DNMT3A,C4707333,0.4
DNMT3A,C5231475,0.8
DNMT3A,C5442191,0.6
DNMT3A,C5680527,0.4
DNMT3B,C0003873,0.5
DNMT3B,C0007097,0.6
DNMT3B,C0021051,0.75
DNMT3B,C0021361,0.4
DNMT3B,C0023467,0.9
DNMT3B,C0033578,0.4
DNMT3B,C0036341,0.7
DNMT3B,C0038356,0.4
DNMT3B,C0040100,0.55
DNMT3B,C0149925,0.65
DNMT3B,C0152013,0.55
DNMT3B,C0238288,0.65
DNMT3B,C0376634,0.55
DNMT3B,C0398650,0.75
DNMT3B,C0398788,0.8
DNMT3B,C0494266,0.55
DNMT3B,C0525045,0.5
DNMT3B,C0553707,0.4
DNMT3B,C0585362,0.65
DNMT3B,C0796004,0.4
DNMT3B,C1168401,0.65
DNMT3B,C1319315,0.55
DNMT3B,C1335060,0.45
DNMT3B,C1368683,0.4
DNMT3B,C1458155,0.6
DNMT3B,C1510586,0.5
DNMT3B,C1656427,0.5
DNMT3B,C2713368,0.4
DNMT3B,C2931456,0.4
DNMT3B,C4551557,1.0
DNMT3B,C5561960,0.6
DOT1L,C0008073,0.4
DOT1L,C0009404,0.4
DOT1L,C0023464,0.65
DOT1L,C0033578,0.4
DOT1L,C0152013,0.4
DOT1L,C1335060,0.4
DPP4,C0011570,0.75
DPP4,C0011581,0.75
DPP4,C0011860,1.0
DPP4,C0033687,0.65
DPP4,C3694279,0.8
DPYD,C0004352,0.55
DPYD,C0009375,0.7
DPYD,C0009404,0.85
DPYD,C0018671,0.55
DPYD,C0023014,0.4
DPYD,C0023449,0.65
DPYD,C0024121,0.5
DPYD,C0027765,0.4
DPYD,C0027947,0.7
DPYD,C0028754,0.55
DPYD,C0029595,0.4
DPYD,C0030297,0.6
DPYD,C0031117,0.5
DPYD,C0036341,0.65
DPYD,C0038356,0.7
DPYD,C0153458,0.5
DPYD,C0153459,0.5
DPYD,C0153460,0.5
DPYD,C0153463,0.5
DPYD,C0270612,0.4
DPYD,C0376358,0.6
DPYD,C1335029,0.4
DPYD,C1335469,0.45
DPYD,C1458155,0.5
DPYD,C1510586,0.8
DPYD,C1959620,1.0
DPYD,C2239176,0.65
DPYD,C3495551,0.45
DPYD,C3888239,0.4
DPYD,C4022738,0.4
DPYD,C4304578,0.4
DPYSL2,C0001973,0.5
DPYSL2,C0002395,0.75
DPYSL2,C0005586,0.65
DPYSL2,C0009402,0.6
DPYSL2,C0011570,0.65
DPYSL2,C0011581,0.65
DPYSL2,C0036349,0.6
DPYSL2,C0157946,0.4
DPYSL2,C0270398,0.4
DPYSL2,C5680502,0.4
DRD1,C0001973,0.75
DRD1,C0004352,0.6
DRD1,C0005586,0.8
DRD1,C0005587,0.4
DRD1,C0007370,0.4
DRD1,C0011570,0.7
DRD1,C0011581,0.75
DRD1,C0013386,0.4
DRD1,C0020538,0.8
DRD1,C0020649,0.55
DRD1,C0024713,0.4
DRD1,C0026650,0.55
DRD1,C0030567,0.8
DRD1,C0035078,0.45
DRD1,C0036341,0.85
DRD1,C0154536,0.4
DRD1,C0221480,0.5
DRD1,C0236736,0.5
DRD1,C0236780,0.4
DRD1,C3887506,0.4
DRD2,C0001973,1.0
DRD2,C0003469,0.85
DRD2,C0004782,0.55
DRD2,C0005586,0.9
DRD2,C0006870,0.65
DRD2,C0007370,0.65
DRD2,C0008043,0.4
DRD2,C0008073,0.4
DRD2,C0009171,0.65
DRD2,C0011206,0.6
DRD2,C0011570,0.85
DRD2,C0011581,0.9
DRD2,C0011860,0.9
DRD2,C0013384,0.75
DRD2,C0013386,0.45
DRD2,C0013421,0.8
DRD2,C0019337,0.95
DRD2,C0020514,0.75
DRD2,C0020538,0.85
DRD2,C0020649,0.55
DRD2,C0021122,0.6
DRD2,C0022661,0.55
DRD2,C0023015,0.5
DRD2,C0024517,0.5
DRD2,C0024809,0.6
DRD2,C0025261,0.4
DRD2,C0026650,0.85
DRD2,C0028043,0.85
DRD2,C0028754,0.95
DRD2,C0029227,0.4
DRD2,C0030193,0.75
DRD2,C0030567,0.9
DRD2,C0032019,0.85
DRD2,C0036341,1.0
DRD2,C0039231,0.7
DRD2,C0041671,0.6
DRD2,C0041696,0.75
DRD2,C0043094,0.75
DRD2,C0085762,0.75
DRD2,C0154536,0.4
DRD2,C0154723,0.65
DRD2,C0178417,0.65
DRD2,C0221480,0.5
DRD2,C0236736,0.45
DRD2,C0236969,0.45
DRD2,C0242422,0.8
DRD2,C0428977,0.55
DRD2,C0524662,0.8
DRD2,C0525045,0.8
DRD2,C0600427,0.85
DRD2,C1269683,0.8
DRD2,C1456283,0.45
DRD2,C1834570,0.75
DRD2,C3887506,0.65
DRD3,C0001973,0.7
DRD3,C0004352,0.6
DRD3,C0004782,0.5
DRD3,C0005586,0.85
DRD3,C0009171,0.65
DRD3,C0011206,0.6
DRD3,C0011570,0.75
DRD3,C0011581,0.75
DRD3,C0013386,0.4
DRD3,C0020429,0.55
DRD3,C0021122,0.75
DRD3,C0026650,0.6
DRD3,C0029227,0.4
DRD3,C0030662,0.65
DRD3,C0036341,1.0
DRD3,C0040517,0.65
DRD3,C0041696,0.7
DRD3,C0085762,0.5
DRD3,C0154536,0.4
DRD3,C0221480,0.5
DRD3,C0236736,0.4
DRD3,C0270736,0.8
DRD3,C0393615,0.4
DRD3,C0525045,0.6
DRD3,C0600427,0.65
DRD3,C1269683,0.6
DRD3,C1860861,0.5
DRD3,C2675945,0.4
DRD3,C3887506,0.55
DRD4,C0001969,0.6
DRD4,C0001973,0.75
DRD4,C0003431,0.65
DRD4,C0003477,0.6
DRD4,C0005586,0.7
DRD4,C0006868,0.45
DRD4,C0011570,0.75
DRD4,C0011581,0.75
DRD4,C0013146,0.65
DRD4,C0019337,0.7
DRD4,C0023890,0.4
DRD4,C0024809,0.7
DRD4,C0025362,0.55
DRD4,C0028043,0.65
DRD4,C0029095,0.45
DRD4,C0030662,0.7
DRD4,C0036341,0.8
DRD4,C0040188,0.6
DRD4,C0040517,0.75
DRD4,C0041671,0.6
DRD4,C0041696,0.7
DRD4,C0085159,0.6
DRD4,C0085762,0.7
DRD4,C0149654,0.65
DRD4,C0154451,0.45
DRD4,C0154536,0.4
DRD4,C0233477,0.5
DRD4,C0236964,0.45
DRD4,C0476254,0.65
DRD4,C0525045,0.7
DRD4,C1263846,1.0
DRD4,C1269683,0.7
DRD4,C1510586,0.6
DRD4,C3160814,0.5
DRD4,C4016022,0.4
DSPP,C0007137,0.5
DSPP,C0011436,1.0
DSPP,C0026640,0.4
DSPP,C0399378,1.0
DSPP,C0399379,0.6
DSPP,C0399380,0.8
DSPP,C0751688,0.4
DSPP,C1384666,0.6
DSPP,C1527284,0.45
DSPP,C1527349,0.4
DSPP,C1854146,0.45
DSPP,C2973527,0.85
DSPP,C4016014,0.4
DUOX2,C0010308,1.0
DUOX2,C0342200,0.55
DUOX2,C1846632,0.7
DUOX2,C4273748,0.8
DUOX2,C4551624,0.4
DUOX2,C4749351,0.45
DUSP1,C0006142,0.75
DUSP1,C0011570,0.75
DUSP1,C0011581,0.75
DUSP1,C0011616,0.5
DUSP1,C0014175,0.5
DUSP1,C0151744,0.4
DUSP1,C0157916,0.4
DUSP1,C0157917,0.4
DUSP1,C0157918,0.4
DUSP1,C0409667,0.4
DUSP1,C2350242,0.4
DUT,C0271183,0.4
DUT,C5774218,0.6
DYRK1A,C0014544,0.7
DYRK1A,C0025362,0.85
DYRK1A,C0026010,0.4
DYRK1A,C0030297,0.4
DYRK1A,C0036572,0.65
DYRK1A,C0038644,0.4
DYRK1A,C0153458,0.4
DYRK1A,C0153459,0.4
DYRK1A,C0153460,0.4
DYRK1A,C0153463,0.4
DYRK1A,C0232466,0.65
DYRK1A,C0234533,0.4
DYRK1A,C0423224,0.45
DYRK1A,C0557874,0.7
DYRK1A,C1510586,0.9
DYRK1A,C1535926,0.8
DYRK1A,C3276611,0.4
DYRK1A,C3714756,0.8
DYRK1A,C4551563,0.8
DYRK1A,C5191008,0.4
DYRK1A,C5568143,0.9
DYRK1A,C5568766,0.65
DYRK1A,C5679991,0.45
DYRK1A,C5681167,0.4
DYSF,C0003862,0.4
DYSF,C0006142,0.4
DYSF,C0007193,0.65
DYSF,C0026848,0.9
DYSF,C0026850,1.0
DYSF,C0031117,0.4
DYSF,C0036341,0.4
DYSF,C0151786,0.65
DYSF,C0157916,0.4
DYSF,C0157917,0.4
DYSF,C0157918,0.4
DYSF,C0221629,0.45
DYSF,C0231528,0.45
DYSF,C0409667,0.4
DYSF,C1389118,0.4
DYSF,C1836450,0.45
DYSF,C1847532,0.95
DYSF,C1850889,1.0
DYSF,C1866141,0.45
DYSF,C2931687,0.75
DYSF,C2931907,0.55
DYSF,C4021726,0.45
DYSF,C4021745,0.4
DYSF,C4022631,0.45
DYSF,C4511057,0.4
DYSF,C4551973,0.95
DYSF,C5551399,0.65
DYSF,C5553104,0.95
DYSF,C5565781,0.4
E2F1,C0007131,0.8
E2F1,C0025202,0.75
E2F1,C0029463,0.8
E2F1,C0149782,0.6
E2F1,C0149925,0.65
E2F1,C0206639,0.45
E2F1,C0281361,0.5
E2F1,C0376358,0.75
E2F1,C1335302,0.65
E2F1,C1458155,0.6
E2F1,C2239176,0.75
E2F1,C4277682,0.4
E2F2,C0007131,0.65
ECE1,C0002395,0.85
ECE1,C0010054,0.7
ECE1,C0010068,0.45
ECE1,C0011860,0.65
ECE1,C0018798,0.4
ECE1,C0019569,0.9
ECE1,C0020538,0.9
ECE1,C0085580,0.75
ECE1,C0151744,0.45
ECE1,C0154691,0.4
ECE1,C0264694,0.45
ECE1,C0376634,0.4
ECE1,C3151237,0.5
ECM1,C0000786,0.4
ECM1,C0004352,0.4
ECM1,C0009324,0.7
ECM1,C0023795,1.0
ECM1,C0038356,0.4
ECM1,C0375359,0.4
ECM1,C2239176,0.6
EDN1,C0003811,0.75
EDN1,C0003873,0.65
EDN1,C0004096,0.85
EDN1,C0004238,0.8
EDN1,C0006272,0.7
EDN1,C0007222,0.85
EDN1,C0007302,0.4
EDN1,C0007820,0.65
EDN1,C0010054,0.8
EDN1,C0010068,0.85
EDN1,C0011860,1.0
EDN1,C0011884,0.9
EDN1,C0012242,0.5
EDN1,C0017668,0.6
EDN1,C0018798,0.6
EDN1,C0018800,0.5
EDN1,C0018801,0.95
EDN1,C0018802,0.95
EDN1,C0019212,0.6
EDN1,C0019284,0.4
EDN1,C0020429,0.7
EDN1,C0020443,0.75
EDN1,C0020538,1.0
EDN1,C0020542,0.9
EDN1,C0020564,0.75
EDN1,C0020649,0.7
EDN1,C0021368,0.85
EDN1,C0022658,0.85
EDN1,C0022660,0.8
EDN1,C0024117,0.85
EDN1,C0024517,0.4
EDN1,C0027055,0.55
EDN1,C0027720,0.7
EDN1,C0027726,0.65
EDN1,C0028754,0.9
EDN1,C0029132,0.65
EDN1,C0029866,0.45
EDN1,C0030193,0.75
EDN1,C0030567,0.5
EDN1,C0030920,0.65
EDN1,C0032914,0.85
EDN1,C0033141,0.4
EDN1,C0034069,0.8
EDN1,C0035078,0.75
EDN1,C0035126,0.8
EDN1,C0035222,0.7
EDN1,C0036529,0.4
EDN1,C0038454,0.85
EDN1,C0038525,0.85
EDN1,C0149721,0.8
EDN1,C0149745,0.4
EDN1,C0151526,0.5
EDN1,C0151744,0.95
EDN1,C0154409,0.4
EDN1,C0155733,0.4
EDN1,C0206710,0.4
EDN1,C0242231,0.4
EDN1,C0242350,0.8
EDN1,C0242488,0.75
EDN1,C0243050,0.4
EDN1,C0264694,0.45
EDN1,C0376634,0.7
EDN1,C0428977,0.55
EDN1,C0520679,0.95
EDN1,C0740392,0.65
EDN1,C0752347,0.5
EDN1,C0878544,0.75
EDN1,C0878773,0.4
EDN1,C1368295,0.4
EDN1,C1565662,0.45
EDN1,C1865295,0.7
EDN1,C2609414,0.8
EDN1,C2748545,0.5
EDN1,C3810332,0.5
EDN2,C0020538,0.7
EDN2,C0020649,0.55
EDN2,C0428977,0.55
EDN3,C0018784,0.45
EDN3,C0019569,1.0
EDN3,C0020538,0.4
EDN3,C0020649,0.65
EDN3,C0025160,0.4
EDN3,C0079661,0.55
EDN3,C0428977,0.55
EDN3,C1275808,0.7
EDN3,C1847800,0.45
EDN3,C1848519,0.8
EDN3,C1859049,0.4
EDN3,C2750457,0.75
EDN3,C3150975,0.4
EDN3,C3266898,0.85
EDN3,C5399764,0.4
EDNRA,C0006142,0.75
EDNRA,C0010674,0.6
EDNRA,C0011860,0.8
EDNRA,C0018798,0.4
EDNRA,C0018801,0.7
EDNRA,C0018802,0.6
EDNRA,C0019284,0.65
EDNRA,C0020538,1.0
EDNRA,C0020542,0.7
EDNRA,C0024115,0.4
EDNRA,C0027439,0.4
EDNRA,C0038454,0.5
EDNRA,C0149931,0.75
EDNRA,C0242350,0.45
EDNRA,C0376634,0.5
EDNRA,C0520679,0.75
EDNRA,C0919267,0.75
EDNRA,C3887485,0.5
EDNRA,C4016030,0.4
EDNRA,C4225349,1.0
EDNRB,C0004096,0.75
EDNRB,C0011860,0.85
EDNRB,C0018801,0.75
EDNRB,C0018802,0.75
EDNRB,C0019284,0.4
EDNRB,C0019569,1.0
EDNRB,C0020542,0.8
EDNRB,C0027626,0.4
EDNRB,C0027720,0.4
EDNRB,C0038525,0.65
EDNRB,C0079661,0.45
EDNRB,C0345240,0.75
EDNRB,C1384666,0.7
EDNRB,C1458155,0.5
EDNRB,C1838099,0.6
EDNRB,C1838564,0.6
EDNRB,C1846647,0.4
EDNRB,C1847800,0.65
EDNRB,C1848519,1.0
EDNRB,C2700265,0.65
EDNRB,C3266898,0.85
EDNRB,C5680250,0.4
EEF2,C0001418,0.4
EEF2,C0007134,0.4
EEF2,C0017601,0.45
EEF2,C0024121,0.4
EEF2,C0024623,0.55
EEF2,C0027626,0.4
EEF2,C0038356,0.45
EEF2,C0153421,0.45
EEF2,C0153422,0.45
EEF2,C0153423,0.45
EEF2,C0157946,0.4
EEF2,C1458155,0.4
EEF2,C1836395,0.9
EEF2,C1846367,0.4
EEF2,C1854301,0.4
EFNB2,C0009402,0.65
EFNB2,C0023903,0.4
EFNB2,C0024121,0.4
EFNB2,C0035126,0.4
EFNB2,C0036341,0.6
EFNB2,C0265780,0.4
EFNB2,C0279626,0.6
EFNB2,C0699790,0.5
EGF,C0001418,0.85
EGF,C0001973,0.65
EGF,C0004352,0.6
EGF,C0007103,0.75
EGF,C0007131,1.0
EGF,C0008925,0.65
EGF,C0011603,0.6
EGF,C0012716,0.5
EGF,C0014170,0.6
EGF,C0016978,0.45
EGF,C0017636,0.95
EGF,C0017638,1.0
EGF,C0022658,0.85
EGF,C0025568,0.4
EGF,C0027626,0.4
EGF,C0033578,0.85
EGF,C0034069,0.65
EGF,C0035126,0.4
EGF,C0038358,0.65
EGF,C0041696,0.6
EGF,C0043515,0.65
EGF,C0152013,0.8
EGF,C0153452,0.65
EGF,C0157916,0.4
EGF,C0157917,0.4
EGF,C0157918,0.4
EGF,C0278806,0.45
EGF,C0278878,0.5
EGF,C0279607,0.5
EGF,C0409667,0.4
EGF,C0555198,0.8
EGF,C0751396,0.55
EGF,C1269683,0.7
EGF,C1335060,0.45
EGF,C1458155,0.85
EGF,C1514422,0.5
EGF,C2239176,1.0
EGF,C2608055,0.4
EGF,C2673648,0.6
EGF,C5681825,0.4
EGFR,C0001418,0.95
EGFR,C0001973,0.6
EGFR,C0005396,0.5
EGFR,C0005684,0.9
EGFR,C0005695,0.85
EGFR,C0007097,0.95
EGFR,C0007120,0.95
EGFR,C0007131,1.0
EGFR,C0007137,1.0
EGFR,C0007193,0.65
EGFR,C0007789,0.4
EGFR,C0007873,0.75
EGFR,C0009375,0.85
EGFR,C0009404,0.95
EGFR,C0011603,0.75
EGFR,C0011860,0.85
EGFR,C0014175,0.8
EGFR,C0014859,0.85
EGFR,C0016978,0.5
EGFR,C0017636,1.0
EGFR,C0018553,0.4
EGFR,C0018671,0.9
EGFR,C0021390,0.75
EGFR,C0021655,0.75
EGFR,C0022660,0.8
EGFR,C0023267,0.65
EGFR,C0024121,1.0
EGFR,C0024624,0.45
EGFR,C0024809,0.5
EGFR,C0025500,0.85
EGFR,C0027439,0.5
EGFR,C0027626,0.4
EGFR,C0027643,0.4
EGFR,C0027672,0.6
EGFR,C0029463,0.75
EGFR,C0030297,0.95
EGFR,C0030354,0.9
EGFR,C0032580,0.85
EGFR,C0033578,0.95
EGFR,C0034885,0.7
EGFR,C0038356,0.85
EGFR,C0041327,0.6
EGFR,C0041696,0.6
EGFR,C0085548,0.75
EGFR,C0085762,0.6
EGFR,C0149782,0.85
EGFR,C0149925,0.95
EGFR,C0152013,1.0
EGFR,C0153458,0.5
EGFR,C0153459,0.5
EGFR,C0153460,0.5
EGFR,C0153463,0.5
EGFR,C0153491,0.45
EGFR,C0153492,0.45
EGFR,C0153493,0.45
EGFR,C0205875,0.55
EGFR,C0206639,0.4
EGFR,C0206686,0.7
EGFR,C0206698,0.85
EGFR,C0206726,0.8
EGFR,C0220641,0.75
EGFR,C0242379,0.85
EGFR,C0263454,0.6
EGFR,C0278752,0.4
EGFR,C0278878,0.4
EGFR,C0279626,0.95
EGFR,C0280725,0.4
EGFR,C0334588,0.5
EGFR,C0345967,0.85
EGFR,C0346629,0.9
EGFR,C0376358,0.9
EGFR,C0376634,0.4
EGFR,C0392400,0.4
EGFR,C0553707,0.4
EGFR,C0677776,0.5
EGFR,C0678222,0.9
EGFR,C0684249,0.75
EGFR,C0751688,0.75
EGFR,C0917804,0.4
EGFR,C0919267,1.0
EGFR,C1140680,0.85
EGFR,C1168401,0.95
EGFR,C1269683,0.6
EGFR,C1332338,0.4
EGFR,C1333600,0.4
EGFR,C1335060,0.45
EGFR,C1368683,0.85
EGFR,C1458155,0.95
EGFR,C1514422,0.6
EGFR,C1565662,0.45
EGFR,C1851577,0.4
EGFR,C2239176,0.95
EGFR,C2609414,0.8
EGFR,C4015130,0.45
EGFR,C4016032,0.4
EGFR,C4751120,0.4
EGFR,C5669877,0.4
EGLN1,C0007134,0.65
EGLN1,C0032461,0.7
EGLN1,C0152264,0.7
EGLN1,C0235032,0.6
EGLN1,C1836778,0.4
EGLN1,C1853286,0.6
EGLN1,C5190864,0.4
EGR1,C0003089,0.4
EGR1,C0004096,0.7
EGR1,C0007786,0.5
EGR1,C0008311,0.4
EGR1,C0008370,0.4
EGR1,C0008372,0.4
EGR1,C0020295,0.55
EGR1,C0021368,0.75
EGR1,C0022116,0.65
EGR1,C0024121,0.5
EGR1,C0025500,0.6
EGR1,C0032285,0.55
EGR1,C0033578,0.65
EGR1,C0035126,0.7
EGR1,C0157916,0.4
EGR1,C0157917,0.4
EGR1,C0157918,0.4
EGR1,C0236736,0.4
EGR1,C0242184,0.75
EGR1,C0409667,0.4
EGR1,C2239176,0.75
EGR2,C0004352,0.4
EGR2,C0005586,0.6
EGR2,C0007959,1.0
EGR2,C0011195,0.95
EGR2,C0027888,0.65
EGR2,C0035372,0.5
EGR2,C0036341,0.6
EGR2,C0037772,0.4
EGR2,C0151744,0.4
EGR2,C0205713,0.5
EGR2,C0427144,0.4
EGR2,C0553580,0.6
EGR2,C0684337,0.4
EGR2,C0751036,0.7
EGR2,C0796547,0.4
EGR2,C0863029,0.4
EGR2,C0877849,0.4
EGR2,C1334408,0.4
EGR2,C1408174,0.5
EGR2,C1408182,0.5
EGR2,C1843247,0.8
EGR2,C2239176,0.65
EGR2,C2875300,0.5
EGR2,C4016028,0.4
EGR2,C4721436,0.65
EGR2,C4721437,0.55
EHHADH,C0005586,0.5
EHHADH,C0015624,0.5
EHHADH,C0033578,0.4
EHHADH,C0236969,0.4
EHHADH,C0341703,0.6
EHHADH,C0342870,0.4
EHHADH,C1561643,0.45
EHHADH,C1857395,0.6
EHHADH,C3810100,0.7
EHHADH,C4551503,0.4
EIF2AK2,C0002395,0.9
EIF2AK2,C0019163,0.65
EIF2AK2,C0020179,0.65
EIF2AK2,C0021400,0.65
EIF2AK2,C0030567,0.65
EIF2AK2,C0033578,0.55
EIF2AK2,C0038220,0.55
EIF2AK2,C0152013,0.5
EIF2AK2,C0270612,0.6
EIF2AK2,C0338656,0.7
EIF2AK2,C0557874,0.65
EIF2AK2,C1836830,0.4
EIF2AK2,C3888090,0.4
EIF2AK2,C5394367,0.5
EIF2AK2,C5562054,0.6
EIF2AK3,C0009782,0.4
EIF2AK3,C0011854,0.75
EIF2AK3,C0022716,0.4
EIF2AK3,C0038220,0.4
EIF2AK3,C0038868,0.75
EIF2AK3,C0151744,0.6
EIF2AK3,C0432217,1.0
EIF2AK3,C3888631,0.4
EIF2S1,C0002395,0.85
EIF2S1,C0027746,0.65
EIF2S1,C0029227,0.4
EIF2S1,C0029463,0.4
EIF2S1,C0036341,0.6
EIF2S1,C0038220,0.65
EIF2S1,C0206639,0.4
EIF4A1,C0019693,0.4
EIF4B,C0041696,0.5
EIF4B,C1269683,0.5
EIF4E,C0004352,0.7
EIF4E,C0027626,0.4
EIF4E,C0751958,0.4
EIF4E,C3554495,0.4
EIF4E,C4721414,0.6
EIF4EBP1,C0019693,0.4
EIF4EBP1,C0021368,0.75
EIF4EBP1,C0022665,0.6
EIF4EBP1,C0023467,0.85
EIF4EBP1,C0751958,0.4
EIF4EBP1,C4721414,0.6
EIF4G1,C0004352,0.65
EIF4G1,C0009402,0.5
EIF4G1,C3160718,0.7
EIF4G1,C3280271,0.45
EIF4G1,C4274355,0.45
EIF5B,C4022738,0.4
EIF6,C0019693,0.4
EIF6,C1458155,0.4
EIF6,C1850321,0.4
ELANE,C0001824,0.55
ELANE,C0027947,0.85
ELANE,C0031099,0.85
ELANE,C0221023,1.0
ELANE,C0853697,0.85
ELANE,C1845987,0.4
ELANE,C1853118,0.9
ELANE,C1859966,0.6
ELANE,C3890737,0.4
ELANE,C4290088,0.45
ELANE,C4749612,0.45
ELAVL1,C0014175,0.6
ELAVL4,C0271183,0.4
ELN,C0002940,0.85
ELN,C0003486,0.95
ELN,C0003499,1.0
ELN,C0003507,0.75
ELN,C0003873,0.45
ELN,C0010495,1.0
ELN,C0011608,0.55
ELN,C0011884,0.45
ELN,C0014116,0.4
ELN,C0019284,0.7
ELN,C0019294,0.85
ELN,C0020534,0.45
ELN,C0020538,0.9
ELN,C0024117,1.0
ELN,C0024141,0.55
ELN,C0029607,0.4
ELN,C0031036,0.45
ELN,C0032339,0.45
ELN,C0033847,0.9
ELN,C0034069,0.65
ELN,C0036421,0.65
ELN,C0039483,0.65
ELN,C0042345,0.6
ELN,C0085106,0.45
ELN,C0085655,0.45
ELN,C0151544,0.4
ELN,C0151744,0.4
ELN,C0152417,0.45
ELN,C0155567,0.45
ELN,C0162871,0.85
ELN,C0175702,1.0
ELN,C0221199,0.45
ELN,C0238288,0.4
ELN,C0263984,0.45
ELN,C0265010,0.45
ELN,C0265012,0.45
ELN,C0265988,0.45
ELN,C0268350,0.7
ELN,C0271084,0.45
ELN,C0423798,0.45
ELN,C0432333,0.5
ELN,C0554591,0.45
ELN,C0741160,0.45
ELN,C0856747,0.5
ELN,C0949059,0.4
ELN,C1298820,0.45
ELN,C1305122,0.45
ELN,C1389018,0.4
ELN,C1848771,0.4
ELN,C1851712,0.45
ELN,C2363246,0.45
ELN,C2910342,0.45
ELN,C2910343,0.45
ELN,C2937220,0.4
ELN,C3276539,0.6
ELN,C3550704,0.4
ELN,C4476551,0.4
EMP2,C4014507,0.6
EMP2,C4273714,0.4
ENG,C0006142,0.75
ENG,C0007766,0.65
ENG,C0007772,0.8
ENG,C0010674,0.6
ENG,C0024141,0.65
ENG,C0039445,1.0
ENG,C0334533,0.8
ENG,C0345893,0.65
ENG,C0917804,0.7
ENG,C1832529,0.4
ENG,C1846689,0.4
ENG,C1857690,0.75
ENG,C1857699,0.45
ENG,C2973725,0.9
ENG,C3697119,0.5
ENG,C3809715,0.45
ENG,C3839866,0.4
ENG,C4022018,0.45
ENG,C4025877,0.4
ENG,C4551861,0.85
ENG,C4552070,0.4
ENO2,C0005684,0.55
ENO2,C0005695,0.55
ENO2,C0007131,0.8
ENO2,C0023467,0.6
ENO2,C0030567,0.65
ENO2,C0033578,0.55
ENO2,C0036341,0.85
ENO2,C0270611,0.85
ENO2,C0376358,0.8
ENO2,C0677776,0.4
ENO2,C0752347,0.7
ENOX2,C0278752,0.4
ENOX2,C0345967,0.5
ENOX2,C0392400,0.4
ENOX2,C1332338,0.4
ENPEP,C0004352,0.4
ENPEP,C0006142,0.5
ENPEP,C0011881,0.55
ENPEP,C0041696,0.5
ENPEP,C1269683,0.5
ENPP7,C0376358,0.4
EP300,C0001973,0.6
EP300,C0005684,0.6
EP300,C0005695,0.55
EP300,C0006142,0.75
EP300,C0007137,0.75
EP300,C0007138,0.6
EP300,C0009402,0.75
EP300,C0009404,0.45
EP300,C0010606,0.5
EP300,C0014170,0.4
EP300,C0018801,0.7
EP300,C0018802,0.7
EP300,C0019572,0.45
EP300,C0025202,0.75
EP300,C0026351,0.4
EP300,C0026827,0.45
EP300,C0027092,0.4
EP300,C0028754,0.75
EP300,C0035934,0.9
EP300,C0038325,0.4
EP300,C0079772,0.4
EP300,C0149925,0.65
EP300,C0152013,0.6
EP300,C0175754,0.45
EP300,C0206624,0.5
EP300,C0265354,0.5
EP300,C0279626,0.75
EP300,C0334265,0.4
EP300,C0346629,0.85
EP300,C0346647,0.6
EP300,C0349588,0.45
EP300,C0376634,0.55
EP300,C0431447,0.4
EP300,C0543888,0.4
EP300,C0677776,0.4
EP300,C0683322,0.4
EP300,C0699790,0.6
EP300,C0751688,0.4
EP300,C1335060,0.4
EP300,C1458155,0.65
EP300,C1535926,0.6
EP300,C2677180,0.4
EP300,C3150941,0.7
EP300,C3714581,0.4
EP300,C3714756,0.65
EP300,C4022737,0.4
EP300,C4022738,0.45
EP300,C4087347,0.4
EP300,C4551563,0.65
EP300,C4551859,0.4
EP300,C5193035,0.5
EP300,C5680527,0.4
EPHA2,C0003076,0.4
EPHA2,C0009691,0.9
EPHA2,C0025281,0.4
EPHA2,C0028326,0.6
EPHA2,C0086543,0.75
EPHA2,C0175704,0.55
EPHA2,C0266539,0.4
EPHA2,C0278701,0.6
EPHA2,C0858617,0.4
EPHA2,C1843496,0.4
EPHA2,C1861825,0.65
EPHA2,C2880562,0.4
EPHA2,C4016349,0.4
EPHA2,C5681190,0.4
EPHA2,C5681644,0.4
EPHA4,C0278883,0.6
EPHA4,C0543888,0.4
EPHA4,C0699885,0.4
EPHX2,C0010054,0.7
EPHX2,C0010068,0.65
EPHX2,C0018801,0.75
EPHX2,C0018802,0.65
EPHX2,C0020445,0.65
EPHX2,C0020538,0.8
EPHX2,C0022660,0.65
EPHX2,C0027055,0.4
EPHX2,C0036341,0.65
EPHX2,C0151744,0.6
EPHX2,C0242698,0.4
EPHX2,C0264694,0.45
EPHX2,C0745103,0.6
EPHX2,C1510586,0.65
EPHX2,C1565662,0.4
EPHX2,C2609414,0.5
EPO,C0002395,0.75
EPO,C0002871,1.0
EPO,C0002878,0.5
EPO,C0002940,0.4
EPO,C0005283,0.75
EPO,C0006663,0.5
EPO,C0007682,0.65
EPO,C0007787,0.4
EPO,C0010054,0.65
EPO,C0010068,0.5
EPO,C0011871,0.45
EPO,C0011875,0.45
EPO,C0011882,0.55
EPO,C0011884,0.9
EPO,C0015672,0.6
EPO,C0017601,0.65
EPO,C0017638,0.8
EPO,C0018799,0.7
EPO,C0018801,0.8
EPO,C0018802,0.75
EPO,C0018818,0.4
EPO,C0019061,0.6
EPO,C0019284,0.4
EPO,C0020538,0.75
EPO,C0020542,0.65
EPO,C0021368,0.85
EPO,C0022658,0.85
EPO,C0022660,0.8
EPO,C0022661,0.85
EPO,C0025202,0.6
EPO,C0027051,0.9
EPO,C0027626,0.4
EPO,C0027726,0.6
EPO,C0027746,0.65
EPO,C0029227,0.4
EPO,C0030312,0.6
EPO,C0030472,0.6
EPO,C0030567,0.75
EPO,C0032051,0.55
EPO,C0032708,0.45
EPO,C0033141,0.4
EPO,C0034065,0.5
EPO,C0035078,0.75
EPO,C0036529,0.4
EPO,C0036980,0.4
EPO,C0038220,0.5
EPO,C0038358,0.4
EPO,C0040034,0.6
EPO,C0040053,0.65
EPO,C0040136,0.4
EPO,C0041948,0.7
EPO,C0042373,0.4
EPO,C0042487,0.5
EPO,C0042510,0.4
EPO,C0042514,0.4
EPO,C0087086,0.65
EPO,C0151744,0.65
EPO,C0152025,0.5
EPO,C0264694,0.4
EPO,C0270611,0.9
EPO,C0524851,0.85
EPO,C0555198,0.65
EPO,C0740392,0.4
EPO,C0752127,0.4
EPO,C0752130,0.4
EPO,C0878544,0.55
EPO,C1262477,0.5
EPO,C1285162,0.75
EPO,C1565662,0.45
EPO,C1963943,0.4
EPO,C2239176,0.75
EPO,C2609414,0.8
EPO,C2675471,0.4
EPO,C2713368,0.4
EPO,C2945695,0.6
EPO,C4693552,0.6
EPO,C4693556,0.6
EPO,C5190864,0.5
EPOR,C0002871,0.9
EPOR,C0017638,0.65
EPOR,C0023440,0.75
EPOR,C0024141,0.65
EPOR,C0025202,0.65
EPOR,C0027626,0.4
EPOR,C0027746,0.4
EPOR,C0032461,0.9
EPOR,C0040136,0.4
EPOR,C0152264,0.9
EPOR,C0221276,0.5
EPOR,C0555198,0.45
EPOR,C1458155,0.65
EPOR,C4551637,1.0
EPOR,C5679860,0.4
ERBB2,C0001418,0.95
ERBB2,C0005684,1.0
ERBB2,C0005695,0.95
ERBB2,C0007131,1.0
ERBB2,C0007134,0.9
ERBB2,C0009375,0.7
ERBB2,C0014859,0.85
ERBB2,C0016978,0.6
ERBB2,C0017185,0.7
ERBB2,C0017638,0.9
ERBB2,C0019569,0.75
ERBB2,C0024121,0.85
ERBB2,C0024232,0.65
ERBB2,C0024623,1.0
ERBB2,C0024624,0.45
ERBB2,C0025149,0.85
ERBB2,C0027643,0.5
ERBB2,C0030185,0.75
ERBB2,C0030354,0.75
ERBB2,C0033578,0.85
ERBB2,C0038356,0.9
ERBB2,C0152013,1.0
ERBB2,C0153421,0.45
ERBB2,C0153422,0.45
ERBB2,C0153423,0.45
ERBB2,C0153491,0.45
ERBB2,C0153492,0.45
ERBB2,C0153493,0.45
ERBB2,C0205875,0.5
ERBB2,C0206663,0.7
ERBB2,C0206698,0.85
ERBB2,C0206710,0.6
ERBB2,C0242379,0.9
ERBB2,C0280725,0.4
ERBB2,C0346629,0.85
ERBB2,C0376358,0.95
ERBB2,C0555198,0.65
ERBB2,C0596263,0.85
ERBB2,C0677886,0.75
ERBB2,C0919267,1.0
ERBB2,C1140680,1.0
ERBB2,C1299247,0.45
ERBB2,C1334410,0.4
ERBB2,C1335060,0.4
ERBB2,C1368019,0.8
ERBB2,C1368295,0.4
ERBB2,C1458155,1.0
ERBB2,C1527349,0.75
ERBB2,C2750850,0.45
ERBB2,C5561950,0.45
ERBB3,C0005586,0.5
ERBB3,C0005684,0.75
ERBB3,C0007131,0.85
ERBB3,C0011570,0.5
ERBB3,C0016978,0.45
ERBB3,C0019569,0.65
ERBB3,C0021847,0.45
ERBB3,C0024121,0.7
ERBB3,C0033578,0.4
ERBB3,C0036341,0.75
ERBB3,C0041696,0.5
ERBB3,C0152013,0.75
ERBB3,C0376358,0.75
ERBB3,C1269683,0.5
ERBB3,C1335060,0.4
ERBB3,C1335167,0.4
ERBB3,C1458155,0.9
ERBB3,C1843478,0.7
ERBB3,C1854664,0.4
ERBB3,C1855733,0.6
ERBB3,C5552985,0.45
ERBB4,C0002736,0.85
ERBB4,C0004238,0.45
ERBB4,C0005586,0.7
ERBB4,C0009404,0.55
ERBB4,C0016978,0.4
ERBB4,C0025202,0.85
ERBB4,C0036341,1.0
ERBB4,C0037286,0.5
ERBB4,C0039538,0.4
ERBB4,C0149782,0.4
ERBB4,C0152013,0.6
ERBB4,C0279626,0.65
ERBB4,C0338451,0.65
ERBB4,C0346629,0.85
ERBB4,C1319315,0.5
ERBB4,C1335060,0.4
ERBB4,C2239176,0.7
ERBB4,C2677565,0.4
ERBB4,C3715155,0.9
ERBB4,C4509932,0.4
ERBB4,C5680502,0.4
ERCC1,C0001956,0.5
ERCC1,C0002871,0.6
ERCC1,C0004509,0.55
ERCC1,C0006142,0.75
ERCC1,C0007131,1.0
ERCC1,C0007787,0.4
ERCC1,C0007873,0.5
ERCC1,C0008625,0.6
ERCC1,C0009404,0.65
ERCC1,C0017638,0.75
ERCC1,C0023449,0.65
ERCC1,C0023467,0.65
ERCC1,C0024121,0.6
ERCC1,C0024623,0.7
ERCC1,C0025202,0.75
ERCC1,C0025322,0.4
ERCC1,C0026764,0.4
ERCC1,C0027658,0.4
ERCC1,C0029463,0.7
ERCC1,C0030297,0.55
ERCC1,C0031117,0.65
ERCC1,C0035078,0.55
ERCC1,C0038356,0.65
ERCC1,C0039590,0.6
ERCC1,C0152013,0.85
ERCC1,C0153421,0.4
ERCC1,C0153422,0.4
ERCC1,C0153423,0.4
ERCC1,C0153458,0.45
ERCC1,C0153459,0.45
ERCC1,C0153460,0.45
ERCC1,C0153463,0.45
ERCC1,C0206639,0.4
ERCC1,C0279628,0.65
ERCC1,C0311375,0.4
ERCC1,C0341823,0.5
ERCC1,C0346629,0.75
ERCC1,C0349506,0.45
ERCC1,C0555198,0.55
ERCC1,C0751038,0.4
ERCC1,C0860204,0.4
ERCC1,C1335029,0.4
ERCC1,C1335060,0.4
ERCC1,C1335469,0.45
ERCC1,C1853100,0.6
ERCC1,C2315100,0.4
ERCC1,C4022839,0.4
ERCC1,C5399761,0.65
ERCC3,C0006142,0.6
ERCC3,C0007131,0.4
ERCC3,C0027672,0.6
ERCC3,C0031117,0.45
ERCC3,C0043346,1.0
ERCC3,C0268136,1.0
ERCC3,C0311375,0.4
ERCC3,C1140680,0.6
ERCC3,C1335029,0.4
ERCC3,C1955934,0.85
ERCC3,C4225344,0.65
ERCC3,C4304411,0.5
ERG,C0023418,0.85
ERG,C0023449,0.75
ERG,C0023467,0.85
ERG,C0023470,0.9
ERG,C0033578,0.85
ERG,C0279980,0.4
ERG,C0585474,0.5
ERG,C1313885,0.4
ERG,C1335469,0.4
ERG,C5882718,0.45
ERN1,C0014544,0.6
ERN1,C0026769,0.4
ERN1,C0152013,0.5
ERN1,C0278701,0.4
ERN1,C0279702,0.4
ERN1,C1335177,0.5
ERN1,C1621958,0.75
ERN1,C2239176,0.8
ERN1,C4277682,0.4
ERRFI1,C0014175,0.55
ERRFI1,C0032460,0.5
ESM1,C0023903,0.4
ESM1,C2239176,0.75
ESR1,C0001418,0.85
ESR1,C0002395,0.9
ESR1,C0003850,0.55
ESR1,C0004114,0.6
ESR1,C0004153,0.75
ESR1,C0005586,0.6
ESR1,C0005684,0.75
ESR1,C0005695,0.5
ESR1,C0005940,0.6
ESR1,C0005944,0.65
ESR1,C0006142,1.0
ESR1,C0007097,0.95
ESR1,C0007131,0.8
ESR1,C0007758,0.4
ESR1,C0010054,0.9
ESR1,C0010068,0.8
ESR1,C0011570,0.75
ESR1,C0011581,0.75
ESR1,C0011860,0.85
ESR1,C0014170,0.85
ESR1,C0014175,1.0
ESR1,C0015799,0.4
ESR1,C0017658,0.55
ESR1,C0021361,0.65
ESR1,C0021364,0.75
ESR1,C0023267,0.85
ESR1,C0023418,0.75
ESR1,C0023903,0.65
ESR1,C0024121,0.75
ESR1,C0024437,0.55
ESR1,C0024809,0.5
ESR1,C0025500,0.65
ESR1,C0026858,0.5
ESR1,C0027051,0.8
ESR1,C0027626,0.4
ESR1,C0027643,0.4
ESR1,C0027819,0.7
ESR1,C0028754,0.9
ESR1,C0028960,0.6
ESR1,C0029456,1.0
ESR1,C0033578,0.8
ESR1,C0036341,0.85
ESR1,C0036421,0.7
ESR1,C0036939,0.5
ESR1,C0042900,0.45
ESR1,C0149931,0.9
ESR1,C0151744,0.7
ESR1,C0154088,0.45
ESR1,C0154334,0.4
ESR1,C0157946,0.45
ESR1,C0264694,0.5
ESR1,C0346153,0.7
ESR1,C0376358,0.9
ESR1,C0400966,0.6
ESR1,C0410189,0.4
ESR1,C0525045,0.85
ESR1,C0553707,0.4
ESR1,C0678222,1.0
ESR1,C0750935,0.4
ESR1,C0751651,0.4
ESR1,C1336076,0.65
ESR1,C1368683,0.65
ESR1,C1458155,1.0
ESR1,C1720887,0.5
ESR1,C1800706,0.6
ESR1,C1832662,0.4
ESR1,C1853116,0.4
ESR1,C2239176,0.75
ESR1,C2751807,0.4
ESR1,C3241937,0.65
ESR1,C3809250,0.85
ESR1,C3887485,0.5
ESR1,C4016037,0.4
ESR1,C4510972,0.4
ESR1,C5193121,0.4
ESR1,C5680527,0.4
ESR2,C0001418,0.7
ESR2,C0002170,0.45
ESR2,C0002395,0.85
ESR2,C0003811,0.65
ESR2,C0003873,0.75
ESR2,C0004114,0.5
ESR2,C0004238,0.55
ESR2,C0005684,0.75
ESR2,C0005695,0.6
ESR2,C0006142,0.9
ESR2,C0007097,0.85
ESR2,C0007138,0.6
ESR2,C0009404,0.7
ESR2,C0010054,0.7
ESR2,C0010068,0.7
ESR2,C0014170,0.4
ESR2,C0014175,0.8
ESR2,C0018213,0.65
ESR2,C0020538,0.8
ESR2,C0021361,0.65
ESR2,C0023869,0.4
ESR2,C0024141,0.7
ESR2,C0025149,0.65
ESR2,C0029456,0.85
ESR2,C0030567,0.75
ESR2,C0032914,0.65
ESR2,C0033578,0.7
ESR2,C0036341,0.75
ESR2,C0041696,0.6
ESR2,C0151744,0.5
ESR2,C0154088,0.4
ESR2,C0157946,0.45
ESR2,C0206663,0.4
ESR2,C0236736,0.4
ESR2,C0264694,0.5
ESR2,C0334265,0.4
ESR2,C0339573,0.65
ESR2,C0346629,0.8
ESR2,C0376358,0.9
ESR2,C0553707,0.4
ESR2,C0588008,0.5
ESR2,C0750935,0.4
ESR2,C0848558,0.65
ESR2,C1269683,0.65
ESR2,C1334410,0.4
ESR2,C1368683,0.4
ESR2,C1458155,0.85
ESR2,C1833921,0.5
ESR2,C4748626,0.6
ESRRA,C0002736,0.5
ESRRA,C0025517,0.65
ESRRA,C0029463,0.6
ESRRA,C0206639,0.4
ESRRA,C1458155,0.85
ESRRG,C0015934,0.6
ESRRG,C0025322,0.4
ETS1,C0007570,0.65
ETS1,C0011854,0.55
ETS1,C0011860,0.85
ETS1,C0024141,0.85
ETS1,C0035126,0.4
ETS1,C0152021,0.65
ETS1,C0795841,0.75
EZH2,C0000768,0.5
EZH2,C0001815,0.8
EZH2,C0009404,0.45
EZH2,C0010278,0.4
EZH2,C0014170,0.5
EZH2,C0017636,0.75
EZH2,C0018801,0.65
EZH2,C0018802,0.65
EZH2,C0023462,0.65
EZH2,C0023467,0.9
EZH2,C0023480,0.65
EZH2,C0024301,0.85
EZH2,C0024623,0.8
EZH2,C0024624,0.45
EZH2,C0026987,0.65
EZH2,C0027672,0.4
EZH2,C0029463,0.9
EZH2,C0033578,0.75
EZH2,C0038356,0.55
EZH2,C0043094,0.4
EZH2,C0079731,0.9
EZH2,C0079744,0.95
EZH2,C0079745,0.5
EZH2,C0079758,0.4
EZH2,C0079765,0.4
EZH2,C0153421,0.45
EZH2,C0153422,0.45
EZH2,C0153423,0.45
EZH2,C0153491,0.45
EZH2,C0153492,0.45
EZH2,C0153493,0.45
EZH2,C0206639,0.5
EZH2,C0206698,0.75
EZH2,C0220765,0.5
EZH2,C0265210,0.95
EZH2,C0278878,0.4
EZH2,C0280725,0.4
EZH2,C0346629,0.8
EZH2,C0349639,0.5
EZH2,C0376628,0.4
EZH2,C0585362,0.8
EZH2,C0749794,0.4
EZH2,C0919267,0.75
EZH2,C1301355,0.7
EZH2,C1319315,0.6
EZH2,C1335062,0.45
EZH2,C1368871,0.4
EZH2,C1458155,0.75
EZH2,C1514422,0.4
EZH2,C1535926,0.6
EZH2,C1956130,0.4
EZH2,C1956131,0.4
EZH2,C2239176,1.0
EZH2,C2713368,0.45
EZH2,C2825149,0.4
EZH2,C5925135,0.4
EZR,C0007097,0.6
EZR,C0033578,0.5
EZR,C0157946,0.4
EZR,C0553707,0.4
EZR,C1368683,0.5
EZR,C5680181,0.4
F11R,C0020538,0.8
F12,C0002994,1.0
F12,C0007787,0.45
F12,C0015526,1.0
F12,C0019243,1.0
F12,C0020538,0.75
F12,C0027051,0.65
F12,C0040038,0.8
F12,C0042109,0.4
F12,C0087086,0.75
F12,C0311468,0.4
F12,C0740392,0.45
F12,C1857728,0.95
F12,C5681829,0.4
F2,C0002395,0.75
F2,C0003615,0.45
F2,C0003873,0.6
F2,C0003977,0.4
F2,C0005779,1.0
F2,C0007282,0.55
F2,C0007570,0.45
F2,C0007785,0.8
F2,C0007786,0.4
F2,C0008533,0.75
F2,C0010054,0.75
F2,C0010068,0.7
F2,C0011311,0.65
F2,C0012739,0.8
F2,C0015397,0.55
F2,C0015695,0.5
F2,C0015696,0.4
F2,C0017658,0.65
F2,C0018784,0.65
F2,C0019069,0.85
F2,C0019080,0.9
F2,C0019360,0.5
F2,C0020564,0.4
F2,C0023890,0.8
F2,C0024141,0.75
F2,C0027051,0.8
F2,C0027543,0.7
F2,C0027720,0.55
F2,C0027746,0.5
F2,C0028754,0.8
F2,C0029445,0.6
F2,C0030524,0.4
F2,C0032914,0.8
F2,C0034065,1.0
F2,C0035328,0.75
F2,C0036341,0.55
F2,C0037198,0.6
F2,C0038454,1.0
F2,C0040038,1.0
F2,C0040053,1.0
F2,C0042487,1.0
F2,C0085605,0.6
F2,C0085762,0.6
F2,C0087086,0.95
F2,C0151744,0.65
F2,C0158442,0.4
F2,C0158449,0.4
F2,C0158450,0.4
F2,C0158451,0.4
F2,C0162819,0.4
F2,C0241910,0.45
F2,C0264694,0.4
F2,C0272317,1.0
F2,C0338573,0.75
F2,C0398623,0.95
F2,C0400966,0.5
F2,C0740392,0.4
F2,C0745048,0.4
F2,C1332355,0.45
F2,C1412000,0.5
F2,C1861172,1.0
F2,C1963943,0.7
F2,C2239176,0.7
F2,C3160733,0.5
F2,C3241937,0.55
F2R,C0001308,0.4
F2R,C0015695,0.55
F2R,C0015696,0.4
F2R,C0019189,0.4
F2R,C0021368,0.75
F2R,C0023890,0.4
F2R,C0038356,0.4
F2R,C0149519,0.4
F2RL1,C0004096,0.8
F2RL1,C0017160,0.4
F2RL1,C0021368,0.75
F2RL1,C0024117,0.7
F2RL1,C0025202,0.65
F2RL1,C0033774,0.75
F2RL1,C0151744,0.55
F2RL1,C3825727,0.45
F3,C0012739,0.85
F3,C0023487,0.75
F3,C0023890,0.65
F3,C0027726,0.5
F3,C0034155,0.4
F3,C0040053,1.0
F3,C0042487,0.75
F3,C0042974,0.45
F3,C0087086,0.8
F3,C0151744,0.6
F3,C0862030,0.4
F3,C1458155,0.75
F3,C1852540,0.6
F3,C1963943,0.7
F3,C4277682,0.4
F3,C5203670,0.75
FAAH,C0006142,0.65
FAAH,C0006870,0.65
FAAH,C0020179,0.65
FAAH,C0024809,0.75
FAAH,C0028754,0.85
FAAH,C0032962,0.4
FAAH,C0236969,0.6
FAAH,C1847831,0.4
FAAH,C4760611,0.4
FABP1,C0022661,0.65
FABP1,C0022672,0.6
FABP1,C0023794,0.4
FABP1,C0029591,0.4
FABP1,C0162557,0.5
FABP4,C0006142,0.75
FABP4,C0007097,0.7
FABP4,C0011616,0.4
FABP4,C0022658,0.6
FABP4,C0553707,0.4
FABP4,C1368683,0.4
FABP5,C0036341,0.55
FABP5,C0151744,0.4
FABP5,C2239176,0.75
FABP7,C0005586,0.6
FABP7,C0036341,0.65
FABP7,C1458155,0.5
FAH,C0206624,0.4
FAH,C0268483,0.85
FAH,C0268487,0.4
FAH,C0268490,1.0
FAH,C1848724,0.4
FAH,C1879362,0.8
FAH,C4017342,0.4
FAH,C4048196,0.4
FANCD2,C0006142,0.8
FANCD2,C0015625,1.0
FANCD2,C0023467,0.4
FANCD2,C0206624,0.4
FANCD2,C0557874,0.45
FANCD2,C0677776,0.5
FANCD2,C1140680,0.6
FANCD2,C2239176,0.6
FANCD2,C2981150,0.45
FANCD2,C3160738,0.85
FANCD2,C3469521,0.85
FANCD2,C3714756,0.45
FANCD2,C4053775,0.4
FAS,C0002395,0.8
FAS,C0003089,0.4
FAS,C0003873,0.9
FAS,C0004943,0.7
FAS,C0005684,0.8
FAS,C0005695,0.7
FAS,C0006142,0.8
FAS,C0007134,0.9
FAS,C0007137,0.7
FAS,C0007193,0.65
FAS,C0010674,0.6
FAS,C0011860,0.85
FAS,C0017658,0.8
FAS,C0018939,0.4
FAS,C0019693,0.85
FAS,C0020532,0.55
FAS,C0022658,0.75
FAS,C0023467,0.85
FAS,C0023493,0.85
FAS,C0023510,0.4
FAS,C0024121,0.7
FAS,C0024141,0.9
FAS,C0024143,0.65
FAS,C0024305,0.8
FAS,C0024535,0.4
FAS,C0025202,0.8
FAS,C0026654,0.4
FAS,C0026769,0.75
FAS,C0026896,0.8
FAS,C0027540,0.65
FAS,C0027697,0.65
FAS,C0032914,0.75
FAS,C0032963,0.4
FAS,C0033141,0.4
FAS,C0033578,0.7
FAS,C0033687,0.6
FAS,C0036341,0.6
FAS,C0036529,0.4
FAS,C0037997,0.4
FAS,C0038002,0.85
FAS,C0039338,0.4
FAS,C0042170,0.6
FAS,C0079744,0.7
FAS,C0079773,0.85
FAS,C0162557,0.7
FAS,C0162739,0.7
FAS,C0206182,0.5
FAS,C0206624,0.65
FAS,C0242488,0.65
FAS,C0242698,0.55
FAS,C0279543,0.75
FAS,C0376358,0.75
FAS,C0376407,0.4
FAS,C0392788,0.55
FAS,C0400966,0.75
FAS,C0751967,0.65
FAS,C0876994,0.5
FAS,C0878544,0.65
FAS,C1260409,0.45
FAS,C1328840,1.0
FAS,C1846545,0.4
FAS,C1866119,0.7
FAS,C2717884,0.4
FAS,C3151201,0.4
FAS,C3241937,0.65
FAS,C3552634,0.45
FAS,C4016044,0.4
FAS,C4707243,0.4
FAS,C5197805,0.4
FASLG,C0001308,0.4
FASLG,C0003873,0.75
FASLG,C0004153,0.65
FASLG,C0005684,0.65
FASLG,C0005695,0.55
FASLG,C0007131,0.8
FASLG,C0007193,0.55
FASLG,C0007273,0.4
FASLG,C0011860,0.8
FASLG,C0011871,0.45
FASLG,C0011875,0.45
FASLG,C0013182,0.4
FASLG,C0019189,0.7
FASLG,C0020474,0.5
FASLG,C0024121,0.7
FASLG,C0024624,0.45
FASLG,C0025202,0.85
FASLG,C0026769,0.8
FASLG,C0027540,0.6
FASLG,C0030297,0.65
FASLG,C0032914,0.75
FASLG,C0033141,0.4
FASLG,C0033578,0.55
FASLG,C0036529,0.4
FASLG,C0039584,0.4
FASLG,C0149519,0.4
FASLG,C0153458,0.45
FASLG,C0153459,0.45
FASLG,C0153460,0.45
FASLG,C0153461,0.45
FASLG,C0153463,0.45
FASLG,C0153491,0.45
FASLG,C0153492,0.45
FASLG,C0153493,0.45
FASLG,C0162557,0.65
FASLG,C0162739,0.7
FASLG,C0206698,0.7
FASLG,C0242379,0.75
FASLG,C0242488,0.65
FASLG,C0279543,0.65
FASLG,C0280725,0.45
FASLG,C0876994,0.4
FASLG,C0878544,0.4
FASLG,C0887833,0.55
FASLG,C1328840,1.0
FASLG,C1866120,0.4
FASLG,C5676883,0.4
FASN,C0007193,0.4
FASN,C0007194,0.4
FASN,C0014877,0.4
FASN,C0018801,0.65
FASN,C0018802,0.65
FASN,C0022661,0.65
FASN,C0023827,0.65
FASN,C0025202,0.75
FASN,C0025362,0.4
FASN,C0028754,0.85
FASN,C0040034,0.4
FASN,C0040822,0.4
FASN,C0086132,0.5
FASN,C0152013,0.6
FASN,C0265610,0.4
FASN,C0279626,0.65
FASN,C0424503,0.4
FASN,C0543888,0.4
FASN,C0919267,0.7
FASN,C0948089,0.5
FASN,C1335060,0.4
FASN,C1384666,0.4
FASN,C1458155,0.75
FASN,C1510586,0.4
FASN,C1853242,0.4
FASN,C2239176,0.75
FASN,C4277682,0.4
FASN,C4551485,0.4
FBLN1,C0014175,0.5
FBLN1,C0033578,0.4
FBLN1,C1276035,0.4
FBLN1,C1842422,0.5
FBLN1,C4751506,0.4
FBLN1,C5779613,0.4
FBLN2,C0009404,0.4
FBLN2,C0043094,0.4
FBLN2,C0152021,0.4
FBLN2,C2973725,0.6
FBXO32,C0004238,0.45
FBXO32,C0026846,0.9
FBXW7,C0006142,0.75
FBXW7,C0009402,0.75
FBXW7,C0010606,0.4
FBXW7,C0014170,0.65
FBXW7,C0017638,0.75
FBXW7,C0023492,0.5
FBXW7,C0206710,0.5
FBXW7,C0279626,0.7
FBXW7,C0346629,0.75
FBXW7,C0424605,0.6
FBXW7,C0524528,0.4
FBXW7,C0555198,0.5
FBXW7,C0919532,0.4
FBXW7,C1368295,0.4
FBXW7,C1458155,0.65
FBXW7,C1535926,0.6
FBXW7,C5774202,0.6
FCER1A,C0011609,0.4
FCER1A,C0013182,0.4
FCER1A,C0029839,0.4
FCER2,C0014038,0.5
FCER2,C0019693,0.6
FCER2,C0020523,0.5
FCER2,C0030567,0.6
FCGR1A,C0006663,0.4
FCGR1A,C0018824,0.4
FCGR1A,C0079485,0.4
FCGR1A,C0157916,0.4
FCGR1A,C0157917,0.4
FCGR1A,C0157918,0.4
FCGR1A,C0409667,0.4
FCGR1A,C2938915,0.4
FCGR1A,C4016211,0.4
FDPS,C0029458,0.4
FDPS,C0162839,0.65
FDPS,C0265970,0.55
FDPS,C4225262,0.5
FEN1,C0009404,0.4
FEN1,C0024121,0.55
FEN1,C0455988,0.4
FEN1,C0677776,0.4
FFAR1,C0011860,0.9
FFAR3,C0085580,0.4
FFAR4,C2675659,0.4
FFAR4,C3554593,0.4
FGB,C0001733,0.95
FGB,C0007222,0.7
FGB,C0007273,0.55
FGB,C0010054,0.75
FGB,C0010068,0.85
FGB,C0022661,0.5
FGB,C0027051,0.75
FGB,C0029456,0.4
FGB,C0030567,0.4
FGB,C0040034,0.4
FGB,C0040053,0.65
FGB,C0087086,0.7
FGB,C0149871,0.6
FGB,C0151744,0.65
FGB,C0264694,0.45
FGB,C0272350,0.75
FGB,C0472803,0.5
FGB,C0553681,0.65
FGB,C1458140,0.45
FGB,C1963943,0.45
FGB,C2062367,0.7
FGB,C2584774,0.8
FGB,C5681639,0.4
FGB,C5681803,0.4
FGF1,C0005684,0.65
FGF1,C0005695,0.55
FGF1,C0007786,0.45
FGF1,C0008924,0.45
FGF1,C0020649,0.55
FGF1,C0023418,0.65
FGF1,C0025500,0.5
FGF1,C0027051,0.65
FGF1,C0034069,0.6
FGF1,C0036341,0.45
FGF1,C0043094,0.55
FGF1,C0151744,0.65
FGF1,C0158651,0.45
FGF1,C0919267,0.65
FGF10,C0008924,0.4
FGF10,C0008925,0.65
FGF10,C0033578,0.6
FGF10,C0152013,0.6
FGF10,C0158651,0.4
FGF10,C0158667,0.95
FGF10,C0265269,0.85
FGF10,C0456891,0.4
FGF10,C1458155,0.65
FGF10,C1861537,0.6
FGF10,C5679752,0.5
FGF10,C5774287,0.6
FGF19,C0009319,0.65
FGF19,C0021655,0.75
FGF19,C0023890,0.7
FGF19,C0027540,0.4
FGF19,C0524620,0.65
FGF19,C1306571,0.4
FGF19,C2239176,0.85
FGF2,C0005684,0.8
FGF2,C0005695,0.55
FGF2,C0005940,0.75
FGF2,C0007112,0.6
FGF2,C0008924,0.4
FGF2,C0008925,0.65
FGF2,C0011570,0.85
FGF2,C0011603,0.45
FGF2,C0011882,0.7
FGF2,C0011884,0.7
FGF2,C0014549,0.4
FGF2,C0017638,0.85
FGF2,C0017639,0.4
FGF2,C0018800,0.45
FGF2,C0019284,0.4
FGF2,C0021368,0.9
FGF2,C0022658,0.75
FGF2,C0023890,0.65
FGF2,C0025500,0.8
FGF2,C0027719,0.4
FGF2,C0027726,0.4
FGF2,C0027746,0.6
FGF2,C0029171,0.4
FGF2,C0029172,0.6
FGF2,C0029227,0.45
FGF2,C0030297,0.8
FGF2,C0031030,0.55
FGF2,C0033054,0.4
FGF2,C0033578,0.85
FGF2,C0034069,0.85
FGF2,C0035126,0.5
FGF2,C0036341,0.75
FGF2,C0038358,0.65
FGF2,C0040028,0.6
FGF2,C0085109,0.75
FGF2,C0085207,0.6
FGF2,C0151744,0.9
FGF2,C0153458,0.45
FGF2,C0153459,0.45
FGF2,C0153460,0.45
FGF2,C0153463,0.45
FGF2,C0157738,0.45
FGF2,C0158651,0.4
FGF2,C0236736,0.4
FGF2,C0242350,0.45
FGF2,C0242422,0.65
FGF2,C0270611,0.65
FGF2,C0525045,0.75
FGF2,C0555198,0.7
FGF2,C0751955,0.5
FGF21,C0002940,0.4
FGF21,C0011854,0.75
FGF21,C0011860,0.95
FGF21,C0015695,0.85
FGF21,C0015696,0.65
FGF21,C0020538,0.8
FGF21,C0028754,0.95
FGF21,C0042373,0.6
FGF21,C0400966,0.95
FGF21,C0740392,0.4
FGF21,C0752127,0.4
FGF21,C0752130,0.4
FGF21,C3241937,0.75
FGF23,C0006663,0.85
FGF23,C0085681,0.95
FGF23,C0342642,1.0
FGF23,C0349588,0.65
FGF23,C1704375,0.95
FGF23,C1876187,0.75
FGF23,C4692564,0.4
FGF23,C4693863,0.45
FGF23,C5679978,0.4
FGF7,C0000786,0.4
FGF7,C0008924,0.4
FGF7,C0008925,0.4
FGF7,C0017566,0.6
FGF7,C0023890,0.65
FGF7,C0034069,0.65
FGF7,C0035126,0.4
FGF7,C0158651,0.4
FGF7,C0273115,0.75
FGF7,C1739363,0.45
FGFR1,C0002453,0.4
FGFR1,C0004114,0.85
FGFR1,C0005586,0.65
FGFR1,C0007131,1.0
FGFR1,C0007137,0.75
FGFR1,C0008924,0.85
FGFR1,C0008925,0.8
FGFR1,C0010278,1.0
FGFR1,C0011570,0.7
FGFR1,C0011581,0.7
FGFR1,C0013338,0.5
FGFR1,C0017638,0.85
FGFR1,C0018824,0.65
FGFR1,C0020635,0.7
FGFR1,C0021359,0.55
FGFR1,C0023467,0.9
FGFR1,C0023470,0.65
FGFR1,C0024121,0.75
FGFR1,C0034012,0.65
FGFR1,C0036341,0.8
FGFR1,C0041696,0.6
FGFR1,C0079485,0.4
FGFR1,C0079541,0.65
FGFR1,C0079772,0.7
FGFR1,C0149925,0.85
FGFR1,C0157946,0.45
FGFR1,C0158651,0.5
FGFR1,C0162809,0.9
FGFR1,C0206726,0.4
FGFR1,C0220658,1.0
FGFR1,C0221405,0.5
FGFR1,C0242342,0.5
FGFR1,C0242343,0.8
FGFR1,C0265535,0.65
FGFR1,C0271577,0.5
FGFR1,C0271582,0.5
FGFR1,C0271623,0.95
FGFR1,C0334588,0.4
FGFR1,C0338503,0.6
FGFR1,C0342381,0.5
FGFR1,C0342384,0.85
FGFR1,C0345958,0.4
FGFR1,C0376634,0.7
FGFR1,C0406612,0.8
FGFR1,C0431362,0.45
FGFR1,C0432122,0.65
FGFR1,C0432283,0.95
FGFR1,C0555198,0.65
FGFR1,C0750935,0.4
FGFR1,C0751617,0.5
FGFR1,C0751688,0.6
FGFR1,C0795998,0.8
FGFR1,C1269683,0.65
FGFR1,C1292772,0.45
FGFR1,C1458155,0.85
FGFR1,C1510455,0.65
FGFR1,C1519086,0.65
FGFR1,C1563720,0.85
FGFR1,C1840379,0.4
FGFR1,C1845146,0.9
FGFR1,C2239176,0.95
FGFR1,C2874188,0.5
FGFR1,C2874189,0.5
FGFR1,C2874190,0.5
FGFR1,C2939461,0.7
FGFR1,C3150773,0.75
FGFR1,C3165106,0.4
FGFR1,C4016104,0.4
FGFR1,C4082304,0.45
FGFR1,C4331262,0.6
FGFR1,C5231391,0.4
FGFR1,C5393309,0.4
FGFR1,C5438812,0.7
FGFR1,C5542298,0.4
FGFR1,C5679898,0.5
FGFR1,C5680088,0.75
FGFR1,C5680616,0.4
FGFR2,C0001193,1.0
FGFR2,C0003090,0.4
FGFR2,C0005586,0.5
FGFR2,C0005684,0.8
FGFR2,C0005695,0.75
FGFR2,C0006142,1.0
FGFR2,C0007104,0.5
FGFR2,C0008924,0.6
FGFR2,C0008925,0.75
FGFR2,C0010273,1.0
FGFR2,C0010278,1.0
FGFR2,C0011570,0.65
FGFR2,C0011581,0.65
FGFR2,C0011757,0.4
FGFR2,C0013377,0.5
FGFR2,C0014170,0.75
FGFR2,C0020255,0.65
FGFR2,C0020534,0.65
FGFR2,C0023890,0.5
FGFR2,C0024121,0.6
FGFR2,C0024623,1.0
FGFR2,C0025362,0.45
FGFR2,C0029574,0.4
FGFR2,C0033975,0.55
FGFR2,C0036341,0.65
FGFR2,C0036572,0.55
FGFR2,C0037268,0.4
FGFR2,C0037274,0.4
FGFR2,C0037277,0.4
FGFR2,C0038356,0.9
FGFR2,C0040427,0.45
FGFR2,C0080178,0.4
FGFR2,C0149782,0.85
FGFR2,C0152013,0.9
FGFR2,C0153421,0.45
FGFR2,C0153422,0.45
FGFR2,C0153423,0.45
FGFR2,C0158651,0.4
FGFR2,C0175699,0.7
FGFR2,C0206698,0.95
FGFR2,C0206762,0.4
FGFR2,C0220658,1.0
FGFR2,C0239234,0.45
FGFR2,C0239676,0.45
FGFR2,C0240635,0.45
FGFR2,C0265269,0.9
FGFR2,C0265554,0.5
FGFR2,C0280725,0.4
FGFR2,C0346629,0.8
FGFR2,C0349204,0.55
FGFR2,C0376634,0.8
FGFR2,C0423110,0.45
FGFR2,C0452138,0.4
FGFR2,C0476089,0.75
FGFR2,C0521525,0.4
FGFR2,C0549397,0.45
FGFR2,C0584837,0.45
FGFR2,C0699791,0.85
FGFR2,C0795998,0.95
FGFR2,C0857379,0.45
FGFR2,C1306710,0.45
FGFR2,C1319315,0.6
FGFR2,C1335177,0.45
FGFR2,C1450010,0.45
FGFR2,C1458155,0.8
FGFR2,C1510455,0.75
FGFR2,C1837402,0.45
FGFR2,C1839758,0.4
FGFR2,C1842937,0.4
FGFR2,C1852406,1.0
FGFR2,C1856409,0.4
FGFR2,C1857484,0.45
FGFR2,C1860245,0.4
FGFR2,C1865070,0.5
FGFR2,C1865244,0.45
FGFR2,C1866134,0.45
FGFR2,C1867563,0.4
FGFR2,C1867564,0.4
FGFR2,C1959582,0.4
FGFR2,C2239176,0.85
FGFR2,C2930619,0.4
FGFR2,C2931196,0.6
FGFR2,C2936791,0.7
FGFR2,C3280768,0.4
FGFR2,C3281247,0.65
FGFR2,C3714756,0.65
FGFR2,C4016346,0.4
FGFR2,C4020908,0.4
FGFR2,C4023628,0.4
FGFR2,C4023749,0.4
FGFR2,C4510730,0.4
FGFR2,C4552001,0.4
FGFR2,C4755261,0.4
FGFR2,C5234850,0.85
FGFR2,C5438812,0.6
FGFR2,C5438849,0.6
FGFR2,C5438850,0.55
FGFR2,C5774323,0.4
FGFR4,C0007131,0.75
FGFR4,C0010606,0.4
FGFR4,C0023890,0.65
FGFR4,C0024623,0.75
FGFR4,C0033578,0.45
FGFR4,C0035222,0.5
FGFR4,C0038356,0.5
FGFR4,C0149782,0.65
FGFR4,C0152013,0.7
FGFR4,C0153421,0.4
FGFR4,C0153422,0.4
FGFR4,C0153423,0.4
FGFR4,C0279626,0.6
FGFR4,C0376358,0.7
FGFR4,C0585362,0.6
FGFR4,C1168401,0.65
FGFR4,C1335060,0.4
FGFR4,C2200127,0.4
FGFR4,C4016099,0.4
FH,C0007131,0.5
FH,C0342770,0.85
FH,C1708350,1.0
FH,C2936826,0.7
FH,C4274332,0.4
FLG,C0011603,0.85
FLG,C0011615,1.0
FLG,C0011616,0.7
FLG,C0013595,1.0
FLG,C0020757,0.8
FLG,C0079584,1.0
FLG,C0151908,0.85
FLG,C0162154,0.4
FLG,C0232466,0.4
FLG,C0393588,0.4
FLG,C0432300,0.4
FLG,C0678306,0.5
FLG,C1274743,0.4
FLG,C1853965,0.5
FLG,C1864155,0.4
FLG,C2675432,0.4
FLG,C2720163,0.6
FLG,C4021978,0.4
FLG,C4024876,0.4
FLG,C4551563,0.4
FLG,C5231391,0.4
FLG,C5848159,0.4
FLT1,C0006287,0.8
FLT1,C0007134,0.9
FLT1,C0007137,0.75
FLT1,C0008449,0.4
FLT1,C0011884,0.7
FLT1,C0018923,0.65
FLT1,C0023890,0.65
FLT1,C0025202,0.9
FLT1,C0029422,0.4
FLT1,C0032914,1.0
FLT1,C0037286,0.5
FLT1,C0041948,0.5
FLT1,C0152013,0.7
FLT1,C0271084,0.65
FLT1,C0279680,0.5
FLT1,C0699790,0.65
FLT1,C0854893,0.4
FLT1,C1458155,0.8
FLT1,C1510586,0.4
FLT1,C2937358,0.7
FLT1,C4277682,0.4
FLT3,C0023449,1.0
FLT3,C0023467,1.0
FLT3,C0023479,0.7
FLT3,C0023487,0.95
FLT3,C0023518,0.75
FLT3,C0026764,0.7
FLT3,C0026998,0.6
FLT3,C0033578,0.45
FLT3,C0038002,0.55
FLT3,C0040053,0.5
FLT3,C0087086,0.4
FLT3,C0376358,0.7
FLT3,C0522631,0.75
FLT3,C1292774,0.4
FLT3,C1319315,0.4
FLT3,C1335469,0.45
FLT3,C1879321,0.6
FLT3,C1961099,0.85
FLT3,C1961102,0.95
FLT3,C1963943,0.4
FLT3,C2239176,0.75
FLT3,C2826037,0.4
FLT3,C2826048,0.4
FLT3,C2930974,0.5
FLT3,C4225628,0.4
FLT3,C5395080,0.4
FLT3,C5680319,0.4
FLT4,C0024236,0.8
FLT4,C0032460,0.5
FLT4,C0039538,0.4
FLT4,C0039685,0.75
FLT4,C0278883,0.6
FLT4,C0279702,0.8
FLT4,C0455988,0.45
FLT4,C0699790,0.5
FLT4,C1704423,1.0
FLT4,C1865871,0.45
FLT4,C5394062,0.6
FN1,C0000786,0.5
FN1,C0003504,0.5
FN1,C0006142,0.75
FN1,C0007097,0.85
FN1,C0009402,0.7
FN1,C0011849,0.8
FN1,C0011881,0.9
FN1,C0017636,0.75
FN1,C0017662,0.55
FN1,C0017668,0.65
FN1,C0020538,0.95
FN1,C0027626,0.4
FN1,C0027726,0.65
FN1,C0029866,0.45
FN1,C0034069,0.85
FN1,C0085762,0.5
FN1,C0149721,0.55
FN1,C0155568,0.4
FN1,C0156147,0.4
FN1,C0264774,0.4
FN1,C0278752,0.4
FN1,C0278878,0.4
FN1,C0345967,0.6
FN1,C0392400,0.4
FN1,C0403557,0.4
FN1,C0432221,0.9
FN1,C0553707,0.4
FN1,C1332338,0.4
FN1,C1368683,0.6
FN1,C1458155,0.75
FN1,C1514422,0.4
FN1,C1561643,0.65
FN1,C1866075,0.5
FN1,C3888104,0.7
FN1,C4746986,0.4
FN1,C4759767,0.65
FN1,C5779632,0.45
FNDC5,C0018800,0.4
FNDC5,C0020538,0.75
FNDC5,C0021368,0.85
FNDC5,C0242698,0.4
FNDC5,C0553980,0.4
FOLH1,C0007785,0.45
FOLH1,C0009402,0.6
FOLH1,C0011570,0.55
FOLH1,C0011581,0.55
FOLH1,C0033578,0.85
FOLH1,C0036341,0.85
FOLH1,C0162871,0.55
FOLR2,C0006142,0.5
FOLR2,C0400966,0.4
FOLR2,C1510586,0.4
FOLR2,C1845026,0.4
FOLR2,C1866558,0.4
FOLR2,C3241937,0.55
FOS,C0003469,0.75
FOS,C0005398,0.4
FOS,C0014175,0.65
FOS,C0014544,0.8
FOS,C0018843,0.4
FOS,C0019080,0.65
FOS,C0020429,0.7
FOS,C0020538,0.7
FOS,C0024121,0.75
FOS,C0027765,0.5
FOS,C0028754,0.65
FOS,C0035126,0.7
FOS,C0038220,0.65
FOS,C0040997,0.4
FOS,C0085084,0.4
FOS,C0154536,0.45
FOS,C0157916,0.4
FOS,C0157917,0.4
FOS,C0157918,0.4
FOS,C0205788,0.65
FOS,C0221032,0.6
FOS,C0235032,0.65
FOS,C0236736,0.45
FOS,C0259779,0.65
FOS,C0270611,0.65
FOS,C0409667,0.4
FOS,C0677886,0.4
FOS,C0740392,0.55
FOS,C1458155,0.75
FOS,C1862939,0.4
FOS,C2239176,0.75
FOS,C3887506,0.4
FOSB,C0013386,0.4
FOSB,C0014544,0.65
FOSB,C0021122,0.4
FOSB,C0023903,0.4
FOSB,C0024121,0.65
FOSB,C0026650,0.6
FOSB,C0029227,0.4
FOSB,C0033054,0.4
FOSB,C0157916,0.4
FOSB,C0157917,0.4
FOSB,C0157918,0.4
FOSB,C0205788,0.75
FOSB,C0236736,0.4
FOSB,C0409667,0.4
FOSB,C0525045,0.55
FOSB,C2239176,0.65
FOSB,C3840252,0.75
FOSL1,C0024623,0.65
FOSL1,C0038356,0.45
FOSL1,C0153421,0.45
FOSL1,C0153422,0.45
FOSL1,C0153423,0.45
FOSL2,C0017636,0.6
FOSL2,C0024121,0.55
FOSL2,C0157916,0.4
FOSL2,C0157917,0.4
FOSL2,C0157918,0.4
FOSL2,C0278878,0.4
FOSL2,C0409667,0.4
FOSL2,C1514422,0.4
FOSL2,C1535926,0.4
FOSL2,C5935608,0.4
FOXA2,C0011860,0.8
FOXA2,C0019284,0.4
FOXA2,C0024115,0.55
FOXA2,C4273747,0.45
FOXA2,C5680091,0.6
FOXD3,C0003076,0.6
FOXD3,C0041696,0.5
FOXD3,C0042900,0.5
FOXD3,C1269683,0.5
FOXD3,C1842979,0.4
FOXE1,C0238463,0.8
FOXE1,C1337013,0.7
FOXE1,C1855794,1.0
FOXE1,C4225293,0.5
FOXE1,C5191836,0.6
FOXM1,C0007131,0.75
FOXM1,C0017661,0.5
FOXM1,C0023418,0.7
FOXM1,C0024121,0.65
FOXM1,C1458155,0.65
FOXM1,C2239176,0.8
FOXO1,C0020542,0.6
FOXO1,C0022578,0.65
FOXO1,C0023467,0.65
FOXO1,C0033578,0.4
FOXO1,C0079744,0.8
FOXO1,C0206655,1.0
FOXO1,C0279613,0.45
FOXO3,C0007131,0.75
FOXO3,C0010606,0.4
FOXO3,C0023890,0.65
FOXO3,C0024117,0.65
FOXO3,C0028754,0.85
FOXO3,C0152013,0.65
FOXO3,C0752351,0.4
FOXO3,C1335060,0.4
FOXP3,C0003873,0.85
FOXP3,C0004096,0.85
FOXP3,C0005586,0.65
FOXP3,C0009404,0.65
FOXP3,C0011854,1.0
FOXP3,C0020305,0.5
FOXP3,C0020517,0.9
FOXP3,C0023493,0.6
FOXP3,C0024121,0.75
FOXP3,C0028796,0.4
FOXP3,C0032460,0.7
FOXP3,C0041327,0.65
FOXP3,C0175709,0.4
FOXP3,C0273115,0.65
FOXP3,C0342288,1.0
FOXP3,C0343641,0.65
FOXP3,C0346629,0.8
FOXP3,C0950124,0.55
FOXP3,C1458155,0.85
FOXP3,C1535926,0.4
FOXP3,C1856053,0.4
FOXP3,C3888631,0.4
FOXP3,C4021107,0.5
FPR1,C0017563,0.4
FPR1,C0031099,0.6
FPR1,C0376358,0.4
FPR1,C5681199,0.4
FSCN1,C0206710,0.4
FSCN1,C1368295,0.4
FSHB,C0002453,0.5
FSHB,C0015967,0.4
FSHB,C0016724,0.45
FSHB,C0020619,0.7
FSHB,C0021361,0.5
FSHB,C0021364,0.6
FSHB,C0028960,0.65
FSHB,C0043019,0.4
FSHB,C0085762,0.4
FSHB,C0271543,0.45
FSHB,C0348457,0.45
FSHB,C1856716,0.7
FSHB,C5574957,0.6
FSHR,C0002453,0.6
FSHR,C0018051,0.65
FSHR,C0032460,0.9
FSHR,C0085083,1.0
FSHR,C0220761,0.4
FSHR,C0342510,0.65
FSHR,C0949595,0.95
FSHR,C5925042,0.4
FTH1,C0011570,0.4
FTH1,C0011616,0.4
FTH1,C0012715,0.45
FTH1,C0017638,0.65
FTH1,C0022548,0.4
FTH1,C0027626,0.4
FTH1,C0035334,0.4
FTH1,C0278752,0.4
FTH1,C0282193,0.75
FTH1,C0345967,0.6
FTH1,C0392400,0.4
FTH1,C0524851,0.7
FTH1,C0555198,0.4
FTH1,C0854723,0.4
FTH1,C1285162,0.4
FTH1,C1332338,0.4
FTH1,C1851316,0.6
FTH1,C2745945,0.4
FTH1,C2750789,0.4
FTH1,C2931845,0.6
FTH1,C3888099,0.4
FTH1,C3888198,0.4
FTH1,C5882740,0.45
FTO,C0001973,0.75
FTO,C0005910,0.65
FTO,C0007134,0.65
FTO,C0007222,0.75
FTO,C0010054,0.7
FTO,C0010068,0.55
FTO,C0011570,0.75
FTO,C0011581,0.75
FTO,C0011860,1.0
FTO,C0011882,0.6
FTO,C0020538,0.95
FTO,C0025202,0.65
FTO,C0025281,0.4
FTO,C0027051,0.7
FTO,C0028754,1.0
FTO,C0034065,0.65
FTO,C0037116,0.5
FTO,C0043094,0.75
FTO,C0085580,0.7
FTO,C0151744,0.45
FTO,C0264694,0.45
FTO,C0271166,0.45
FTO,C0279702,0.8
FTO,C0400966,0.85
FTO,C0525045,0.65
FTO,C1458155,0.55
FTO,C2362324,0.6
FTO,C2675914,0.4
FTO,C2752001,0.5
FTO,C3241937,0.65
FTO,C3542024,0.4
FTO,C4755275,0.4
FURIN,C0007097,0.6
FURIN,C0010054,0.8
FURIN,C0010068,0.5
FURIN,C0151744,0.7
FURIN,C0264694,0.45
FURIN,C0553707,0.4
FURIN,C1368683,0.4
FUS,C0002736,1.0
FUS,C0006142,0.6
FUS,C0013421,0.45
FUS,C0023827,0.8
FUS,C0027066,0.4
FUS,C0206634,0.8
FUS,C0338451,0.9
FUS,C0393541,0.4
FUS,C0524851,0.95
FUS,C1285162,0.55
FUS,C2750729,0.4
FUS,C2931786,1.0
FUS,C3468114,0.75
FUS,C3539195,0.6
FUS,C3714524,0.6
FXN,C0007194,0.7
FXN,C0011860,0.8
FXN,C0016719,1.0
FXN,C0017636,0.45
FXN,C0278878,0.45
FXN,C0525041,0.4
FXN,C1514422,0.45
FXN,C1856689,0.6
FXR1,C0006142,0.6
FXR1,C0036439,0.4
FXR1,C0270960,0.5
FXR1,C0270962,0.4
FXR1,C1837658,0.4
FXR1,C3714756,0.75
FXR1,C4281993,0.4
FXR1,C5394189,0.5
FXR1,C5394193,0.5
FXYD2,C0012716,0.5
FXYD2,C0020538,0.4
FXYD2,C1835171,0.95
FYN,C0001969,0.5
FYN,C0001973,0.75
FYN,C0002395,0.8
FYN,C0005586,0.6
FYN,C0007370,0.5
FYN,C0023493,0.4
FYN,C0034069,0.6
FYN,C0036341,0.9
FYN,C0038356,0.4
FYN,C0079774,0.65
FYN,C0085215,0.55
FYN,C0085762,0.5
FYN,C0149782,0.4
FYN,C0278883,0.4
G3BP1,C0004114,0.4
G3BP1,C0750935,0.4
G6PC1,C0006142,0.4
G6PC1,C0017919,0.85
G6PC1,C0017920,1.0
G6PC1,C0020615,0.8
G6PC1,C0349588,0.45
G6PC1,C1856285,0.4
G6PC1,C2239176,0.8
G6PC1,C2919796,1.0
G6PD,C0002871,0.9
G6PD,C0002878,0.9
G6PD,C0002881,0.7
G6PD,C0002882,0.8
G6PD,C0005586,0.7
G6PD,C0007820,0.45
G6PD,C0011616,0.4
G6PD,C0011849,0.8
G6PD,C0015702,0.95
G6PD,C0018203,0.6
G6PD,C0019054,0.9
G6PD,C0021171,0.5
G6PD,C0022353,0.8
G6PD,C0022660,0.6
G6PD,C0024530,1.0
G6PD,C0024535,0.85
G6PD,C0031306,0.4
G6PD,C0272056,0.4
G6PD,C1565662,0.5
G6PD,C1846008,0.4
G6PD,C1970028,0.4
G6PD,C1970879,0.4
G6PD,C2609414,0.6
G6PD,C2720289,0.6
G6PD,C2939465,1.0
G6PD,C4016535,0.4
G6PD,C4229399,0.4
G6PD,C4303737,0.4
G6PD,C5235039,0.4
G6PD,C5676885,0.4
GAA,C0007194,0.7
GAA,C0008780,0.4
GAA,C0017665,0.4
GAA,C0017919,0.85
GAA,C0017921,1.0
GAA,C0017923,0.4
GAA,C0026848,0.75
GAA,C0026850,0.65
GAA,C0149721,0.45
GAA,C0241005,0.45
GAA,C0242973,0.4
GAA,C0342753,0.4
GAA,C0751173,0.6
GAA,C1856275,0.4
GAA,C2919796,0.4
GAA,C3151137,0.4
GAA,C3888924,0.75
GAA,C3888925,0.7
GAA,C4016981,0.4
GAA,C4021768,0.4
GAA,C5680250,0.4
GABARAP,C0036341,0.85
GABBR1,C0001973,0.85
GABBR1,C0004352,0.65
GABBR1,C0004941,0.4
GABBR1,C0019337,0.45
GABBR1,C0027831,0.5
GABBR1,C0028043,0.65
GABBR1,C0036341,0.8
GABBR1,C0085762,0.4
GABBR1,C0154536,0.45
GABBR1,C0236736,0.4
GABBR1,C0454644,0.45
GABBR1,C0557874,0.4
GABBR1,C0600427,0.45
GABBR1,C1854301,0.45
GABBR1,C3714756,0.45
GABBR1,C3887506,0.4
GABBR1,C5680502,0.4
GABBR1,C5882689,0.5
GABRA1,C0001969,0.5
GABRA1,C0001973,0.75
GABRA1,C0004134,0.4
GABRA1,C0004352,0.5
GABRA1,C0005586,0.5
GABRA1,C0014544,0.9
GABRA1,C0018784,0.4
GABRA1,C0019151,0.7
GABRA1,C0029513,0.4
GABRA1,C0036341,0.75
GABRA1,C0036572,0.65
GABRA1,C0085084,0.4
GABRA1,C0085762,0.5
GABRA1,C0270736,0.65
GABRA1,C0270850,0.6
GABRA1,C0270853,0.85
GABRA1,C0525045,0.6
GABRA1,C0543888,0.65
GABRA1,C0751122,0.75
GABRA1,C1862939,0.4
GABRA1,C1970160,0.4
GABRA1,C2674422,0.4
GABRA1,C3714756,0.55
GABRA1,C3810400,0.7
GABRA1,C4013473,0.45
GABRA2,C0001973,1.0
GABRA2,C0003469,0.65
GABRA2,C0004352,0.75
GABRA2,C0006870,0.5
GABRA2,C0019337,0.4
GABRA2,C0085762,0.5
GABRA2,C0236736,0.4
GABRA2,C0393706,0.4
GABRA2,C0600427,0.65
GABRA2,C3160814,0.5
GABRA2,C5231409,0.7
GABRA2,C5680057,0.5
GABRA3,C0004352,0.5
GABRA3,C0005586,0.7
GABRA3,C0005587,0.45
GABRA3,C0011570,0.55
GABRA3,C0011581,0.55
GABRA3,C0024713,0.45
GABRA3,C0026769,0.45
GABRA3,C0236780,0.45
GABRA3,C0268446,0.6
GABRA3,C5774178,0.45
GABRA4,C0004134,0.4
GABRA4,C0004352,0.75
GABRA4,C0006142,0.4
GABRA4,C0036341,0.65
GABRA4,C0270496,0.5
GABRB3,C0001973,0.7
GABRB3,C0004352,0.75
GABRB3,C0005586,0.6
GABRB3,C0011570,0.6
GABRB3,C0011581,0.65
GABRB3,C0014544,0.8
GABRB3,C0014553,0.75
GABRB3,C0019337,0.55
GABRB3,C0021603,0.45
GABRB3,C0027070,0.4
GABRB3,C0036341,0.65
GABRB3,C0036572,0.75
GABRB3,C0038644,0.4
GABRB3,C0085762,0.45
GABRB3,C0162635,0.75
GABRB3,C0238111,0.65
GABRB3,C0270611,0.4
GABRB3,C0376634,0.55
GABRB3,C0393706,0.4
GABRB3,C0543888,0.65
GABRB3,C0557874,0.65
GABRB3,C0917801,0.5
GABRB3,C1510586,0.85
GABRB3,C1535926,0.65
GABRB3,C1838604,0.4
GABRB3,C2677087,0.45
GABRB3,C3463992,0.4
GABRB3,C3711376,0.5
GABRB3,C3714756,0.55
GABRB3,C4022738,0.45
GABRB3,C4281785,0.65
GABRB3,C4310712,0.6
GABRG1,C0001973,0.75
GABRG1,C0005586,0.6
GABRG1,C0376358,0.6
GABRG2,C0001973,0.75
GABRG2,C0009952,0.9
GABRG2,C0014544,0.95
GABRG2,C0014553,0.8
GABRG2,C0014850,0.4
GABRG2,C0019151,0.55
GABRG2,C0019337,0.45
GABRG2,C0023891,0.55
GABRG2,C0034194,0.4
GABRG2,C0036341,0.65
GABRG2,C0036572,0.8
GABRG2,C0085762,0.4
GABRG2,C0154536,0.45
GABRG2,C0236736,0.4
GABRG2,C0238111,0.6
GABRG2,C0376532,0.55
GABRG2,C0751122,0.8
GABRG2,C1843244,0.4
GABRG2,C1858674,0.4
GABRG2,C1969810,0.6
GABRG2,C3502809,0.85
GABRG2,C3696898,0.5
GABRG2,C3714756,0.45
GABRG2,C3827273,0.4
GABRG2,C5193074,0.6
GABRG2,C5680057,0.65
GABRR1,C0001973,0.65
GABRR1,C0005586,0.6
GABRR1,C0036341,0.6
GAD1,C0001973,0.7
GAD1,C0003469,0.7
GAD1,C0004352,0.6
GAD1,C0005586,1.0
GAD1,C0005587,0.5
GAD1,C0008043,0.4
GAD1,C0011570,0.75
GAD1,C0011581,0.75
GAD1,C0013386,0.4
GAD1,C0019337,0.65
GAD1,C0020514,0.4
GAD1,C0020538,0.5
GAD1,C0024517,0.4
GAD1,C0024713,0.5
GAD1,C0033937,0.45
GAD1,C0036341,0.95
GAD1,C0037773,0.4
GAD1,C0041696,0.75
GAD1,C0154409,0.4
GAD1,C0154536,0.45
GAD1,C0236736,0.4
GAD1,C0236780,0.5
GAD1,C0525045,0.6
GAD1,C0837178,0.4
GAD1,C1096063,0.5
GAD1,C1269683,0.65
GAD1,C1849508,0.6
GAD1,C3887898,0.4
GAD1,C5190693,0.4
GAD1,C5436628,0.4
GAD1,C5436853,0.7
GAD2,C0001973,0.65
GAD2,C0005586,0.75
GAD2,C0005587,0.45
GAD2,C0011854,1.0
GAD2,C0011884,0.5
GAD2,C0019337,0.55
GAD2,C0024517,0.4
GAD2,C0024713,0.45
GAD2,C0033937,0.45
GAD2,C0036341,0.85
GAD2,C0085207,0.65
GAD2,C0154409,0.4
GAD2,C0154536,0.45
GAD2,C0236736,0.4
GAD2,C0236780,0.45
GAD2,C0525045,0.6
GADD45A,C0019693,0.4
GADD45A,C0030297,0.4
GADD45A,C0033578,0.5
GADD45A,C0038356,0.4
GADD45A,C0153458,0.4
GADD45A,C0153459,0.4
GADD45A,C0153460,0.4
GADD45A,C0153463,0.4
GADD45A,C0157916,0.4
GADD45A,C0157917,0.4
GADD45A,C0157918,0.4
GADD45A,C0263454,0.4
GADD45A,C0409667,0.4
GADD45A,C0919267,0.65
GADD45A,C4277682,0.4
GADD45B,C0029574,0.4
GADD45B,C0033975,0.65
GADD45B,C0037274,0.4
GADD45B,C0037277,0.4
GADD45B,C0311375,0.4
GADD45B,C0349204,0.65
GAK,C0030567,0.75
GAK,C2200127,0.4
GAMT,C0002514,0.5
GAMT,C0025362,0.7
GAMT,C0497552,0.4
GAMT,C0574080,1.0
GAMT,C3160718,0.4
GAMT,C5244016,0.75
GAP43,C0001973,0.5
GAP43,C0005586,0.7
GAP43,C0009375,0.4
GAP43,C0011570,0.75
GAP43,C0011581,0.75
GAP43,C0013415,0.5
GAP43,C0036341,0.7
GAP43,C0038220,0.65
GAP43,C0525045,0.65
GAPDH,C0001973,0.65
GAPDH,C0002395,0.8
GAPDH,C0007137,0.75
GAPDH,C0009404,0.7
GAPDH,C0014859,0.5
GAPDH,C0026640,0.5
GAPDH,C0027540,0.4
GAPDH,C0029456,0.4
GAPDH,C0152013,0.6
GAPDH,C0157946,0.4
GAPDH,C0242184,0.75
GAPDH,C0242422,0.5
GAPDH,C0751688,0.4
GAPDH,C0948089,0.65
GAPDH,C1335060,0.4
GAPDH,C2239176,0.85
GAPDH,C4693831,0.4
GAS5,C0151744,0.55
GAST,C0001418,0.75
GAST,C0004763,0.85
GAST,C0009375,0.85
GAST,C0012242,0.4
GAST,C0024121,0.5
GAST,C0030920,0.85
GAST,C0035126,0.5
GAST,C0038356,0.85
GATA1,C0002871,0.8
GATA1,C0005283,0.7
GATA1,C0011570,0.55
GATA1,C0013080,0.95
GATA1,C0023437,0.75
GATA1,C0023462,0.85
GATA1,C0040034,0.95
GATA1,C0265265,0.4
GATA1,C0338106,0.5
GATA1,C1260899,0.75
GATA1,C1834582,1.0
GATA1,C1839161,0.9
GATA1,C1845837,0.65
GATA1,C1860789,0.6
GATA1,C1863235,0.5
GATA1,C2713368,0.5
GATA1,C2751260,0.8
GATA1,C2825149,0.8
GATA1,C3550789,0.55
GATA1,C3550856,0.5
GATA1,C4016507,0.4
GATA1,C4016508,0.4
GATA1,C4302508,0.4
GATA1,C5190600,0.5
GATA1,C5886774,0.65
GATA1,C5925108,0.65
GATA2,C0002871,0.75
GATA2,C0003850,0.4
GATA2,C0007302,0.4
GATA2,C0011570,0.45
GATA2,C0023467,1.0
GATA2,C0023470,0.85
GATA2,C0024236,0.8
GATA2,C0027672,0.5
GATA2,C0038002,0.45
GATA2,C0042384,0.4
GATA2,C0243050,0.4
GATA2,C0349639,0.5
GATA2,C0376634,0.4
GATA2,C0948031,0.4
GATA2,C2713368,0.45
GATA2,C2936380,0.4
GATA2,C3275959,0.4
GATA2,C3279664,0.95
GATA2,C3280030,1.0
GATA2,C3463824,1.0
GATA2,C3850148,0.4
GATA2,C4545043,0.6
GATA2,C4704767,0.7
GATA2,C5925006,0.4
GATA3,C0003873,0.7
GATA3,C0006142,0.85
GATA3,C0007097,0.85
GATA3,C0014457,0.5
GATA3,C0018784,0.85
GATA3,C0019829,0.65
GATA3,C0020626,0.85
GATA3,C0021368,0.65
GATA3,C0022661,0.6
GATA3,C0023449,0.8
GATA3,C0023493,0.6
GATA3,C0025568,0.4
GATA3,C0027720,0.45
GATA3,C0027819,0.7
GATA3,C0553707,0.4
GATA3,C0596263,0.7
GATA3,C0862030,0.4
GATA3,C1335469,0.4
GATA3,C1368683,0.5
GATA3,C1384666,0.65
GATA3,C1535926,0.4
GATA3,C1840333,1.0
GATA3,C1968949,0.65
GATA3,C2316810,0.5
GATA3,C2698311,0.4
GATA3,C2930967,0.4
GBA2,C0007193,0.4
GBA2,C0007758,0.7
GBA2,C0037771,0.4
GBA2,C0037772,0.7
GBA2,C0037773,0.85
GBA2,C0152025,0.4
GBA2,C0393556,0.4
GBA2,C1535926,0.4
GBA2,C1849115,0.4
GBA2,C2828721,0.9
GBA2,C3714756,0.45
GBA2,C4706412,0.5
GBF1,C1847896,0.5
GBF1,C1864567,0.4
GBF1,C2749625,0.4
GBF1,C3807150,0.4
GBF1,C3807151,0.4
GBF1,C4310917,0.4
GBF1,C4551992,0.4
GBF1,C5561933,0.45
GCG,C0002395,0.8
GCG,C0002940,0.6
GCG,C0003123,0.75
GCG,C0007370,0.55
GCG,C0009319,0.65
GCG,C0009375,0.65
GCG,C0009421,0.4
GCG,C0009806,0.6
GCG,C0011860,0.95
GCG,C0018799,0.65
GCG,C0018801,0.85
GCG,C0018802,0.75
GCG,C0020456,0.95
GCG,C0020459,0.85
GCG,C0020473,0.75
GCG,C0020476,0.65
GCG,C0020538,0.75
GCG,C0020649,0.7
GCG,C0020672,0.4
GCG,C0028754,0.95
GCG,C0037763,0.4
GCG,C0038354,0.4
GCG,C0039231,0.65
GCG,C0039239,0.4
GCG,C0039338,0.4
GCG,C0042373,0.5
GCG,C0362046,0.9
GCG,C0428977,0.5
GCG,C0752127,0.4
GCG,C0752130,0.4
GCG,C1879526,0.4
GCG,C3887506,0.4
GCK,C0010054,0.65
GCK,C0010068,0.65
GCK,C0011849,1.0
GCK,C0011860,1.0
GCK,C0020456,0.9
GCK,C0020459,0.85
GCK,C0020538,0.65
GCK,C0020615,0.8
GCK,C0085207,0.85
GCK,C0151744,0.45
GCK,C0158981,0.6
GCK,C0264694,0.45
GCK,C0342276,0.95
GCK,C0342277,1.0
GCK,C0398791,0.4
GCK,C1833104,0.8
GCK,C1838100,0.6
GCK,C1852093,0.6
GCK,C1865290,0.65
GCK,C3810350,0.4
GCK,C3888018,0.8
GCK,C3888631,0.75
GCK,C4274019,0.65
GCK,C5393570,0.6
GCLC,C0002514,0.4
GCLC,C0002878,0.8
GCLC,C0007131,0.65
GCLC,C0010074,0.4
GCLC,C0010674,0.7
GCLC,C0011616,0.4
GCLC,C0011860,0.6
GCLC,C0020538,0.5
GCLC,C0024121,0.4
GCLC,C0026010,0.4
GCLC,C0027051,0.6
GCLC,C0036341,0.6
GCLC,C0151744,0.5
GCLC,C0268523,0.6
GCLC,C1832662,0.4
GCLC,C1856603,0.6
GCLC,C4277682,0.45
GDE1,C0041696,0.5
GDE1,C1269683,0.5
GDF15,C0002896,0.4
GDF15,C0006625,0.85
GDF15,C0010054,0.7
GDF15,C0010068,0.7
GDF15,C0017185,0.5
GDF15,C0018801,0.95
GDF15,C0018802,0.85
GDF15,C0020450,0.9
GDF15,C0025202,0.75
GDF15,C0026636,0.4
GDF15,C0033578,0.75
GDF15,C0043094,0.55
GDF15,C0149721,0.7
GDF15,C0151744,0.6
GDF15,C0264694,0.4
GDF15,C2239176,0.8
GDF15,C5889860,0.6
GDF2,C0016658,0.4
GDF2,C0020542,0.75
GDF2,C0039445,0.95
GDF2,C0340543,0.5
GDF2,C2239176,0.75
GDF2,C2973725,0.95
GDF2,C3809710,0.6
GDF9,C0032460,0.85
GDF9,C0085215,0.85
GDF9,C4693941,0.6
GDF9,C5925042,0.4
GDNF,C0003469,0.7
GDNF,C0005586,0.7
GDNF,C0011570,0.9
GDNF,C0013386,0.4
GDNF,C0014474,0.5
GDNF,C0014544,0.95
GDNF,C0017636,0.75
GDNF,C0017638,0.75
GDNF,C0017658,0.6
GDNF,C0019337,0.55
GDNF,C0019569,1.0
GDNF,C0020179,0.65
GDNF,C0020429,0.65
GDNF,C0027854,0.4
GDNF,C0030567,1.0
GDNF,C0030569,0.4
GDNF,C0031511,0.65
GDNF,C0035304,0.65
GDNF,C0036341,0.9
GDNF,C0038220,0.65
GDNF,C0041696,0.7
GDNF,C0154536,0.45
GDNF,C0236736,0.4
GDNF,C0242422,0.95
GDNF,C0278878,0.4
GDNF,C0524851,0.85
GDNF,C0555198,0.6
GDNF,C0560219,0.55
GDNF,C0683357,0.55
GDNF,C0751396,0.4
GDNF,C1257877,0.4
GDNF,C1269683,0.8
GDNF,C1275808,0.65
GDNF,C1285162,0.4
GDNF,C1514422,0.4
GDNF,C1859049,0.4
GDNF,C3150974,0.45
GDNF,C3888239,0.75
GFAP,C0001973,0.65
GFAP,C0002736,0.85
GFAP,C0005586,0.8
GFAP,C0008780,0.4
GFAP,C0011570,0.85
GFAP,C0011581,0.85
GFAP,C0014544,0.9
GFAP,C0017639,0.4
GFAP,C0020429,0.45
GFAP,C0022340,0.55
GFAP,C0022797,0.4
GFAP,C0023522,0.6
GFAP,C0027765,0.85
GFAP,C0027873,0.85
GFAP,C0027877,0.55
GFAP,C0030567,0.85
GFAP,C0031117,0.6
GFAP,C0036341,0.85
GFAP,C0036439,0.45
GFAP,C0037917,0.4
GFAP,C0040997,0.4
GFAP,C0041696,0.75
GFAP,C0085084,0.65
GFAP,C0270726,1.0
GFAP,C0751383,0.4
GFAP,C0752347,0.7
GFAP,C1269683,0.75
GFAP,C1335029,0.4
GFAP,C1510586,0.7
GFAP,C1850451,0.4
GFAP,C1862939,0.4
GFAP,C1865119,0.4
GFAP,C3542550,0.4
GFAP,C4284592,0.4
GFAP,C5679914,0.65
GFAP,C5769581,0.6
GGT1,C0007097,0.75
GGT1,C0023895,0.85
GGT1,C0027051,0.7
GGT1,C0031099,0.6
GGT1,C0033578,0.5
GGT1,C0085762,0.6
GGT1,C0268524,0.85
GGT1,C0553707,0.4
GGT1,C1368683,0.6
GGT5,C0024121,0.55
GH1,C0001206,0.95
GH1,C0001973,0.8
GH1,C0002871,0.7
GH1,C0005283,0.8
GH1,C0007222,0.85
GH1,C0011570,0.75
GH1,C0011581,0.75
GH1,C0011854,1.0
GH1,C0011884,0.8
GH1,C0013338,1.0
GH1,C0018273,0.85
GH1,C0020635,0.95
GH1,C0021655,0.95
GH1,C0023449,0.6
GH1,C0026846,0.65
GH1,C0027051,0.65
GH1,C0028754,0.95
GH1,C0032019,0.85
GH1,C0032461,0.4
GH1,C0033300,0.65
GH1,C0041408,0.95
GH1,C0043094,0.75
GH1,C0085859,0.55
GH1,C0162809,0.5
GH1,C0221405,0.5
GH1,C0242342,0.7
GH1,C0242343,0.85
GH1,C0242528,0.4
GH1,C0271567,1.0
GH1,C0271577,0.5
GH1,C0271582,0.5
GH1,C0271623,0.85
GH1,C0342381,0.85
GH1,C0342573,0.85
GH1,C0346302,0.85
GH1,C1260899,0.6
GH1,C1262477,0.75
GH1,C1335469,0.4
GH1,C1527168,0.4
GH1,C1849779,0.85
GH1,C2748571,0.9
GH1,C2874188,0.7
GH1,C2874189,0.5
GH1,C2874190,0.5
GH1,C4722273,0.45
GH1,C5539399,0.45
GH1,C5679572,0.65
GHR,C0004352,0.5
GHR,C0009373,0.45
GHR,C0011860,0.8
GHR,C0013338,0.65
GHR,C0020445,0.55
GHR,C0033578,0.4
GHR,C0036572,0.4
GHR,C0151744,0.7
GHR,C0157946,0.45
GHR,C0271568,1.0
GHR,C0349588,0.8
GHR,C0544755,0.4
GHR,C0745103,0.5
GHR,C1849075,0.4
GHR,C1849937,0.4
GHR,C1858656,0.45
GHR,C1866239,0.4
GHR,C2239176,0.75
GHR,C3888131,0.4
GHR,C4016705,0.4
GHR,C4016706,0.4
GHR,C4025790,0.4
GHR,C4318479,0.7
GHR,C5190814,0.4
GHR,C5887324,0.4
GHRHR,C0009402,0.5
GHRHR,C0013338,0.85
GHRHR,C0020635,0.45
GHRHR,C0162809,0.45
GHRHR,C0221405,0.45
GHRHR,C0242342,0.45
GHRHR,C0242343,0.7
GHRHR,C0271577,0.45
GHRHR,C0271582,0.45
GHRHR,C0271623,0.45
GHRHR,C0342381,0.55
GHRHR,C2748571,0.7
GHRHR,C2874188,0.45
GHRHR,C2874189,0.45
GHRHR,C2874190,0.45
GHRHR,C2930619,0.4
GHRHR,C4722273,0.9
GHRHR,C5679572,0.6
GHRL,C0001418,0.5
GHRL,C0005974,0.5
GHRL,C0006625,0.9
GHRL,C0009319,0.65
GHRL,C0009324,0.65
GHRL,C0011570,0.85
GHRL,C0011860,1.0
GHRL,C0011882,0.6
GHRL,C0014859,0.7
GHRL,C0018801,0.85
GHRL,C0018802,0.75
GHRL,C0027746,0.65
GHRL,C0028754,1.0
GHRL,C0028756,0.75
GHRL,C0035126,0.5
GHRL,C0038358,0.65
GHRL,C0043094,0.85
GHRL,C0236736,0.4
GHRL,C0279628,0.6
GHRL,C0375359,0.4
GHRL,C0687132,0.5
GHRL,C1845026,0.4
GHRL,C1866558,0.4
GHRL,C2676079,0.4
GHRL,C4016925,0.4
GHRL,C4054476,0.4
GHRL,C4277682,0.4
GHSR,C0012243,0.4
GHSR,C0028754,0.8
GHSR,C0085762,0.4
GHSR,C1858656,0.4
GHSR,C1864100,0.4
GHSR,C4707848,0.4
GHSR,C5887324,0.45
GJA1,C0001430,0.6
GJA1,C0003811,0.8
GJA1,C0004352,0.65
GJA1,C0008924,0.6
GJA1,C0010051,0.55
GJA1,C0018522,0.6
GJA1,C0019284,0.4
GJA1,C0020429,0.45
GJA1,C0020538,0.7
GJA1,C0022596,0.55
GJA1,C0022661,0.5
GJA1,C0024121,0.65
GJA1,C0027055,0.6
GJA1,C0033578,0.5
GJA1,C0037286,0.7
GJA1,C0039075,0.6
GJA1,C0041696,0.65
GJA1,C0152021,0.65
GJA1,C0152101,0.75
GJA1,C0162770,0.55
GJA1,C0178417,0.55
GJA1,C0221352,0.45
GJA1,C0265292,0.7
GJA1,C0265961,0.7
GJA1,C0334389,0.4
GJA1,C0344783,0.4
GJA1,C0812437,1.0
GJA1,C1269683,0.65
GJA1,C1458155,0.75
GJA1,C1834055,0.55
GJA1,C1840077,0.45
GJA1,C1843496,0.4
GJA1,C1851480,0.45
GJA1,C1861348,0.4
GJA1,C1861366,0.9
GJA1,C1863093,0.45
GJA1,C2749477,0.45
GJA1,C2919341,0.4
GJA1,C2931244,0.6
GJA1,C2931577,0.4
GJA1,C3714756,0.45
GJA1,C3850148,0.4
GJA1,C4021254,0.4
GJA1,C4023731,0.45
GJA1,C4304669,0.6
GJA1,C4479619,0.6
GJA1,C4551564,0.45
GJA1,C4551854,0.45
GJA1,C5551005,0.45
GJA1,C5680182,0.4
GJB1,C0001430,0.4
GJB1,C0007134,0.75
GJB1,C0007758,0.65
GJB1,C0007959,1.0
GJB1,C0011195,0.9
GJB1,C0023903,0.65
GJB1,C0024121,0.65
GJB1,C0027888,0.85
GJB1,C0030193,0.4
GJB1,C0031117,0.8
GJB1,C0035126,0.4
GJB1,C0151313,0.45
GJB1,C0205713,0.5
GJB1,C0239830,0.4
GJB1,C0334389,0.4
GJB1,C0393808,1.0
GJB1,C0410264,0.45
GJB1,C0427065,0.55
GJB1,C0728829,0.45
GJB1,C1136179,0.4
GJB1,C1389118,0.4
GJB1,C1408174,0.5
GJB1,C1408182,0.5
GJB1,C1832342,0.4
GJB1,C1836450,0.45
GJB1,C1836609,0.4
GJB1,C1847584,0.55
GJB1,C1857640,0.5
GJB1,C1866934,0.4
GJB1,C2239176,0.75
GJB1,C2875300,0.5
GJB1,C4024613,0.4
GJB1,C5231313,0.4
GJD2,C0027092,0.75
GJD2,C0034951,0.65
GJD4,C0009402,0.4
GK,C0151744,0.4
GK,C0268418,0.8
GK,C0574108,0.75
GK,C5681013,0.4
GK,C5681029,0.4
GLA,C0002985,0.75
GLA,C0002986,1.0
GLA,C0007194,0.9
GLA,C0027726,0.45
GLA,C0346075,0.4
GLA,C0878544,0.85
GLA,C0949658,0.5
GLA,C1970820,0.6
GLA,C3495498,0.4
GLA,C4310814,0.4
GLB1,C0008449,0.4
GLB1,C0010038,0.45
GLB1,C0011615,0.75
GLB1,C0011616,0.4
GLB1,C0014474,0.4
GLB1,C0026707,0.85
GLB1,C0029422,0.4
GLB1,C0036341,0.4
GLB1,C0038015,0.4
GLB1,C0085131,1.0
GLB1,C0086652,1.0
GLB1,C0268271,1.0
GLB1,C0268272,0.95
GLB1,C0268273,0.8
GLB1,C0268312,0.4
GLB1,C1849156,0.4
GLB1,C1968748,0.4
GLI1,C0005684,0.6
GLI1,C0005695,0.6
GLI1,C0006142,0.75
GLI1,C0013903,0.6
GLI1,C0016978,0.4
GLI1,C0023487,0.6
GLI1,C0031117,0.5
GLI1,C0079744,0.6
GLI1,C0085215,0.4
GLI1,C0153452,0.6
GLI1,C0238198,0.6
GLI1,C0278806,0.4
GLI1,C0376358,0.75
GLI1,C0752166,0.4
GLI1,C1335029,0.4
GLI1,C1395852,0.75
GLI1,C1868120,0.4
GLI1,C2239176,0.75
GLI1,C3887487,0.4
GLI1,C4748277,0.4
GLO1,C0002940,0.45
GLO1,C0003469,0.75
GLO1,C0004352,0.8
GLO1,C0005586,0.7
GLO1,C0011570,0.8
GLO1,C0011581,0.75
GLO1,C0011860,0.8
GLO1,C0011884,0.75
GLO1,C0022661,0.55
GLO1,C0025202,0.65
GLO1,C0036341,0.75
GLO1,C0042373,0.7
GLO1,C0279626,0.4
GLO1,C0752127,0.45
GLO1,C0752130,0.45
GLO1,C1968924,0.4
GLP1R,C0011860,1.0
GLP1R,C0020507,0.55
GLP1R,C0020538,0.9
GLP1R,C0028754,1.0
GLRA1,C0013421,0.4
GLRA1,C0036572,0.45
GLRA1,C0085292,0.6
GLRA1,C0234166,0.9
GLRA1,C0393593,0.4
GLRA1,C1835614,0.8
GLRA1,C4551954,0.55
GLS,C0000786,0.4
GLS,C0040588,0.4
GLS,C0157946,0.4
GLS,C5193030,0.7
GLS,C5193037,0.6
GLS,C5193080,0.7
GLS,C5681336,0.4
GLUD1,C0015934,0.4
GLUD1,C0020459,0.9
GLUD1,C0020615,0.8
GLUD1,C0220994,0.75
GLUD1,C1847555,1.0
GLUD1,C3888018,0.8
GLUD1,C3888631,0.4
GLUD1,C4277682,0.5
GLUL,C0001973,0.6
GLUL,C0002395,0.8
GLUL,C0011570,0.65
GLUL,C0011581,0.65
GLUL,C0018799,0.4
GLUL,C0019151,0.65
GLUL,C0020179,0.7
GLUL,C0028754,0.65
GLUL,C0033975,0.55
GLUL,C0036341,0.8
GLUL,C0236663,0.5
GLUL,C0393706,0.4
GLUL,C0525045,0.65
GLUL,C0752109,0.4
GLUL,C1864910,0.9
GLUL,C2239176,0.85
GLUL,C3809173,0.4
GLUL,C5680112,0.6
GLUL,C5935615,0.5
GMPPB,C0026850,0.85
GMPPB,C0241005,0.45
GMPPB,C0265221,0.6
GMPPB,C0270960,0.45
GMPPB,C0410174,0.4
GMPPB,C0457133,0.45
GMPPB,C0557874,0.45
GMPPB,C1836373,0.4
GMPPB,C2936406,0.6
GMPPB,C3809216,0.6
GMPPB,C3809221,0.6
GMPPB,C4021745,0.55
GMPPB,C4284790,0.4
GMPPB,C4518000,0.9
GMPPB,C5190846,0.4
GMPPB,C5190848,0.4
GMPPB,C5679911,0.7
GMPPB,C5680989,0.4
GNA12,C0009324,0.55
GNA12,C0033975,0.65
GNA12,C0151744,0.4
GNA12,C0349204,0.65
GNA12,C0375359,0.4
GNAI1,C0002622,0.55
GNAI1,C0002625,0.4
GNAI1,C0008073,0.4
GNAI1,C0036572,0.55
GNAI1,C1535926,0.5
GNAI1,C4022737,0.4
GNAI1,C5568766,0.4
GNAI1,C5676975,0.5
GNB3,C0005586,0.6
GNB3,C0007273,0.45
GNB3,C0010054,0.7
GNB3,C0010068,0.6
GNB3,C0011570,0.8
GNB3,C0011581,0.75
GNB3,C0011860,0.85
GNB3,C0020473,0.55
GNB3,C0020476,0.45
GNB3,C0020538,0.95
GNB3,C0028754,0.75
GNB3,C0036341,0.7
GNB3,C0041696,0.7
GNB3,C0043094,0.6
GNB3,C0085580,0.9
GNB3,C0151744,0.5
GNB3,C0264694,0.4
GNB3,C0339535,0.6
GNB3,C0525045,0.6
GNB3,C0854723,0.4
GNB3,C1269683,0.7
GNB3,C1306122,0.4
GNB3,C4310758,0.6
GNMT,C0001308,0.4
GNMT,C0019189,0.65
GNMT,C0023903,0.65
GNMT,C0033578,0.4
GNMT,C0149519,0.4
GNMT,C0268613,0.5
GNMT,C0268621,0.5
GNMT,C0400966,0.65
GNMT,C0598608,0.4
GNMT,C1847720,0.95
GNMT,C2239176,0.8
GNMT,C3151058,0.4
GNMT,C3241937,0.6
GNMT,C3553937,0.4
GNMT,C4048705,0.7
GNRH1,C0001624,0.5
GNRH1,C0002453,0.7
GNRH1,C0006142,0.75
GNRH1,C0008043,0.4
GNRH1,C0013338,0.55
GNRH1,C0018681,0.5
GNRH1,C0020514,0.75
GNRH1,C0020538,0.65
GNRH1,C0020619,0.85
GNRH1,C0020635,0.75
GNRH1,C0020672,0.55
GNRH1,C0021364,0.7
GNRH1,C0021846,0.4
GNRH1,C0031099,0.55
GNRH1,C0034013,0.85
GNRH1,C0035222,0.4
GNRH1,C0039231,0.55
GNRH1,C0042963,0.4
GNRH1,C0162809,0.95
GNRH1,C0221405,0.55
GNRH1,C0242342,0.55
GNRH1,C0242343,0.65
GNRH1,C0271577,0.55
GNRH1,C0271582,0.55
GNRH1,C0271623,0.9
GNRH1,C0342381,0.55
GNRH1,C0342384,0.75
GNRH1,C0428977,0.55
GNRH1,C1262477,0.4
GNRH1,C1856897,0.8
GNRH1,C2874188,0.55
GNRH1,C2874189,0.55
GNRH1,C2874190,0.55
GNRH1,C5680088,0.7
GNRHR,C0001624,0.4
GNRHR,C0002453,0.5
GNRHR,C0013338,0.55
GNRHR,C0020619,0.6
GNRHR,C0020635,0.55
GNRHR,C0021359,0.75
GNRHR,C0034012,0.75
GNRHR,C0162809,0.85
GNRHR,C0221405,0.55
GNRHR,C0242342,0.55
GNRHR,C0242343,0.55
GNRHR,C0271577,0.55
GNRHR,C0271582,0.65
GNRHR,C0271623,0.95
GNRHR,C0342381,0.55
GNRHR,C0342384,1.0
GNRHR,C2874188,0.55
GNRHR,C2874189,0.55
GNRHR,C2874190,0.55
GNRHR,C4552011,0.6
GNRHR,C5679849,0.65
GNRHR,C5680088,0.7
GOT1,C0002726,0.5
GOT1,C0002736,0.75
GOT1,C0007787,0.6
GOT1,C1335302,0.6
GOT1,C3280741,0.4
GOT1,C4277682,0.5
GP6,C0005818,0.65
GP6,C0010072,0.65
GP6,C0011860,0.65
GP6,C0027051,0.75
GP6,C0029804,0.5
GP6,C0040034,0.65
GP6,C0042974,0.7
GP6,C0155626,0.5
GP6,C0340804,0.5
GP6,C1458140,0.6
GP6,C3280120,0.85
GPBAR1,C0009806,0.5
GPBAR1,C0156147,0.4
GPD1,C3280953,0.7
GPD1,C4277682,0.4
GPD1,C4751115,0.4
GPD2,C0011860,0.9
GPD2,C0029456,0.4
GPD2,C0268583,0.5
GPD2,C1855119,0.4
GPER1,C0019209,0.4
GPER1,C0020429,0.65
GPER1,C0023267,0.6
GPER1,C0023903,0.4
GPER1,C1458155,0.75
GPER1,C1800706,0.5
GPI,C0002878,0.8
GPI,C0002881,0.65
GPI,C0002882,0.8
GPI,C0025362,0.6
GPI,C0027868,0.45
GPI,C0037889,0.4
GPI,C0152013,0.6
GPI,C0272064,0.4
GPI,C1335060,0.4
GPI,C1458155,0.4
GPI,C3150730,0.5
GPI,C4014343,0.4
GPLD1,C0036572,0.4
GPLD1,C0268631,0.4
GPR35,C0566602,0.5
GPR55,C0020456,0.4
GPR55,C0020557,0.4
GPR55,C0043094,0.55
GPR55,C0376358,0.4
GPT,C0015695,1.0
GPT,C0015696,0.8
GPT,C0023895,1.0
GPT,C0035126,0.75
GPT,C0400966,1.0
GPT,C3241937,0.9
GPT,C4277682,0.55
GPX1,C0002312,0.55
GPX1,C0002871,0.7
GPX1,C0002895,0.8
GPX1,C0004352,0.6
GPX1,C0005684,0.7
GPX1,C0005695,0.55
GPX1,C0006142,0.8
GPX1,C0006663,0.55
GPX1,C0007107,0.45
GPX1,C0007131,0.7
GPX1,C0007137,0.6
GPX1,C0007138,0.5
GPX1,C0007193,0.75
GPX1,C0007222,0.95
GPX1,C0007786,0.4
GPX1,C0009404,0.55
GPX1,C0010054,0.8
GPX1,C0010068,0.75
GPX1,C0011570,0.95
GPX1,C0011581,0.85
GPX1,C0011860,0.85
GPX1,C0014544,0.65
GPX1,C0015695,0.7
GPX1,C0015696,0.4
GPX1,C0018671,0.4
GPX1,C0019189,0.5
GPX1,C0020456,0.9
GPX1,C0020459,0.65
GPX1,C0020538,0.9
GPX1,C0020550,0.8
GPX1,C0022661,0.9
GPX1,C0023418,0.55
GPX1,C0023443,0.55
GPX1,C0023449,0.65
GPX1,C0023467,0.75
GPX1,C0024121,0.75
GPX1,C0024305,0.75
GPX1,C0024623,0.75
GPX1,C0024624,0.45
GPX1,C0026764,0.65
GPX1,C0028754,0.85
GPX1,C0029456,0.75
GPX1,C0029810,0.45
GPX1,C0033847,0.4
GPX1,C0035126,0.65
GPX1,C0038356,0.55
GPX1,C0149782,0.45
GPX1,C0151744,0.75
GPX1,C0153392,0.45
GPX1,C0153393,0.45
GPX1,C0153394,0.45
GPX1,C0153395,0.45
GPX1,C0153396,0.45
GPX1,C0153421,0.45
GPX1,C0153422,0.45
GPX1,C0153423,0.45
GPX1,C0153491,0.45
GPX1,C0153492,0.45
GPX1,C0153493,0.45
GPX1,C0264694,0.45
GPX1,C0268095,0.65
GPX1,C0280324,0.6
GPX1,C0334265,0.4
GPX1,C0346629,0.8
GPX1,C0398747,0.4
GPX1,C0751688,0.4
GPX1,C1335469,0.45
GPX1,C1458155,0.75
GPX1,C2239176,0.9
GPX1,C2939461,0.45
GPX1,C3501647,0.4
GPX1,C3714618,0.45
GPX1,C5232927,0.4
GPX5,C1510586,0.4
GRIA1,C0002103,0.4
GRIA1,C0004352,0.6
GRIA1,C0005586,0.65
GRIA1,C0011570,0.85
GRIA1,C0011581,0.85
GRIA1,C0014544,0.85
GRIA1,C0020649,0.55
GRIA1,C0023186,0.4
GRIA1,C0026552,0.45
GRIA1,C0036337,0.7
GRIA1,C0036341,0.8
GRIA1,C0236736,0.4
GRIA1,C0553757,0.4
GRIA1,C0751265,0.5
GRIA1,C1510586,0.65
GRIA1,C1535926,0.65
GRIA1,C3714756,0.7
GRIA1,C3887506,0.4
GRIA1,C5568766,0.4
GRIA1,C5677006,0.5
GRIA1,C5677007,0.5
GRIA1,C5680181,0.4
GRIA1,C5680502,0.45
GRIA2,C0002103,0.4
GRIA2,C0005586,0.65
GRIA2,C0036341,0.75
GRIA2,C0038220,0.7
GRIA2,C0041696,0.6
GRIA2,C0236736,0.4
GRIA2,C0553757,0.4
GRIA2,C1269683,0.6
GRIA2,C1535926,0.6
GRIA2,C3887506,0.4
GRIA2,C4022738,0.5
GRIA2,C5394502,0.7
GRIA4,C0027092,0.55
GRIA4,C0028754,0.4
GRIA4,C0036341,0.8
GRIA4,C0236969,0.4
GRIA4,C3714756,0.55
GRIA4,C4693391,0.7
GRIA4,C5568766,0.4
GRIK1,C0001969,0.5
GRIK1,C0001973,0.6
GRIK1,C0005586,0.6
GRIK1,C0014553,0.45
GRIK1,C0036341,0.75
GRIK1,C0573196,0.5
GRIK1,C0687132,0.6
GRIK1,C3496069,0.5
GRIN1,C0001973,0.65
GRIN1,C0004352,0.75
GRIN1,C0005586,0.75
GRIN1,C0007785,0.65
GRIN1,C0020429,0.55
GRIN1,C0029516,0.4
GRIN1,C0030193,0.65
GRIN1,C0036572,0.9
GRIN1,C0040997,0.4
GRIN1,C0085762,0.45
GRIN1,C0236736,0.4
GRIN1,C0376358,0.4
GRIN1,C0376532,0.4
GRIN1,C0393706,0.4
GRIN1,C0431391,0.4
GRIN1,C1535926,0.75
GRIN1,C3280282,0.6
GRIN1,C3463992,0.4
GRIN1,C3714756,0.8
GRIN1,C4022738,0.5
GRIN1,C4693325,0.5
GRIN1,C5139324,0.4
GRIN1,C5568766,0.4
GRIN1,C5676955,0.5
GRIN1,C5680502,0.4
GRIN2A,C0001973,0.75
GRIN2A,C0004352,0.65
GRIN2A,C0005586,0.95
GRIN2A,C0005587,0.5
GRIN2A,C0009404,0.5
GRIN2A,C0011269,0.45
GRIN2A,C0011570,0.75
GRIN2A,C0011581,0.8
GRIN2A,C0014544,0.95
GRIN2A,C0014547,0.6
GRIN2A,C0019337,0.65
GRIN2A,C0020179,0.65
GRIN2A,C0023014,0.4
GRIN2A,C0024713,0.5
GRIN2A,C0025202,0.6
GRIN2A,C0026552,0.4
GRIN2A,C0036341,0.9
GRIN2A,C0036572,0.8
GRIN2A,C0037822,0.6
GRIN2A,C0236780,0.5
GRIN2A,C0282512,0.95
GRIN2A,C0346629,0.45
GRIN2A,C0376532,0.7
GRIN2A,C0525045,0.65
GRIN2A,C0543888,0.7
GRIN2A,C0557874,0.7
GRIN2A,C1535926,0.75
GRIN2A,C1849508,0.4
GRIN2A,C3714756,0.8
GRIN2A,C3809686,0.4
GRIN2A,C4021762,0.4
GRIN2A,C4022737,0.4
GRIN2A,C4551563,0.4
GRIN2A,C4551957,0.4
GRIN2A,C4707308,0.4
GRIN2A,C4749281,0.45
GRIN2A,C5552731,0.6
GRIN2A,C5568766,0.45
GRIN2B,C0001973,0.75
GRIN2B,C0002395,0.8
GRIN2B,C0004106,0.4
GRIN2B,C0004134,0.4
GRIN2B,C0004941,0.45
GRIN2B,C0005586,0.85
GRIN2B,C0005587,0.45
GRIN2B,C0007789,0.5
GRIN2B,C0008073,0.5
GRIN2B,C0010278,0.4
GRIN2B,C0011570,0.75
GRIN2B,C0011581,0.75
GRIN2B,C0014544,0.9
GRIN2B,C0015934,0.55
GRIN2B,C0020179,0.8
GRIN2B,C0020429,0.65
GRIN2B,C0020649,0.4
GRIN2B,C0024117,0.55
GRIN2B,C0024713,0.45
GRIN2B,C0025362,0.55
GRIN2B,C0026827,0.45
GRIN2B,C0028043,0.4
GRIN2B,C0036341,0.9
GRIN2B,C0036439,0.4
GRIN2B,C0036572,0.8
GRIN2B,C0036857,0.4
GRIN2B,C0037317,0.4
GRIN2B,C0037769,0.7
GRIN2B,C0085762,0.45
GRIN2B,C0236780,0.45
GRIN2B,C0282512,0.4
GRIN2B,C0311394,0.4
GRIN2B,C0424503,0.4
GRIN2B,C0424605,0.7
GRIN2B,C0454644,0.4
GRIN2B,C0543888,0.65
GRIN2B,C0557874,0.75
GRIN2B,C0683322,0.55
GRIN2B,C0856975,0.75
GRIN2B,C1510586,0.8
GRIN2B,C1535926,0.8
GRIN2B,C1844820,0.4
GRIN2B,C1854301,0.4
GRIN2B,C1854882,0.45
GRIN2B,C1858091,0.4
GRIN2B,C3151411,0.8
GRIN2B,C3714756,0.8
GRIN2B,C4015316,0.6
GRIN2B,C4551563,0.45
GRIN2B,C5568766,0.45
GRIN2B,C5680502,0.45
GRIN2B,C5681638,0.45
GRIN2D,C0006142,0.4
GRIN2D,C0027746,0.4
GRIN2D,C0036341,0.8
GRIN2D,C0036572,0.7
GRIN2D,C4310687,0.6
GRIN2D,C5568766,0.4
GRIN2D,C5680057,0.4
GRK2,C0000768,0.4
GRK2,C0003873,0.75
GRK2,C0007222,0.75
GRK2,C0018800,0.45
GRK2,C0018801,0.9
GRK2,C0018802,0.8
GRK2,C0020538,0.8
GRK2,C0033141,0.4
GRK2,C0036529,0.4
GRK2,C0162820,0.4
GRK2,C0265275,0.6
GRK2,C0752351,0.4
GRK2,C0878544,0.55
GRK2,C1319315,0.4
GRK4,C0085580,0.95
GRK4,C4277682,0.4
GRK5,C0007222,0.65
GRK5,C0023895,0.4
GRK5,C1535926,0.4
GRK5,C2200127,0.4
GRM1,C0001973,0.65
GRM1,C0007758,0.8
GRM1,C0009402,0.4
GRM1,C0011570,0.65
GRM1,C0011581,0.75
GRM1,C0014544,0.7
GRM1,C0014556,0.7
GRM1,C0016045,0.4
GRM1,C0016048,0.4
GRM1,C0036341,0.8
GRM1,C0038220,0.65
GRM1,C0041671,0.4
GRM1,C0041696,0.6
GRM1,C0087012,0.6
GRM1,C0205766,0.4
GRM1,C0206639,0.4
GRM1,C0221290,0.6
GRM1,C0557874,0.45
GRM1,C3553816,1.0
GRM1,C4521563,0.8
GRM1,C5816774,0.5
GRM5,C0005586,0.75
GRM5,C0011882,0.4
GRM5,C0014556,0.65
GRM5,C0027796,0.55
GRM5,C0036341,0.95
GRM5,C0038220,0.65
GRM5,C0041671,0.4
GRM5,C0041696,0.75
GRM5,C0206710,0.4
GRM5,C0236736,0.5
GRM5,C0236969,0.6
GRM5,C1269683,0.9
GRM5,C1368295,0.4
GRM5,C1510586,0.8
GSK3B,C0002395,0.95
GSK3B,C0002736,0.8
GSK3B,C0005586,0.9
GSK3B,C0005587,0.7
GSK3B,C0005684,0.6
GSK3B,C0005695,0.4
GSK3B,C0007193,0.65
GSK3B,C0011570,0.8
GSK3B,C0011581,0.75
GSK3B,C0018800,0.45
GSK3B,C0018801,0.6
GSK3B,C0018802,0.65
GSK3B,C0020538,0.6
GSK3B,C0022340,0.4
GSK3B,C0022660,0.65
GSK3B,C0022797,0.4
GSK3B,C0024713,0.5
GSK3B,C0026846,0.75
GSK3B,C0027051,0.65
GSK3B,C0027877,0.4
GSK3B,C0029227,0.4
GSK3B,C0029823,0.4
GSK3B,C0033578,0.5
GSK3B,C0036341,0.85
GSK3B,C0236780,0.5
GSK3B,C0270611,0.45
GSK3B,C0525045,0.75
GSK3B,C0585362,0.65
GSK3B,C0751383,0.4
GSK3B,C0751958,0.4
GSK3B,C0949664,0.75
GSK3B,C1269683,0.7
GSK3B,C1458155,0.75
GSK3B,C1565662,0.4
GSK3B,C2609414,0.65
GSK3B,C4721414,0.6
GSK3B,C5551375,0.4
GSKIP,C0023470,0.4
GSKIP,C2939461,0.6
GSN,C0002726,0.75
GSN,C0006142,0.75
GSN,C0018800,0.4
GSN,C0025500,0.4
GSN,C0029456,0.6
GSN,C0030524,0.4
GSN,C0036341,0.6
GSN,C0043094,0.55
GSN,C0936273,0.85
GSN,C0948089,0.4
GSN,C1622345,0.9
GSN,C4277682,0.4
GSR,C0002736,0.6
GSR,C0002871,0.6
GSR,C0002878,0.55
GSR,C0011616,0.4
GSR,C0013604,0.55
GSR,C0020550,0.65
GSR,C0020615,0.6
GSR,C0024437,0.45
GSR,C0242422,0.4
GSR,C0524851,0.4
GSR,C1285162,0.4
GSR,C1456865,0.5
GSR,C3714618,0.4
GSR,C4277682,0.45
GSR,C5231513,0.6
GSS,C0002395,0.55
GSS,C0007097,0.4
GSS,C0011616,0.4
GSS,C0026636,0.4
GSS,C0036341,0.5
GSS,C0398746,0.75
GSS,C0553707,0.4
GSS,C1368683,0.4
GSS,C1856399,0.75
GSS,C5848078,1.0
GSTA1,C0004096,0.7
GSTA1,C0022660,0.6
GSTA1,C0033578,0.4
GSTA1,C0033975,0.5
GSTA1,C0036341,0.6
GSTA1,C0151744,0.4
GSTA1,C0400966,0.5
GSTA1,C0919267,0.6
GSTA1,C1140680,0.6
GSTA1,C1299247,0.4
GSTA1,C1565662,0.4
GSTA1,C2609414,0.5
GSTA1,C3241937,0.65
GSTA1,C4277682,0.4
GSTA2,C1510586,0.4
GSTA2,C1527349,0.4
GSTK1,C0033578,0.4
GSTK1,C0157946,0.4
GSTM1,C0002874,0.65
GSTM1,C0003873,0.8
GSTM1,C0003949,0.65
GSTM1,C0004096,0.85
GSTM1,C0004114,0.6
GSTM1,C0004153,0.75
GSTM1,C0004352,0.75
GSTM1,C0005586,0.6
GSTM1,C0005684,0.95
GSTM1,C0005695,0.8
GSTM1,C0006142,0.9
GSTM1,C0006287,0.65
GSTM1,C0007107,0.8
GSTM1,C0007134,0.8
GSTM1,C0007137,0.75
GSTM1,C0007138,0.8
GSTM1,C0007847,0.75
GSTM1,C0008625,0.75
GSTM1,C0009324,0.65
GSTM1,C0009402,0.75
GSTM1,C0009404,0.7
GSTM1,C0010054,0.75
GSTM1,C0010068,0.65
GSTM1,C0010674,0.7
GSTM1,C0011570,0.6
GSTM1,C0011581,0.65
GSTM1,C0011615,0.65
GSTM1,C0011849,0.75
GSTM1,C0011854,0.6
GSTM1,C0011860,0.85
GSTM1,C0011884,0.65
GSTM1,C0014850,0.65
GSTM1,C0014859,0.75
GSTM1,C0017638,0.7
GSTM1,C0018133,0.65
GSTM1,C0018671,0.55
GSTM1,C0018798,0.55
GSTM1,C0019156,0.65
GSTM1,C0019569,0.55
GSTM1,C0019829,0.6
GSTM1,C0020517,0.75
GSTM1,C0021390,0.75
GSTM1,C0022593,0.55
GSTM1,C0022661,0.75
GSTM1,C0023418,0.8
GSTM1,C0023449,0.75
GSTM1,C0023467,0.85
GSTM1,C0023530,0.65
GSTM1,C0023890,0.65
GSTM1,C0024115,0.7
GSTM1,C0024117,0.75
GSTM1,C0024121,0.6
GSTM1,C0024141,0.75
GSTM1,C0024623,0.75
GSTM1,C0025149,0.65
GSTM1,C0025500,0.6
GSTM1,C0026764,0.6
GSTM1,C0026769,0.65
GSTM1,C0029172,0.65
GSTM1,C0030567,0.85
GSTM1,C0031099,0.65
GSTM1,C0031106,0.55
GSTM1,C0032463,0.65
GSTM1,C0033578,0.6
GSTM1,C0033999,0.6
GSTM1,C0036341,0.8
GSTM1,C0036421,0.65
GSTM1,C0036646,0.65
GSTM1,C0038356,0.8
GSTM1,C0039730,0.6
GSTM1,C0041327,0.65
GSTM1,C0079744,0.6
GSTM1,C0085183,0.6
GSTM1,C0151744,0.55
GSTM1,C0151779,0.65
GSTM1,C0162566,0.65
GSTM1,C0206368,0.65
GSTM1,C0206698,0.55
GSTM1,C0235032,0.75
GSTM1,C0271084,0.65
GSTM1,C0278803,0.55
GSTM1,C0279626,0.75
GSTM1,C0279628,0.55
GSTM1,C0302592,0.7
GSTM1,C0334265,0.55
GSTM1,C0339573,0.75
GSTM1,C0343641,0.75
GSTM1,C0345967,0.7
GSTM1,C0346629,0.9
GSTM1,C0376358,0.8
GSTM1,C0400966,0.6
GSTM1,C0585362,0.8
GSTM1,C0677886,0.6
GSTM1,C0742343,0.65
GSTM1,C0848558,0.55
GSTM1,C1302401,0.75
GSTM1,C1319315,0.65
GSTM1,C1510586,0.75
GSTM1,C2239176,0.85
GSTM1,C4277682,0.55
GSTM2,C0007131,0.55
GSTM2,C0013080,0.5
GSTM2,C0022660,0.4
GSTM2,C0036341,0.6
GSTM2,C0151744,0.4
GSTM2,C0524851,0.4
GSTM2,C1285162,0.4
GSTM2,C1565662,0.4
GSTM2,C2609414,0.4
GSTM2,C4277682,0.4
GSTM5,C0009375,0.4
GSTM5,C0042133,0.45
GSTM5,C0524851,0.4
GSTM5,C1285162,0.4
GSTM5,C1510586,0.45
GSTO1,C0002395,0.75
GSTO1,C0023418,0.4
GSTO1,C0024115,0.4
GSTO1,C0029574,0.4
GSTO1,C0030567,0.7
GSTO1,C0033578,0.4
GSTO1,C0037274,0.4
GSTO1,C0037277,0.4
GSTO1,C0279626,0.6
GSTO1,C0524851,0.65
GSTO1,C1285162,0.4
GSTO1,C1510586,0.4
GSTO1,C4277682,0.4
GSTP1,C0002395,0.8
GSTP1,C0002736,0.6
GSTP1,C0004096,0.95
GSTP1,C0004114,0.65
GSTP1,C0004352,0.6
GSTP1,C0005684,0.85
GSTP1,C0005695,0.7
GSTP1,C0005956,0.45
GSTP1,C0006142,0.85
GSTP1,C0006287,0.65
GSTP1,C0007097,0.85
GSTP1,C0007120,0.55
GSTP1,C0007131,0.9
GSTP1,C0007134,0.75
GSTP1,C0007137,0.9
GSTP1,C0007273,0.5
GSTP1,C0008625,0.75
GSTP1,C0011615,0.65
GSTP1,C0011860,0.8
GSTP1,C0013182,0.5
GSTP1,C0017638,0.8
GSTP1,C0018213,0.55
GSTP1,C0018798,0.65
GSTP1,C0018939,0.65
GSTP1,C0019829,0.6
GSTP1,C0020517,0.75
GSTP1,C0020538,0.6
GSTP1,C0022658,0.5
GSTP1,C0022660,0.7
GSTP1,C0023448,0.45
GSTP1,C0023449,0.75
GSTP1,C0023467,0.85
GSTP1,C0023470,0.55
GSTP1,C0023895,0.65
GSTP1,C0024115,0.7
GSTP1,C0024117,0.75
GSTP1,C0024121,0.75
GSTP1,C0024535,0.6
GSTP1,C0025202,0.75
GSTP1,C0026764,0.6
GSTP1,C0026769,0.6
GSTP1,C0027540,0.6
GSTP1,C0029456,0.55
GSTP1,C0029463,0.7
GSTP1,C0029582,0.45
GSTP1,C0029607,0.45
GSTP1,C0029823,0.45
GSTP1,C0030297,0.45
GSTP1,C0030567,0.85
GSTP1,C0031117,0.65
GSTP1,C0032914,0.75
GSTP1,C0033578,0.9
GSTP1,C0033975,0.5
GSTP1,C0036341,0.75
GSTP1,C0036646,0.65
GSTP1,C0036939,0.5
GSTP1,C0038356,0.6
GSTP1,C0039590,0.45
GSTP1,C0079744,0.65
GSTP1,C0151744,0.5
GSTP1,C0153458,0.45
GSTP1,C0153459,0.45
GSTP1,C0153460,0.45
GSTP1,C0153461,0.45
GSTP1,C0153463,0.45
GSTP1,C0153594,0.65
GSTP1,C0154088,0.55
GSTP1,C0206698,0.55
GSTP1,C0235032,0.9
GSTP1,C0270736,0.5
GSTP1,C0271084,0.65
GSTP1,C0279543,0.7
GSTP1,C0279626,0.75
GSTP1,C0279702,0.75
GSTP1,C0280725,0.45
GSTP1,C0349204,0.5
GSTP1,C0376358,0.9
GSTP1,C0400966,0.6
GSTP1,C0555198,0.7
GSTP1,C0600427,0.55
GSTP1,C0750935,0.45
GSTP1,C0751688,0.55
GSTP1,C0887833,0.45
GSTP1,C0919267,0.7
GSTP1,C1140680,0.7
GSTP1,C1302401,0.65
GSTP1,C1333010,0.45
GSTP1,C1335029,0.45
GSTP1,C1335469,0.45
GSTP1,C1368683,0.5
GSTP1,C1458155,0.75
GSTP1,C1510586,0.7
GSTP1,C1565662,0.45
GSTP1,C2239176,0.9
GSTP1,C2609414,0.65
GSTP1,C2713368,0.45
GSTP1,C3160718,0.55
GSTP1,C3241937,0.6
GSTP1,C4274355,0.45
GSTP1,C4277682,0.4
GUCY2D,C0005754,0.65
GUCY2D,C0028738,0.65
GUCY2D,C0029124,0.4
GUCY2D,C0035334,0.85
GUCY2D,C0154860,0.6
GUCY2D,C0220701,0.5
GUCY2D,C0271092,0.4
GUCY2D,C0278883,0.4
GUCY2D,C0339527,0.8
GUCY2D,C0344297,0.45
GUCY2D,C0476397,0.45
GUCY2D,C0730290,0.65
GUCY2D,C0730292,0.5
GUCY2D,C0854723,0.75
GUCY2D,C1306122,0.5
GUCY2D,C1536451,0.6
GUCY2D,C1866293,0.9
GUCY2D,C2931258,1.0
GUCY2D,C3665347,0.7
GUCY2D,C4085590,0.85
GUCY2D,C4551884,0.45
GUCY2D,C5231408,0.45
GUCY2D,C5679947,0.4
GUCY2D,C5680331,0.4
GUCY2F,C0006142,0.4
GUCY2F,C0149782,0.4
GUCY2F,C0152013,0.4
GUCY2F,C1621958,0.4
GUSB,C0026709,0.5
GUSB,C0027765,0.4
GUSB,C0033687,0.4
GUSB,C0085132,1.0
GUSB,C0376358,0.65
GUSB,C0455988,0.6
GUSB,C1510586,0.4
GYPA,C0024530,0.7
GYPA,C0037286,0.4
GYPA,C4694044,0.4
GYPB,C0024530,0.6
GZMB,C0001308,0.4
GZMB,C0004352,0.4
GZMB,C0013182,0.4
GZMB,C0019189,0.5
GZMB,C0149519,0.4
GZMB,C1458155,0.5
H1-0,C0023467,0.4
H2AX,C0017636,0.7
H2AX,C0027643,0.4
H2AX,C0032578,0.4
H2AX,C0036341,0.5
H2AX,C0278878,0.4
H2AX,C0376628,0.4
H2AX,C1458155,0.5
H2AX,C1514422,0.4
H6PD,C0026769,0.55
H6PD,C1291245,0.85
H6PD,C1458155,0.4
H6PD,C3551716,0.6
H6PD,C4329210,0.4
H6PD,C4330259,0.45
HADHB,C0001126,0.4
HADHB,C0006142,0.4
HADHB,C0007959,0.6
HADHB,C0015695,0.55
HADHB,C0015696,0.4
HADHB,C0018799,0.5
HADHB,C0023772,0.4
HADHB,C0035579,0.4
HADHB,C0220981,0.45
HADHB,C0751651,0.45
HADHB,C1458155,0.4
HADHB,C1969443,0.8
HADHB,C3711645,0.5
HADHB,C5830374,0.6
HADHB,C5830693,0.4
HAMP,C0001973,0.5
HAMP,C0002871,1.0
HAMP,C0005283,0.8
HAMP,C0005411,0.6
HAMP,C0018995,1.0
HAMP,C0019202,0.4
HAMP,C0022661,0.8
HAMP,C0022665,0.4
HAMP,C0268060,0.8
HAMP,C0282193,1.0
HAMP,C0392514,0.75
HAMP,C1135196,0.4
HAMP,C1865616,0.65
HAMP,C2239176,0.85
HAMP,C3150862,0.4
HAMP,C5816744,0.4
HAT1,C0009402,0.5
HAVCR1,C0011615,0.65
HAVCR1,C0017668,0.5
HAVCR1,C0022658,0.85
HAVCR1,C0022660,0.9
HAVCR1,C0027540,0.65
HAVCR1,C0033687,0.9
HAVCR1,C1565662,0.45
HAVCR1,C1840253,0.4
HAVCR1,C2609414,1.0
HAVCR1,C4277682,0.5
HBB,C0002312,1.0
HBB,C0002871,1.0
HBB,C0002875,0.9
HBB,C0002878,1.0
HBB,C0002881,1.0
HBB,C0002895,1.0
HBB,C0005283,1.0
HBB,C0010520,0.9
HBB,C0013502,0.4
HBB,C0019021,0.8
HBB,C0019025,0.75
HBB,C0019034,1.0
HBB,C0019045,1.0
HBB,C0024530,1.0
HBB,C0024535,0.85
HBB,C0025637,0.9
HBB,C0032461,1.0
HBB,C0032463,0.85
HBB,C0038002,0.85
HBB,C0039730,0.95
HBB,C0152272,0.4
HBB,C0221019,0.6
HBB,C0221020,0.4
HBB,C0238159,0.65
HBB,C0263454,0.4
HBB,C0271979,0.75
HBB,C0271980,0.85
HBB,C0271985,0.95
HBB,C0271994,0.75
HBB,C0272006,0.65
HBB,C0272080,0.45
HBB,C0272084,0.5
HBB,C0472767,0.8
HBB,C0472777,0.65
HBB,C0700299,0.8
HBB,C0742343,0.9
HBB,C1112747,0.6
HBB,C1264000,0.4
HBB,C1527405,0.8
HBB,C1841621,0.75
HBB,C1858990,0.7
HBB,C1970028,0.4
HBB,C2720293,0.4
HBB,C2931788,0.6
HBB,C3665425,0.65
HBB,C3841475,0.7
HBB,C3889325,0.65
HBB,C4017494,0.4
HBB,C4017510,0.4
HBB,C4017522,0.4
HBB,C4017525,0.4
HBB,C4017528,0.4
HBB,C4310749,0.4
HBB,C4693822,0.6
HBB,C5190864,0.4
HBB,C5190890,0.4
HBB,C5679855,0.4
HBB,C5680749,0.5
HBG1,C0019025,0.85
HBG1,C0030567,0.6
HBG1,C0033578,0.4
HBG1,C0263454,0.4
HBG1,C0271985,0.8
HBG1,C0271994,0.8
HBG1,C3891817,0.4
HBG1,C4016197,0.4
HBG1,C4017537,0.4
HBG1,C4017538,0.4
HBG1,C5190890,0.4
HCAR2,C0007137,0.55
HCAR2,C0016382,0.65
HCAR2,C0033860,0.6
HCAR2,C0036341,0.75
HCAR2,C0037286,0.4
HCAR2,C0751688,0.4
HCN2,C0036572,0.65
HCN2,C0878544,0.4
HCN2,C1865342,0.4
HCN2,C4022738,0.4
HCN2,C5561931,0.6
HCN4,C0003811,0.9
HCN4,C0004238,0.95
HCN4,C0007193,0.6
HCN4,C0007194,0.5
HCN4,C0014548,0.6
HCN4,C0018790,0.45
HCN4,C0023976,0.6
HCN4,C0037052,0.7
HCN4,C0040517,0.6
HCN4,C0042514,0.65
HCN4,C0085298,0.45
HCN4,C0085610,0.8
HCN4,C0340491,0.4
HCN4,C0349788,0.5
HCN4,C0428908,0.75
HCN4,C0525045,0.5
HCN4,C0878544,0.65
HCN4,C1142166,0.6
HCN4,C1834144,0.5
HCN4,C2751083,0.5
HCN4,C4021133,0.6
HCN4,C4551804,0.4
HCN4,C5561983,0.4
HCRT,C0006870,0.55
HCRT,C0011570,0.85
HCRT,C0011581,0.9
HCRT,C0019337,0.5
HCRT,C0020505,0.7
HCRT,C0020672,0.4
HCRT,C0024809,0.5
HCRT,C0027404,1.0
HCRT,C0028754,0.85
HCRT,C0030193,0.75
HCRT,C0043094,0.65
HCRT,C0236736,0.4
HCRT,C0338715,0.55
HCRT,C0524851,0.85
HCRT,C1285162,0.4
HCRT,C1834372,0.5
HCRT,C4543926,0.75
HDAC1,C0003873,0.65
HDAC1,C0007137,0.65
HDAC1,C0014175,0.6
HDAC1,C0018799,0.4
HDAC1,C0036341,0.75
HDAC1,C0152021,0.4
HDAC1,C0152171,0.4
HDAC1,C0525045,0.65
HDAC1,C0751688,0.4
HDAC1,C2713368,0.4
HDAC2,C0001973,0.55
HDAC2,C0007137,0.6
HDAC2,C0011570,0.65
HDAC2,C0013990,0.75
HDAC2,C0014175,0.6
HDAC2,C0018800,0.45
HDAC2,C0023470,0.5
HDAC2,C0023890,0.4
HDAC2,C0024117,0.9
HDAC2,C0024623,0.7
HDAC2,C0025202,0.65
HDAC2,C0033975,0.5
HDAC2,C0036341,0.65
HDAC2,C0038356,0.7
HDAC2,C0153421,0.45
HDAC2,C0153422,0.45
HDAC2,C0153423,0.45
HDAC2,C0349204,0.5
HDAC2,C0525045,0.65
HDAC2,C0751688,0.4
HDAC2,C0920269,0.65
HDAC3,C0001418,0.5
HDAC3,C0007131,0.7
HDAC3,C0014474,0.4
HDAC3,C0018799,0.5
HDAC3,C0027626,0.4
HDAC3,C0036341,0.6
HDAC3,C0038356,0.5
HDAC3,C1262477,0.55
HDAC4,C0004135,0.7
HDAC4,C0005684,0.6
HDAC4,C0005695,0.4
HDAC4,C0006142,0.75
HDAC4,C0011570,0.55
HDAC4,C0011616,0.4
HDAC4,C0013473,0.7
HDAC4,C0025362,0.55
HDAC4,C0026764,0.65
HDAC4,C0035304,0.55
HDAC4,C0036341,0.6
HDAC4,C0036857,0.4
HDAC4,C0152171,0.4
HDAC4,C0221357,0.55
HDAC4,C0236736,0.4
HDAC4,C0278752,0.4
HDAC4,C0342257,0.4
HDAC4,C0345967,0.4
HDAC4,C0392400,0.4
HDAC4,C0525045,0.65
HDAC4,C1332338,0.4
HDAC4,C2931817,0.85
HDAC4,C3161330,0.4
HDAC4,C3714756,0.65
HDAC4,C4022737,0.4
HDAC4,C4315392,0.65
HDAC4,C4551563,0.45
HDAC4,C5676944,0.5
HDAC4,C5680525,0.4
HDAC6,C0004352,0.4
HDAC6,C0007193,0.65
HDAC6,C0011570,0.65
HDAC6,C0011581,0.65
HDAC6,C0025202,0.75
HDAC6,C0029463,0.6
HDAC6,C0033578,0.5
HDAC6,C0206639,0.4
HDAC6,C0271097,0.4
HDAC6,C0919267,0.7
HDAC6,C1837249,0.4
HDAC6,C3275476,0.5
HDAC6,C4304401,0.5
HDAC8,C0015934,0.45
HDAC8,C0018817,0.45
HDAC8,C0022680,0.4
HDAC8,C0270972,0.8
HDAC8,C0424503,0.55
HDAC8,C0454644,0.4
HDAC8,C0557874,0.45
HDAC8,C1535926,0.6
HDAC8,C1839736,0.5
HDAC8,C1850049,0.45
HDAC8,C1857042,0.4
HDAC8,C3550903,0.9
HDAC8,C3714756,0.65
HDAC8,C4023731,0.4
HDAC8,C4025871,0.4
HDAC8,C4551563,0.55
HDAC8,C4551851,0.4
HDAC9,C0004153,0.8
HDAC9,C0011570,0.65
HDAC9,C0011581,0.65
HDAC9,C0029410,0.55
HDAC9,C0036341,0.65
HDAC9,C0038454,0.8
HDAC9,C0041696,0.55
HDAC9,C5830659,0.4
HDC,C0004096,0.7
HDC,C0009402,0.6
HDC,C0019209,0.4
HDC,C0035455,0.65
HDC,C0040517,0.9
HDGF,C0019693,0.4
HEXA,C0023520,0.4
HEXA,C0025362,0.4
HEXA,C0036572,0.45
HEXA,C0039373,1.0
HEXA,C0268275,0.55
HEXA,C0268276,0.5
HEXA,C0557874,0.5
HEXA,C1384666,0.4
HEXA,C1848913,0.4
HEXA,C1848916,0.5
HEXA,C1848920,0.45
HEXA,C2749283,0.4
HEXA,C2874270,0.5
HEXA,C3714756,0.4
HEXA,C4016988,0.4
HEXA,C4022737,0.4
HEXA,C4310892,0.5
HEXA,C4310893,0.4
HEXA,C5925030,0.4
HEXA,C5925031,0.6
HEXA,C5925032,0.6
HEXB,C0022660,0.4
HEXB,C0026847,0.45
HEXB,C0036161,1.0
HEXB,C0751489,0.65
HEXB,C0751490,0.65
HEXB,C0751491,0.65
HEXB,C1565662,0.4
HEXB,C2609414,0.4
HEXB,C4016989,0.4
HEXB,C4310842,0.6
HFM1,C0004509,0.6
HFM1,C0232981,0.4
HFM1,C3810376,0.6
HFM1,C5925042,0.4
HGF,C0002940,0.4
HGF,C0004114,0.6
HGF,C0004763,0.5
HGF,C0007137,0.85
HGF,C0011882,0.85
HGF,C0017605,0.45
HGF,C0018133,0.75
HGF,C0019189,0.65
HGF,C0020433,0.4
HGF,C0020435,0.4
HGF,C0020538,0.8
HGF,C0022578,0.65
HGF,C0023467,0.85
HGF,C0023890,0.85
HGF,C0023903,0.75
HGF,C0027051,0.9
HGF,C0027092,0.65
HGF,C0027626,0.4
HGF,C0027819,0.65
HGF,C0030193,0.75
HGF,C0030305,0.75
HGF,C0030567,0.65
HGF,C0033141,0.4
HGF,C0034069,0.9
HGF,C0035126,0.6
HGF,C0035304,0.4
HGF,C0036420,0.4
HGF,C0036421,0.9
HGF,C0036529,0.4
HGF,C0040053,0.7
HGF,C0042373,0.75
HGF,C0042900,0.6
HGF,C0087086,0.6
HGF,C0149940,0.4
HGF,C0151744,0.9
HGF,C0162557,0.75
HGF,C0206062,0.6
HGF,C0278752,0.4
HGF,C0345967,0.7
HGF,C0392400,0.4
HGF,C0452138,0.55
HGF,C0750935,0.4
HGF,C0751688,0.6
HGF,C0752127,0.4
HGF,C0752130,0.5
HGF,C0878544,0.75
HGF,C0949804,0.4
HGF,C1332338,0.4
HGF,C1384666,0.7
HGF,C1510586,0.65
HGF,C1842342,0.6
HGF,C1876165,0.4
HGF,C1963943,0.4
HGF,C2239176,0.95
HGF,C2945695,0.65
HGF,C5680182,0.4
HGF,C5779549,0.4
HIF1A,C0002793,0.4
HIF1A,C0004114,0.75
HIF1A,C0005586,0.5
HIF1A,C0005684,0.75
HIF1A,C0005695,0.5
HIF1A,C0007097,0.85
HIF1A,C0007124,0.75
HIF1A,C0007131,1.0
HIF1A,C0007786,0.8
HIF1A,C0008312,0.4
HIF1A,C0008313,0.4
HIF1A,C0011570,0.65
HIF1A,C0011860,0.9
HIF1A,C0014084,0.5
HIF1A,C0017636,0.95
HIF1A,C0018798,0.65
HIF1A,C0018800,0.55
HIF1A,C0018801,0.8
HIF1A,C0018802,0.7
HIF1A,C0020507,0.85
HIF1A,C0020538,0.9
HIF1A,C0020542,0.8
HIF1A,C0023890,0.75
HIF1A,C0023892,0.4
HIF1A,C0024115,0.6
HIF1A,C0024117,0.85
HIF1A,C0027051,0.9
HIF1A,C0027055,0.8
HIF1A,C0027626,0.4
HIF1A,C0030297,0.85
HIF1A,C0033578,0.95
HIF1A,C0034531,0.45
HIF1A,C0037286,0.4
HIF1A,C0037929,0.8
HIF1A,C0040136,0.75
HIF1A,C0041696,0.5
HIF1A,C0042487,0.4
HIF1A,C0153458,0.4
HIF1A,C0153459,0.4
HIF1A,C0153460,0.4
HIF1A,C0153463,0.4
HIF1A,C0206734,0.85
HIF1A,C0278878,0.4
HIF1A,C0279626,0.75
HIF1A,C0342257,0.65
HIF1A,C0376358,0.95
HIF1A,C0525045,0.5
HIF1A,C0553707,0.4
HIF1A,C0750935,0.4
HIF1A,C0752308,0.7
HIF1A,C1176475,0.6
HIF1A,C1269683,0.5
HIF1A,C1368683,0.4
HIF1A,C1458155,0.9
HIF1A,C1514422,0.4
HIF1A,C1800706,0.65
HINT1,C0005586,0.55
HINT1,C0007959,0.7
HINT1,C0026848,0.5
HINT1,C0031117,0.65
HINT1,C0036341,0.75
HINT1,C1842587,0.45
HINT1,C2932678,0.4
HINT1,C5700127,0.9
HK1,C0002871,0.7
HK1,C0002882,0.75
HK1,C0007959,0.65
HK1,C0011195,0.45
HK1,C0011860,1.0
HK1,C0023449,0.55
HK1,C0026764,0.65
HK1,C0027888,0.55
HK1,C0028754,0.8
HK1,C0035334,0.75
HK1,C0036341,0.6
HK1,C0151744,0.4
HK1,C0152013,0.6
HK1,C0205713,0.45
HK1,C0220701,0.45
HK1,C0472792,0.4
HK1,C0730292,0.4
HK1,C0854723,0.6
HK1,C1335060,0.4
HK1,C1335469,0.45
HK1,C1408174,0.45
HK1,C1408182,0.45
HK1,C1510586,0.4
HK1,C1535926,0.6
HK1,C1854449,0.8
HK1,C2875300,0.45
HK1,C3150343,0.5
HK1,C4022737,0.5
HK1,C4022738,0.4
HK1,C4479526,0.6
HK1,C5231404,0.6
HK2,C0011860,0.8
HK2,C0028754,0.75
HK2,C0151744,0.4
HK2,C0152013,0.6
HK2,C1335060,0.4
HLA-G,C0004096,0.9
HLA-G,C0005586,0.6
HLA-G,C0019196,0.65
HLF,C0023449,0.75
HLF,C0041696,0.5
HLF,C0376358,0.5
HLF,C1269683,0.5
HLF,C1335469,0.4
HLF,C5816789,0.4
HMBS,C0000737,0.65
HMBS,C0002895,0.45
HMBS,C0003467,0.45
HMBS,C0015967,0.55
HMBS,C0042963,0.65
HMBS,C0085633,0.4
HMBS,C0162565,1.0
HMBS,C0282577,0.4
HMBS,C1848702,0.45
HMBS,C1867969,0.4
HMBS,C1867971,0.45
HMBS,C2931004,0.4
HMBS,C3665386,0.4
HMBS,C4023814,0.4
HMBS,C5935574,0.5
HMBS,C5935575,0.5
HMGB1,C0001973,0.8
HMGB1,C0002736,0.7
HMGB1,C0005398,0.4
HMGB1,C0015967,0.5
HMGB1,C0020429,0.65
HMGB1,C0020538,0.7
HMGB1,C0021368,0.95
HMGB1,C0026766,0.65
HMGB1,C0027051,0.85
HMGB1,C0027055,0.4
HMGB1,C0027540,0.75
HMGB1,C0027796,0.4
HMGB1,C0034069,0.85
HMGB1,C0085580,0.4
HMGB1,C0151744,0.75
HMGB1,C0243026,0.95
HMGB1,C0264939,0.6
HMGB1,C0279626,0.7
HMGB1,C0282548,0.4
HMGB1,C1535926,0.4
HMGB1,C1864965,0.4
HMGB1,C4277682,0.4
HMGB3,C0005684,0.6
HMGB3,C0005695,0.4
HMGB3,C3806742,0.5
HMGB3,C4749694,0.45
HMGCR,C0002395,0.8
HMGCR,C0002965,0.5
HMGCR,C0003089,0.4
HMGCR,C0004096,0.55
HMGCR,C0008350,0.7
HMGCR,C0010054,0.75
HMGCR,C0010068,0.75
HMGCR,C0011849,0.8
HMGCR,C0011860,0.95
HMGCR,C0020443,0.95
HMGCR,C0020445,0.8
HMGCR,C0022661,0.8
HMGCR,C0026848,0.95
HMGCR,C0026850,0.6
HMGCR,C0030567,0.65
HMGCR,C0034362,0.4
HMGCR,C0041671,0.45
HMGCR,C0151744,0.5
HMGCR,C0154319,0.45
HMGCR,C0264694,0.5
HMGCR,C0342731,0.6
HMGCR,C0398691,0.6
HMGCR,C0686353,0.6
HMGCR,C0947622,0.65
HMGCR,C1840531,0.4
HMGCR,C1959626,0.6
HMGCR,C2239176,0.75
HMGCR,C2931907,0.45
HMGCR,C3888197,0.4
HMGCR,C3890737,0.4
HMGCR,C5830518,0.6
HMGN5,C0005684,0.65
HMGN5,C0005695,0.4
HMGN5,C0017638,0.6
HMGN5,C0033578,0.4
HMGN5,C0279626,0.5
HMGN5,C0555198,0.4
HMOX1,C0001308,0.4
HMOX1,C0001418,0.65
HMOX1,C0002103,0.4
HMOX1,C0002395,0.8
HMOX1,C0002878,0.65
HMOX1,C0004096,0.85
HMOX1,C0005779,0.4
HMOX1,C0007273,0.4
HMOX1,C0009319,0.9
HMOX1,C0010054,0.85
HMOX1,C0010068,0.8
HMOX1,C0010674,0.7
HMOX1,C0011616,0.4
HMOX1,C0011860,0.95
HMOX1,C0011871,0.4
HMOX1,C0011875,0.4
HMOX1,C0012715,0.65
HMOX1,C0016059,0.75
HMOX1,C0018273,0.4
HMOX1,C0018800,0.4
HMOX1,C0018801,0.75
HMOX1,C0018802,0.75
HMOX1,C0019054,0.75
HMOX1,C0019069,0.6
HMOX1,C0019189,0.4
HMOX1,C0019212,0.55
HMOX1,C0020459,0.55
HMOX1,C0020507,0.6
HMOX1,C0020538,0.9
HMOX1,C0020542,0.8
HMOX1,C0021368,0.85
HMOX1,C0021655,0.8
HMOX1,C0022116,0.85
HMOX1,C0022660,0.75
HMOX1,C0022661,0.75
HMOX1,C0023186,0.4
HMOX1,C0023290,0.65
HMOX1,C0023895,0.7
HMOX1,C0023903,0.5
HMOX1,C0024117,0.95
HMOX1,C0024121,0.5
HMOX1,C0027626,0.4
HMOX1,C0028754,0.75
HMOX1,C0029607,0.5
HMOX1,C0029771,0.4
HMOX1,C0030567,0.75
HMOX1,C0032285,0.75
HMOX1,C0032914,0.75
HMOX1,C0033578,0.65
HMOX1,C0034069,0.65
HMOX1,C0035126,0.9
HMOX1,C0035222,0.7
HMOX1,C0035309,0.65
HMOX1,C0036341,0.65
HMOX1,C0038220,0.7
HMOX1,C0038356,0.4
HMOX1,C0040053,0.7
HMOX1,C0087086,0.7
HMOX1,C0149519,0.4
HMOX1,C0151744,0.95
HMOX1,C0152020,0.6
HMOX1,C0162309,0.4
HMOX1,C0162871,0.7
HMOX1,C0178324,0.65
HMOX1,C0221013,0.4
HMOX1,C0264694,0.5
HMOX1,C0273115,0.75
HMOX1,C0524851,0.75
HMOX1,C0740392,0.4
HMOX1,C0742343,0.55
HMOX1,C0751265,0.4
HMOX1,C0751895,0.45
HMOX1,C0948480,0.45
HMOX1,C1285162,0.4
HMOX1,C1458155,0.65
HMOX1,C1565662,0.4
HMOX1,C1841651,0.85
HMOX1,C1846707,0.4
HMOX1,C1963943,0.45
HMOX1,C2609414,0.85
HMOX1,C2937358,0.6
HMOX1,C3838076,0.4
HMOX1,C4277682,0.4
HNF1A,C0007134,0.75
HNF1A,C0007785,0.45
HNF1A,C0009404,0.45
HNF1A,C0010054,0.8
HNF1A,C0010068,0.75
HNF1A,C0011849,1.0
HNF1A,C0011854,0.9
HNF1A,C0011860,1.0
HNF1A,C0012236,0.4
HNF1A,C0020456,0.8
HNF1A,C0020615,0.7
HNF1A,C0032914,0.55
HNF1A,C0085207,0.85
HNF1A,C0151744,0.55
HNF1A,C0206669,0.85
HNF1A,C0264694,0.45
HNF1A,C0271650,0.7
HNF1A,C0279702,0.7
HNF1A,C0342276,1.0
HNF1A,C0346629,0.8
HNF1A,C0678222,0.65
HNF1A,C0854110,0.45
HNF1A,C1140680,0.6
HNF1A,C1266042,0.55
HNF1A,C1299614,0.45
HNF1A,C1838100,1.0
HNF1A,C1840646,0.6
HNF1A,C1843386,0.4
HNF1A,C1852091,0.4
HNF1A,C1852093,0.65
HNF1A,C2239176,0.8
HNF1A,C2675866,0.6
HNF1A,C3837958,0.55
HNF1A,C3837967,0.4
HNF1A,C3888631,0.8
HNF1A,C4024448,0.4
HNF1A,C4290090,0.45
HNF1A,C4290091,0.45
HNF1A,C4290092,0.45
HNF1A,C4303475,0.45
HNF1A,C5774200,0.4
HNF4A,C0009324,0.75
HNF4A,C0011860,1.0
HNF4A,C0020459,0.85
HNF4A,C0020474,0.55
HNF4A,C0020615,0.8
HNF4A,C0158683,0.4
HNF4A,C0342276,0.95
HNF4A,C0342277,0.5
HNF4A,C0375359,0.4
HNF4A,C1838100,0.6
HNF4A,C1852093,1.0
HNF4A,C3888018,0.8
HNF4A,C3888631,0.8
HNF4A,C4014962,0.6
HNF4A,C4274078,0.45
HNF4A,C4303475,0.4
HNF4A,C5681324,0.4
HNRNPA1,C0002736,0.8
HNRNPA1,C0007097,0.4
HNRNPA1,C0030481,0.45
HNRNPA1,C0152013,0.6
HNRNPA1,C0393665,0.4
HNRNPA1,C0553707,0.4
HNRNPA1,C0751336,0.5
HNRNPA1,C0751967,0.4
HNRNPA1,C1335060,0.4
HNRNPA1,C1368683,0.4
HNRNPA1,C1833662,0.5
HNRNPA1,C1864706,0.6
HNRNPA1,C3715156,0.7
HNRNPA1,C3809469,0.7
HNRNPA2B1,C0023493,0.5
HNRNPA2B1,C0338451,0.65
HNRNPA2B1,C1833662,0.55
HNRNPA2B1,C2931230,0.4
HNRNPA2B1,C3809468,0.7
HNRNPA2B1,C5830682,0.45
HOXA1,C0004352,0.8
HOXA1,C0018798,0.5
HOXA1,C0376634,0.4
HOXA1,C0497552,0.4
HOXA1,C1832215,0.9
HOXA1,C1832216,0.65
HOXA1,C3714756,0.5
HOXA1,C5680525,0.4
HOXA11,C0008449,0.4
HOXA11,C0014170,0.4
HOXA11,C0022658,0.4
HOXA11,C0029422,0.4
HOXA11,C0040034,0.5
HOXA11,C0042063,0.55
HOXA11,C0158761,0.5
HOXA11,C0206762,0.55
HOXA11,C0333068,0.4
HOXA11,C1458140,0.4
HOXA11,C1720887,0.4
HOXA11,C1844502,0.4
HOXA11,C1854273,0.5
HOXA11,C4303670,0.4
HOXA11,C4551975,0.5
HOXB13,C0007124,0.45
HOXB13,C0007134,0.4
HOXB13,C0024623,0.6
HOXB13,C0025202,0.5
HOXB13,C0027626,0.4
HOXB13,C0027672,0.4
HOXB13,C0033578,0.8
HOXB13,C0235974,0.6
HOXB13,C0376358,1.0
HOXB13,C1458155,0.65
HOXB13,C1970250,0.5
HOXB13,C2931456,0.8
HOXB13,C3469524,0.4
HOXB13,C4722327,0.4
HOXC13,C3554127,0.75
HOXC13,C4024880,0.65
HOXD1,C0009404,0.4
HOXD1,C0020429,0.4
HOXD1,C0030193,0.4
HOXD1,C0919267,0.6
HP,C0001723,0.5
HP,C0002871,0.95
HP,C0002878,0.85
HP,C0002895,0.95
HP,C0003089,0.4
HP,C0003850,0.45
HP,C0003864,0.75
HP,C0003868,0.45
HP,C0004153,0.7
HP,C0007222,0.9
HP,C0009324,0.7
HP,C0011570,0.8
HP,C0011581,0.8
HP,C0011854,0.9
HP,C0011860,0.95
HP,C0011871,0.4
HP,C0011875,0.65
HP,C0017416,0.6
HP,C0018099,0.55
HP,C0018995,0.65
HP,C0019054,0.85
HP,C0019163,0.7
HP,C0019693,0.8
HP,C0020456,0.7
HP,C0020517,0.7
HP,C0020538,0.9
HP,C0020542,0.8
HP,C0022660,0.8
HP,C0023418,0.8
HP,C0024530,0.85
HP,C0024535,0.85
HP,C0027051,0.95
HP,C0032914,0.85
HP,C0035305,0.4
HP,C0036341,0.8
HP,C0041295,0.4
HP,C0041696,0.6
HP,C0085397,0.4
HP,C0242339,0.7
HP,C0342257,0.6
HP,C0375359,0.4
HP,C0524909,0.6
HP,C0524910,0.8
HP,C0525045,0.7
HP,C0679360,0.4
HP,C0852036,0.7
HP,C1269683,0.7
HP,C1458155,0.7
HP,C1565662,0.45
HP,C2609414,0.85
HP,C3279786,0.6
HP,C3658339,0.4
HPCA,C0013423,0.7
HPCA,C0393598,0.45
HPCA,C1857093,0.7
HPCA,C2875058,0.45
HPCA,C5779546,0.45
HPCA,C5848258,0.65
HPD,C0026838,0.4
HPD,C0086439,0.4
HPD,C0268483,0.65
HPD,C0268623,1.0
HPD,C0557874,0.45
HPD,C0751093,0.4
HPD,C0948163,0.4
HPD,C1879362,0.7
HPD,C2931042,0.85
HPD,C4277682,0.4
HPGDS,C0005586,0.6
HPGDS,C0022665,0.5
HPGDS,C0023895,0.65
HPGDS,C0033937,0.5
HPGDS,C0033975,0.6
HPGDS,C0036341,0.75
HPGDS,C0525045,0.5
HPGDS,C1336708,0.65
HPRT1,C0023374,1.0
HPRT1,C0268117,1.0
HPRT1,C0740394,0.8
HPRT1,C1845892,0.45
HPRT1,C1959897,0.5
HPRT1,C4277682,0.4
HPRT1,C4551563,0.4
HPSE,C0011581,0.6
HPSE,C0017661,0.5
HPSE,C0025202,0.75
HPSE,C0027626,0.4
HPSE,C0027720,0.5
HPSE,C0041696,0.6
HPSE,C0349217,0.5
HPSE,C1269683,0.5
HPSE,C1458155,0.75
HPSE,C2239176,0.75
HRAS,C0003857,0.5
HRAS,C0004352,0.7
HRAS,C0005684,0.9
HRAS,C0005695,0.9
HRAS,C0006118,0.65
HRAS,C0007097,0.85
HRAS,C0007131,0.85
HRAS,C0007137,0.95
HRAS,C0007138,0.85
HRAS,C0010606,0.6
HRAS,C0017638,0.9
HRAS,C0018923,0.65
HRAS,C0023903,0.8
HRAS,C0024121,0.85
HRAS,C0025202,0.9
HRAS,C0026640,0.75
HRAS,C0027626,0.4
HRAS,C0027672,0.4
HRAS,C0027819,0.85
HRAS,C0028326,0.75
HRAS,C0028768,0.45
HRAS,C0030354,0.8
HRAS,C0030849,0.5
HRAS,C0033578,0.75
HRAS,C0035412,0.9
HRAS,C0036095,0.65
HRAS,C0036631,0.5
HRAS,C0037286,0.85
HRAS,C0037999,0.4
HRAS,C0038356,0.75
HRAS,C0040136,0.85
HRAS,C0040411,0.45
HRAS,C0079772,0.4
HRAS,C0149782,0.65
HRAS,C0152013,0.75
HRAS,C0205875,0.4
HRAS,C0206669,0.65
HRAS,C0206682,0.75
HRAS,C0206687,0.4
HRAS,C0220641,0.65
HRAS,C0238463,0.8
HRAS,C0241910,0.6
HRAS,C0262587,0.6
HRAS,C0334082,0.7
HRAS,C0334265,0.5
HRAS,C0334517,0.6
HRAS,C0343114,0.65
HRAS,C0349231,0.45
HRAS,C0455988,0.4
HRAS,C0476089,0.6
HRAS,C0553707,0.4
HRAS,C0555198,0.6
HRAS,C0587248,1.0
HRAS,C0699885,0.9
HRAS,C0751688,0.5
HRAS,C0854893,0.4
HRAS,C1275081,0.7
HRAS,C1302848,0.4
HRAS,C1302995,0.4
HRAS,C1318558,0.45
HRAS,C1332355,0.45
HRAS,C1335060,0.4
HRAS,C1337013,0.6
HRAS,C1368683,0.55
HRAS,C1458155,0.85
HRAS,C1704375,0.45
HRAS,C1842036,0.65
HRAS,C1843181,0.4
HRAS,C1860991,0.4
HRAS,C1968782,0.4
HRAS,C2239176,0.85
HRAS,C2931367,0.5
HRAS,C2931658,0.6
HRAS,C3277679,0.4
HRAS,C3714756,0.8
HRAS,C3854181,0.9
HRAS,C4011754,0.45
HRAS,C4016398,0.4
HRAS,C4225426,0.45
HRAS,C4551602,0.4
HRAS,C4552097,0.9
HRAS,C5555857,0.75
HRAS,C5681679,0.4
HRH1,C0002103,0.4
HRH1,C0004153,0.65
HRH1,C0009402,0.4
HRH1,C0015379,0.4
HRH1,C0020649,0.4
HRH1,C0030193,0.65
HRH1,C0033774,0.65
HRH1,C0035455,0.4
HRH1,C0036341,0.65
HRH1,C0039446,0.4
HRH1,C3825727,0.4
HRH2,C0007138,0.4
HRH2,C0020538,0.4
HRH2,C0027070,0.4
HRH2,C0149721,0.55
HRH2,C0242231,0.4
HRH2,C0334265,0.4
HRH2,C4277682,0.4
HRH3,C0002622,0.45
HRH3,C0002625,0.45
HRH3,C0020538,0.45
HRH3,C0025261,0.4
HSD11B1,C0003873,0.65
HSD11B1,C0006142,0.65
HSD11B1,C0011570,0.6
HSD11B1,C0011581,0.6
HSD11B1,C0011860,0.9
HSD11B1,C0020456,0.75
HSD11B1,C0020538,0.85
HSD11B1,C0021655,0.9
HSD11B1,C0028754,0.95
HSD11B1,C0032914,0.65
HSD11B1,C0085580,0.8
HSD11B1,C0162820,0.4
HSD11B1,C0311277,0.5
HSD11B1,C1291245,0.85
HSD11B1,C3553382,0.55
HSD11B1,C4329210,0.55
HSD11B2,C0004096,0.5
HSD11B2,C0011854,0.6
HSD11B2,C0020538,0.9
HSD11B2,C0023890,0.5
HSD11B2,C0025521,0.45
HSD11B2,C0027051,0.55
HSD11B2,C0027726,0.4
HSD11B2,C0028754,0.8
HSD11B2,C0032962,0.4
HSD11B2,C0342488,1.0
HSD11B2,C4017360,0.4
HSD17B2,C0014170,0.4
HSD17B2,C0014175,0.6
HSD17B3,C0033578,0.4
HSD17B3,C0033804,0.5
HSD17B3,C0036875,0.85
HSD17B3,C0268296,1.0
HSD17B3,C2930619,0.6
HSD3B1,C0020538,0.7
HSD3B1,C0032460,0.7
HSD3B1,C0033578,0.5
HSD3B1,C1510586,0.4
HSD3B2,C0001627,0.8
HSD3B2,C0010417,0.45
HSD3B2,C0014474,0.4
HSD3B2,C0032460,0.65
HSD3B2,C0033578,0.65
HSD3B2,C0342471,0.95
HSD3B2,C0701163,0.4
HSD3B2,C0848558,0.7
HSD3B2,C1456784,0.4
HSD3B2,C2239176,0.4
HSD3B2,C2678098,0.4
HSF1,C0020179,0.8
HSF1,C0085084,0.5
HSF1,C1862939,0.4
HSP90AA1,C0009178,0.55
HSP90AA1,C0011616,0.4
HSP90AA1,C0019693,0.4
HSP90AA1,C0041696,0.6
HSP90AA1,C0206180,0.6
HSP90AA1,C0525045,0.5
HSP90AA1,C1269683,0.6
HSP90AA1,C1458155,0.75
HSP90B1,C0005586,0.6
HSP90B1,C0033578,0.4
HSPA4,C0001969,0.55
HSPA4,C0005586,0.6
HSPA4,C0041234,0.8
HSPA4,C0238288,0.4
HSPA4,C0338831,0.5
HSPA4,C0525045,0.5
HSPA4,C0564408,0.5
HSPA4,C3496069,0.5
HSPA5,C0003949,0.55
HSPA5,C0005586,0.6
HSPA5,C0027051,0.5
HSPA5,C0028754,0.75
HSPA5,C0279543,0.4
HSPA5,C0279626,0.6
HSPA5,C0342687,0.45
HSPA5,C0376545,0.5
HSPA5,C1846707,0.65
HSPA5,C2239176,0.75
HSPA5,C3825727,0.4
HSPA5,C4277682,0.4
HSPB1,C0007134,0.6
HSPB1,C0007137,0.75
HSPB1,C0007194,0.5
HSPB1,C0007959,0.85
HSPB1,C0009375,0.5
HSPB1,C0011195,0.45
HSPB1,C0011616,0.4
HSPB1,C0018801,0.6
HSPB1,C0018802,0.6
HSPB1,C0019693,0.6
HSPB1,C0020507,0.5
HSPB1,C0023467,0.6
HSPB1,C0026640,0.4
HSPB1,C0026764,0.65
HSPB1,C0027888,0.65
HSPB1,C0030297,0.4
HSPB1,C0035126,0.65
HSPB1,C0038220,0.55
HSPB1,C0038356,0.5
HSPB1,C0040411,0.4
HSPB1,C0152013,0.6
HSPB1,C0153458,0.4
HSPB1,C0153459,0.4
HSPB1,C0153460,0.4
HSPB1,C0153463,0.4
HSPB1,C0153519,0.4
HSPB1,C0205713,0.45
HSPB1,C0270914,0.6
HSPB1,C0393541,0.75
HSPB1,C0751688,0.4
HSPB1,C1335060,0.4
HSPB1,C1408174,0.45
HSPB1,C1408182,0.45
HSPB1,C1847823,1.0
HSPB1,C1854023,0.6
HSPB1,C2239176,0.75
HSPB1,C2608087,0.85
HSPB1,C2875300,0.45
HSPB1,C3711384,0.6
HSPB1,C4082197,0.5
HSPB1,C5681733,0.4
HSPB8,C0007959,0.85
HSPB8,C0011195,0.45
HSPB8,C0027888,0.45
HSPB8,C0031117,0.65
HSPB8,C0205713,0.45
HSPB8,C0235025,0.6
HSPB8,C0270914,0.6
HSPB8,C0393541,0.75
HSPB8,C0751336,0.65
HSPB8,C1408174,0.45
HSPB8,C1408182,0.45
HSPB8,C1621958,0.5
HSPB8,C1834692,0.65
HSPB8,C1837552,0.75
HSPB8,C1854023,0.5
HSPB8,C2875300,0.45
HSPB8,C2931230,0.4
HSPB8,C3711384,0.75
HSPB8,C4304673,0.75
HSPB8,C5548212,0.4
HSPB8,C5568137,0.4
HSPD1,C0001418,0.6
HSPD1,C0003850,0.55
HSPD1,C0004352,0.65
HSPD1,C0007134,0.65
HSPD1,C0007194,0.6
HSPD1,C0010054,0.75
HSPD1,C0010068,0.9
HSPD1,C0019693,0.65
HSPD1,C0023520,0.65
HSPD1,C0033141,0.4
HSPD1,C0036529,0.4
HSPD1,C0037772,0.7
HSPD1,C0037773,0.9
HSPD1,C0038356,0.5
HSPD1,C0151744,0.8
HSPD1,C0264694,0.4
HSPD1,C0271650,0.5
HSPD1,C0348489,0.5
HSPD1,C0376618,0.7
HSPD1,C0740392,0.4
HSPD1,C0751602,0.4
HSPD1,C0878544,0.6
HSPD1,C0948089,0.6
HSPD1,C1854467,1.0
HSPD1,C2677109,1.0
HTR1A,C0001973,0.85
HTR1A,C0003469,0.9
HTR1A,C0003578,0.65
HTR1A,C0005586,0.8
HTR1A,C0005587,0.6
HTR1A,C0011570,1.0
HTR1A,C0011581,0.95
HTR1A,C0013146,0.55
HTR1A,C0015967,0.7
HTR1A,C0023186,0.4
HTR1A,C0024517,0.6
HTR1A,C0025261,0.4
HTR1A,C0030193,0.8
HTR1A,C0030319,0.8
HTR1A,C0036341,0.95
HTR1A,C0038356,0.4
HTR1A,C0040822,0.65
HTR1A,C0041696,0.85
HTR1A,C0085762,0.55
HTR1A,C0154334,0.4
HTR1A,C0178417,0.55
HTR1A,C0221074,0.55
HTR1A,C0236736,0.4
HTR1A,C0428977,0.55
HTR1A,C0525045,0.75
HTR1A,C0588008,0.55
HTR1A,C0751265,0.4
HTR1A,C1269683,0.95
HTR1A,C3553418,0.45
HTR1B,C0001973,0.85
HTR1B,C0003431,0.65
HTR1B,C0004352,0.5
HTR1B,C0005586,0.6
HTR1B,C0009171,0.55
HTR1B,C0011570,0.75
HTR1B,C0011581,0.75
HTR1B,C0013146,0.55
HTR1B,C0020649,0.4
HTR1B,C0024517,0.45
HTR1B,C0028043,0.5
HTR1B,C0029516,0.4
HTR1B,C0041671,0.45
HTR1B,C0041696,0.75
HTR1B,C0085762,0.5
HTR1B,C0149654,0.55
HTR1B,C0154409,0.55
HTR1B,C0154536,0.4
HTR1B,C0236736,0.4
HTR1B,C0270549,0.6
HTR1B,C0525045,0.75
HTR1B,C0600427,0.65
HTR1B,C1269683,0.75
HTR2A,C0001973,0.8
HTR2A,C0004096,0.65
HTR2A,C0004352,0.75
HTR2A,C0004782,0.4
HTR2A,C0005586,0.9
HTR2A,C0005587,0.5
HTR2A,C0011570,0.85
HTR2A,C0011581,0.9
HTR2A,C0013384,0.65
HTR2A,C0015695,0.55
HTR2A,C0015696,0.45
HTR2A,C0015967,0.55
HTR2A,C0018524,0.7
HTR2A,C0020429,0.7
HTR2A,C0020538,0.8
HTR2A,C0024117,0.7
HTR2A,C0024517,0.6
HTR2A,C0024713,0.4
HTR2A,C0025261,0.5
HTR2A,C0025517,0.4
HTR2A,C0028043,0.6
HTR2A,C0028754,0.85
HTR2A,C0028768,0.8
HTR2A,C0029227,0.4
HTR2A,C0029516,0.4
HTR2A,C0030662,0.55
HTR2A,C0033936,0.55
HTR2A,C0036341,1.0
HTR2A,C0041696,0.75
HTR2A,C0085159,0.6
HTR2A,C0085762,0.7
HTR2A,C0149931,0.75
HTR2A,C0154409,0.45
HTR2A,C0236736,0.4
HTR2A,C0236780,0.4
HTR2A,C0270458,0.5
HTR2A,C0525045,0.75
HTR2A,C0600427,0.7
HTR2A,C1269683,0.85
HTR2A,C2675945,0.4
HTR2A,C3887506,0.5
HTR2A,C4016374,0.4
HTR2B,C0015695,0.6
HTR2B,C0015696,0.45
HTR2B,C0018800,0.4
HTR2B,C0018801,0.55
HTR2B,C0018802,0.55
HTR2B,C0018824,0.65
HTR2B,C0020538,0.65
HTR2B,C0020542,0.65
HTR2B,C0079485,0.4
HTR2B,C0752166,0.4
HTR2C,C0001973,0.75
HTR2C,C0005586,0.8
HTR2C,C0005587,0.45
HTR2C,C0009171,0.55
HTR2C,C0011570,0.75
HTR2C,C0011581,0.75
HTR2C,C0024713,0.45
HTR2C,C0027796,0.4
HTR2C,C0028754,0.85
HTR2C,C0036341,1.0
HTR2C,C0041696,0.75
HTR2C,C0043094,0.85
HTR2C,C0085159,0.6
HTR2C,C0236780,0.45
HTR2C,C0376358,0.4
HTR2C,C0524620,0.8
HTR2C,C0525045,0.75
HTR2C,C1269683,0.75
HTR2C,C3887506,0.4
HTR3A,C0001973,0.8
HTR3A,C0004352,0.65
HTR3A,C0005586,0.65
HTR3A,C0011570,0.75
HTR3A,C0011581,0.75
HTR3A,C0019337,0.45
HTR3A,C0022104,0.75
HTR3A,C0028043,0.65
HTR3A,C0036341,0.75
HTR3A,C0041696,0.6
HTR3A,C0154536,0.4
HTR3A,C0525045,0.65
HTR3A,C0600427,0.45
HTR3A,C0687132,0.5
HTR3A,C1269683,0.6
HTR7,C0001973,0.6
HTR7,C0003469,0.7
HTR7,C0011570,0.85
HTR7,C0011581,0.75
HTR7,C0023186,0.4
HTR7,C0025261,0.4
HTR7,C0026848,0.4
HTR7,C0030193,0.65
HTR7,C0036341,0.75
HTR7,C0085762,0.45
HTR7,C0154564,0.4
HTR7,C0525045,0.65
HTR7,C0751265,0.4
IARS1,C0557874,0.55
IARS1,C4310720,0.6
IARS1,C4551563,0.45
IARS1,C5568558,0.4
IBSP,C1458155,0.65
IBSP,C4721411,0.55
ICAM1,C0002395,0.9
ICAM1,C0003850,0.5
ICAM1,C0004096,0.8
ICAM1,C0004153,0.95
ICAM1,C0004943,0.8
ICAM1,C0005411,0.65
ICAM1,C0006267,0.6
ICAM1,C0007222,0.85
ICAM1,C0007786,0.5
ICAM1,C0007832,0.45
ICAM1,C0008370,0.6
ICAM1,C0009324,0.9
ICAM1,C0009375,0.6
ICAM1,C0011854,0.9
ICAM1,C0011860,1.0
ICAM1,C0011884,0.95
ICAM1,C0018213,0.75
ICAM1,C0019284,0.4
ICAM1,C0019829,0.75
ICAM1,C0020443,0.75
ICAM1,C0020538,0.9
ICAM1,C0021368,1.0
ICAM1,C0021390,0.85
ICAM1,C0023890,0.85
ICAM1,C0024117,0.9
ICAM1,C0024530,0.85
ICAM1,C0026640,0.4
ICAM1,C0026764,0.9
ICAM1,C0026769,0.85
ICAM1,C0027051,0.85
ICAM1,C0027055,0.55
ICAM1,C0027720,0.55
ICAM1,C0028754,0.9
ICAM1,C0029799,0.45
ICAM1,C0029839,0.4
ICAM1,C0031117,0.4
ICAM1,C0033578,0.7
ICAM1,C0033860,0.9
ICAM1,C0035126,0.75
ICAM1,C0035235,0.75
ICAM1,C0035309,0.85
ICAM1,C0036341,0.6
ICAM1,C0036982,0.7
ICAM1,C0038454,0.85
ICAM1,C0041948,0.4
ICAM1,C0085129,0.5
ICAM1,C0151744,0.85
ICAM1,C0151779,0.65
ICAM1,C0154909,0.45
ICAM1,C0156147,0.45
ICAM1,C0242488,0.85
ICAM1,C0282548,0.4
ICAM1,C0339143,0.65
ICAM1,C0375359,0.45
ICAM1,C0376323,0.45
ICAM1,C0376358,0.8
ICAM1,C0740392,0.4
ICAM1,C1335029,0.4
ICAM1,C1563709,0.45
ICAM1,C1855457,0.4
ICAM1,C1970028,0.4
ID1,C0011860,0.65
ID1,C0151744,0.4
IDE,C0002395,0.9
IDE,C0011860,1.0
IDE,C0036341,0.6
IDO1,C0011570,0.85
IDO1,C0011581,0.85
IDO1,C0014175,0.5
IDO1,C0021368,0.85
IDO1,C0027643,0.4
IDO1,C0028754,0.65
IDO1,C0043094,0.4
IDO1,C0178417,0.6
IDO1,C0524851,0.65
IDO1,C0581391,0.55
IDO1,C0862030,0.4
IDO1,C1285162,0.4
IDO1,C1458155,0.7
IER3,C0020538,0.4
IER3,C0029574,0.4
IER3,C0037274,0.4
IER3,C0037277,0.4
IER3,C0079772,0.45
IER3,C0162823,0.4
IER3,C0311375,0.4
IER3IP1,C0376532,0.4
IER3IP1,C3280240,0.75
IER3IP1,C5190632,0.55
IFI27,C0007570,0.5
IFI27,C0021400,0.5
IFIH1,C0009024,0.4
IFIH1,C0018213,0.6
IFIH1,C0021051,0.6
IFIH1,C0021400,0.6
IFIH1,C0023882,0.4
IFIH1,C0024141,0.95
IFIH1,C0033860,0.85
IFIH1,C0042900,0.4
IFIH1,C0151889,0.4
IFIH1,C0162538,0.6
IFIH1,C0376358,0.5
IFIH1,C0393591,0.95
IFIH1,C0432254,0.8
IFIH1,C0477365,0.45
IFIH1,C0796126,0.55
IFIH1,C0948163,0.4
IFIH1,C1135954,0.4
IFIH1,C1835912,0.65
IFIH1,C1835916,0.45
IFIH1,C1836830,0.45
IFIH1,C1861967,0.4
IFIH1,C2267233,0.4
IFIH1,C2749659,0.55
IFIH1,C3489724,0.55
IFIH1,C3539013,0.65
IFIH1,C3888244,0.8
IFIH1,C4022738,0.5
IFIH1,C4025723,0.4
IFIH1,C4225427,0.7
IFIH1,C4520981,0.4
IFIH1,C5391534,0.6
IFIH1,C5676929,0.5
IFIH1,C5680530,0.4
IFNAR2,C0019163,0.75
IFNAR2,C1864880,0.4
IFNAR2,C4225252,0.6
IFNAR2,C4225260,0.4
IFNAR2,C5190882,0.4
IFNAR2,C5203670,0.75
IFNAR2,C5391534,0.5
IFNB1,C0003463,0.4
IFNB1,C0005684,0.55
IFNB1,C0005695,0.4
IFNB1,C0006111,0.4
IFNB1,C0006142,0.75
IFNB1,C0007138,0.55
IFNB1,C0007785,0.45
IFNB1,C0019163,0.65
IFNB1,C0025202,0.85
IFNB1,C0026769,1.0
IFNB1,C0027819,0.65
IFNB1,C0035335,0.6
IFNB1,C0085584,0.4
IFNB1,C0206735,0.4
IFNB1,C0334265,0.4
IFNB1,C1175175,0.6
IFNB1,C1458155,0.6
IFNB1,C5203670,0.7
IFNB1,C5391534,0.4
IFNG,C0001175,0.85
IFNG,C0001308,0.45
IFNG,C0002874,0.95
IFNG,C0003089,0.4
IFNG,C0003615,0.5
IFNG,C0003869,0.6
IFNG,C0003873,1.0
IFNG,C0004135,0.65
IFNG,C0004153,0.85
IFNG,C0004352,0.8
IFNG,C0005586,0.75
IFNG,C0006111,0.5
IFNG,C0006142,0.9
IFNG,C0006272,0.5
IFNG,C0007570,0.85
IFNG,C0009319,0.9
IFNG,C0009375,0.75
IFNG,C0011570,0.85
IFNG,C0011609,0.6
IFNG,C0011615,1.0
IFNG,C0011854,1.0
IFNG,C0011860,0.9
IFNG,C0011882,0.45
IFNG,C0014324,0.45
IFNG,C0015967,0.9
IFNG,C0017658,0.8
IFNG,C0018133,0.95
IFNG,C0018203,0.9
IFNG,C0018213,0.95
IFNG,C0018784,0.55
IFNG,C0018801,0.75
IFNG,C0018802,0.75
IFNG,C0019069,0.7
IFNG,C0019163,0.85
IFNG,C0019189,0.8
IFNG,C0019196,1.0
IFNG,C0019693,1.0
IFNG,C0020517,0.85
IFNG,C0020625,0.5
IFNG,C0020649,0.6
IFNG,C0021368,0.95
IFNG,C0023281,0.9
IFNG,C0023283,0.85
IFNG,C0023290,0.85
IFNG,C0023449,0.75
IFNG,C0023470,0.75
IFNG,C0023487,0.65
IFNG,C0023493,0.65
IFNG,C0023890,0.9
IFNG,C0024121,0.75
IFNG,C0024143,0.95
IFNG,C0025202,0.95
IFNG,C0025500,0.75
IFNG,C0026769,1.0
IFNG,C0027497,0.5
IFNG,C0027540,0.75
IFNG,C0027746,0.65
IFNG,C0029172,0.5
IFNG,C0032285,0.85
IFNG,C0033687,0.65
IFNG,C0035078,0.7
IFNG,C0035235,0.9
IFNG,C0036341,0.85
IFNG,C0036349,0.6
IFNG,C0036421,0.8
IFNG,C0038325,0.6
IFNG,C0039483,0.8
IFNG,C0041295,0.45
IFNG,C0041341,0.7
IFNG,C0041696,0.75
IFNG,C0042580,0.55
IFNG,C0042900,0.55
IFNG,C0042963,0.5
IFNG,C0085593,0.5
IFNG,C0149519,0.55
IFNG,C0153037,0.45
IFNG,C0156147,0.45
IFNG,C0162309,0.6
IFNG,C0162820,0.85
IFNG,C0241910,0.75
IFNG,C0243026,0.9
IFNG,C0338715,0.5
IFNG,C0345967,0.85
IFNG,C0348890,0.5
IFNG,C0854331,0.55
IFNG,C0857501,0.65
IFNG,C0936250,0.7
IFNG,C1175175,0.75
IFNG,C1269683,0.85
IFNG,C1328252,0.65
IFNG,C1335469,0.45
IFNG,C1458155,0.75
IFNG,C1860707,0.6
IFNG,C1969665,0.4
IFNG,C2684859,0.4
IFNG,C2939186,0.5
IFNG,C2939465,0.45
IFNG,C3887645,0.6
IFNG,C4277682,0.45
IFNG,C5436498,0.5
IGBP1,C0024121,0.4
IGBP1,C0869083,0.45
IGBP1,C1458155,0.4
IGBP1,C1845446,0.6
IGBP1,C2239176,0.6
IGBP1,C4302679,0.5
IGF1,C0000786,0.6
IGF1,C0001206,0.95
IGF1,C0001430,0.85
IGF1,C0002395,1.0
IGF1,C0004352,0.85
IGF1,C0005586,0.8
IGF1,C0005684,0.75
IGF1,C0005695,0.65
IGF1,C0005944,0.7
IGF1,C0006625,0.85
IGF1,C0007193,0.7
IGF1,C0007786,0.55
IGF1,C0008370,0.7
IGF1,C0009319,0.75
IGF1,C0010034,0.4
IGF1,C0011206,0.8
IGF1,C0011303,0.75
IGF1,C0011570,0.9
IGF1,C0011581,0.85
IGF1,C0011854,1.0
IGF1,C0011860,1.0
IGF1,C0011884,0.9
IGF1,C0014175,0.95
IGF1,C0018800,0.4
IGF1,C0019284,0.6
IGF1,C0020179,0.9
IGF1,C0020429,0.65
IGF1,C0020538,0.9
IGF1,C0022658,0.85
IGF1,C0022660,0.75
IGF1,C0022661,0.85
IGF1,C0023186,0.4
IGF1,C0025261,0.4
IGF1,C0025958,0.8
IGF1,C0026650,0.4
IGF1,C0026846,0.85
IGF1,C0027051,0.9
IGF1,C0027092,0.9
IGF1,C0027626,0.4
IGF1,C0027746,0.75
IGF1,C0030297,0.8
IGF1,C0031117,0.65
IGF1,C0032019,0.85
IGF1,C0033578,0.9
IGF1,C0034013,0.85
IGF1,C0034069,0.75
IGF1,C0037286,0.8
IGF1,C0085762,0.65
IGF1,C0151744,0.9
IGF1,C0152249,0.45
IGF1,C0153458,0.55
IGF1,C0153459,0.45
IGF1,C0153460,0.45
IGF1,C0153463,0.45
IGF1,C0156147,0.4
IGF1,C0334389,0.4
IGF1,C0702166,0.8
IGF1,C0740392,0.4
IGF1,C0751265,0.4
IGF1,C0853897,0.65
IGF1,C1168401,0.7
IGF1,C1335029,0.4
IGF1,C1458155,0.85
IGF1,C1535926,0.65
IGF1,C1565662,0.55
IGF1,C1720887,0.4
IGF1,C1837475,0.85
IGF1,C2239176,0.95
IGF1,C2609414,0.75
IGF1,C4277682,0.4
IGF1,C4551563,0.8
IGF1R,C0002395,0.8
IGF1R,C0004238,0.7
IGF1R,C0007112,0.65
IGF1R,C0010278,0.6
IGF1R,C0011263,0.45
IGF1R,C0011269,0.7
IGF1R,C0014170,0.5
IGF1R,C0015934,0.85
IGF1R,C0017638,0.8
IGF1R,C0017661,0.55
IGF1R,C0018273,0.5
IGF1R,C0019284,0.4
IGF1R,C0022578,0.5
IGF1R,C0023890,0.7
IGF1R,C0024115,0.65
IGF1R,C0027708,0.8
IGF1R,C0027819,0.9
IGF1R,C0029456,0.65
IGF1R,C0030297,0.7
IGF1R,C0030567,0.55
IGF1R,C0031117,0.5
IGF1R,C0037286,0.65
IGF1R,C0149782,0.6
IGF1R,C0153458,0.45
IGF1R,C0153459,0.45
IGF1R,C0153460,0.45
IGF1R,C0153463,0.45
IGF1R,C0154319,0.45
IGF1R,C0155773,0.55
IGF1R,C0157916,0.4
IGF1R,C0157917,0.4
IGF1R,C0157918,0.4
IGF1R,C0206686,0.85
IGF1R,C0235032,0.55
IGF1R,C0264490,0.4
IGF1R,C0279702,0.8
IGF1R,C0349588,0.8
IGF1R,C0409667,0.4
IGF1R,C0555198,0.65
IGF1R,C0752347,0.6
IGF1R,C1332219,0.45
IGF1R,C1333015,0.7
IGF1R,C1335029,0.4
IGF1R,C1458155,0.85
IGF1R,C1535926,0.5
IGF1R,C1849157,0.7
IGF1R,C2239176,0.95
IGF1R,C2939461,0.4
IGF1R,C3714756,0.7
IGF1R,C4509932,0.4
IGF1R,C4551563,0.8
IGF2,C0000786,0.6
IGF2,C0002395,0.8
IGF2,C0002871,0.55
IGF2,C0003873,0.65
IGF2,C0004153,0.65
IGF2,C0004352,0.65
IGF2,C0004903,0.9
IGF2,C0008497,0.65
IGF2,C0009375,0.75
IGF2,C0009404,0.75
IGF2,C0015934,0.95
IGF2,C0018273,0.85
IGF2,C0019284,0.4
IGF2,C0020224,0.55
IGF2,C0020615,0.9
IGF2,C0023903,0.75
IGF2,C0025261,0.4
IGF2,C0027708,0.95
IGF2,C0027746,0.65
IGF2,C0028754,0.85
IGF2,C0029227,0.4
IGF2,C0030567,0.8
IGF2,C0032045,0.4
IGF2,C0032962,0.6
IGF2,C0035412,0.75
IGF2,C0036341,0.65
IGF2,C0151864,0.4
IGF2,C0175693,0.8
IGF2,C0206624,0.8
IGF2,C0206686,0.8
IGF2,C0346629,0.85
IGF2,C0752347,0.55
IGF2,C1332219,0.4
IGF2,C1333015,0.75
IGF2,C1335423,0.4
IGF2,C1856184,0.5
IGF2,C2239176,1.0
IGF2,C4225307,0.5
IGF2,C5393125,0.4
IGF2,C5680916,0.4
IGF2,C5680917,0.4
IGF2,C5680922,0.4
IGF2,C5681157,0.4
IGFBP1,C0000786,0.6
IGFBP1,C0008312,0.4
IGFBP1,C0009375,0.4
IGFBP1,C0011871,0.45
IGFBP1,C0011875,0.55
IGFBP1,C0014175,0.75
IGFBP1,C0022660,0.75
IGFBP1,C0023890,0.7
IGFBP1,C0023892,0.4
IGFBP1,C1565662,0.4
IGFBP1,C2609414,0.85
IGFBP2,C0005586,0.6
IGFBP2,C0010606,0.4
IGFBP2,C0011616,0.4
IGFBP2,C0021655,0.8
IGFBP2,C0023890,0.5
IGFBP2,C0028754,0.95
IGFBP2,C0036095,0.4
IGFBP3,C0000786,0.5
IGFBP3,C0002395,0.9
IGFBP3,C0003873,0.7
IGFBP3,C0004352,0.5
IGFBP3,C0005684,0.65
IGFBP3,C0005695,0.55
IGFBP3,C0006142,0.9
IGFBP3,C0007138,0.65
IGFBP3,C0009402,0.7
IGFBP3,C0009404,0.7
IGFBP3,C0011854,0.9
IGFBP3,C0011860,0.9
IGFBP3,C0021390,0.65
IGFBP3,C0033578,0.85
IGFBP3,C0038356,0.4
IGFBP3,C0041408,0.85
IGFBP3,C0151744,0.6
IGFBP3,C0334265,0.45
IGFBP3,C0376358,0.95
IGFBP3,C1527168,0.45
IGFBP5,C0005684,0.65
IGFBP5,C0005695,0.4
IGFBP5,C0043094,0.4
IGFBP5,C1458155,0.65
IHH,C0014175,0.4
IHH,C0029513,0.4
IHH,C0035344,0.65
IHH,C0221357,0.7
IHH,C0238198,0.4
IHH,C0349588,0.65
IHH,C1843096,0.95
IHH,C1861380,0.45
IHH,C1862151,1.0
IHH,C3888239,0.5
IKBKB,C0002940,0.4
IKBKB,C0006142,0.8
IKBKB,C0007112,0.4
IKBKB,C0011603,0.7
IKBKB,C0011860,0.7
IKBKB,C0019569,0.4
IKBKB,C0020538,0.55
IKBKB,C0021368,0.85
IKBKB,C0021655,0.85
IKBKB,C0023903,0.6
IKBKB,C0024620,0.45
IKBKB,C0032285,0.55
IKBKB,C0033578,0.45
IKBKB,C0042373,0.4
IKBKB,C0085110,0.65
IKBKB,C0271650,0.55
IKBKB,C0345904,0.55
IKBKB,C0376358,0.7
IKBKB,C0752127,0.4
IKBKB,C0752130,0.4
IKBKB,C0854795,0.45
IKBKB,C0857007,0.4
IKBKB,C4747743,0.6
IKBKB,C4748694,0.65
IKBKB,C5190593,0.4
IKBKG,C0004943,0.45
IKBKG,C0009447,0.5
IKBKG,C0021171,1.0
IKBKG,C0023186,0.45
IKBKG,C0023903,0.6
IKBKG,C0024121,0.4
IKBKG,C0024620,0.45
IKBKG,C0345904,0.55
IKBKG,C0400966,0.4
IKBKG,C0751265,0.55
IKBKG,C0854795,0.45
IKBKG,C1846006,0.75
IKBKG,C1846008,0.85
IKBKG,C1970028,0.4
IKBKG,C1970879,0.7
IKBKG,C2720289,0.4
IKBKG,C2939465,0.4
IKBKG,C3241937,0.65
IKBKG,C4229399,0.4
IKBKG,C4303737,0.85
IKBKG,C5676885,0.4
IKZF1,C0004364,0.8
IKZF1,C0009324,0.4
IKZF1,C0009404,0.55
IKZF1,C0009447,0.75
IKZF1,C0021051,0.65
IKZF1,C0023449,1.0
IKZF1,C0024141,0.7
IKZF1,C0024299,0.85
IKZF1,C0038325,0.6
IKZF1,C0039538,0.4
IKZF1,C0279543,0.75
IKZF1,C0346629,0.75
IKZF1,C0375359,0.4
IKZF1,C0598798,0.65
IKZF1,C0862030,0.45
IKZF1,C1335469,0.5
IKZF1,C2751593,0.4
IKZF1,C2930967,0.4
IKZF1,C4225173,0.7
IKZF1,C4693556,0.4
IKZF1,C5190826,0.4
IKZF1,C5197805,0.4
IKZF1,C5680319,0.4
IL10,C0001339,0.8
IL10,C0001973,0.75
IL10,C0002395,0.9
IL10,C0003615,0.6
IL10,C0003850,0.75
IL10,C0003873,1.0
IL10,C0004096,1.0
IL10,C0004352,0.75
IL10,C0004943,1.0
IL10,C0007102,0.8
IL10,C0007131,0.85
IL10,C0009319,1.0
IL10,C0009324,1.0
IL10,C0009443,0.65
IL10,C0010054,0.8
IL10,C0010068,0.85
IL10,C0011615,0.85
IL10,C0011854,0.9
IL10,C0011860,1.0
IL10,C0011884,0.9
IL10,C0013182,0.5
IL10,C0014175,0.85
IL10,C0014356,0.85
IL10,C0017638,0.9
IL10,C0017658,0.75
IL10,C0018133,0.95
IL10,C0018213,0.9
IL10,C0018843,0.65
IL10,C0019069,0.8
IL10,C0019163,0.85
IL10,C0019196,1.0
IL10,C0019202,0.6
IL10,C0019693,1.0
IL10,C0020429,0.8
IL10,C0020877,0.55
IL10,C0021368,1.0
IL10,C0021390,1.0
IL10,C0022104,0.85
IL10,C0022660,0.75
IL10,C0023281,0.85
IL10,C0023283,0.9
IL10,C0023290,0.9
IL10,C0023493,0.65
IL10,C0023890,0.85
IL10,C0024121,0.85
IL10,C0024141,1.0
IL10,C0024419,0.65
IL10,C0024517,0.55
IL10,C0024623,0.9
IL10,C0026764,0.9
IL10,C0026766,0.85
IL10,C0026769,0.95
IL10,C0027051,1.0
IL10,C0029882,0.7
IL10,C0030297,0.8
IL10,C0030343,0.6
IL10,C0031106,0.85
IL10,C0033578,0.75
IL10,C0033860,0.9
IL10,C0035126,0.8
IL10,C0035302,0.55
IL10,C0036341,0.95
IL10,C0037274,0.75
IL10,C0038356,0.55
IL10,C0038363,0.8
IL10,C0040034,0.85
IL10,C0040592,0.65
IL10,C0042164,0.9
IL10,C0086132,0.6
IL10,C0086981,0.55
IL10,C0151744,0.8
IL10,C0153458,0.45
IL10,C0153460,0.45
IL10,C0153463,0.45
IL10,C0156147,0.75
IL10,C0162820,0.6
IL10,C0235782,0.55
IL10,C0241910,0.6
IL10,C0243026,1.0
IL10,C0270611,0.7
IL10,C0279000,0.65
IL10,C0279543,0.8
IL10,C0280803,0.75
IL10,C0333355,0.6
IL10,C0339143,0.75
IL10,C0375359,0.45
IL10,C0398650,0.8
IL10,C0555198,0.65
IL10,C0585362,0.75
IL10,C0600327,0.65
IL10,C1262477,0.8
IL10,C1458155,0.85
IL10,C1527336,0.9
IL10,C1565662,0.5
IL10,C2239176,0.9
IL10,C2609414,0.85
IL10,C2939465,0.55
IL10,C3495801,0.75
IL10,C4749850,0.45
IL10,C5203670,1.0
IL11,C0000786,0.65
IL11,C0010692,0.4
IL11,C0013604,0.5
IL11,C0019080,0.4
IL11,C0023895,0.5
IL11,C0029410,0.75
IL11,C0041696,0.5
IL11,C0740392,0.4
IL11,C1269683,0.5
IL11,C4277682,0.4
IL12B,C0000786,0.4
IL12B,C0003872,0.9
IL12B,C0004096,0.9
IL12B,C0008312,0.7
IL12B,C0009324,0.85
IL12B,C0017638,0.85
IL12B,C0020672,0.65
IL12B,C0023892,0.4
IL12B,C0023903,0.75
IL12B,C0024117,0.9
IL12B,C0024141,0.85
IL12B,C0027796,0.4
IL12B,C0033860,1.0
IL12B,C0034069,0.8
IL12B,C0036114,0.65
IL12B,C0036341,0.85
IL12B,C0038013,0.85
IL12B,C0039263,0.8
IL12B,C0156147,0.4
IL12B,C0278752,0.4
IL12B,C0345967,0.65
IL12B,C0375359,0.4
IL12B,C0392400,0.4
IL12B,C0555198,0.5
IL12B,C1332338,0.4
IL12B,C1869116,0.4
IL12B,C4013948,0.5
IL12B,C4277682,0.4
IL12B,C4303665,0.5
IL13,C0002103,0.5
IL13,C0003872,0.85
IL13,C0004096,1.0
IL13,C0004352,0.6
IL13,C0007134,0.7
IL13,C0009766,0.75
IL13,C0011603,0.85
IL13,C0011615,1.0
IL13,C0013182,0.4
IL13,C0018213,0.75
IL13,C0020507,0.65
IL13,C0020517,1.0
IL13,C0020523,0.4
IL13,C0021368,0.85
IL13,C0024115,0.75
IL13,C0024117,0.9
IL13,C0024899,0.65
IL13,C0025568,0.65
IL13,C0030297,0.6
IL13,C0032285,0.9
IL13,C0033860,1.0
IL13,C0034063,0.45
IL13,C0034069,0.9
IL13,C0034150,0.55
IL13,C0035455,0.8
IL13,C0042164,0.7
IL13,C0079840,0.55
IL13,C0085129,0.8
IL13,C0149512,0.5
IL13,C0151526,0.7
IL13,C0153458,0.45
IL13,C0153459,0.45
IL13,C0153460,0.45
IL13,C0153463,0.45
IL13,C0241910,0.4
IL13,C0559469,0.45
IL13,C0559470,0.75
IL13,C1258104,0.65
IL13,C1332355,0.4
IL13,C1869116,0.4
IL13,C3825727,0.7
IL13,C4017540,0.4
IL13RA2,C0006142,0.6
IL13RA2,C0030297,0.55
IL13RA2,C0153458,0.4
IL13RA2,C0153459,0.4
IL13RA2,C0153460,0.4
IL13RA2,C0153463,0.4
IL13RA2,C0270611,0.4
IL16,C0000786,0.4
IL16,C0004096,0.9
IL16,C0020517,0.6
IL16,C0033578,0.5
IL16,C0376358,0.65
IL16,C1319315,0.45
IL17A,C0001973,0.75
IL17A,C0002103,0.45
IL17A,C0003089,0.4
IL17A,C0003872,0.85
IL17A,C0003873,1.0
IL17A,C0004096,1.0
IL17A,C0006271,0.75
IL17A,C0007222,0.85
IL17A,C0007682,0.5
IL17A,C0007786,0.7
IL17A,C0007820,0.4
IL17A,C0009319,0.9
IL17A,C0011609,0.5
IL17A,C0013990,0.65
IL17A,C0018133,0.85
IL17A,C0018213,0.85
IL17A,C0020517,0.85
IL17A,C0021368,0.95
IL17A,C0022658,0.75
IL17A,C0023487,0.4
IL17A,C0024437,0.55
IL17A,C0026769,0.9
IL17A,C0026916,0.7
IL17A,C0027540,0.5
IL17A,C0032285,0.9
IL17A,C0033860,1.0
IL17A,C0034063,0.4
IL17A,C0035455,0.75
IL17A,C0038013,0.85
IL17A,C0039483,0.75
IL17A,C0085762,0.55
IL17A,C0242488,0.85
IL17A,C0270730,0.4
IL17A,C3552634,0.4
IL17A,C3658339,0.4
IL17A,C4277682,0.4
IL17B,C1835677,0.4
IL18,C0001969,0.55
IL18,C0002103,0.4
IL18,C0002171,0.65
IL18,C0003873,0.85
IL18,C0004096,0.8
IL18,C0004943,0.85
IL18,C0005411,0.65
IL18,C0006142,0.8
IL18,C0006663,0.6
IL18,C0007786,0.7
IL18,C0011570,0.85
IL18,C0011581,0.85
IL18,C0011609,0.5
IL18,C0011615,0.9
IL18,C0011616,0.4
IL18,C0015397,0.65
IL18,C0017658,0.65
IL18,C0018800,0.4
IL18,C0018824,0.5
IL18,C0019163,0.9
IL18,C0019196,0.85
IL18,C0020517,0.85
IL18,C0020523,0.4
IL18,C0023281,0.65
IL18,C0024115,0.75
IL18,C0026640,0.4
IL18,C0026691,0.75
IL18,C0029839,0.5
IL18,C0032285,0.9
IL18,C0033578,0.4
IL18,C0034531,0.4
IL18,C0035235,0.8
IL18,C0036202,0.7
IL18,C0036341,0.7
IL18,C0037315,0.4
IL18,C0039483,0.65
IL18,C0079485,0.4
IL18,C0162820,0.55
IL18,C0241910,0.65
IL18,C0524620,0.9
IL18,C0949804,0.4
IL18,C1332355,0.4
IL18,C2239176,0.9
IL18,C4277682,0.4
IL1A,C0002395,0.8
IL1A,C0002622,0.55
IL1A,C0002625,0.4
IL1A,C0002631,0.4
IL1A,C0002986,0.65
IL1A,C0003165,0.4
IL1A,C0003873,0.85
IL1A,C0004096,0.9
IL1A,C0007131,0.75
IL1A,C0007786,0.5
IL1A,C0007832,0.45
IL1A,C0008495,0.4
IL1A,C0011570,0.75
IL1A,C0011581,0.75
IL1A,C0011633,0.4
IL1A,C0011854,0.75
IL1A,C0013369,0.4
IL1A,C0015967,0.7
IL1A,C0018133,0.65
IL1A,C0018843,0.45
IL1A,C0019061,0.4
IL1A,C0020429,0.4
IL1A,C0020649,0.4
IL1A,C0021368,0.9
IL1A,C0022541,0.4
IL1A,C0022578,0.65
IL1A,C0022661,0.8
IL1A,C0023467,0.7
IL1A,C0026764,0.65
IL1A,C0029456,0.75
IL1A,C0029574,0.45
IL1A,C0033141,0.4
IL1A,C0034069,0.7
IL1A,C0035126,0.75
IL1A,C0036529,0.4
IL1A,C0037274,0.8
IL1A,C0037277,0.45
IL1A,C0037286,0.4
IL1A,C0042900,0.45
IL1A,C0085655,0.5
IL1A,C0151744,0.5
IL1A,C0154909,0.45
IL1A,C0157916,0.45
IL1A,C0157917,0.45
IL1A,C0157918,0.45
IL1A,C0162670,0.4
IL1A,C0162671,0.4
IL1A,C0162672,0.4
IL1A,C0162674,0.4
IL1A,C0162820,0.55
IL1A,C0206062,0.65
IL1A,C0206637,0.4
IL1A,C0263984,0.4
IL1A,C0270611,0.55
IL1A,C0278752,0.4
IL1A,C0311375,0.4
IL1A,C0343755,0.4
IL1A,C0345967,0.6
IL1A,C0392400,0.4
IL1A,C0398650,0.55
IL1A,C0400966,0.5
IL1A,C0409667,0.45
IL1A,C0524988,0.65
IL1A,C0554591,0.4
IL1A,C0878544,0.5
IL1A,C0917796,0.4
IL1A,C1168401,0.65
IL1A,C1275592,0.4
IL1A,C1332338,0.4
IL1A,C3241937,0.6
IL1A,C4277682,0.4
IL1B,C0000786,0.65
IL1B,C0001418,0.7
IL1B,C0001973,0.7
IL1B,C0002395,1.0
IL1B,C0003868,0.65
IL1B,C0003873,1.0
IL1B,C0004096,0.95
IL1B,C0005586,0.8
IL1B,C0006142,0.8
IL1B,C0006287,0.8
IL1B,C0006663,0.75
IL1B,C0007131,0.85
IL1B,C0007786,0.75
IL1B,C0007847,0.75
IL1B,C0009319,0.9
IL1B,C0009324,0.9
IL1B,C0009375,0.7
IL1B,C0010674,0.9
IL1B,C0011334,0.75
IL1B,C0011570,0.9
IL1B,C0011581,0.85
IL1B,C0011615,0.85
IL1B,C0011633,0.6
IL1B,C0011854,0.9
IL1B,C0011860,1.0
IL1B,C0013238,0.9
IL1B,C0014175,0.85
IL1B,C0015397,0.8
IL1B,C0015967,0.9
IL1B,C0016059,0.85
IL1B,C0017154,0.85
IL1B,C0017636,0.85
IL1B,C0017658,0.75
IL1B,C0017661,0.75
IL1B,C0018099,0.85
IL1B,C0018213,0.75
IL1B,C0018801,0.85
IL1B,C0018802,0.75
IL1B,C0018824,0.65
IL1B,C0018843,0.75
IL1B,C0019061,0.65
IL1B,C0020429,0.9
IL1B,C0020452,0.65
IL1B,C0020517,0.8
IL1B,C0020538,0.9
IL1B,C0020615,0.75
IL1B,C0020649,0.75
IL1B,C0021368,1.0
IL1B,C0022578,0.75
IL1B,C0022661,0.9
IL1B,C0023518,0.7
IL1B,C0024115,0.9
IL1B,C0024117,0.9
IL1B,C0024141,0.9
IL1B,C0024312,0.75
IL1B,C0024623,1.0
IL1B,C0024809,0.65
IL1B,C0026764,0.85
IL1B,C0026769,0.9
IL1B,C0026848,0.7
IL1B,C0027051,0.9
IL1B,C0027540,0.85
IL1B,C0027726,0.65
IL1B,C0027819,0.75
IL1B,C0029458,0.75
IL1B,C0030297,0.7
IL1B,C0030567,0.9
IL1B,C0030920,0.7
IL1B,C0032285,0.9
IL1B,C0033860,0.85
IL1B,C0034069,0.9
IL1B,C0035126,0.7
IL1B,C0036341,0.8
IL1B,C0036421,0.9
IL1B,C0037116,0.6
IL1B,C0037274,0.75
IL1B,C0038356,0.85
IL1B,C0038358,0.85
IL1B,C0038454,0.85
IL1B,C0038525,0.85
IL1B,C0040034,0.7
IL1B,C0041326,0.65
IL1B,C0041327,0.65
IL1B,C0041696,0.75
IL1B,C0042164,0.7
IL1B,C0085580,0.7
IL1B,C0151744,0.75
IL1B,C0242488,0.9
IL1B,C0243026,0.9
IL1B,C0270611,0.9
IL1B,C0333355,0.75
IL1B,C0400966,0.95
IL1B,C0836924,0.75
IL1B,C0878544,0.7
IL1B,C1269683,0.85
IL1B,C1458155,0.7
IL1B,C1858361,0.6
IL1B,C2239176,0.9
IL1B,C3241937,0.7
IL1B,C5203670,0.8
IL1RN,C0001973,0.75
IL1RN,C0002171,0.6
IL1RN,C0002940,0.45
IL1RN,C0003123,0.45
IL1RN,C0003165,0.5
IL1RN,C0003868,0.55
IL1RN,C0003873,0.95
IL1RN,C0004096,0.95
IL1RN,C0005586,0.7
IL1RN,C0005684,0.65
IL1RN,C0005695,0.45
IL1RN,C0006287,0.7
IL1RN,C0007131,0.65
IL1RN,C0007134,0.55
IL1RN,C0007222,0.7
IL1RN,C0007786,0.6
IL1RN,C0007787,0.55
IL1RN,C0007820,0.5
IL1RN,C0009324,0.9
IL1RN,C0009375,0.5
IL1RN,C0009443,0.65
IL1RN,C0011206,0.6
IL1RN,C0011570,0.9
IL1RN,C0011854,0.9
IL1RN,C0011860,0.9
IL1RN,C0013415,0.5
IL1RN,C0015967,0.9
IL1RN,C0016059,0.75
IL1RN,C0017658,0.7
IL1RN,C0017661,0.75
IL1RN,C0018099,0.65
IL1RN,C0018133,0.7
IL1RN,C0019061,0.65
IL1RN,C0020429,0.7
IL1RN,C0020538,0.8
IL1RN,C0020542,0.7
IL1RN,C0021368,0.9
IL1RN,C0021390,0.85
IL1RN,C0022578,0.65
IL1RN,C0022658,0.7
IL1RN,C0022660,0.7
IL1RN,C0022661,0.75
IL1RN,C0023186,0.5
IL1RN,C0023860,0.7
IL1RN,C0024117,0.85
IL1RN,C0024141,0.85
IL1RN,C0024623,0.85
IL1RN,C0025202,0.8
IL1RN,C0026764,0.75
IL1RN,C0026769,0.8
IL1RN,C0027051,0.6
IL1RN,C0027121,0.55
IL1RN,C0027540,0.6
IL1RN,C0027726,0.55
IL1RN,C0029456,0.75
IL1RN,C0029866,0.45
IL1RN,C0030193,0.75
IL1RN,C0031099,0.9
IL1RN,C0032285,0.8
IL1RN,C0033578,0.5
IL1RN,C0033687,0.75
IL1RN,C0034069,0.8
IL1RN,C0034152,0.55
IL1RN,C0035455,0.45
IL1RN,C0036429,0.5
IL1RN,C0037116,0.75
IL1RN,C0037274,0.5
IL1RN,C0038220,0.55
IL1RN,C0038356,0.65
IL1RN,C0038454,0.9
IL1RN,C0041327,0.65
IL1RN,C0042165,0.45
IL1RN,C0042373,0.65
IL1RN,C0085109,0.65
IL1RN,C0085129,0.55
IL1RN,C0086981,0.45
IL1RN,C0149940,0.45
IL1RN,C0157917,0.5
IL1RN,C0162557,0.6
IL1RN,C0267941,0.45
IL1RN,C0268390,0.55
IL1RN,C0270611,0.75
IL1RN,C0333355,0.5
IL1RN,C0333641,0.5
IL1RN,C0339143,0.65
IL1RN,C0375359,0.45
IL1RN,C0398650,0.65
IL1RN,C0400966,0.7
IL1RN,C0410422,0.65
IL1RN,C0524988,0.7
IL1RN,C0751265,0.5
IL1RN,C0752130,0.45
IL1RN,C1527336,0.65
IL1RN,C1565662,0.45
IL1RN,C2239176,0.7
IL1RN,C2609414,0.75
IL1RN,C2748507,0.8
IL1RN,C3241937,0.6
IL1RN,C3888668,0.45
IL1RN,C3890737,0.7
IL2,C0001175,0.8
IL2,C0002171,0.9
IL2,C0002395,0.9
IL2,C0002622,0.55
IL2,C0002625,0.4
IL2,C0002871,0.75
IL2,C0003123,0.5
IL2,C0003490,0.55
IL2,C0003873,1.0
IL2,C0004093,0.4
IL2,C0004096,1.0
IL2,C0004135,0.45
IL2,C0004352,0.6
IL2,C0004943,0.85
IL2,C0005684,0.8
IL2,C0005695,0.8
IL2,C0006118,0.75
IL2,C0007134,1.0
IL2,C0007137,0.85
IL2,C0008374,0.45
IL2,C0011609,0.4
IL2,C0011615,0.95
IL2,C0011854,1.0
IL2,C0013182,0.45
IL2,C0014324,0.4
IL2,C0015967,0.8
IL2,C0017636,0.85
IL2,C0017638,0.85
IL2,C0017658,0.65
IL2,C0018133,0.9
IL2,C0018213,0.85
IL2,C0018784,0.45
IL2,C0019693,0.95
IL2,C0020649,0.6
IL2,C0021051,0.8
IL2,C0022665,0.7
IL2,C0023418,0.85
IL2,C0023493,0.75
IL2,C0023530,0.5
IL2,C0023903,0.75
IL2,C0024121,0.75
IL2,C0024141,1.0
IL2,C0024517,0.4
IL2,C0025202,0.95
IL2,C0027726,0.75
IL2,C0030193,0.75
IL2,C0030297,0.65
IL2,C0030805,0.65
IL2,C0030807,0.65
IL2,C0033578,0.75
IL2,C0035455,0.55
IL2,C0036341,0.85
IL2,C0036349,0.5
IL2,C0039263,0.75
IL2,C0042258,0.5
IL2,C0153458,0.4
IL2,C0153459,0.4
IL2,C0153460,0.4
IL2,C0153463,0.4
IL2,C0154409,0.4
IL2,C0155490,0.45
IL2,C0162820,0.65
IL2,C0206062,0.7
IL2,C0241910,0.8
IL2,C0242596,0.75
IL2,C0270611,0.6
IL2,C0278878,0.4
IL2,C0339143,0.65
IL2,C0376323,0.45
IL2,C0398650,0.85
IL2,C0555198,0.6
IL2,C0585362,0.65
IL2,C0748540,0.55
IL2,C0751688,0.4
IL2,C1168401,0.9
IL2,C1332355,0.45
IL2,C1458155,0.75
IL2,C1514422,0.4
IL2,C1563709,0.45
IL2,C2239176,0.85
IL2,C3887506,0.4
IL2,C5203670,0.9
IL21,C0004096,0.8
IL21,C0007570,1.0
IL21,C0009447,0.7
IL21,C0024141,0.95
IL21,C2239176,0.8
IL21,C5567788,0.7
IL22,C0241910,0.5
IL22,C0740392,0.4
IL22,C1332355,0.4
IL22,C4277682,0.4
IL23A,C0003873,0.85
IL23A,C0011615,0.85
IL23A,C0033860,1.0
IL2RA,C0002171,0.8
IL2RA,C0003873,1.0
IL2RA,C0005138,0.4
IL2RA,C0011854,1.0
IL2RA,C0017658,0.5
IL2RA,C0019693,0.85
IL2RA,C0024312,0.75
IL2RA,C0026769,1.0
IL2RA,C0026985,0.4
IL2RA,C0032227,0.4
IL2RA,C0036341,0.6
IL2RA,C0041696,0.6
IL2RA,C0156147,0.4
IL2RA,C0162820,0.6
IL2RA,C0278752,0.4
IL2RA,C0345967,0.5
IL2RA,C0392400,0.4
IL2RA,C1269683,0.7
IL2RA,C1332338,0.4
IL2RA,C1853392,0.7
IL2RA,C1866040,0.5
IL2RA,C2931171,0.45
IL2RA,C3837958,0.45
IL2RA,C3890205,0.45
IL2RA,C4290090,0.45
IL2RA,C4290091,0.45
IL2RA,C4290092,0.45
IL2RA,C4755277,0.4
IL2RA,C5203670,0.7
IL33,C0004096,1.0
IL33,C0006840,0.4
IL33,C0011615,0.85
IL33,C0020523,0.4
IL33,C0021390,0.75
IL33,C0022658,0.65
IL33,C0030920,0.55
IL33,C0032285,0.85
IL33,C0376358,0.6
IL4,C0002103,0.4
IL4,C0002395,0.9
IL4,C0003089,0.4
IL4,C0004096,1.0
IL4,C0004352,0.7
IL4,C0004943,0.85
IL4,C0009319,0.85
IL4,C0011603,0.85
IL4,C0011609,0.5
IL4,C0011615,1.0
IL4,C0013182,0.5
IL4,C0016059,0.9
IL4,C0018213,0.75
IL4,C0019163,0.85
IL4,C0019196,0.85
IL4,C0020517,0.95
IL4,C0020523,0.55
IL4,C0023283,0.75
IL4,C0023493,0.6
IL4,C0024141,0.85
IL4,C0026769,0.85
IL4,C0030297,0.65
IL4,C0032226,0.4
IL4,C0032273,0.6
IL4,C0032285,0.85
IL4,C0033141,0.4
IL4,C0033860,0.95
IL4,C0034069,0.9
IL4,C0035455,0.75
IL4,C0036341,0.85
IL4,C0036529,0.4
IL4,C0039483,0.65
IL4,C0151526,0.7
IL4,C0153458,0.45
IL4,C0153459,0.45
IL4,C0153460,0.45
IL4,C0153461,0.45
IL4,C0153463,0.45
IL4,C0162820,0.75
IL4,C0241910,0.7
IL4,C0278752,0.4
IL4,C0345913,0.45
IL4,C0345967,0.5
IL4,C0376628,0.4
IL4,C0392400,0.4
IL4,C0398650,0.85
IL4,C0400966,0.75
IL4,C0878544,0.6
IL4,C0887833,0.45
IL4,C1262477,0.75
IL4,C1332338,0.4
IL4,C1332355,0.5
IL4,C3241937,0.5
IL4,C3825727,0.55
IL4,C4277682,0.4
IL5,C0004096,1.0
IL5,C0004352,0.5
IL5,C0011615,0.95
IL5,C0014324,0.4
IL5,C0014457,1.0
IL5,C0024623,0.65
IL5,C0034069,0.8
IL5,C0038356,0.55
IL5,C0153421,0.45
IL5,C0153422,0.45
IL5,C0153423,0.45
IL5,C0162820,0.65
IL5,C0241910,0.4
IL5,C1332355,0.4
IL6,C0001925,0.85
IL6,C0002940,0.85
IL6,C0003873,0.95
IL6,C0004096,1.0
IL6,C0004153,0.95
IL6,C0004352,0.85
IL6,C0005586,0.85
IL6,C0006142,0.9
IL6,C0006625,0.9
IL6,C0007134,0.85
IL6,C0007137,0.85
IL6,C0007570,0.9
IL6,C0007766,0.85
IL6,C0009319,0.85
IL6,C0009404,0.9
IL6,C0011206,0.85
IL6,C0011570,1.0
IL6,C0011581,0.95
IL6,C0011615,0.85
IL6,C0011849,0.95
IL6,C0011854,1.0
IL6,C0011860,1.0
IL6,C0011884,0.9
IL6,C0013238,0.9
IL6,C0013604,0.95
IL6,C0015967,1.0
IL6,C0017531,0.85
IL6,C0017658,0.9
IL6,C0018213,0.9
IL6,C0018801,1.0
IL6,C0018802,0.9
IL6,C0019163,0.9
IL6,C0019196,0.9
IL6,C0019829,0.85
IL6,C0020179,0.85
IL6,C0020429,0.9
IL6,C0020456,1.0
IL6,C0020459,0.9
IL6,C0020517,0.85
IL6,C0020538,1.0
IL6,C0020649,0.85
IL6,C0021368,0.95
IL6,C0021390,1.0
IL6,C0022116,0.85
IL6,C0022661,0.85
IL6,C0022876,0.85
IL6,C0023434,0.9
IL6,C0023467,0.85
IL6,C0023890,0.85
IL6,C0023891,0.85
IL6,C0024117,1.0
IL6,C0024141,0.95
IL6,C0024623,0.9
IL6,C0026764,0.95
IL6,C0026769,1.0
IL6,C0027051,0.95
IL6,C0027059,0.85
IL6,C0027540,0.85
IL6,C0028754,1.0
IL6,C0029456,0.95
IL6,C0029458,0.85
IL6,C0030567,0.85
IL6,C0031090,0.9
IL6,C0031099,1.0
IL6,C0031106,0.9
IL6,C0032285,0.85
IL6,C0033578,0.85
IL6,C0033860,0.95
IL6,C0034069,0.9
IL6,C0035126,0.9
IL6,C0036220,1.0
IL6,C0036341,0.95
IL6,C0037274,0.85
IL6,C0038454,1.0
IL6,C0038525,0.85
IL6,C0041696,0.85
IL6,C0042164,0.9
IL6,C0085207,0.9
IL6,C0151526,0.85
IL6,C0151744,0.95
IL6,C0206698,0.9
IL6,C0242488,0.9
IL6,C0243026,1.0
IL6,C0270611,0.9
IL6,C0273115,0.85
IL6,C0345967,0.85
IL6,C0346629,0.9
IL6,C0362046,0.9
IL6,C0400966,0.9
IL6,C0524620,0.95
IL6,C0524851,0.85
IL6,C0677607,0.9
IL6,C0919267,0.95
IL6,C0948089,0.85
IL6,C1269683,0.95
IL6,C1458155,0.9
IL6,C1527336,0.85
IL6,C2239176,1.0
IL6,C2609414,0.9
IL6,C5203670,1.0
IL6R,C0002395,0.8
IL6R,C0003873,1.0
IL6R,C0004096,0.95
IL6R,C0007131,0.7
IL6R,C0007134,0.65
IL6R,C0011570,0.8
IL6R,C0011581,0.75
IL6R,C0015967,0.65
IL6R,C0018213,0.6
IL6R,C0018843,0.4
IL6R,C0020179,0.65
IL6R,C0024623,0.65
IL6R,C0028754,0.9
IL6R,C0029456,0.6
IL6R,C0035126,0.55
IL6R,C0036341,0.85
IL6R,C0038356,0.6
IL6R,C0153421,0.45
IL6R,C0153422,0.45
IL6R,C0153423,0.45
IL6R,C0677607,0.5
IL6R,C0740392,0.4
IL6R,C3540094,0.4
IL6R,C3553493,0.4
IL6R,C3887645,0.5
IL6R,C5394550,0.5
IL6R,C5925112,0.4
IL7R,C0007102,0.65
IL7R,C0007131,0.75
IL7R,C0008312,0.65
IL7R,C0009324,0.75
IL7R,C0014175,0.6
IL7R,C0021051,0.75
IL7R,C0023492,0.6
IL7R,C0023892,0.4
IL7R,C0024623,0.65
IL7R,C0026764,0.7
IL7R,C0026769,0.9
IL7R,C0038356,0.45
IL7R,C0085110,0.9
IL7R,C0153421,0.45
IL7R,C0153422,0.45
IL7R,C0153423,0.45
IL7R,C0375359,0.4
IL7R,C1458155,0.6
IL7R,C1837028,0.4
IL7R,C2675477,0.4
IL7R,C2700553,0.65
IL7R,C5676890,0.5
IL7R,C5679577,0.45
ILK,C0007193,0.75
ILK,C0007787,0.55
ILK,C0009376,0.4
ILK,C0014544,0.55
ILK,C0023976,0.4
ILK,C0030297,0.45
ILK,C0039978,0.4
ILK,C0153458,0.45
ILK,C0153459,0.45
ILK,C0153460,0.45
ILK,C0153463,0.45
ILK,C0236736,0.4
ILK,C0278752,0.4
ILK,C0345967,0.5
ILK,C0392400,0.4
ILK,C0949658,0.4
ILK,C1332338,0.4
IMPA1,C0005586,0.75
IMPA1,C0025362,0.5
IMPA1,C4310619,0.5
IMPA1,C5680181,0.4
IMPDH1,C0035334,1.0
IMPDH1,C0220701,0.5
IMPDH1,C0339527,0.75
IMPDH1,C0854723,0.6
IMPDH1,C1840284,0.7
IMPDH1,C1867299,0.85
IMPDH2,C0013421,0.65
IMPDH2,C0152013,0.5
IMPDH2,C1335060,0.4
IMPDH2,C1851920,0.4
IMPDH2,C3888196,0.4
ING4,C0009404,0.4
ING4,C0024232,0.5
ING4,C0376358,0.6
INPPL1,C0011860,0.85
INPPL1,C0020538,0.7
INPPL1,C0028754,0.8
INPPL1,C0432194,0.4
INPPL1,C0432219,0.95
INPPL1,C0524620,0.65
INS,C0001308,0.4
INS,C0001925,0.75
INS,C0002395,0.9
INS,C0005586,0.8
INS,C0005587,0.4
INS,C0005686,0.4
INS,C0007194,0.5
INS,C0011849,1.0
INS,C0011854,1.0
INS,C0011860,1.0
INS,C0011880,0.95
INS,C0011881,0.85
INS,C0011884,1.0
INS,C0013604,0.6
INS,C0015695,0.9
INS,C0015696,0.6
INS,C0018790,0.5
INS,C0018801,0.75
INS,C0018802,0.65
INS,C0019189,0.6
INS,C0020456,1.0
INS,C0020459,1.0
INS,C0020461,0.4
INS,C0020538,1.0
INS,C0020557,0.85
INS,C0020615,0.95
INS,C0020649,0.5
INS,C0021655,1.0
INS,C0021670,0.9
INS,C0022134,0.75
INS,C0022658,0.9
INS,C0022660,0.5
INS,C0022679,0.45
INS,C0023895,0.85
INS,C0024713,0.4
INS,C0025261,0.4
INS,C0025517,0.9
INS,C0026848,0.5
INS,C0027626,0.4
INS,C0028754,1.0
INS,C0029227,0.4
INS,C0030297,0.9
INS,C0030305,0.85
INS,C0030319,0.4
INS,C0030554,0.4
INS,C0030567,0.85
INS,C0032460,0.95
INS,C0033578,0.65
INS,C0035078,0.6
INS,C0035410,0.4
INS,C0039231,0.65
INS,C0041696,0.6
INS,C0042510,0.4
INS,C0042512,0.4
INS,C0149519,0.5
INS,C0153458,0.45
INS,C0153459,0.45
INS,C0153460,0.45
INS,C0153463,0.45
INS,C0158981,0.8
INS,C0162557,0.55
INS,C0236780,0.4
INS,C0242698,0.5
INS,C0270730,0.4
INS,C0271650,1.0
INS,C0342276,0.9
INS,C0342283,0.85
INS,C0400966,0.85
INS,C0522224,0.4
INS,C0524620,0.95
INS,C0600228,0.4
INS,C0752347,0.5
INS,C0853897,0.65
INS,C1262477,0.9
INS,C1514284,0.4
INS,C1565662,0.4
INS,C1833104,0.8
INS,C1845026,0.4
INS,C1848954,0.4
INS,C1852092,1.0
INS,C1853490,0.4
INS,C1866558,0.4
INS,C2609414,0.5
INS,C2673535,0.4
INS,C2748055,0.8
INS,C3150617,0.85
INS,C3241937,0.7
INS,C3278636,0.45
INS,C3837958,0.8
INS,C3888631,0.75
INS,C4290090,0.5
INS,C4290091,0.5
INS,C4290092,0.65
INS,C5393570,0.45
INS,C5394307,0.45
INSIG1,C0007097,0.4
INSIG1,C0553707,0.4
INSIG1,C1368683,0.4
INSR,C0002395,0.8
INSR,C0007112,0.4
INSR,C0008497,0.5
INSR,C0011849,0.9
INSR,C0011860,1.0
INSR,C0011882,0.8
INSR,C0014850,0.4
INSR,C0019284,0.4
INSR,C0020429,0.4
INSR,C0020456,0.8
INSR,C0020459,1.0
INSR,C0021655,1.0
INSR,C0024115,0.4
INSR,C0030567,0.65
INSR,C0034194,0.4
INSR,C0085207,0.8
INSR,C0236969,0.4
INSR,C0265344,1.0
INSR,C0271650,0.9
INSR,C0271695,1.0
INSR,C0278701,0.5
INSR,C0342278,0.45
INSR,C0342336,0.7
INSR,C0752347,0.4
INSR,C0854110,0.8
INSR,C1510586,0.4
INSR,C1864952,0.6
INSR,C2751824,0.4
INSR,C3888631,0.5
INSR,C4303474,0.5
IPMK,C5679993,0.4
IQGAP2,C0006118,0.4
IQGAP2,C2239176,0.7
IRAK1,C0003872,0.55
IRAK1,C0003873,0.8
IRAK1,C0007137,0.5
IRAK1,C0010054,0.6
IRAK1,C0010068,0.5
IRAK1,C0015930,0.4
IRAK1,C0019294,0.4
IRAK1,C0024141,0.9
IRAK1,C0038013,0.65
IRAK1,C0079680,0.4
IRAK1,C0151744,0.4
IRAK1,C0152013,0.65
IRAK1,C0240635,0.4
IRAK1,C0264694,0.4
IRAK1,C0751688,0.4
IRAK1,C0752308,0.4
IRAK1,C1258104,0.45
IRAK1,C1274834,0.4
IRAK1,C1621958,0.4
IRAK1,C1866806,0.4
IRAK1,C2981150,0.4
IRAK1,C3807980,0.4
IRAK1,C4277682,0.4
IRAK4,C0002876,0.4
IRAK4,C0021051,0.65
IRAK4,C0024141,0.65
IRAK4,C0033578,0.4
IRAK4,C0752308,0.4
IRAK4,C1843256,0.7
IREB2,C0002395,0.65
IREB2,C0027626,0.4
IREB2,C0152013,0.4
IREB2,C5193104,0.45
IRF1,C0004096,0.8
IRF1,C0007131,0.8
IRF1,C0021051,0.55
IRF1,C0024121,0.4
IRF1,C0024623,0.85
IRF1,C0024624,0.45
IRF1,C0037354,0.4
IRF1,C0038356,0.45
IRF1,C0038454,0.4
IRF1,C0151744,0.6
IRF1,C0153421,0.45
IRF1,C0153422,0.45
IRF1,C0153423,0.45
IRF1,C0153491,0.45
IRF1,C0153492,0.45
IRF1,C0153493,0.45
IRF1,C0270611,0.45
IRF1,C0278701,0.55
IRF1,C5882739,0.45
IRF3,C0006111,0.4
IRF3,C0085584,0.4
IRF3,C0276226,0.65
IRF3,C1175175,0.5
IRF3,C4225294,0.45
IRF3,C5391534,0.4
IRF9,C5231441,0.5
IRS1,C0002395,0.9
IRS1,C0010054,0.8
IRS1,C0010068,0.7
IRS1,C0011849,0.85
IRS1,C0011860,1.0
IRS1,C0020459,0.85
IRS1,C0020473,0.65
IRS1,C0020476,0.4
IRS1,C0021655,1.0
IRS1,C0028754,0.9
IRS1,C0033578,0.5
IRS1,C0042133,0.65
IRS1,C0151744,0.6
IRS1,C0264694,0.5
IRS1,C1168401,0.6
IRS1,C2239176,0.75
IRS1,C4014616,0.4
IRS1,C4225214,0.4
ISYNA1,C0010606,0.5
ISYNA1,C0032460,0.5
ISYNA1,C0036095,0.4
ITGA2,C0002965,0.65
ITGA2,C0003850,0.65
ITGA2,C0004943,0.55
ITGA2,C0011849,0.55
ITGA2,C0011860,0.8
ITGA2,C0011884,0.65
ITGA2,C0014175,0.4
ITGA2,C0017639,0.4
ITGA2,C0018784,0.45
ITGA2,C0020429,0.4
ITGA2,C0027051,0.75
ITGA2,C0029810,0.45
ITGA2,C0035328,0.6
ITGA2,C0040015,0.6
ITGA2,C0040034,0.75
ITGA2,C0040053,0.75
ITGA2,C0087086,0.65
ITGA2,C0268119,0.4
ITGA2,C1264039,0.4
ITGA2,C1264040,0.4
ITGA2,C1854989,0.4
ITGA2,C1963943,0.45
ITGA2,C3280114,0.4
ITGA2B,C0007274,0.4
ITGA2B,C0038454,0.65
ITGA2B,C0040015,1.0
ITGA2B,C0040034,0.95
ITGA2B,C0157916,0.4
ITGA2B,C0157917,0.4
ITGA2B,C0157918,0.4
ITGA2B,C0409667,0.4
ITGA2B,C0477317,0.55
ITGA2B,C0541767,0.4
ITGA2B,C0855740,0.4
ITGA2B,C1264039,0.4
ITGA2B,C1458140,0.55
ITGA2B,C2751260,0.7
ITGA2B,C2937358,0.4
ITGA2B,C4304021,0.6
ITGA2B,C5442010,0.8
ITGA3,C0002871,0.4
ITGA3,C0006287,0.4
ITGA3,C0013595,0.4
ITGA3,C0027726,0.8
ITGA3,C0079301,0.6
ITGA3,C0232466,0.4
ITGA3,C0345326,0.4
ITGA3,C1145670,0.4
ITGA3,C1868854,0.4
ITGA3,C4317146,0.4
ITGA3,C4518785,0.8
ITGA4,C0004352,0.6
ITGA4,C0017639,0.4
ITGA4,C0021390,0.65
ITGA4,C0023434,0.85
ITGA4,C0030297,0.45
ITGA4,C0035334,0.4
ITGA4,C0153458,0.45
ITGA4,C0153459,0.45
ITGA4,C0153460,0.45
ITGA4,C0153463,0.45
ITGA4,C0854723,0.4
ITGA4,C1510586,0.45
ITGA4,C1842127,0.4
ITGA4,C4085590,0.4
ITGA4,C5681367,0.4
ITGA5,C0007137,0.6
ITGA5,C0017639,0.4
ITGA5,C0027626,0.4
ITGA5,C0035126,0.4
ITGA5,C0038356,0.4
ITGA5,C0751688,0.4
ITGAL,C0004943,0.6
ITGAL,C0021390,0.65
ITGAL,C0023487,0.7
ITGAL,C0027070,0.4
ITGAL,C2362914,0.55
ITGAM,C0005586,0.5
ITGAM,C0020456,0.6
ITGAM,C0020459,0.4
ITGAM,C0020877,0.55
ITGAM,C0021655,0.5
ITGAM,C0023487,0.7
ITGAM,C0024141,0.95
ITGAM,C0024143,0.85
ITGAM,C0027746,0.65
ITGAM,C0028754,0.9
ITGAM,C0031190,0.45
ITGAM,C0032914,0.65
ITGAM,C0036341,0.6
ITGAM,C0162820,0.55
ITGAM,C0752332,0.4
ITGAV,C0023467,0.6
ITGAV,C0038454,0.5
ITGAV,C0162871,0.45
ITGAV,C2937358,0.7
ITGB1,C0006663,0.55
ITGB1,C0007131,0.8
ITGB1,C0007137,0.7
ITGB1,C0007193,0.65
ITGB1,C0014175,0.6
ITGB1,C0014850,0.4
ITGB1,C0017639,0.4
ITGB1,C0018801,0.65
ITGB1,C0018802,0.65
ITGB1,C0027626,0.4
ITGB1,C0027794,0.5
ITGB1,C0033141,0.4
ITGB1,C0034194,0.4
ITGB1,C0036529,0.4
ITGB1,C0751688,0.4
ITGB1,C0878544,0.65
ITGB2,C0004943,0.6
ITGB2,C0006118,0.4
ITGB2,C0006663,0.4
ITGB2,C0011603,0.65
ITGB2,C0018824,0.4
ITGB2,C0020517,0.6
ITGB2,C0023487,0.6
ITGB2,C0023510,0.4
ITGB2,C0027720,0.55
ITGB2,C0032285,0.7
ITGB2,C0079485,0.4
ITGB2,C0157738,0.4
ITGB2,C0242597,0.85
ITGB2,C0263454,0.4
ITGB2,C0272187,0.75
ITGB2,C0398738,1.0
ITGB2,C0948480,0.45
ITGB2,C2748536,0.75
ITGB3,C0004096,0.65
ITGB3,C0004352,0.75
ITGB3,C0005818,0.6
ITGB3,C0007274,0.4
ITGB3,C0010072,0.7
ITGB3,C0017639,0.4
ITGB3,C0019080,0.75
ITGB3,C0019557,0.5
ITGB3,C0022661,0.65
ITGB3,C0023467,0.7
ITGB3,C0027051,0.85
ITGB3,C0033578,0.6
ITGB3,C0036341,0.5
ITGB3,C0038454,0.75
ITGB3,C0040015,1.0
ITGB3,C0040034,0.95
ITGB3,C0151529,0.45
ITGB3,C0398648,0.6
ITGB3,C0398650,0.8
ITGB3,C0477317,0.5
ITGB3,C0541767,0.4
ITGB3,C0948089,0.8
ITGB3,C1458140,0.55
ITGB3,C1510586,0.75
ITGB3,C1832662,0.4
ITGB3,C2751260,0.6
ITGB3,C2936739,0.4
ITGB3,C2937358,0.4
ITGB3,C3853779,0.65
ITGB3,C3854603,0.7
ITGB3,C4304021,0.55
ITGB3,C5442010,0.6
ITGB3,C5543273,0.5
ITGB3,C5543280,0.45
ITGB5,C0040128,0.4
ITGB5,C0157916,0.4
ITGB5,C0157917,0.4
ITGB5,C0157918,0.4
ITGB5,C0409667,0.4
ITIH4,C0002965,0.55
ITIH4,C0005586,0.6
ITIH4,C0009375,0.45
ITIH4,C0027051,0.65
ITIH4,C0032580,0.4
ITPR1,C0004941,0.4
ITPR1,C0005586,0.65
ITPR1,C0007758,0.8
ITPR1,C0026650,0.7
ITPR1,C0026769,0.4
ITPR1,C0033578,0.4
ITPR1,C0234518,0.45
ITPR1,C0431401,1.0
ITPR1,C1527348,0.45
ITPR1,C1535926,0.55
ITPR1,C1843885,0.4
ITPR1,C1847725,1.0
ITPR1,C1849156,0.4
ITPR1,C1861732,1.0
ITPR1,C1862839,0.4
ITPR1,C3714756,0.65
ITPR1,C4024770,0.4
ITPR1,C4087347,0.65
ITPR1,C4277682,0.4
IVL,C0007137,0.7
IVL,C0037286,0.5
IVL,C0751688,0.4
JAG1,C0005940,0.4
JAG1,C0007959,0.4
JAG1,C0010038,0.4
JAG1,C0010606,0.4
JAG1,C0011053,0.7
JAG1,C0015393,0.5
JAG1,C0016202,0.4
JAG1,C0017636,0.6
JAG1,C0018798,0.8
JAG1,C0024121,0.4
JAG1,C0026769,0.55
JAG1,C0036095,0.4
JAG1,C0036341,0.5
JAG1,C0036439,0.45
JAG1,C0039685,1.0
JAG1,C0085280,1.0
JAG1,C0153461,0.4
JAG1,C0206624,0.5
JAG1,C0265004,0.4
JAG1,C0278878,0.4
JAG1,C0282631,0.4
JAG1,C0854723,0.5
JAG1,C0887833,0.4
JAG1,C1458155,0.7
JAG1,C1510586,0.4
JAG1,C1514422,0.4
JAG1,C1857761,0.4
JAG1,C1866053,0.5
JAG1,C1956125,0.7
JAG1,C1968949,0.4
JAG1,C2930797,0.4
JAG1,C3496579,0.6
JAG1,C4707243,0.4
JAG1,C5562003,0.45
JAG1,C5679679,0.4
JAG1,C5679680,0.4
JAK1,C0007103,0.6
JAK1,C0007131,0.8
JAK1,C0009404,0.4
JAK1,C0014170,0.4
JAK1,C0023492,0.65
JAK1,C0024143,0.5
JAK1,C0024623,0.7
JAK1,C0033578,0.55
JAK1,C0038356,0.45
JAK1,C0153421,0.45
JAK1,C0153422,0.45
JAK1,C0153423,0.45
JAK1,C0281361,0.4
JAK1,C0346629,0.7
JAK1,C0376358,0.6
JAK1,C0919267,0.6
JAK1,C1140680,0.6
JAK1,C1299247,0.4
JAK1,C2239176,0.9
JAK1,C4528210,0.5
JAK1,C5436572,0.6
JAK1,C5680361,0.4
JAK1,C5925108,0.4
JAK2,C0000786,0.5
JAK2,C0001815,1.0
JAK2,C0005684,0.6
JAK2,C0005695,0.4
JAK2,C0006663,0.6
JAK2,C0007131,0.85
JAK2,C0007873,0.4
JAK2,C0009324,1.0
JAK2,C0018824,0.4
JAK2,C0019154,0.8
JAK2,C0020541,0.65
JAK2,C0021368,0.75
JAK2,C0023418,1.0
JAK2,C0023467,1.0
JAK2,C0023903,0.5
JAK2,C0024620,0.4
JAK2,C0024623,0.75
JAK2,C0025472,0.4
JAK2,C0026987,0.9
JAK2,C0027022,1.0
JAK2,C0032461,1.0
JAK2,C0032463,1.0
JAK2,C0032962,0.6
JAK2,C0033578,0.4
JAK2,C0038002,0.9
JAK2,C0038013,0.65
JAK2,C0038356,0.45
JAK2,C0040028,1.0
JAK2,C0040038,0.85
JAK2,C0040053,1.0
JAK2,C0042487,0.95
JAK2,C0079485,0.4
JAK2,C0085215,0.4
JAK2,C0087086,0.8
JAK2,C0151744,0.65
JAK2,C0152013,0.7
JAK2,C0152018,0.65
JAK2,C0152264,0.65
JAK2,C0152272,0.55
JAK2,C0153421,0.45
JAK2,C0153422,0.45
JAK2,C0153423,0.45
JAK2,C0156147,0.45
JAK2,C0221276,0.6
JAK2,C0338106,0.5
JAK2,C0345904,0.65
JAK2,C0375359,0.5
JAK2,C0400966,0.7
JAK2,C0677776,0.4
JAK2,C0836924,1.0
JAK2,C0854795,0.4
JAK2,C0856761,0.85
JAK2,C1335060,0.4
JAK2,C1335177,0.4
JAK2,C1963943,0.45
JAK2,C2939461,0.8
JAK2,C3241937,0.7
JAK2,C3281125,0.5
JAK2,C4303761,0.75
JAK2,C4528210,0.6
JAK2,C4551637,0.7
JAK2,C5681738,0.4
JAK3,C0023462,0.8
JAK3,C0023492,0.65
JAK3,C0023493,0.7
JAK3,C0025063,0.4
JAK3,C0037773,0.4
JAK3,C0079731,0.65
JAK3,C0079772,0.65
JAK3,C0085084,0.5
JAK3,C0085110,0.9
JAK3,C0278701,0.5
JAK3,C0349639,0.7
JAK3,C0392788,0.6
JAK3,C1832322,0.4
JAK3,C1833275,0.95
JAK3,C1862939,0.4
JAK3,C1863236,0.4
JAK3,C2363142,0.65
JAK3,C4509932,0.5
JMJD6,C0025202,0.6
JMJD6,C0025500,0.4
JMJD6,C0033578,0.4
JMJD6,C0151779,0.4
JMJD6,C0919267,0.5
JMJD6,C1458155,0.65
JUN,C0005398,0.4
JUN,C0007786,0.4
JUN,C0009375,0.55
JUN,C0018843,0.4
JUN,C0018923,0.4
JUN,C0020538,0.7
JUN,C0021846,0.4
JUN,C0023903,0.65
JUN,C0024121,0.65
JUN,C0029463,0.75
JUN,C0031117,0.4
JUN,C0035126,0.65
JUN,C0036341,0.7
JUN,C0037116,0.55
JUN,C0038220,0.4
JUN,C0038356,0.55
JUN,C0041327,0.45
JUN,C0157916,0.4
JUN,C0157917,0.4
JUN,C0157918,0.4
JUN,C0206639,0.4
JUN,C0206710,0.4
JUN,C0270611,0.4
JUN,C0409667,0.4
JUN,C0546127,0.4
JUN,C0854893,0.4
JUN,C1335029,0.4
JUN,C1368295,0.4
JUN,C1458155,0.75
JUN,C2239176,0.75
JUNB,C0024121,0.4
JUNB,C0025202,0.5
JUNB,C0038220,0.4
JUNB,C0151744,0.4
JUNB,C0152013,0.4
JUNB,C0740392,0.4
JUNB,C1168401,0.5
JUNB,C1335060,0.4
JUND,C0017658,0.65
JUND,C0023890,0.4
JUND,C0024121,0.55
JUND,C0038220,0.4
JUND,C0085084,0.4
JUND,C0236736,0.4
JUND,C1862939,0.4
JUND,C4277682,0.4
KAT2B,C0525045,0.55
KAT5,C0278752,0.4
KAT5,C0345967,0.4
KAT5,C0392400,0.4
KAT5,C1332338,0.4
KAT5,C1835916,0.4
KAT5,C5436821,0.5
KCNA3,C1535926,0.4
KCNA5,C0003811,0.6
KCNA5,C0004238,0.8
KCNA5,C0006142,0.5
KCNA5,C0018799,0.4
KCNA5,C0020542,0.75
KCNA5,C0151517,0.4
KCNA5,C1837014,0.4
KCNA5,C1837812,0.4
KCNA5,C1843687,0.4
KCNA5,C1862394,0.4
KCNA5,C1969099,0.4
KCNA5,C2677106,0.45
KCNA5,C2677294,0.4
KCNA5,C2751607,0.4
KCNA5,C2973725,0.75
KCNA5,C3151431,0.4
KCNA5,C3151464,0.4
KCNA5,C3279693,0.4
KCNA5,C3279695,0.4
KCNA5,C3468561,0.45
KCNA5,C3809311,0.4
KCNA5,C3809312,0.4
KCNA5,C4014269,0.4
KCNA5,C4552070,0.4
KCND2,C0027626,0.4
KCND2,C0206698,0.4
KCND2,C0270855,0.4
KCND2,C0280725,0.4
KCND2,C1535926,0.4
KCND3,C0004238,0.75
KCND3,C0009402,0.4
KCND3,C0036572,0.4
KCND3,C0264893,0.45
KCND3,C0348626,0.45
KCND3,C0428908,0.45
KCND3,C1142166,0.8
KCND3,C1399226,0.45
KCND3,C1846367,0.85
KCND3,C3714756,0.6
KCND3,C4022738,0.4
KCND3,C4225340,0.6
KCND3,C4551804,0.4
KCND3,C5235656,0.65
KCNH1,C0014544,0.8
KCNH1,C0029463,0.65
KCNH1,C0036572,0.7
KCNH1,C0036857,0.65
KCNH1,C0206639,0.4
KCNH1,C0424503,0.5
KCNH1,C0796013,0.8
KCNH1,C1319315,0.4
KCNH1,C1458155,0.65
KCNH1,C1535926,0.65
KCNH1,C2678486,0.8
KCNH1,C4022737,0.4
KCNH1,C4551773,0.7
KCNH2,C0003811,1.0
KCNH2,C0004238,0.9
KCNH2,C0007194,0.6
KCNH2,C0009375,0.4
KCNH2,C0023976,1.0
KCNH2,C0026846,0.65
KCNH2,C0028754,0.4
KCNH2,C0033975,0.6
KCNH2,C0036341,0.75
KCNH2,C0040479,0.8
KCNH2,C0042514,0.6
KCNH2,C0043202,0.4
KCNH2,C0151878,0.9
KCNH2,C0264886,0.6
KCNH2,C0349204,0.6
KCNH2,C0520806,0.6
KCNH2,C0949658,0.5
KCNH2,C1141890,0.75
KCNH2,C1142166,0.8
KCNH2,C1631597,0.6
KCNH2,C1720824,0.6
KCNH2,C1865018,0.55
KCNH2,C1865019,0.55
KCNH2,C1865020,1.0
KCNH2,C2348199,0.8
KCNH2,C2678485,0.4
KCNH2,C2751898,0.5
KCNH2,C3150943,1.0
KCNH2,C3276240,0.4
KCNH2,C3277700,0.4
KCNH2,C3279092,0.4
KCNH2,C4015214,0.4
KCNH2,C4016248,0.4
KCNH2,C4310749,0.4
KCNH2,C4551647,0.9
KCNH2,C4551804,0.4
KCNJ11,C0011615,0.4
KCNJ11,C0011849,1.0
KCNJ11,C0011854,0.85
KCNJ11,C0011860,1.0
KCNJ11,C0020459,0.9
KCNJ11,C0020555,0.4
KCNJ11,C0020615,0.8
KCNJ11,C0021655,0.5
KCNJ11,C0158981,0.75
KCNJ11,C0158986,0.7
KCNJ11,C0342273,0.8
KCNJ11,C0342276,0.8
KCNJ11,C1833104,0.8
KCNJ11,C1838100,0.6
KCNJ11,C1864623,0.45
KCNJ11,C2675866,0.4
KCNJ11,C2931833,0.6
KCNJ11,C3278636,0.55
KCNJ11,C3888018,0.95
KCNJ11,C3888631,0.65
KCNJ11,C4225365,0.8
KCNJ11,C4274081,0.4
KCNJ11,C4303593,0.8
KCNJ11,C5191060,0.4
KCNJ11,C5191078,0.4
KCNJ11,C5393570,0.55
KCNJ11,C5394296,0.45
KCNJ11,C5680423,0.4
KCNJ2,C0003811,0.8
KCNJ2,C0004238,0.85
KCNJ2,C0007194,0.4
KCNJ2,C0023976,0.8
KCNJ2,C0029574,0.4
KCNJ2,C0030443,0.8
KCNJ2,C0037274,0.4
KCNJ2,C0037277,0.4
KCNJ2,C0038644,0.5
KCNJ2,C0039240,0.4
KCNJ2,C0042510,0.65
KCNJ2,C0042514,0.6
KCNJ2,C0043202,0.4
KCNJ2,C0152021,0.4
KCNJ2,C0311375,0.4
KCNJ2,C1141890,0.65
KCNJ2,C1142166,0.55
KCNJ2,C1563715,1.0
KCNJ2,C1837014,0.4
KCNJ2,C1837812,0.4
KCNJ2,C1843687,0.4
KCNJ2,C1862394,0.4
KCNJ2,C1865018,0.95
KCNJ2,C1865019,0.4
KCNJ2,C1865020,0.5
KCNJ2,C1969099,0.4
KCNJ2,C2348199,0.85
KCNJ2,C2677106,0.4
KCNJ2,C2677294,0.4
KCNJ2,C2751607,0.4
KCNJ2,C3151431,0.5
KCNJ2,C3151464,0.4
KCNJ2,C3279693,0.4
KCNJ2,C3279695,0.4
KCNJ2,C3468561,0.5
KCNJ2,C3809311,0.4
KCNJ2,C3809312,0.4
KCNJ2,C4014269,0.4
KCNJ2,C5574922,0.75
KCNK18,C0149931,0.8
KCNK18,C4225479,0.4
KCNK2,C0011570,0.85
KCNK2,C0011581,0.75
KCNK2,C0178417,0.5
KCNK5,C0038220,0.55
KCNMB1,C0020538,0.85
KCNMB1,C0043094,0.4
KCNMB1,C1837739,0.4
KCNN4,C0007785,0.5
KCNN4,C0010674,0.65
KCNN4,C0018923,0.55
KCNN4,C0027051,0.7
KCNN4,C0272051,0.75
KCNN4,C0854893,0.45
KCNN4,C4225242,0.6
KCNN4,C4551512,0.4
KCNQ3,C0004352,0.7
KCNQ3,C0005586,0.6
KCNQ3,C0036341,0.65
KCNQ3,C0036572,0.75
KCNQ3,C0036857,0.4
KCNQ3,C0220669,0.8
KCNQ3,C0270851,0.7
KCNQ3,C0270853,0.6
KCNQ3,C0376358,0.45
KCNQ3,C0376532,0.6
KCNQ3,C0393706,0.4
KCNQ3,C1510586,0.6
KCNQ3,C1535926,0.65
KCNQ3,C1852581,0.8
KCNQ3,C3714756,0.7
KCNQ3,C4310728,0.4
KCNQ3,C5568766,0.4
KCNQ3,C5575231,0.6
KDM1A,C0007131,0.75
KDM1A,C0009375,0.4
KDM1A,C0020507,0.4
KDM1A,C0025202,0.6
KDM1A,C0027626,0.4
KDM1A,C0079772,0.5
KDM1A,C0557874,0.55
KDM1A,C2062388,0.4
KDM1A,C3658266,0.4
KDM1A,C3658267,0.4
KDM1A,C3714756,0.5
KDM1A,C4022738,0.4
KDM1A,C4225229,0.5
KDM1A,C5567644,0.4
KDM2A,C0007131,0.65
KDM2A,C0009404,0.4
KDM2A,C1535926,0.4
KDM2A,C2931456,0.4
KDM3A,C0006142,0.7
KDM3A,C0007102,0.6
KDM3A,C0007847,0.6
KDM3A,C0007873,0.4
KDM3A,C0376358,0.75
KDM4C,C0004352,0.55
KDM4C,C0006142,0.6
KDM4C,C0007134,0.55
KDM4C,C0014084,0.4
KDM4C,C0018671,0.45
KDM4C,C0024454,0.4
KDM4C,C0025149,0.45
KDM4C,C0025202,0.4
KDM4C,C0079772,0.4
KDM4C,C0206663,0.45
KDM4C,C0236663,0.5
KDM4C,C0279626,0.65
KDM4C,C1334410,0.45
KDM6B,C0008073,0.4
KDM6B,C0010606,0.4
KDM6B,C0025362,0.4
KDM6B,C0221060,0.4
KDM6B,C4022737,0.4
KDM6B,C4022738,0.65
KDM6B,C5193134,0.7
KDM6B,C5680525,0.4
KDR,C0001418,0.75
KDR,C0005684,0.8
KDR,C0005695,0.75
KDR,C0007131,1.0
KDR,C0008449,0.4
KDR,C0009402,0.75
KDR,C0009404,0.75
KDR,C0011881,0.65
KDR,C0014556,0.4
KDR,C0014859,0.7
KDR,C0015414,0.4
KDR,C0017636,0.85
KDR,C0018923,0.75
KDR,C0020538,0.8
KDR,C0024121,0.75
KDR,C0024437,0.55
KDR,C0024623,0.75
KDR,C0027051,0.9
KDR,C0027686,0.5
KDR,C0029422,0.4
KDR,C0030297,0.85
KDR,C0035126,0.45
KDR,C0036341,0.6
KDR,C0038356,0.75
KDR,C0039538,0.4
KDR,C0039685,0.75
KDR,C0041696,0.65
KDR,C0041948,0.4
KDR,C0042487,0.5
KDR,C0085215,0.5
KDR,C0151744,0.75
KDR,C0152013,0.75
KDR,C0153421,0.4
KDR,C0153422,0.4
KDR,C0153423,0.4
KDR,C0153458,0.5
KDR,C0153459,0.5
KDR,C0153460,0.5
KDR,C0153463,0.5
KDR,C0206624,0.4
KDR,C0235974,0.75
KDR,C0271084,0.7
KDR,C0271183,0.4
KDR,C0278878,0.4
KDR,C0279628,0.6
KDR,C0279702,0.85
KDR,C0346073,0.4
KDR,C0346629,0.85
KDR,C0376358,0.75
KDR,C0699790,0.65
KDR,C0854893,0.4
KDR,C0919267,0.9
KDR,C1269683,0.75
KDR,C1319315,0.6
KDR,C1332614,0.55
KDR,C1458155,0.85
KDR,C1514422,0.4
KDR,C1865871,0.45
KDR,C2239176,1.0
KDR,C2937358,0.65
KDR,C2973725,0.65
KDR,C3888239,0.4
KEAP1,C0001308,0.4
KEAP1,C0005398,0.4
KEAP1,C0006142,0.7
KEAP1,C0007131,0.95
KEAP1,C0007134,0.65
KEAP1,C0008312,0.5
KEAP1,C0012242,0.4
KEAP1,C0016978,0.5
KEAP1,C0019189,0.4
KEAP1,C0019209,0.4
KEAP1,C0022593,0.55
KEAP1,C0023892,0.55
KEAP1,C0033578,0.4
KEAP1,C0149519,0.4
KEAP1,C0152013,0.75
KEAP1,C0153452,0.65
KEAP1,C0278806,0.45
KEAP1,C1306571,0.4
KEAP1,C5779622,0.6
KHK,C0268160,1.0
KIF11,C0002938,0.4
KIF11,C0008073,0.55
KIF11,C0024236,0.8
KIF11,C0029124,0.45
KIF11,C0035313,0.45
KIF11,C0035334,0.4
KIF11,C0854723,0.45
KIF11,C1257806,0.6
KIF11,C1535926,0.6
KIF11,C1835265,1.0
KIF11,C2239176,0.75
KIF11,C3278481,0.4
KIF11,C3809686,0.4
KIF11,C4022738,0.4
KIF11,C4551563,0.8
KIF11,C5680332,0.4
KIF20A,C0007196,0.45
KIF20A,C0152021,0.4
KIF20A,C2239176,0.7
KIF20A,C5543638,0.5
KIF20A,C5680139,0.4
KISS1,C0013338,0.5
KISS1,C0020635,0.6
KISS1,C0024232,0.5
KISS1,C0034012,0.8
KISS1,C0038356,0.4
KISS1,C0162809,0.8
KISS1,C0221405,0.5
KISS1,C0242342,0.5
KISS1,C0242343,0.5
KISS1,C0271577,0.5
KISS1,C0271582,0.5
KISS1,C0271623,0.9
KISS1,C0342381,0.5
KISS1,C1168401,0.6
KISS1,C2874188,0.5
KISS1,C2874189,0.5
KISS1,C2874190,0.5
KISS1,C2930619,0.4
KISS1,C3541462,0.65
KISS1,C5680088,0.6
KISS1,C5816761,0.4
KIT,C0007131,0.85
KIT,C0007134,0.9
KIT,C0013377,0.9
KIT,C0023461,0.8
KIT,C0023467,1.0
KIT,C0023487,0.75
KIT,C0024115,0.6
KIT,C0024899,1.0
KIT,C0027643,0.4
KIT,C0027672,0.4
KIT,C0036341,0.45
KIT,C0036631,0.9
KIT,C0039590,0.75
KIT,C0080024,1.0
KIT,C0149782,0.6
KIT,C0149925,0.75
KIT,C0153594,0.65
KIT,C0220641,0.4
KIT,C0221013,1.0
KIT,C0238198,1.0
KIT,C0263402,0.55
KIT,C0278752,0.4
KIT,C0343115,0.65
KIT,C0345967,0.6
KIT,C0392400,0.4
KIT,C0677776,0.4
KIT,C1136033,0.85
KIT,C1140680,0.75
KIT,C1292774,0.4
KIT,C1301365,0.6
KIT,C1319315,0.6
KIT,C1332338,0.4
KIT,C1336708,0.8
KIT,C1458155,0.9
KIT,C2674636,0.75
KIT,C2698309,0.4
KIT,C3897042,0.5
KIT,C4016294,0.4
KIT,C4016297,0.5
KIT,C4509020,0.4
KIT,C4749139,0.4
KIT,C5395080,0.4
KIT,C5546764,0.4
KIT,C5551428,0.75
KIT,C5679949,0.4
KIT,C5680128,0.6
KIT,C5680130,0.4
KIT,C5680682,0.4
KIT,C5680683,0.4
KIT,C5680684,0.4
KITLG,C0007097,0.75
KITLG,C0027430,0.5
KITLG,C0027658,0.4
KITLG,C0028754,0.55
KITLG,C0039590,0.65
KITLG,C0079661,0.4
KITLG,C0151744,0.55
KITLG,C0153461,0.4
KITLG,C0375489,0.4
KITLG,C0452138,0.45
KITLG,C0553707,0.4
KITLG,C0887833,0.4
KITLG,C1136033,0.65
KITLG,C1368683,0.5
KITLG,C1840392,0.9
KITLG,C1847800,0.4
KITLG,C2057625,0.4
KITLG,C2674081,0.45
KITLG,C2700265,0.65
KITLG,C3266898,0.6
KITLG,C4225241,0.5
KITLG,C4277682,0.4
KITLG,C4706423,0.6
KITLG,C5677013,0.45
KITLG,C5680182,0.4
KITLG,C5779548,0.4
KL,C0003850,0.8
KL,C0006663,0.85
KL,C0007780,0.45
KL,C0010054,0.85
KL,C0010068,0.75
KL,C0011860,1.0
KL,C0013990,0.7
KL,C0020437,0.7
KL,C0021359,0.75
KL,C0022658,0.85
KL,C0023186,0.4
KL,C0025261,0.4
KL,C0029456,0.8
KL,C0029574,0.4
KL,C0037274,0.5
KL,C0037277,0.4
KL,C0038019,0.55
KL,C0085681,0.9
KL,C0151744,0.75
KL,C0231341,0.8
KL,C0264694,0.5
KL,C0751265,0.4
KL,C0752140,0.45
KL,C2931105,0.4
KL,C4310232,0.4
KL,C5679978,0.45
KLF1,C0002876,0.7
KLF1,C0018939,0.6
KLF1,C0268595,0.4
KLF1,C0271994,0.5
KLF1,C1292231,0.4
KLF1,C3150805,0.4
KLF1,C3150926,1.0
KLF1,C5190890,0.4
KLF11,C0001973,0.65
KLF11,C0011849,0.6
KLF11,C0011860,0.85
KLF11,C0019209,0.4
KLF11,C0020456,0.45
KLF11,C0342276,0.85
KLF11,C1864839,0.85
KLF11,C3888631,0.55
KLF15,C0033578,0.4
KLF15,C0553980,0.4
KLF2,C0009404,0.4
KLF2,C0024115,0.4
KLF2,C2973725,0.6
KLF4,C0000768,0.4
KLF4,C0018798,0.4
KLF4,C0040053,0.65
KLF4,C0087086,0.4
KLF4,C0151744,0.65
KLF4,C0157916,0.4
KLF4,C0157917,0.4
KLF4,C0157918,0.4
KLF4,C0409667,0.4
KLF4,C1963943,0.4
KLF4,C2239176,0.75
KLF7,C0003467,0.4
KLF7,C0024232,0.4
KLF7,C0683322,0.4
KLF7,C1535926,0.4
KLF7,C1837658,0.4
KLF7,C3532934,0.4
KLF7,C3714756,0.65
KLK1,C0011881,0.4
KLK1,C0016059,0.65
KLK1,C0020538,0.85
KLK1,C0022660,0.6
KLK1,C0022661,0.7
KLK1,C0027051,0.7
KLK1,C0033141,0.45
KLK1,C0036529,0.45
KLK1,C0853897,0.55
KLK1,C0878544,0.45
KLK1,C1565662,0.4
KLK1,C1835808,0.4
KLK1,C2609414,0.6
KLK1,C2973725,0.4
KLK10,C0000786,0.4
KLK10,C0033578,0.45
KLK10,C0038356,0.4
KLK10,C0376358,0.7
KLK10,C0919267,0.7
KLK10,C1458155,0.65
KLK3,C0027643,0.4
KLK3,C0033578,0.85
KLK3,C1334615,0.4
KLK3,C1739363,0.6
KLK4,C0002452,0.9
KLK4,C0011430,0.45
KLK4,C0011436,0.6
KLK4,C0021364,0.5
KLK4,C0028878,0.45
KLK4,C0033578,0.75
KLK4,C0376358,0.8
KLK4,C0399372,0.5
KLK4,C0868847,0.45
KLK4,C2673922,0.5
KLK4,C2981132,0.45
KLK5,C0033578,0.4
KLRB1,C0025202,0.6
KRAS,C0001418,0.95
KRAS,C0001430,0.95
KRAS,C0002871,0.6
KRAS,C0004114,0.85
KRAS,C0005684,1.0
KRAS,C0005695,0.8
KRAS,C0006142,0.95
KRAS,C0007097,0.95
KRAS,C0007131,1.0
KRAS,C0007137,0.95
KRAS,C0007772,0.85
KRAS,C0009375,0.85
KRAS,C0009402,0.85
KRAS,C0009404,1.0
KRAS,C0009405,0.55
KRAS,C0014173,0.75
KRAS,C0014175,0.9
KRAS,C0016978,0.7
KRAS,C0018923,0.75
KRAS,C0019829,0.6
KRAS,C0023449,0.75
KRAS,C0023467,1.0
KRAS,C0023903,0.9
KRAS,C0024121,1.0
KRAS,C0024299,0.9
KRAS,C0024623,1.0
KRAS,C0024624,0.55
KRAS,C0025362,0.6
KRAS,C0026640,0.75
KRAS,C0026764,0.95
KRAS,C0027819,0.8
KRAS,C0028326,1.0
KRAS,C0030297,1.0
KRAS,C0030849,0.5
KRAS,C0033578,0.8
KRAS,C0036631,0.75
KRAS,C0038002,0.55
KRAS,C0038356,0.95
KRAS,C0039538,0.7
KRAS,C0040136,0.9
KRAS,C0042138,0.5
KRAS,C0149782,0.75
KRAS,C0152013,1.0
KRAS,C0152276,0.45
KRAS,C0153452,0.7
KRAS,C0153458,0.7
KRAS,C0153459,0.5
KRAS,C0153460,0.5
KRAS,C0153463,0.5
KRAS,C0153491,0.55
KRAS,C0153492,0.55
KRAS,C0153493,0.55
KRAS,C0158570,0.65
KRAS,C0206682,0.75
KRAS,C0206698,0.85
KRAS,C0206702,0.6
KRAS,C0235974,0.9
KRAS,C0242379,0.9
KRAS,C0279543,0.7
KRAS,C0334082,0.65
KRAS,C0334583,0.6
KRAS,C0345905,0.8
KRAS,C0346153,0.5
KRAS,C0346629,0.85
KRAS,C0349578,0.45
KRAS,C0349579,0.75
KRAS,C0349639,1.0
KRAS,C0406612,0.6
KRAS,C0587248,0.8
KRAS,C0596263,0.95
KRAS,C0598798,0.6
KRAS,C0677776,0.6
KRAS,C0684249,0.8
KRAS,C0699791,0.9
KRAS,C0750935,0.5
KRAS,C0751688,0.6
KRAS,C0887833,0.85
KRAS,C0917804,0.7
KRAS,C0919267,1.0
KRAS,C0949658,0.5
KRAS,C1275081,1.0
KRAS,C1335060,0.5
KRAS,C1335469,0.45
KRAS,C1337013,0.6
KRAS,C1368683,0.6
KRAS,C1458155,0.9
KRAS,C1518872,0.6
KRAS,C1708349,0.5
KRAS,C1708781,0.7
KRAS,C1838329,0.9
KRAS,C1860991,0.65
KRAS,C2239176,0.85
KRAS,C2674723,0.8
KRAS,C2931038,0.7
KRAS,C3539878,0.85
KRAS,C3809005,0.6
KRAS,C3854181,0.75
KRAS,C4552097,0.9
KRAS,C4552100,0.5
KRAS,C5555857,0.75
KRT1,C0007137,0.85
KRT1,C0020757,0.45
KRT1,C0022593,0.6
KRT1,C0037286,0.65
KRT1,C0079153,1.0
KRT1,C0376358,0.6
KRT1,C0751688,0.5
KRT1,C1721006,0.75
KRT1,C1833030,0.75
KRT1,C1835671,0.4
KRT1,C1840296,0.7
KRT1,C1843463,0.65
KRT1,C2931123,0.5
KRT1,C2936837,0.7
KRT1,C3665704,0.65
KRT1,C4707237,0.6
KRT1,C5680142,0.5
KRT1,C5774264,0.45
KRT1,C5781874,0.6
KRT1,C5848159,0.4
KRT10,C0007137,0.8
KRT10,C0011616,0.4
KRT10,C0022593,0.75
KRT10,C0037286,0.65
KRT10,C0079153,0.95
KRT10,C0311375,0.4
KRT10,C0432311,0.5
KRT10,C0751688,0.4
KRT10,C1302848,0.6
KRT10,C1333414,0.6
KRT10,C1843463,0.8
KRT10,C3665704,0.75
KRT10,C5437635,0.5
KRT10,C5781874,0.4
KRT10,C5882671,0.6
KRT10,C5882753,0.4
KRT14,C0007137,0.75
KRT14,C0014527,0.85
KRT14,C0037231,0.4
KRT14,C0040411,0.4
KRT14,C0079295,0.85
KRT14,C0079298,1.0
KRT14,C0079299,0.65
KRT14,C0080333,0.7
KRT14,C0279626,0.6
KRT14,C0343111,0.8
KRT14,C0375489,0.4
KRT14,C0406778,0.8
KRT14,C0432316,0.5
KRT14,C0751688,0.4
KRT14,C1458155,0.75
KRT14,C1851562,0.45
KRT14,C3715082,0.45
KRT14,C4024876,0.45
KRT14,C5561924,0.55
KRT14,C5680184,0.4
KRT14,C5848159,0.4
KRT20,C0001418,0.75
KRT20,C0007528,0.4
KRT20,C0009402,0.75
KRT20,C0038356,0.6
KRT5,C0007097,0.75
KRT5,C0010606,0.4
KRT5,C0014527,0.7
KRT5,C0036095,0.5
KRT5,C0079295,0.7
KRT5,C0079298,1.0
KRT5,C0079299,0.75
KRT5,C0080333,0.75
KRT5,C0206710,0.4
KRT5,C0406811,0.45
KRT5,C0432316,1.0
KRT5,C0553707,0.4
KRT5,C1368295,0.4
KRT5,C1368683,0.4
KRT5,C1458155,0.75
KRT5,C1836284,0.65
KRT5,C3714534,0.85
KRT5,C3715082,0.4
KRT5,C4016235,0.45
KRT5,C4552092,0.5
KRT5,C5561924,0.4
KRT5,C5562009,0.45
KRT5,C5562011,0.45
KRT5,C5562014,0.45
KRT6A,C0265334,0.8
KRT6A,C1706595,0.65
KRT6A,C1721007,0.55
KRT6A,C3714948,0.45
L1CAM,C0003537,0.65
L1CAM,C0003546,0.4
L1CAM,C0007134,0.6
L1CAM,C0007758,0.45
L1CAM,C0018566,0.4
L1CAM,C0020255,0.9
L1CAM,C0020305,0.4
L1CAM,C0030297,0.4
L1CAM,C0031117,0.4
L1CAM,C0036341,0.7
L1CAM,C0037772,0.8
L1CAM,C0037773,0.6
L1CAM,C0153458,0.4
L1CAM,C0153459,0.4
L1CAM,C0153460,0.4
L1CAM,C0153463,0.4
L1CAM,C0234462,0.4
L1CAM,C0234469,0.4
L1CAM,C0234472,0.4
L1CAM,C0234474,0.4
L1CAM,C0234476,0.4
L1CAM,C0234482,0.4
L1CAM,C0234484,0.4
L1CAM,C0265216,1.0
L1CAM,C0338457,0.4
L1CAM,C0454576,0.4
L1CAM,C0557874,0.45
L1CAM,C0677886,0.55
L1CAM,C0750917,0.4
L1CAM,C0750918,0.4
L1CAM,C0750919,0.4
L1CAM,C0750921,0.4
L1CAM,C0751830,0.4
L1CAM,C0795953,1.0
L1CAM,C0973461,0.4
L1CAM,C1839909,0.6
L1CAM,C1844006,0.4
L1CAM,C3278123,0.4
L1CAM,C3714756,0.8
L1CAM,C4748327,0.4
L1CAM,C5231391,0.4
L1CAM,C5779710,0.8
L1CAM,C5779711,0.6
LAMP2,C0007193,0.65
LAMP2,C0007194,0.9
LAMP2,C0038220,0.55
LAMP2,C0878544,0.75
LAMP2,C0878677,1.0
LAMP2,C0949658,0.5
LAMP2,C2216155,0.4
LAMP2,C2717907,0.4
LAMP2,C3714756,0.8
LARS1,C0018784,0.55
LARS1,C0234533,0.4
LARS1,C0271902,0.4
LARS1,C0557874,0.45
LARS1,C3278664,0.4
LARS1,C3809522,0.95
LARS1,C4551563,0.6
LARS1,C4751598,0.4
LAT,C0023895,0.4
LAT,C0085084,0.4
LAT,C0235032,0.4
LAT,C1862939,0.4
LAT,C4479588,0.7
LBP,C0001969,0.5
LBP,C0015230,0.4
LBP,C0026766,0.6
LBP,C0028754,0.85
LBP,C0038325,0.4
LBP,C0043094,0.55
LBP,C0243026,0.85
LBP,C0524620,0.7
LBP,C3541994,0.4
LBP,C4277682,0.4
LCK,C0085110,0.6
LCK,C4014233,0.8
LCK,C5191006,0.4
LCN2,C0003873,0.6
LCN2,C0005283,0.65
LCN2,C0006663,0.65
LCN2,C0007570,0.6
LCN2,C0011616,0.5
LCN2,C0018824,0.6
LCN2,C0021368,0.95
LCN2,C0022658,0.85
LCN2,C0022660,0.9
LCN2,C0022661,0.8
LCN2,C0035222,0.65
LCN2,C0036341,0.65
LCN2,C0042029,0.9
LCN2,C0079485,0.4
LCN2,C1565662,0.65
LCN2,C2609414,1.0
LCN2,C4277682,0.5
LCT,C0022951,0.9
LCT,C0035222,0.4
LCT,C0268179,1.0
LDHA,C0005586,0.7
LDHA,C0011570,0.6
LDHA,C0027051,0.65
LDHA,C0027080,0.65
LDHA,C0030297,0.5
LDHA,C0033141,0.4
LDHA,C0036529,0.4
LDHA,C0041696,0.5
LDHA,C0152013,0.85
LDHA,C0153458,0.4
LDHA,C0153459,0.4
LDHA,C0153460,0.4
LDHA,C0153463,0.4
LDHA,C0162557,0.5
LDHA,C0525045,0.5
LDHA,C0878544,0.4
LDHA,C1269683,0.5
LDHA,C1335060,0.4
LDHA,C2931743,0.65
LDHA,C3495427,0.4
LDLR,C0002395,0.85
LDLR,C0003850,0.7
LDLR,C0004153,1.0
LDLR,C0010054,1.0
LDLR,C0010068,0.85
LDLR,C0015695,0.8
LDLR,C0015696,0.5
LDLR,C0018553,0.5
LDLR,C0019196,0.75
LDLR,C0019209,0.4
LDLR,C0020443,1.0
LDLR,C0020445,1.0
LDLR,C0020473,0.95
LDLR,C0020476,0.7
LDLR,C0020479,0.75
LDLR,C0020507,0.65
LDLR,C0023890,0.5
LDLR,C0028754,0.75
LDLR,C0034362,0.4
LDLR,C0085084,0.4
LDLR,C0085762,0.5
LDLR,C0151744,0.85
LDLR,C0242339,0.85
LDLR,C0264694,0.45
LDLR,C0338480,0.55
LDLR,C0342881,0.9
LDLR,C0400966,0.85
LDLR,C0745103,0.95
LDLR,C1704417,0.85
LDLR,C1862939,0.4
LDLR,C1863512,0.75
LDLR,C2677903,0.4
LDLR,C3241937,0.65
LDLR,C4025650,0.4
LDLR,C4229399,0.4
LDLR,C4277682,0.4
LEF1,C0009375,0.4
LEF1,C0009402,0.7
LEF1,C0023434,0.75
LEF1,C0027626,0.4
LEF1,C0036503,0.65
LEF1,C0206710,0.4
LEF1,C0265554,0.4
LEF1,C0919267,0.55
LEF1,C1140680,0.55
LEF1,C1299247,0.45
LEF1,C1368295,0.4
LEF1,C1458155,0.65
LEF1,C1851849,0.4
LEF1,C4228778,0.4
LEP,C0001973,0.75
LEP,C0002395,0.9
LEP,C0004352,0.7
LEP,C0009375,0.55
LEP,C0011570,0.85
LEP,C0011581,0.85
LEP,C0011860,1.0
LEP,C0015695,0.9
LEP,C0015696,0.6
LEP,C0018800,0.4
LEP,C0019209,0.4
LEP,C0019337,0.5
LEP,C0020443,0.8
LEP,C0020456,0.85
LEP,C0020459,1.0
LEP,C0020505,0.9
LEP,C0020507,0.75
LEP,C0020538,1.0
LEP,C0020619,0.9
LEP,C0021361,0.5
LEP,C0021368,0.95
LEP,C0021655,1.0
LEP,C0023487,0.55
LEP,C0023891,0.65
LEP,C0024117,0.9
LEP,C0027746,0.65
LEP,C0028754,1.0
LEP,C0028756,0.85
LEP,C0029456,0.9
LEP,C0032460,0.95
LEP,C0032617,0.4
LEP,C0033578,0.75
LEP,C0033687,0.75
LEP,C0033975,0.7
LEP,C0035222,0.65
LEP,C0035455,0.55
LEP,C0036341,0.8
LEP,C0038358,0.65
LEP,C0039231,0.4
LEP,C0043094,0.95
LEP,C0085207,1.0
LEP,C0085602,0.55
LEP,C0149745,0.4
LEP,C0156147,0.4
LEP,C0221765,0.6
LEP,C0236663,0.65
LEP,C0241910,0.6
LEP,C0271650,0.9
LEP,C0349204,0.6
LEP,C0400966,1.0
LEP,C0524620,1.0
LEP,C0556385,0.6
LEP,C0600519,0.5
LEP,C1262477,0.95
LEP,C1269683,0.8
LEP,C1332355,0.4
LEP,C1458155,0.85
LEP,C2239176,0.9
LEP,C3241937,0.8
LEP,C3554224,1.0
LEP,C4016279,0.4
LEPR,C0001925,0.55
LEPR,C0005940,0.4
LEPR,C0007193,0.55
LEPR,C0010054,0.75
LEPR,C0010068,0.65
LEPR,C0011849,0.8
LEPR,C0011860,1.0
LEPR,C0011881,0.7
LEPR,C0011882,0.4
LEPR,C0015695,0.65
LEPR,C0015696,0.4
LEPR,C0016059,0.65
LEPR,C0017639,0.4
LEPR,C0018206,0.4
LEPR,C0019209,0.4
LEPR,C0020429,0.4
LEPR,C0020456,0.8
LEPR,C0020459,0.85
LEPR,C0020473,0.5
LEPR,C0020476,0.4
LEPR,C0020505,0.85
LEPR,C0020538,0.85
LEPR,C0020542,0.55
LEPR,C0020619,0.55
LEPR,C0021051,0.5
LEPR,C0021359,0.75
LEPR,C0021361,0.4
LEPR,C0021655,0.8
LEPR,C0022658,0.65
LEPR,C0024117,0.65
LEPR,C0025521,0.4
LEPR,C0027697,0.4
LEPR,C0028754,1.0
LEPR,C0028756,0.85
LEPR,C0029227,0.4
LEPR,C0029456,0.7
LEPR,C0029493,0.4
LEPR,C0029771,0.4
LEPR,C0033141,0.4
LEPR,C0033687,0.55
LEPR,C0034012,0.6
LEPR,C0035078,0.4
LEPR,C0035243,0.55
LEPR,C0036529,0.4
LEPR,C0043094,0.75
LEPR,C0085207,0.8
LEPR,C0085215,0.5
LEPR,C0151744,0.55
LEPR,C0162770,0.4
LEPR,C0242339,0.7
LEPR,C0242698,0.4
LEPR,C0264694,0.45
LEPR,C0271650,0.7
LEPR,C0334401,0.4
LEPR,C0400966,0.8
LEPR,C0497406,0.8
LEPR,C0520679,0.75
LEPR,C0853897,0.65
LEPR,C0878544,0.4
LEPR,C1458155,0.75
LEPR,C2239176,0.8
LEPR,C3241937,0.75
LEPR,C3554224,0.65
LEPR,C3554225,0.5
LEPR,C3888631,0.4
LEPR,C4054476,0.5
LEPR,C5191640,0.4
LEPR,C5680513,0.4
LGALS3,C0000786,0.5
LGALS3,C0002940,0.5
LGALS3,C0004096,0.75
LGALS3,C0014859,0.6
LGALS3,C0016059,0.95
LGALS3,C0025202,0.85
LGALS3,C0027051,0.85
LGALS3,C0027540,0.65
LGALS3,C0027697,0.6
LGALS3,C0038356,0.6
LGALS3,C0042373,0.6
LGALS3,C0157946,0.4
LGALS3,C0752127,0.4
LGALS3,C0752130,0.4
LGALS3,C1536220,0.8
LGALS3,C4277682,0.4
LHB,C0008043,0.4
LHB,C0020514,0.4
LHB,C0020538,0.4
LHB,C0020619,0.4
LHB,C0020672,0.4
LHB,C0021361,0.4
LHB,C0021364,0.4
LHB,C0023601,0.4
LHB,C0028043,0.4
LHB,C0032460,0.5
LHB,C0034012,0.55
LHB,C0034013,0.4
LHB,C0039231,0.4
LHB,C0085762,0.4
LHB,C0236736,0.4
LHB,C0238395,0.45
LHB,C0271582,0.7
LHB,C0334410,0.4
LHB,C0428977,0.4
LHB,C0495578,0.45
LHB,C2910379,0.45
LIF,C0000786,0.55
LIF,C0011206,0.6
LIF,C0011570,0.55
LIF,C0011581,0.55
LIF,C0018800,0.4
LIF,C0021361,0.5
LIF,C0032460,0.65
LIF,C0400966,0.65
LIF,C0752351,0.4
LIF,C1262477,0.55
LIF,C1720887,0.4
LIF,C3241937,0.6
LIN28A,C0027626,0.4
LIN28B,C0027819,1.0
LIPE,C0006142,0.5
LIPE,C0020538,0.6
LIPE,C0271694,0.5
LIPE,C1720859,0.4
LIPE,C1720860,0.4
LIPE,C1720861,0.4
LIPE,C4014869,0.7
LIPG,C0007222,0.7
LIPG,C0007785,0.45
LIPG,C0010054,0.75
LIPG,C0010068,0.65
LIPG,C0027051,0.6
LIPG,C0151744,0.45
LIPG,C0264694,0.45
LMNB1,C0152013,0.6
LMNB1,C0205711,0.5
LMNB1,C1335060,0.4
LMNB1,C1868512,0.85
LMNB1,C3164344,0.55
LMNB1,C3711387,0.4
LMNB1,C4551563,0.65
LMNB1,C4755316,0.4
LMNB1,C5543048,0.5
LMNB1,C5680774,0.4
LORICRIN,C0007137,0.6
LORICRIN,C0037286,0.5
LORICRIN,C0751688,0.4
LORICRIN,C1858805,0.85
LORICRIN,C5681261,0.4
LOX,C0003504,0.45
LOX,C0008312,0.5
LOX,C0009782,0.6
LOX,C0010495,0.7
LOX,C0013720,0.55
LOX,C0019163,0.4
LOX,C0019196,0.4
LOX,C0019202,0.5
LOX,C0020538,0.7
LOX,C0020542,0.65
LOX,C0022716,0.7
LOX,C0023890,0.6
LOX,C0023892,0.4
LOX,C0029171,0.5
LOX,C0029172,0.6
LOX,C0029463,0.6
LOX,C0032227,0.4
LOX,C0034067,0.65
LOX,C0037116,0.4
LOX,C0086468,0.4
LOX,C0155568,0.4
LOX,C0162872,0.7
LOX,C0206639,0.4
LOX,C0241868,0.4
LOX,C0264774,0.4
LOX,C0338106,0.4
LOX,C0345050,0.4
LOX,C0424503,0.4
LOX,C1836651,0.4
LOX,C4021784,0.4
LOX,C4024853,0.4
LOX,C4284414,0.45
LOX,C4707243,0.5
LPIN1,C0009402,0.4
LPIN1,C0085679,0.4
LPIN1,C1849386,0.65
LPIN1,C4274324,0.4
LPL,C0002395,0.8
LPL,C0007097,0.4
LPL,C0007222,0.9
LPL,C0007570,0.4
LPL,C0009375,0.4
LPL,C0010054,1.0
LPL,C0010068,0.85
LPL,C0011860,1.0
LPL,C0019196,0.6
LPL,C0020443,1.0
LPL,C0020445,0.75
LPL,C0020473,1.0
LPL,C0020474,0.8
LPL,C0020476,0.85
LPL,C0020538,0.8
LPL,C0020557,1.0
LPL,C0023817,1.0
LPL,C0026848,0.7
LPL,C0027051,1.0
LPL,C0027540,0.4
LPL,C0028754,0.9
LPL,C0030305,0.85
LPL,C0033141,0.4
LPL,C0033578,0.6
LPL,C0036341,0.6
LPL,C0036529,0.4
LPL,C0151744,0.85
LPL,C0206710,0.4
LPL,C0242339,0.85
LPL,C0264694,0.5
LPL,C0553707,0.4
LPL,C0813230,0.85
LPL,C0878544,0.65
LPL,C1368295,0.4
LPL,C1368683,0.4
LPL,C1449563,0.4
LPL,C1855498,0.65
LPL,C1969232,0.4
LPL,C4016424,0.4
LPO,C0398595,0.4
LPO,C1863052,0.4
LRIG1,C0004238,0.55
LRP1,C0002395,0.9
LRP1,C0008073,0.5
LRP1,C0009402,0.75
LRP1,C0018818,0.4
LRP1,C0027051,0.65
LRP1,C0027868,0.4
LRP1,C0036341,0.65
LRP1,C0041696,0.5
LRP1,C0149931,0.85
LRP1,C0149940,0.45
LRP1,C0243002,0.4
LRP1,C0263383,0.55
LRP1,C0263428,0.8
LRP1,C0263429,0.4
LRP1,C0338480,0.65
LRP1,C0343057,0.4
LRP1,C0376358,0.65
LRP1,C0557874,0.4
LRP1,C1269683,0.5
LRP1,C1510586,0.6
LRP1,C5882750,0.5
LRP5,C0004608,0.45
LRP5,C0011989,0.5
LRP5,C0016658,0.8
LRP5,C0022680,0.6
LRP5,C0026010,0.6
LRP5,C0029124,0.45
LRP5,C0029434,0.65
LRP5,C0029453,0.8
LRP5,C0029456,1.0
LRP5,C0029458,0.5
LRP5,C0029464,0.65
LRP5,C0035344,0.65
LRP5,C0042870,0.4
LRP5,C0085413,0.6
LRP5,C0158447,0.65
LRP5,C0158683,0.65
LRP5,C0221356,0.45
LRP5,C0242852,0.5
LRP5,C0339527,0.4
LRP5,C0339539,0.8
LRP5,C0344290,0.45
LRP5,C0432252,1.0
LRP5,C0432272,0.6
LRP5,C0432273,0.9
LRP5,C0854723,0.5
LRP5,C0887850,0.45
LRP5,C1314665,0.45
LRP5,C1843323,0.4
LRP5,C1843330,0.95
LRP5,C1846442,0.4
LRP5,C1851402,0.7
LRP5,C1866079,0.45
LRP5,C1866080,0.75
LRP5,C1866176,0.6
LRP5,C4016838,0.4
LRP5,C4016839,0.4
LRP5,C4016840,0.4
LRP5,C4255088,0.6
LRP5,C4302818,0.4
LRP5,C4551563,0.45
LRP5,C4551853,0.4
LRP5,C4693479,0.6
LRP5,C5567241,0.45
LRP6,C0020608,0.65
LRP6,C0022578,0.4
LRP6,C0085413,0.4
LRP6,C0158683,0.4
LRP6,C0271183,0.4
LRP6,C0349588,0.4
LRP6,C0376358,0.6
LRP6,C0399352,0.4
LRP6,C1527349,0.4
LRP6,C1849923,0.4
LRP6,C1857042,0.4
LRP6,C1970440,0.5
LRP6,C3266076,0.55
LRP6,C3539878,0.6
LRP6,C4024202,0.75
LRP6,C4082304,0.75
LRP6,C4225231,0.45
LRP6,C4551563,0.4
LRRK2,C0005745,0.4
LRRK2,C0007134,0.4
LRRK2,C0014175,0.4
LRRK2,C0026837,0.65
LRRK2,C0027746,0.95
LRRK2,C0030567,1.0
LRRK2,C0033922,0.4
LRRK2,C0087012,0.5
LRRK2,C0156147,0.45
LRRK2,C0221163,0.4
LRRK2,C0242422,1.0
LRRK2,C0338451,0.6
LRRK2,C1262477,0.45
LRRK2,C1335167,0.4
LRRK2,C1335177,0.4
LRRK2,C1835932,0.4
LRRK2,C1846862,0.9
LRRK2,C1861689,0.4
LRRK2,C3160718,0.85
LRRK2,C3697680,0.4
LRRK2,C4274355,0.65
LRRK2,C4275179,0.7
LRRK2,C4551584,0.4
LTA,C0002631,0.4
LTA,C0003872,0.65
LTA,C0004096,0.9
LTA,C0006142,0.65
LTA,C0007103,0.55
LTA,C0007273,0.45
LTA,C0007785,0.65
LTA,C0008495,0.5
LTA,C0010054,0.9
LTA,C0010068,0.7
LTA,C0010674,0.6
LTA,C0011608,0.6
LTA,C0011854,0.85
LTA,C0011860,1.0
LTA,C0011884,0.8
LTA,C0014170,0.45
LTA,C0014743,0.55
LTA,C0017638,0.55
LTA,C0018213,0.8
LTA,C0019151,0.4
LTA,C0020459,0.65
LTA,C0020517,0.7
LTA,C0023290,0.7
LTA,C0023343,0.65
LTA,C0027051,0.85
LTA,C0030246,0.5
LTA,C0033860,0.9
LTA,C0035222,0.65
LTA,C0036205,0.45
LTA,C0036341,0.6
LTA,C0036421,0.7
LTA,C0041327,0.55
LTA,C0041466,0.55
LTA,C0086981,0.45
LTA,C0149512,0.5
LTA,C0151744,0.65
LTA,C0242852,0.65
LTA,C0243026,0.75
LTA,C0264694,0.55
LTA,C0278752,0.4
LTA,C0279626,0.6
LTA,C0345967,0.5
LTA,C0392400,0.4
LTA,C0555198,0.4
LTA,C1275592,0.4
LTA,C1328252,0.55
LTA,C1332338,0.4
LTA,C1527336,0.65
LTA4H,C0004153,0.65
LTA4H,C0011570,0.5
LTA4H,C0011581,0.5
LTC4S,C0013182,0.4
LTC4S,C0023487,0.4
LTC4S,C1859648,0.4
LTC4S,C3279662,0.45
LY96,C0003873,0.65
LY96,C0007097,0.5
LY96,C0008370,0.4
LY96,C0009404,0.4
LY96,C0553707,0.4
LY96,C1368683,0.4
LYN,C0019693,0.4
LYN,C5830525,0.45
LYVE1,C2239176,0.6
LYZ,C0268389,0.75
LYZ,C5680270,0.6
LYZ,C5935572,0.45
MADCAM1,C0009319,0.75
MADCAM1,C0029513,0.4
MADD,C0004352,0.4
MADD,C5436579,0.5
MADD,C5436585,0.5
MADD,C5568766,0.4
MADD,C5680029,0.4
MAFA,C1578917,0.7
MAFA,C4015436,0.4
MAFG,C0008372,0.4
MAFG,C0677776,0.4
MALAT1,C0236663,0.5
MAN2B1,C0010278,0.45
MAN2B1,C0017661,0.4
MAN2B1,C0024748,1.0
MAN2B1,C0027070,0.4
MAN2B1,C0342847,0.4
MAN2B1,C1855114,0.4
MAN2B1,C3714756,0.65
MAN2B1,C5679974,0.4
MAOA,C0001973,0.75
MAOA,C0002395,0.8
MAOA,C0003431,0.75
MAOA,C0004352,0.8
MAOA,C0004936,0.75
MAOA,C0005586,0.8
MAOA,C0005587,0.6
MAOA,C0006142,0.6
MAOA,C0011570,0.85
MAOA,C0011581,0.85
MAOA,C0013415,0.5
MAOA,C0014175,0.5
MAOA,C0019151,0.5
MAOA,C0020179,0.6
MAOA,C0020649,0.4
MAOA,C0026848,0.5
MAOA,C0029227,0.4
MAOA,C0030319,0.75
MAOA,C0030567,0.85
MAOA,C0031511,0.5
MAOA,C0033054,0.4
MAOA,C0033975,0.6
MAOA,C0036341,0.75
MAOA,C0041696,0.75
MAOA,C0085762,0.7
MAOA,C0270458,0.6
MAOA,C0525045,0.8
MAOA,C0600427,0.5
MAOA,C0745744,0.4
MAOA,C0796275,1.0
MAOA,C1257877,0.4
MAOA,C1269683,0.85
MAOA,C1285261,0.4
MAOA,C1510586,0.8
MAOA,C1839707,0.4
MAOA,C2063866,0.6
MAOA,C2362914,0.65
MAOA,C3714756,0.65
MAOA,C4310831,0.4
MAOB,C0001973,0.7
MAOB,C0002395,0.95
MAOB,C0002888,0.4
MAOB,C0004352,0.6
MAOB,C0005586,0.7
MAOB,C0009375,0.4
MAOB,C0011570,0.85
MAOB,C0011581,0.85
MAOB,C0014175,0.4
MAOB,C0019151,0.65
MAOB,C0020179,0.65
MAOB,C0020649,0.4
MAOB,C0030567,1.0
MAOB,C0031511,0.4
MAOB,C0036341,0.75
MAOB,C0041696,0.65
MAOB,C0525045,0.6
MAOB,C1257877,0.4
MAOB,C1269683,0.75
MAOB,C2936349,0.4
MAP1B,C0009402,0.4
MAP1B,C0026827,0.4
MAP1B,C0034194,0.4
MAP1B,C0338656,0.4
MAP1B,C0344482,0.45
MAP1B,C0424503,0.4
MAP1B,C0557874,0.45
MAP1B,C1263846,0.45
MAP1B,C1510586,0.65
MAP1B,C1535926,0.4
MAP1B,C1839858,0.4
MAP1B,C1848213,0.4
MAP1B,C1860819,0.4
MAP1B,C1868720,0.85
MAP1B,C2243051,0.4
MAP1B,C2752071,0.4
MAP1B,C5394503,0.45
MAP1B,C5676951,0.6
MAP1B,C5779548,0.4
MAP1LC3A,C0017636,0.7
MAP1LC3A,C0278878,0.4
MAP1LC3A,C1514422,0.4
MAP1LC3B,C0037929,0.4
MAP1LC3B,C0038187,0.4
MAP1LC3B,C0751651,0.4
MAP1LC3B,C4277682,0.4
MAP2,C0000786,0.4
MAP2,C0005586,0.7
MAP2,C0009402,0.4
MAP2,C0030567,0.6
MAP2,C0035372,0.6
MAP2,C0041696,0.6
MAP2,C0157916,0.4
MAP2,C0157917,0.4
MAP2,C0157918,0.4
MAP2,C0409667,0.4
MAP2,C0525045,0.7
MAP2,C0752347,0.65
MAP2,C1269683,0.7
MAP2K1,C0003857,0.65
MAP2K1,C0007131,0.9
MAP2K1,C0007134,0.85
MAP2K1,C0007786,0.45
MAP2K1,C0017638,0.8
MAP2K1,C0018801,0.65
MAP2K1,C0018802,0.65
MAP2K1,C0019621,0.7
MAP2K1,C0023443,0.75
MAP2K1,C0025202,0.95
MAP2K1,C0025239,0.9
MAP2K1,C0028326,0.9
MAP2K1,C0033578,0.75
MAP2K1,C0041696,0.6
MAP2K1,C0149782,0.4
MAP2K1,C0152013,0.9
MAP2K1,C0158570,0.65
MAP2K1,C0175704,0.6
MAP2K1,C0278803,0.45
MAP2K1,C0281361,0.6
MAP2K1,C0555198,0.7
MAP2K1,C0587248,0.75
MAP2K1,C1269683,0.6
MAP2K1,C1275081,1.0
MAP2K1,C1335060,0.45
MAP2K1,C1510586,0.4
MAP2K1,C2063866,0.5
MAP2K1,C2931456,0.4
MAP2K1,C3149631,0.45
MAP2K1,C3809006,0.7
MAP2K1,C4551602,0.4
MAP2K1,C5555857,0.75
MAP2K1,C5574870,0.4
MAP2K1,C5681165,0.4
MAP2K1,C5681679,0.4
MAP2K2,C0010606,0.4
MAP2K2,C0020649,0.4
MAP2K2,C0025202,0.7
MAP2K2,C0026267,0.4
MAP2K2,C0028326,0.8
MAP2K2,C0030193,0.4
MAP2K2,C0033578,0.4
MAP2K2,C0149931,0.4
MAP2K2,C0175704,0.5
MAP2K2,C0240635,0.45
MAP2K2,C0278803,0.45
MAP2K2,C0349588,0.45
MAP2K2,C0423757,0.4
MAP2K2,C0424503,0.55
MAP2K2,C0587248,0.6
MAP2K2,C1275081,0.95
MAP2K2,C1858085,0.4
MAP2K2,C2931482,0.4
MAP2K2,C3809007,0.65
MAP2K2,C4551602,0.4
MAP2K2,C4552543,0.4
MAP2K2,C5555857,0.65
MAP2K2,C5681679,0.4
MAP2K4,C0005684,0.45
MAP2K4,C0005695,0.45
MAP2K4,C0007131,0.6
MAP2K4,C0009404,0.4
MAP2K4,C0024624,0.4
MAP2K4,C0030297,0.45
MAP2K4,C0149782,0.4
MAP2K4,C0153392,0.4
MAP2K4,C0153393,0.4
MAP2K4,C0153394,0.4
MAP2K4,C0153395,0.4
MAP2K4,C0153396,0.4
MAP2K4,C0153458,0.45
MAP2K4,C0153459,0.45
MAP2K4,C0153460,0.45
MAP2K4,C0153463,0.45
MAP2K4,C0153491,0.4
MAP2K4,C0153492,0.4
MAP2K4,C0153493,0.4
MAP2K4,C0278883,0.4
MAP2K4,C0346629,0.6
MAP2K4,C1319315,0.4
MAP2K4,C1335177,0.6
MAP2K4,C1535926,0.4
MAP2K5,C0005910,0.45
MAP2K5,C0011581,0.5
MAP2K5,C0033578,0.65
MAP2K5,C0154536,0.4
MAP2K7,C0007131,0.55
MAP2K7,C0016059,0.4
MAP2K7,C0018801,0.55
MAP2K7,C0018802,0.55
MAP2K7,C0024121,0.55
MAP2K7,C0036341,0.7
MAP2K7,C0152013,0.5
MAP2K7,C0338106,0.45
MAP2K7,C0684249,0.4
MAP2K7,C1319315,0.4
MAP2K7,C1335060,0.4
MAP2K7,C1458155,0.5
MAP3K1,C0006142,0.85
MAP3K1,C0007113,0.45
MAP3K1,C0007131,0.6
MAP3K1,C0024623,0.65
MAP3K1,C0033578,0.4
MAP3K1,C0038356,0.45
MAP3K1,C0153421,0.45
MAP3K1,C0153422,0.45
MAP3K1,C0153423,0.45
MAP3K1,C0279626,0.5
MAP3K1,C0919267,0.5
MAP3K1,C0949022,0.45
MAP3K1,C1384666,0.55
MAP3K1,C1458155,0.6
MAP3K1,C2930619,0.4
MAP3K1,C2936694,0.4
MAP3K1,C3151064,0.6
MAP3K1,C3887873,0.4
MAP3K1,C4510744,0.4
MAP3K11,C5681261,0.4
MAP3K20,C0175709,0.4
MAP3K20,C0546264,0.4
MAP3K20,C2931019,0.4
MAP3K20,C4540345,0.7
MAP3K20,C5567487,0.6
MAP3K5,C0011849,0.75
MAP3K5,C0020179,0.65
MAP3K5,C0025202,0.6
MAP3K5,C0030567,0.65
MAP3K5,C0033141,0.4
MAP3K5,C0036529,0.4
MAP3K5,C0878544,0.5
MAP3K5,C4277682,0.4
MAPK1,C0004941,0.4
MAPK1,C0005398,0.4
MAPK1,C0005586,0.65
MAPK1,C0007112,0.5
MAPK1,C0007134,0.9
MAPK1,C0007137,0.75
MAPK1,C0007786,0.6
MAPK1,C0017639,0.4
MAPK1,C0018671,0.5
MAPK1,C0018798,0.65
MAPK1,C0019829,0.6
MAPK1,C0020429,0.65
MAPK1,C0020542,0.5
MAPK1,C0020564,0.75
MAPK1,C0021361,0.4
MAPK1,C0022340,0.4
MAPK1,C0022665,0.65
MAPK1,C0022797,0.4
MAPK1,C0024121,0.75
MAPK1,C0025202,0.95
MAPK1,C0027626,0.4
MAPK1,C0027746,0.65
MAPK1,C0027877,0.4
MAPK1,C0030567,0.8
MAPK1,C0033141,0.4
MAPK1,C0034531,0.4
MAPK1,C0036341,0.75
MAPK1,C0036529,0.4
MAPK1,C0036920,0.4
MAPK1,C0038356,0.6
MAPK1,C0040136,0.85
MAPK1,C0040997,0.55
MAPK1,C0155862,0.55
MAPK1,C0157916,0.4
MAPK1,C0157917,0.4
MAPK1,C0157918,0.4
MAPK1,C0178417,0.55
MAPK1,C0236736,0.4
MAPK1,C0243026,0.65
MAPK1,C0279763,0.45
MAPK1,C0338106,0.65
MAPK1,C0349588,0.6
MAPK1,C0409667,0.4
MAPK1,C0424503,0.4
MAPK1,C0751383,0.5
MAPK1,C0751688,0.4
MAPK1,C0878544,0.65
MAPK1,C0919267,0.75
MAPK1,C1153706,0.45
MAPK1,C1175175,0.5
MAPK1,C1319315,0.6
MAPK1,C1336905,0.45
MAPK1,C2243051,0.4
MAPK1,C3714756,0.75
MAPK1,C4025790,0.4
MAPK1,C4518343,0.4
MAPK1,C4551563,0.65
MAPK1,C5436773,0.6
MAPK1,C5551375,0.4
MAPK10,C0018801,0.4
MAPK10,C0018802,0.4
MAPK10,C0281361,0.4
MAPK10,C0376358,0.5
MAPK10,C0543888,0.4
MAPK10,C3807541,0.4
MAPK11,C0033141,0.4
MAPK11,C0036529,0.4
MAPK11,C0878544,0.4
MAPK11,C2200127,0.4
MAPK13,C0008370,0.4
MAPK14,C0005398,0.4
MAPK14,C0007102,0.75
MAPK14,C0007113,0.45
MAPK14,C0008312,0.4
MAPK14,C0008370,0.4
MAPK14,C0009402,0.75
MAPK14,C0019209,0.4
MAPK14,C0023892,0.4
MAPK14,C0023903,0.5
MAPK14,C0024121,0.65
MAPK14,C0024809,0.5
MAPK14,C0033141,0.4
MAPK14,C0036341,0.6
MAPK14,C0036529,0.4
MAPK14,C0086132,0.65
MAPK14,C0151744,0.6
MAPK14,C0152013,0.65
MAPK14,C0153392,0.4
MAPK14,C0153393,0.4
MAPK14,C0153394,0.4
MAPK14,C0153395,0.4
MAPK14,C0153396,0.4
MAPK14,C0233477,0.55
MAPK14,C0278701,0.4
MAPK14,C0279543,0.6
MAPK14,C0338715,0.5
MAPK14,C0878544,0.65
MAPK14,C0949022,0.45
MAPK14,C1306571,0.4
MAPK15,C0005684,0.4
MAPK15,C0005695,0.4
MAPK3,C0004352,0.65
MAPK3,C0005398,0.4
MAPK3,C0007137,0.65
MAPK3,C0007786,0.55
MAPK3,C0008073,0.4
MAPK3,C0011570,0.65
MAPK3,C0011581,0.65
MAPK3,C0017639,0.4
MAPK3,C0018671,0.4
MAPK3,C0020429,0.4
MAPK3,C0020542,0.55
MAPK3,C0020564,0.65
MAPK3,C0021361,0.4
MAPK3,C0022340,0.4
MAPK3,C0022665,0.4
MAPK3,C0022797,0.4
MAPK3,C0024121,0.75
MAPK3,C0027626,0.4
MAPK3,C0027746,0.4
MAPK3,C0027877,0.4
MAPK3,C0030567,0.65
MAPK3,C0033141,0.4
MAPK3,C0033578,0.4
MAPK3,C0034531,0.4
MAPK3,C0036341,0.7
MAPK3,C0036529,0.4
MAPK3,C0038356,0.5
MAPK3,C0040997,0.4
MAPK3,C0153461,0.4
MAPK3,C0155862,0.4
MAPK3,C0236736,0.4
MAPK3,C0243026,0.4
MAPK3,C0279763,0.45
MAPK3,C0333641,0.4
MAPK3,C0338106,0.55
MAPK3,C0751383,0.5
MAPK3,C0751688,0.4
MAPK3,C0878544,0.55
MAPK3,C0887833,0.4
MAPK3,C0919267,0.7
MAPK3,C1153706,0.55
MAPK3,C1175175,0.4
MAPK3,C1319315,0.4
MAPK3,C1336905,0.45
MAPK3,C5551375,0.4
MAPK7,C0020429,0.4
MAPK7,C2700406,0.5
MAPK8,C0005398,0.4
MAPK8,C0006845,0.55
MAPK8,C0011570,0.65
MAPK8,C0011581,0.65
MAPK8,C0011615,0.65
MAPK8,C0011860,0.9
MAPK8,C0020429,0.65
MAPK8,C0034885,0.45
MAPK8,C0035126,0.7
MAPK8,C0036341,0.75
MAPK8,C0038356,0.5
MAPK8,C0040997,0.4
MAPK8,C0162557,0.65
MAPK8,C0162871,0.7
MAPK8,C0279702,0.65
MAPK8,C1302401,0.45
MAPK8,C1621958,0.7
MAPK9,C0005398,0.4
MAPK9,C0009404,0.4
MAPK9,C0011860,0.7
MAPK9,C0020429,0.4
MAPK9,C0022116,0.55
MAPK9,C0033578,0.4
MAPK9,C0035126,0.4
MAPK9,C0040997,0.4
MAPK9,C0281361,0.45
MAPK9,C0346629,0.6
MAPK9,C1168401,0.4
MAPK9,C1319315,0.4
MAPKAP1,C1140680,0.6
MAPKAPK2,C1535926,0.4
MAPT,C0002395,1.0
MAPT,C0003469,0.75
MAPT,C0004134,0.4
MAPT,C0004238,0.65
MAPT,C0014556,0.8
MAPT,C0023186,0.4
MAPT,C0025261,0.55
MAPT,C0029227,0.45
MAPT,C0029410,0.55
MAPT,C0030567,1.0
MAPT,C0033141,0.4
MAPT,C0036529,0.4
MAPT,C0038002,0.4
MAPT,C0038868,1.0
MAPT,C0043094,0.4
MAPT,C0154319,0.45
MAPT,C0233794,0.9
MAPT,C0234985,0.9
MAPT,C0236642,1.0
MAPT,C0242422,1.0
MAPT,C0264490,0.4
MAPT,C0338451,1.0
MAPT,C0338462,0.75
MAPT,C0376358,0.65
MAPT,C0393571,0.85
MAPT,C0497327,1.0
MAPT,C0520716,0.7
MAPT,C0524851,0.95
MAPT,C0751265,0.65
MAPT,C0751706,0.8
MAPT,C0878544,0.4
MAPT,C0949664,1.0
MAPT,C1262477,0.55
MAPT,C1285162,0.7
MAPT,C1850077,0.45
MAPT,C2239176,0.6
MAPT,C3160718,0.85
MAPT,C3887612,0.4
MAPT,C4011788,0.7
MAPT,C4274355,0.45
MAPT,C4551862,0.4
MAPT,C4551863,0.5
MAPT,C5548189,0.5
MAPT,C5548370,0.6
MAPT,C5679850,0.4
MAPT,C5679851,0.4
MARCKS,C0003873,0.4
MARCKS,C0009405,0.45
MARCKS,C0010606,0.4
MARCKS,C0024121,0.4
MARCKS,C0036095,0.4
MARCKS,C4552100,0.45
MARK4,C1319315,0.4
MAT1A,C0002514,0.4
MAT1A,C0006111,0.4
MAT1A,C0011303,0.4
MAT1A,C0011860,0.55
MAT1A,C0015695,0.4
MAT1A,C0015696,0.4
MAT1A,C0020507,0.55
MAT1A,C0085584,0.4
MAT1A,C0268621,1.0
MAT1A,C1847720,0.5
MAT1A,C2239176,0.75
MAT1A,C3151058,0.5
MAT1A,C4048705,0.9
MAT1A,C4277682,0.4
MAT2A,C0010054,0.55
MAT2A,C0010068,0.4
MAT2A,C0024624,0.4
MAT2A,C0151744,0.45
MAT2A,C0153491,0.4
MAT2A,C0153492,0.4
MAT2A,C0153493,0.4
MAT2A,C0264694,0.45
MAT2A,C1848534,0.4
MAT2A,C4707243,0.5
MBD2,C0033578,0.4
MBD2,C0036341,0.7
MBD2,C2931456,0.4
MBP,C0001973,0.5
MBP,C0007820,0.4
MBP,C0011303,0.9
MBP,C0021368,0.75
MBP,C0026769,1.0
MBP,C0027873,0.7
MBP,C0036341,0.8
MBTPS1,C0033578,0.4
MBTPS1,C0376634,0.4
MBTPS1,C2239176,0.6
MBTPS1,C5193071,0.9
MC1R,C0011570,0.6
MC1R,C0011581,0.6
MC1R,C0020429,0.55
MC1R,C0024517,0.45
MC1R,C0025202,1.0
MC1R,C0042900,0.45
MC1R,C0151779,1.0
MC1R,C0154409,0.45
MC1R,C0206710,0.5
MC1R,C0268495,0.8
MC1R,C0281267,0.4
MC1R,C0375489,0.45
MC1R,C1368295,0.4
MC1R,C1512419,0.85
MC1R,C1835054,0.4
MC1R,C1849452,0.7
MC1R,C2675047,0.4
MC1R,C2678403,0.4
MC1R,C2751295,0.45
MC1R,C2751296,0.4
MC1R,C3836884,0.4
MC1R,C4016260,0.4
MC4R,C0005910,0.6
MC4R,C0011570,0.65
MC4R,C0011581,0.65
MC4R,C0020459,0.8
MC4R,C0020505,0.8
MC4R,C0021655,0.9
MC4R,C0028754,1.0
MC4R,C0028756,0.95
MC4R,C0036341,0.5
MC4R,C0178417,0.65
MC4R,C0600427,0.55
MC4R,C3888631,0.5
MC4R,C4054476,0.6
MC4R,C4273958,0.7
MC4R,C4759928,0.85
MC4R,C5193151,0.4
MCIDAS,C0008780,0.6
MCIDAS,C1837618,0.4
MCIDAS,C4551720,0.6
MCIDAS,C5231464,0.7
MCL1,C0004763,0.5
MCL1,C0007131,0.8
MCL1,C0009404,0.65
MCL1,C0023281,0.4
MCL1,C0024121,0.4
MCL1,C0024624,0.45
MCL1,C0026764,0.95
MCL1,C0079773,0.6
MCL1,C0152013,0.75
MCL1,C0153491,0.45
MCL1,C0153492,0.45
MCL1,C0153493,0.45
MCL1,C0153519,0.4
MCL1,C0271183,0.4
MCL1,C0346629,0.75
MCL1,C0376407,0.4
MCL1,C1335060,0.4
MCM2,C0002395,0.65
MCM2,C0009375,0.4
MCM2,C0452138,0.45
MCM2,C2239176,0.6
MCM2,C4310775,0.7
MCM2,C5680182,0.4
MCM2,C5779548,0.4
MCM3,C1868684,0.5
MCM4,C1864947,0.6
MCM4,C4518328,0.4
MCM4,C4551563,0.55
MCM5,C0001956,0.5
MCM5,C4479655,0.6
MCM6,C0268181,0.55
MCM6,C1535926,0.5
MCM6,C1857231,0.5
MCM7,C0003081,0.4
MCM7,C0004106,0.4
MCM7,C0020490,0.4
MCM7,C0026010,0.4
MCM7,C0221259,0.4
MCM7,C0423224,0.4
MCM7,C1857710,0.4
MCM7,C1868684,0.5
MCM7,C2239176,0.7
MCM7,C3711387,0.4
MCM7,C4551563,0.6
MCM7,C5441816,0.4
MDK,C0003469,0.65
MDK,C0007786,0.45
MDK,C0011881,0.6
MDK,C0017638,0.6
MDK,C0025261,0.4
MDK,C0036341,0.7
MDK,C0278752,0.4
MDK,C0345967,0.6
MDK,C0392400,0.4
MDK,C0555198,0.5
MDK,C1332338,0.4
MDM2,C0007131,0.85
MDM2,C0017636,0.8
MDM2,C0019693,0.6
MDM2,C0021364,0.5
MDM2,C0025202,0.8
MDM2,C0033578,0.75
MDM2,C0038356,0.6
MDM2,C0085390,0.7
MDM2,C0153461,0.4
MDM2,C0153519,0.45
MDM2,C0205824,0.75
MDM2,C0263859,0.5
MDM2,C0278878,0.45
MDM2,C0279543,0.65
MDM2,C0887833,0.4
MDM2,C1370889,0.75
MDM2,C1458155,0.85
MDM2,C1514422,0.45
MDM2,C2239176,0.8
MDM2,C3280690,0.4
MDM2,C5231460,0.45
MDM4,C0017636,0.6
MDM4,C0032273,0.4
MDM4,C0041696,0.5
MDM4,C0220658,0.4
MDM4,C0278878,0.4
MDM4,C1269683,0.5
MDM4,C1458155,0.7
MDM4,C1514422,0.4
MDM4,C5394274,0.6
ME1,C0023487,0.4
ME1,C0028754,0.65
ME1,C0043094,0.4
ME1,C2239176,0.65
ME1,C4277682,0.4
MECP2,C0003469,0.75
MECP2,C0004352,1.0
MECP2,C0004941,0.4
MECP2,C0006325,0.65
MECP2,C0008073,0.8
MECP2,C0012242,0.45
MECP2,C0013421,0.65
MECP2,C0014544,0.95
MECP2,C0014547,0.4
MECP2,C0020429,0.4
MECP2,C0023186,0.4
MECP2,C0024141,0.75
MECP2,C0025362,0.8
MECP2,C0025990,0.45
MECP2,C0026827,0.75
MECP2,C0027066,0.45
MECP2,C0033922,0.4
MECP2,C0034069,0.65
MECP2,C0035372,1.0
MECP2,C0036341,0.8
MECP2,C0036572,0.8
MECP2,C0037052,0.6
MECP2,C0038273,0.65
MECP2,C0038450,0.4
MECP2,C0154451,0.4
MECP2,C0162635,0.75
MECP2,C0236736,0.4
MECP2,C0264303,0.4
MECP2,C0264490,0.4
MECP2,C0376634,0.4
MECP2,C0395837,0.4
MECP2,C0423110,0.4
MECP2,C0425492,0.55
MECP2,C0454644,0.45
MECP2,C0497552,0.65
MECP2,C0543888,0.65
MECP2,C0557874,0.8
MECP2,C0751265,0.65
MECP2,C0796222,0.9
MECP2,C1263846,0.7
MECP2,C1384666,0.5
MECP2,C1510586,0.8
MECP2,C1535926,1.0
MECP2,C1836830,0.7
MECP2,C1836843,0.45
MECP2,C1837397,0.45
MECP2,C1837658,0.45
MECP2,C1842364,0.45
MECP2,C1845336,0.4
MECP2,C1846058,0.95
MECP2,C1851400,0.4
MECP2,C1854301,0.5
MECP2,C1854838,0.4
MECP2,C1854882,0.65
MECP2,C1858120,0.4
MECP2,C1859778,0.4
MECP2,C1968556,0.7
MECP2,C2239176,0.65
MECP2,C2677682,0.4
MECP2,C2748910,0.8
MECP2,C3501611,0.45
MECP2,C3714756,1.0
MECP2,C3887548,0.55
MECP2,C4021083,0.4
MECP2,C4021663,0.4
MECP2,C4022738,0.65
MECP2,C4024896,0.4
MECP2,C4082169,0.4
MECP2,C4082299,0.4
MECP2,C4305438,0.4
MECP2,C4551563,0.8
MECP2,C4750718,0.5
MECP2,C5441816,0.6
MECP2,C5880921,0.5
MEF2A,C0007193,0.65
MEF2A,C0033975,0.55
MEF2A,C0349204,0.55
MEF2A,C1842247,0.55
MEF2D,C0338480,0.6
MEG3,C0008925,0.5
MEG3,C0029227,0.4
MEG3,C5679639,0.4
MEG3,C5679640,0.4
MEG3,C5680248,0.4
MEG3,C5680251,0.45
MEG3,C5680720,0.4
MEG3,C5680721,0.4
MELK,C0677776,0.4
MELK,C1335167,0.4
MELK,C2239176,0.7
MERTK,C0007097,0.6
MERTK,C0017661,0.4
MERTK,C0029124,0.45
MERTK,C0034065,0.45
MERTK,C0035334,0.9
MERTK,C0040038,0.4
MERTK,C0040053,0.7
MERTK,C0087086,0.55
MERTK,C0154860,0.7
MERTK,C0220701,0.4
MERTK,C0279702,0.4
MERTK,C0339526,0.65
MERTK,C0553707,0.4
MERTK,C0854723,0.75
MERTK,C1168401,0.6
MERTK,C1368683,0.5
MERTK,C1963943,0.45
MERTK,C3151228,0.7
MET,C0001418,0.85
MET,C0004114,0.7
MET,C0004352,0.85
MET,C0007097,0.85
MET,C0007131,1.0
MET,C0007134,1.0
MET,C0007137,0.85
MET,C0014859,0.85
MET,C0015695,0.55
MET,C0015696,0.4
MET,C0017636,0.95
MET,C0019189,0.5
MET,C0019209,0.55
MET,C0019829,0.6
MET,C0020557,0.4
MET,C0023467,0.85
MET,C0024121,0.85
MET,C0024232,0.75
MET,C0024236,0.6
MET,C0024623,0.85
MET,C0025202,0.85
MET,C0026764,0.9
MET,C0027626,0.4
MET,C0027672,0.4
MET,C0027819,0.85
MET,C0029227,0.4
MET,C0029463,0.85
MET,C0033578,0.7
MET,C0036341,0.65
MET,C0038356,0.85
MET,C0149512,0.4
MET,C0149782,0.75
MET,C0206624,0.65
MET,C0206639,0.4
MET,C0206704,0.65
MET,C0220662,0.4
MET,C0235833,0.4
MET,C0265213,0.4
MET,C0278752,0.4
MET,C0278878,0.4
MET,C0279606,0.45
MET,C0345967,0.85
MET,C0346629,0.85
MET,C0392400,0.4
MET,C0452138,0.45
MET,C0553707,0.4
MET,C0596263,0.85
MET,C0678222,0.85
MET,C0684249,0.6
MET,C0750935,0.4
MET,C0751688,0.6
MET,C0879257,0.8
MET,C0919267,0.9
MET,C1140680,0.8
MET,C1306837,1.0
MET,C1332338,0.4
MET,C1333600,0.6
MET,C1336078,0.45
MET,C1336839,0.65
MET,C1368683,0.65
MET,C1510586,0.8
MET,C1514422,0.4
MET,C1709353,0.7
MET,C1834523,0.4
MET,C1876165,0.4
MET,C1970243,0.4
MET,C2239176,1.0
MET,C3714756,0.4
MET,C4084709,0.6
MET,C4085248,0.4
MET,C5568766,0.4
MET,C5680182,0.45
MET,C5774205,0.45
MET,C5779549,0.4
MFN2,C0002736,0.65
MFN2,C0007758,0.6
MFN2,C0007789,0.4
MFN2,C0007959,0.9
MFN2,C0008767,0.4
MFN2,C0011195,0.5
MFN2,C0011881,0.5
MFN2,C0018800,0.45
MFN2,C0020429,0.45
MFN2,C0023804,0.9
MFN2,C0027888,0.75
MFN2,C0028253,0.45
MFN2,C0029124,0.75
MFN2,C0031117,0.8
MFN2,C0162834,0.4
MFN2,C0205713,0.5
MFN2,C0221260,0.4
MFN2,C0262444,0.4
MFN2,C0270763,0.4
MFN2,C0270914,0.7
MFN2,C0349588,0.4
MFN2,C0393807,1.0
MFN2,C0427065,0.45
MFN2,C0427144,0.4
MFN2,C0476403,0.4
MFN2,C0557874,0.5
MFN2,C0574769,0.4
MFN2,C0600519,0.55
MFN2,C0751036,0.65
MFN2,C0854723,0.4
MFN2,C1263857,0.55
MFN2,C1408174,0.5
MFN2,C1408182,0.5
MFN2,C1836451,0.45
MFN2,C1852271,0.4
MFN2,C2132198,0.4
MFN2,C2315100,0.4
MFN2,C2875300,0.5
MFN2,C3806301,0.4
MFN2,C4021800,0.4
MFN2,C4082197,0.65
MFN2,C4225302,0.5
MFN2,C4310725,0.6
MFN2,C4551563,0.4
MFN2,C4707897,0.6
MFN2,C4721887,1.0
MFN2,C4721916,0.4
MFN2,C5554234,0.5
MFN2,C5574742,0.4
MGAT5B,C0032460,0.4
MGLL,C0023890,0.4
MGLL,C0029456,0.5
MGMT,C0005684,0.65
MGMT,C0005695,0.55
MGMT,C0006118,0.9
MGMT,C0006142,0.8
MGMT,C0017150,0.55
MGMT,C0017636,1.0
MGMT,C0017638,0.95
MGMT,C0018206,0.55
MGMT,C0023418,0.7
MGMT,C0026640,0.5
MGMT,C0027540,0.6
MGMT,C0035335,0.6
MGMT,C0153461,0.45
MGMT,C0206698,0.65
MGMT,C0206726,0.7
MGMT,C0278878,0.5
MGMT,C0279626,0.75
MGMT,C0280725,0.45
MGMT,C0302592,0.65
MGMT,C0334401,0.45
MGMT,C0334588,0.5
MGMT,C0555198,0.75
MGMT,C0751396,0.65
MGMT,C0887833,0.45
MGMT,C1168401,0.7
MGMT,C1328479,0.55
MGMT,C1512419,0.4
MGMT,C1514422,0.7
MGP,C0000786,0.4
MGP,C0003850,0.65
MGP,C0006663,0.9
MGP,C0007097,0.4
MGP,C0027051,0.7
MGP,C0038015,0.55
MGP,C0041948,0.4
MGP,C0042345,0.5
MGP,C0149630,0.4
MGP,C0342649,0.85
MGP,C0349588,0.45
MGP,C0553707,0.4
MGP,C1368683,0.4
MGP,C1839829,0.45
MGP,C1843108,0.4
MGP,C1844704,0.4
MGP,C1855607,0.9
MGP,C3887892,0.4
MGP,C4476977,0.4
MGP,C4476978,0.4
MGP,C4476982,0.4
MGST1,C0524851,0.4
MGST1,C1285162,0.4
MGST1,C3838076,0.4
MICAL1,C0006142,0.6
MICAL1,C3279748,0.4
MICAL1,C4551957,0.6
MIF,C0003469,0.65
MIF,C0003873,0.75
MIF,C0004096,0.75
MIF,C0004352,0.4
MIF,C0007097,0.5
MIF,C0009319,0.7
MIF,C0010674,0.7
MIF,C0011570,0.75
MIF,C0020517,0.55
MIF,C0021368,0.9
MIF,C0022548,0.4
MIF,C0024115,0.7
MIF,C0024117,0.65
MIF,C0025261,0.4
MIF,C0028754,0.8
MIF,C0032285,0.75
MIF,C0033578,0.5
MIF,C0038325,0.4
MIF,C0041327,0.65
MIF,C0243026,0.8
MIF,C0278752,0.4
MIF,C0345967,0.4
MIF,C0392400,0.4
MIF,C0553707,0.4
MIF,C1332338,0.4
MIF,C1368683,0.4
MIF,C1458155,0.5
MIF,C1510586,0.6
MIF,C1858558,0.4
MIP,C0009691,0.9
MIP,C0026010,0.65
MIP,C0028738,0.4
MIP,C0029531,0.5
MIP,C0086543,0.75
MIP,C0266539,0.4
MIP,C0266544,0.4
MIP,C0266568,0.5
MIP,C0344523,0.5
MIP,C0858617,0.4
MIP,C1854021,0.4
MIP,C3809001,0.65
MIP,C5681191,0.4
MIP,C5681644,0.4
MIR107,C0018781,0.4
MIR107,C0018801,0.6
MIR107,C0018802,0.6
MIR107,C0036341,0.6
MIR107,C4277682,0.4
MIR122,C0019163,0.75
MIR122,C0022660,0.4
MIR122,C0034069,0.5
MIR122,C0034530,0.4
MIR122,C0034531,0.4
MIR122,C1565662,0.4
MIR122,C2239176,0.95
MIR122,C2609414,0.4
MIR122,C4277682,0.5
MIR125B1,C0011860,0.4
MIR125B1,C4277682,0.4
MIR126,C0007131,0.7
MIR126,C0011860,0.85
MIR126,C0018801,0.65
MIR126,C0018802,0.65
MIR126,C0027055,0.4
MIR126,C0035222,0.6
MIR126,C0278752,0.4
MIR126,C0345967,0.6
MIR126,C0392400,0.4
MIR126,C1332338,0.4
MIR126,C1458155,0.75
MIR130A,C0001925,0.4
MIR130A,C0007120,0.4
MIR130A,C0028754,0.6
MIR130A,C0030305,0.4
MIR130A,C0236736,0.4
MIR130A,C4277682,0.4
MIR132,C0005684,0.6
MIR132,C0005695,0.4
MIR132,C0153392,0.4
MIR132,C0153393,0.4
MIR132,C0153394,0.4
MIR132,C0153395,0.4
MIR132,C0153396,0.4
MIR132,C0270611,0.55
MIR132,C1458155,0.5
MIR132,C4277682,0.4
MIR135B,C0027796,0.4
MIR135B,C0035222,0.4
MIR140,C0011860,0.6
MIR140,C0018801,0.5
MIR140,C0018802,0.5
MIR140,C0022660,0.4
MIR140,C0034069,0.6
MIR140,C0162872,0.4
MIR140,C0338656,0.45
MIR140,C0342257,0.4
MIR140,C1565662,0.4
MIR140,C2609414,0.4
MIR140,C4305147,0.6
MIR140,C5680411,0.4
MIR143,C0008370,0.55
MIR143,C0022660,0.4
MIR143,C0023434,0.5
MIR143,C0024299,0.5
MIR143,C0079731,0.55
MIR143,C0560219,0.5
MIR143,C0596263,0.6
MIR143,C0598798,0.4
MIR143,C0687132,0.5
MIR143,C1565662,0.4
MIR143,C2609414,0.4
MIR143,C4277682,0.4
MIR144,C0001430,0.4
MIR144,C0007120,0.4
MIR144,C0011860,0.75
MIR144,C0018801,0.5
MIR144,C0018802,0.5
MIR144,C0334389,0.4
MIR145,C0001925,0.5
MIR145,C0005684,0.7
MIR145,C0005695,0.6
MIR145,C0007131,0.7
MIR145,C0007138,0.6
MIR145,C0011881,0.6
MIR145,C0014859,0.6
MIR145,C0018801,0.65
MIR145,C0018802,0.65
MIR145,C0023434,0.5
MIR145,C0027051,0.75
MIR145,C0034069,0.5
MIR145,C0079731,0.4
MIR145,C0311375,0.4
MIR145,C0334265,0.4
MIR145,C0677886,0.6
MIR145,C1458155,0.65
MIR146A,C0001956,0.6
MIR146A,C0002395,0.75
MIR146A,C0007095,0.4
MIR146A,C0007131,0.7
MIR146A,C0010054,0.85
MIR146A,C0010068,0.8
MIR146A,C0011854,0.65
MIR146A,C0017154,0.65
MIR146A,C0024121,0.4
MIR146A,C0151744,0.75
MIR146A,C0206042,0.55
MIR146A,C0264694,0.5
MIR146A,C1458155,0.7
MIR146A,C2239176,0.8
MIR146B,C0010054,0.6
MIR146B,C0010068,0.6
MIR146B,C0018781,0.4
MIR146B,C0022660,0.55
MIR146B,C0027643,0.4
MIR146B,C0151744,0.4
MIR146B,C0264694,0.4
MIR146B,C1565662,0.4
MIR146B,C2609414,0.55
MIR148A,C0018801,0.5
MIR148A,C0018802,0.5
MIR148A,C0019163,0.65
MIR148A,C0022660,0.4
MIR148A,C0023903,0.4
MIR148A,C0030305,0.4
MIR148A,C1565662,0.4
MIR148A,C2609414,0.4
MIR148A,C4277682,0.4
MIR150,C0009319,0.55
MIR150,C0013369,0.4
MIR150,C0015695,0.4
MIR150,C0015696,0.4
MIR150,C0018801,0.65
MIR150,C0018802,0.65
MIR150,C0030305,0.4
MIR150,C0032285,0.5
MIR150,C0079680,0.4
MIR150,C4277682,0.4
MIR155,C0001925,0.5
MIR155,C0007095,0.4
MIR155,C0011854,0.65
MIR155,C0013080,0.75
MIR155,C0024121,0.5
MIR155,C0027626,0.4
MIR155,C0030305,0.65
MIR155,C0153382,0.4
MIR155,C0153388,0.4
MIR155,C0153389,0.4
MIR155,C0153390,0.4
MIR155,C0338106,0.4
MIR155,C0920269,0.5
MIR155,C2239176,0.8
MIR15B,C0018801,0.4
MIR15B,C0018802,0.4
MIR17HG,C3280489,0.7
MIR182,C0015408,0.4
MIR182,C0030305,0.4
MIR182,C0035309,0.4
MIR183,C0015408,0.4
MIR183,C0015695,0.4
MIR183,C0015696,0.4
MIR183,C0018781,0.4
MIR183,C0027055,0.4
MIR183,C0030305,0.4
MIR183,C0035309,0.4
MIR183,C0270611,0.4
MIR185,C0008370,0.4
MIR185,C0036341,0.65
MIR18A,C0018801,0.65
MIR18A,C0018802,0.65
MIR18A,C0035222,0.4
MIR18A,C0038325,0.4
MIR18A,C4277682,0.4
MIR190B,C0018781,0.4
MIR190B,C0079680,0.4
MIR192,C0011860,0.75
MIR192,C0019163,0.5
MIR192,C0019209,0.4
MIR192,C0022658,0.6
MIR192,C0022660,0.65
MIR192,C0027540,0.4
MIR192,C0030305,0.4
MIR192,C1565662,0.4
MIR192,C2609414,0.65
MIR192,C4277682,0.4
MIR196B,C0027055,0.4
MIR203A,C0560219,0.5
MIR203A,C0687132,0.5
MIR206,C0002736,0.75
MIR206,C0005586,0.5
MIR206,C0019569,0.5
MIR206,C0024623,0.75
MIR206,C0027055,0.4
MIR206,C0036341,0.6
MIR206,C0038356,0.5
MIR206,C0153421,0.4
MIR206,C0153422,0.4
MIR206,C0153423,0.4
MIR206,C0853193,0.5
MIR206,C1458155,0.65
MIR21,C0014175,0.75
MIR21,C0014859,0.8
MIR21,C0016059,0.85
MIR21,C0018799,0.65
MIR21,C0018800,0.45
MIR21,C0018801,0.8
MIR21,C0018802,0.8
MIR21,C0021368,0.85
MIR21,C0022658,0.65
MIR21,C0024121,0.65
MIR21,C0027055,0.55
MIR21,C0027626,0.4
MIR21,C0028754,0.85
MIR21,C0033578,0.6
MIR21,C0043094,0.4
MIR21,C0920269,0.4
MIR21,C4277682,0.4
MIR216B,C0030305,0.4
MIR22,C0021368,0.6
MIR22,C0030305,0.4
MIR22,C0079773,0.5
MIR22,C0376407,0.4
MIR22,C4277682,0.4
MIR221,C0005684,0.6
MIR221,C0005695,0.4
MIR221,C0011860,0.6
MIR221,C0029531,0.4
MIR221,C0238198,0.65
MIR221,C0585362,0.6
MIR221,C1458155,0.65
MIR221,C2239176,0.85
MIR221,C4277682,0.4
MIR223,C0007131,0.75
MIR223,C0009375,0.4
MIR224,C0007095,0.4
MIR224,C0024121,0.4
MIR26A1,C0022660,0.4
MIR26A1,C0035222,0.55
MIR26A1,C0342257,0.4
MIR26A1,C1565662,0.4
MIR26A1,C2609414,0.4
MIR29A,C0007131,0.75
MIR29A,C0022658,0.4
MIR29A,C0023903,0.5
MIR29A,C0030305,0.4
MIR29A,C1458155,0.5
MIR29B1,C0007131,0.4
MIR30A,C0007095,0.4
MIR30A,C0011860,0.6
MIR30A,C0022660,0.55
MIR30A,C0024121,0.4
MIR30A,C0030305,0.4
MIR30A,C0034069,0.65
MIR30A,C0035222,0.4
MIR30A,C1565662,0.4
MIR30A,C2609414,0.55
MIR30A,C4277682,0.4
MIR330,C0027055,0.4
MIR34A,C0003469,0.65
MIR34A,C0015695,0.75
MIR34A,C0015696,0.4
MIR34A,C0018799,0.65
MIR34A,C0021368,0.75
MIR34A,C0028754,0.65
MIR34A,C0271650,0.55
MIR34A,C2239176,0.8
MIR34A,C4277682,0.4
MIR34B,C0005684,0.4
MIR34B,C0005695,0.4
MIR34B,C0007095,0.4
MIR34B,C0007138,0.5
MIR34B,C0024121,0.5
MIR34B,C0334265,0.4
MIR34C,C0007095,0.4
MIR34C,C0024121,0.4
MIR34C,C0027055,0.4
MIR34C,C4277682,0.4
MIR411,C0008370,0.4
MIR411,C0027055,0.4
MIR411,C0238463,0.4
MIR93,C0005684,0.6
MIR93,C0005695,0.4
MIR93,C0009404,0.55
MIR93,C0018801,0.55
MIR93,C0018802,0.55
MIR93,C0023891,0.4
MIR93,C0029463,0.6
MIR93,C0206639,0.4
MIR93,C4277682,0.4
MIR96,C0015408,0.4
MIR96,C0018801,0.4
MIR96,C0018802,0.4
MIR96,C0035309,0.4
MIR96,C0041671,0.45
MIR96,C0452138,0.45
MIR96,C1384666,0.7
MIR96,C3888123,0.75
MIR96,C5680182,0.4
MIR96,C5779548,0.4
MIR98,C0009375,0.4
MIR98,C0011860,0.65
MIR98,C0014859,0.4
MIR98,C0018801,0.4
MIR98,C0018802,0.4
MIR98,C0024121,0.4
MIR98,C0677886,0.4
MIRLET7B,C0008370,0.4
MIRLET7B,C0035222,0.4
MIRLET7B,C4277682,0.4
MITF,C0007134,0.75
MITF,C0011053,0.8
MITF,C0025202,1.0
MITF,C0027672,0.4
MITF,C0040213,0.45
MITF,C0078918,0.4
MITF,C0078921,0.4
MITF,C0078922,0.4
MITF,C0078923,0.4
MITF,C0079661,0.65
MITF,C0151779,1.0
MITF,C0221262,0.4
MITF,C0266589,0.4
MITF,C0375489,0.4
MITF,C0391816,1.0
MITF,C0423318,0.6
MITF,C0677776,0.4
MITF,C1306837,0.5
MITF,C1384666,0.8
MITF,C1512419,0.7
MITF,C1847800,0.85
MITF,C1847836,0.4
MITF,C1848519,0.6
MITF,C1860339,1.0
MITF,C1865866,0.7
MITF,C2700265,0.85
MITF,C2700405,0.4
MITF,C3152204,0.4
MITF,C3266898,0.85
MITF,C3711374,0.65
MITF,C3714756,0.4
MITF,C4021806,0.4
MITF,C4310625,0.6
MITF,C4518333,0.4
MITF,C4749577,0.4
MITF,C5680182,0.4
MITF,C5680250,0.4
MITF,C5779548,0.4
MKI67,C0001418,0.85
MKI67,C0006142,0.9
MKI67,C0009375,0.75
MKI67,C0009404,0.85
MKI67,C0018133,0.65
MKI67,C0019189,0.6
MKI67,C0019693,0.85
MKI67,C0030297,0.75
MKI67,C0031117,0.5
MKI67,C0033860,0.9
MKI67,C0153458,0.65
MKI67,C0153459,0.45
MKI67,C0153460,0.45
MKI67,C0153463,0.45
MKI67,C0156147,0.45
MKI67,C0206624,0.4
MKI67,C0206637,0.6
MKI67,C0206669,0.65
MKI67,C0346629,0.75
MKI67,C0919267,0.85
MKI67,C1335029,0.4
MKI67,C1458155,0.85
MKI67,C1876165,0.4
MKI67,C2239176,0.95
MLC1,C0005586,0.6
MLC1,C0007758,0.7
MLC1,C0010606,0.4
MLC1,C0019209,0.4
MLC1,C0036095,0.4
MLC1,C0036341,0.6
MLC1,C0036344,0.65
MLC1,C0221765,0.5
MLC1,C0338474,0.4
MLC1,C0497552,0.4
MLC1,C1839839,0.5
MLC1,C1858854,1.0
MLC1,C2243051,0.8
MLC1,C5779875,0.5
MLN,C0013182,0.4
MLPH,C1836573,0.95
MLXIPL,C0010054,0.65
MLXIPL,C0010068,0.65
MLXIPL,C0022661,0.55
MLXIPL,C0027051,0.55
MLXIPL,C0027070,0.4
MLXIPL,C0151744,0.45
MLXIPL,C0175702,0.6
MLXIPL,C0264694,0.45
MLXIPL,C2239176,0.65
MME,C0002395,0.95
MME,C0007959,0.7
MME,C0011195,0.45
MME,C0011882,0.4
MME,C0017665,0.8
MME,C0027888,0.55
MME,C0031117,0.4
MME,C0033578,0.75
MME,C0035078,0.45
MME,C0087012,0.6
MME,C0205713,0.45
MME,C0268393,0.45
MME,C0270914,0.65
MME,C0273115,0.65
MME,C0677776,0.4
MME,C1408174,0.45
MME,C1408182,0.45
MME,C1458155,0.7
MME,C1510489,0.8
MME,C1527338,0.45
MME,C1956349,0.45
MME,C2316212,0.4
MME,C2875300,0.45
MME,C4015635,0.9
MME,C4310763,0.8
MME,C4511239,0.45
MME,C5567450,0.45
MME,C5569053,0.45
MME,C5680194,0.5
MMP1,C0002940,0.75
MMP1,C0002965,0.65
MMP1,C0003507,0.75
MMP1,C0003850,0.6
MMP1,C0004096,0.85
MMP1,C0004153,0.95
MMP1,C0004238,0.85
MMP1,C0004763,0.65
MMP1,C0005684,0.8
MMP1,C0005695,0.65
MMP1,C0006142,0.9
MMP1,C0007131,0.75
MMP1,C0007134,0.75
MMP1,C0007193,0.7
MMP1,C0007194,0.75
MMP1,C0007273,0.4
MMP1,C0007282,0.65
MMP1,C0007847,0.7
MMP1,C0007873,0.5
MMP1,C0009404,0.75
MMP1,C0010054,0.8
MMP1,C0010068,0.75
MMP1,C0018801,0.9
MMP1,C0018802,0.8
MMP1,C0020538,0.9
MMP1,C0022661,0.7
MMP1,C0024121,0.65
MMP1,C0024624,0.45
MMP1,C0027051,0.8
MMP1,C0027626,0.4
MMP1,C0028840,0.7
MMP1,C0029171,0.4
MMP1,C0029172,0.6
MMP1,C0029607,0.45
MMP1,C0036420,0.45
MMP1,C0040053,0.7
MMP1,C0042345,0.7
MMP1,C0079294,0.6
MMP1,C0087086,0.7
MMP1,C0151650,0.7
MMP1,C0151744,0.8
MMP1,C0151779,0.7
MMP1,C0152417,0.45
MMP1,C0153491,0.45
MMP1,C0153492,0.45
MMP1,C0153493,0.45
MMP1,C0155567,0.45
MMP1,C0162871,0.8
MMP1,C0162872,0.8
MMP1,C0264694,0.45
MMP1,C0279628,0.65
MMP1,C0339573,0.65
MMP1,C0400966,0.7
MMP1,C0600260,0.6
MMP1,C0919267,0.8
MMP1,C1140680,0.8
MMP1,C1299247,0.45
MMP1,C1458155,0.85
MMP1,C1963943,0.55
MMP1,C3241937,0.6
MMP1,C5561926,0.4
MMP10,C0003873,0.6
MMP10,C0004096,0.6
MMP10,C0005586,0.5
MMP10,C0006142,0.75
MMP10,C0011616,0.4
MMP10,C0024121,0.65
MMP10,C0038356,0.4
MMP10,C0270736,0.6
MMP11,C0000786,0.4
MMP11,C0007131,0.6
MMP11,C0009402,0.7
MMP11,C0206710,0.4
MMP11,C1368295,0.4
MMP12,C0000786,0.4
MMP12,C0003850,0.6
MMP12,C0003873,0.65
MMP12,C0004763,0.55
MMP12,C0007570,0.5
MMP12,C0009375,0.4
MMP12,C0010051,0.55
MMP12,C0010054,0.65
MMP12,C0010068,0.65
MMP12,C0026769,0.65
MMP12,C0029607,0.4
MMP12,C0038454,0.65
MMP12,C0043094,0.55
MMP12,C0151744,0.45
MMP12,C0162871,0.7
MMP12,C0264694,0.45
MMP12,C0279628,0.55
MMP13,C0003850,0.6
MMP13,C0033578,0.4
MMP13,C0157946,0.45
MMP13,C0162871,0.65
MMP13,C0376634,0.55
MMP13,C0399352,0.45
MMP13,C0432211,0.65
MMP13,C0432225,0.7
MMP13,C0432226,0.7
MMP13,C0677886,0.45
MMP13,C1865832,0.8
MMP13,C4016643,0.5
MMP14,C0001418,0.6
MMP14,C0014859,0.6
MMP14,C0023903,0.4
MMP14,C0024117,0.6
MMP14,C0027051,0.7
MMP14,C0027626,0.4
MMP14,C0162871,0.55
MMP14,C0279628,0.6
MMP14,C0432289,0.85
MMP14,C1458155,0.65
MMP14,C1850155,0.65
MMP14,C2239176,0.7
MMP14,C2931456,0.4
MMP2,C0001973,0.65
MMP2,C0003493,0.4
MMP2,C0003496,0.4
MMP2,C0003850,0.55
MMP2,C0003873,0.75
MMP2,C0003977,0.4
MMP2,C0005398,0.4
MMP2,C0005684,0.8
MMP2,C0005695,0.65
MMP2,C0005940,0.5
MMP2,C0005944,0.4
MMP2,C0005967,0.4
MMP2,C0006663,0.75
MMP2,C0007273,0.45
MMP2,C0007766,0.8
MMP2,C0007785,0.75
MMP2,C0009402,0.85
MMP2,C0009404,0.75
MMP2,C0011882,0.65
MMP2,C0011884,0.8
MMP2,C0015934,0.55
MMP2,C0017636,0.85
MMP2,C0020538,1.0
MMP2,C0021368,0.85
MMP2,C0023283,0.5
MMP2,C0023890,0.8
MMP2,C0023891,0.6
MMP2,C0024143,0.6
MMP2,C0024437,0.65
MMP2,C0024689,0.4
MMP2,C0024796,0.75
MMP2,C0024950,0.4
MMP2,C0027051,0.9
MMP2,C0027092,0.8
MMP2,C0027439,0.4
MMP2,C0027543,0.5
MMP2,C0027626,0.4
MMP2,C0028433,0.4
MMP2,C0029171,0.4
MMP2,C0029172,0.6
MMP2,C0029445,0.5
MMP2,C0029463,0.75
MMP2,C0029607,0.45
MMP2,C0030297,0.65
MMP2,C0033847,0.65
MMP2,C0033999,0.65
MMP2,C0034069,0.65
MMP2,C0035328,0.65
MMP2,C0039483,0.65
MMP2,C0043094,0.5
MMP2,C0085762,0.65
MMP2,C0153458,0.45
MMP2,C0153459,0.45
MMP2,C0153460,0.45
MMP2,C0153463,0.45
MMP2,C0158442,0.4
MMP2,C0158449,0.4
MMP2,C0158450,0.4
MMP2,C0158451,0.4
MMP2,C0162872,0.8
MMP2,C0206639,0.4
MMP2,C0220641,0.7
MMP2,C0278878,0.4
MMP2,C0376634,0.4
MMP2,C0745048,0.4
MMP2,C1336708,0.5
MMP2,C1458155,0.9
MMP2,C1514422,0.4
MMP2,C1850155,0.95
MMP2,C2239176,0.95
MMP2,C2936380,0.4
MMP2,C2937358,0.65
MMP2,C4277682,0.4
MMP3,C0003850,0.6
MMP3,C0004114,0.7
MMP3,C0004238,0.65
MMP3,C0006142,0.8
MMP3,C0007134,0.65
MMP3,C0007282,0.65
MMP3,C0007570,0.6
MMP3,C0010054,0.85
MMP3,C0010068,0.9
MMP3,C0019562,0.5
MMP3,C0020429,0.45
MMP3,C0022661,0.4
MMP3,C0027051,0.8
MMP3,C0027626,0.4
MMP3,C0031117,0.4
MMP3,C0036341,0.65
MMP3,C0036421,0.9
MMP3,C0040053,0.7
MMP3,C0041327,0.4
MMP3,C0087086,0.55
MMP3,C0151744,0.8
MMP3,C0157946,0.45
MMP3,C0264694,0.5
MMP3,C0279628,0.65
MMP3,C0750935,0.4
MMP3,C0948480,0.5
MMP3,C1335029,0.4
MMP3,C1458155,0.65
MMP3,C1800706,0.7
MMP3,C1963943,0.55
MMP3,C2937358,0.75
MMP3,C3280913,0.4
MMP3,C5680616,0.4
MMP7,C0000786,0.4
MMP7,C0009375,0.65
MMP7,C0029866,0.4
MMP7,C0038356,0.5
MMP7,C0041327,0.5
MMP8,C0006142,0.75
MMP8,C0007273,0.55
MMP8,C0011616,0.4
MMP8,C0024115,0.5
MMP8,C0025202,0.65
MMP8,C0041327,0.6
MMP8,C0041696,0.5
MMP8,C0729264,0.6
MMP8,C1269683,0.65
MMP9,C0001973,0.65
MMP9,C0003486,0.85
MMP9,C0003493,0.5
MMP9,C0003496,0.55
MMP9,C0003850,0.55
MMP9,C0004096,0.95
MMP9,C0004114,0.7
MMP9,C0005398,0.4
MMP9,C0005586,0.6
MMP9,C0005684,0.75
MMP9,C0005695,0.65
MMP9,C0005967,0.65
MMP9,C0006663,0.75
MMP9,C0007131,0.85
MMP9,C0007137,0.9
MMP9,C0007273,0.55
MMP9,C0007766,0.9
MMP9,C0007785,0.85
MMP9,C0007786,0.8
MMP9,C0009324,0.75
MMP9,C0009375,0.65
MMP9,C0010054,0.8
MMP9,C0010068,0.9
MMP9,C0011882,0.65
MMP9,C0011884,0.8
MMP9,C0013080,0.65
MMP9,C0017605,0.65
MMP9,C0017636,0.9
MMP9,C0018818,0.7
MMP9,C0020507,0.7
MMP9,C0020538,0.95
MMP9,C0020542,0.8
MMP9,C0021368,1.0
MMP9,C0023895,0.75
MMP9,C0024117,1.0
MMP9,C0024143,0.5
MMP9,C0024796,0.75
MMP9,C0026552,0.55
MMP9,C0026766,0.7
MMP9,C0026769,0.9
MMP9,C0027051,0.95
MMP9,C0027626,0.4
MMP9,C0027819,0.7
MMP9,C0028754,0.9
MMP9,C0029171,0.5
MMP9,C0029172,0.6
MMP9,C0029607,0.5
MMP9,C0030297,0.75
MMP9,C0031099,0.85
MMP9,C0033578,0.85
MMP9,C0034069,0.9
MMP9,C0035126,0.8
MMP9,C0035309,0.65
MMP9,C0036341,0.85
MMP9,C0036421,0.85
MMP9,C0037286,0.5
MMP9,C0038358,0.7
MMP9,C0038525,0.9
MMP9,C0039483,0.65
MMP9,C0040053,0.8
MMP9,C0042345,0.9
MMP9,C0085437,0.7
MMP9,C0086981,0.55
MMP9,C0087086,0.8
MMP9,C0151526,0.7
MMP9,C0151744,0.75
MMP9,C0151779,0.65
MMP9,C0153458,0.45
MMP9,C0153459,0.45
MMP9,C0153460,0.45
MMP9,C0153463,0.45
MMP9,C0157738,0.45
MMP9,C0162871,0.9
MMP9,C0162872,0.85
MMP9,C0206062,0.65
MMP9,C0243026,0.85
MMP9,C0264694,0.45
MMP9,C0265010,0.4
MMP9,C0265012,0.5
MMP9,C0270611,0.9
MMP9,C0278878,0.45
MMP9,C0340288,0.7
MMP9,C0399352,0.45
MMP9,C0432226,0.65
MMP9,C0520679,0.75
MMP9,C0741160,0.4
MMP9,C0751688,0.55
MMP9,C0948089,0.85
MMP9,C1458155,0.9
MMP9,C1510586,0.7
MMP9,C1514422,0.55
MMP9,C1527311,0.8
MMP9,C1527336,0.8
MMP9,C1963943,0.65
MMP9,C2239176,1.0
MMP9,C2751322,0.65
MMP9,C2936380,0.4
MMP9,C2937358,0.9
MMP9,C5399785,0.5
MMP9,C5680616,0.4
MPDZ,C0001973,0.65
MPDZ,C0020255,0.7
MPDZ,C0020256,0.65
MPDZ,C0025281,0.4
MPDZ,C0085762,0.55
MPDZ,C0149821,0.55
MPDZ,C0236663,0.65
MPDZ,C0586323,0.55
MPDZ,C1510586,0.65
MPDZ,C3554691,0.45
MPDZ,C3809686,0.4
MPDZ,C5679774,0.4
MPL,C0001815,1.0
MPL,C0025149,0.4
MPL,C0026987,0.8
MPL,C0040028,1.0
MPL,C0040034,1.0
MPL,C0206663,0.4
MPL,C0836924,1.0
MPL,C1327915,0.9
MPL,C1334410,0.4
MPL,C1458140,0.45
MPL,C2939461,0.7
MPL,C3275998,0.6
MPL,C3277190,0.4
MPL,C3277671,0.4
MPL,C4303761,0.7
MPL,C5190891,0.4
MPL,C5882667,0.6
MPO,C0001969,0.5
MPO,C0002395,0.85
MPO,C0003873,0.85
MPO,C0004096,0.9
MPO,C0004153,0.85
MPO,C0005398,0.4
MPO,C0005684,0.6
MPO,C0005695,0.4
MPO,C0006111,0.4
MPO,C0007222,0.95
MPO,C0007786,0.4
MPO,C0009319,0.85
MPO,C0009324,0.85
MPO,C0009402,0.6
MPO,C0010674,0.9
MPO,C0011609,0.4
MPO,C0021368,0.95
MPO,C0022593,0.6
MPO,C0022658,0.85
MPO,C0022660,0.75
MPO,C0022661,0.8
MPO,C0023890,0.75
MPO,C0023891,0.5
MPO,C0024115,0.85
MPO,C0024121,0.5
MPO,C0024143,0.65
MPO,C0024517,0.4
MPO,C0024624,0.45
MPO,C0028797,0.4
MPO,C0029839,0.4
MPO,C0030297,0.4
MPO,C0030305,0.65
MPO,C0033578,0.4
MPO,C0035126,0.8
MPO,C0036982,0.55
MPO,C0040954,0.4
MPO,C0042384,1.0
MPO,C0085584,0.4
MPO,C0153458,0.4
MPO,C0153459,0.4
MPO,C0153460,0.4
MPO,C0153463,0.4
MPO,C0153491,0.45
MPO,C0153492,0.45
MPO,C0153493,0.45
MPO,C0154409,0.4
MPO,C0242184,0.75
MPO,C0270611,0.6
MPO,C0375359,0.4
MPO,C0398595,0.95
MPO,C1565662,0.5
MPO,C1863052,0.5
MPO,C1969821,0.4
MPO,C2239176,0.8
MPO,C2609414,0.85
MPP1,C0001418,0.4
MPP1,C0024121,0.4
MPST,C0025202,0.4
MPST,C0796055,0.65
MPV17,C0009197,0.4
MPV17,C0017668,0.4
MPV17,C0033687,0.55
MPV17,C0342782,0.75
MPV17,C0375489,0.4
MPV17,C0751651,0.75
MPV17,C1850406,0.9
MPV17,C1850407,0.45
MPV17,C4310690,0.4
MPV17,C5193076,0.6
MPZ,C0007959,1.0
MPZ,C0011195,1.0
MPZ,C0020429,0.4
MPZ,C0027746,0.6
MPZ,C0027888,0.9
MPZ,C0031117,0.7
MPZ,C0040822,0.65
MPZ,C0085084,0.5
MPZ,C0151313,0.5
MPZ,C0205713,0.85
MPZ,C0270763,0.4
MPZ,C0270912,1.0
MPZ,C0427065,0.45
MPZ,C0427144,0.4
MPZ,C0587246,0.45
MPZ,C0728829,0.45
MPZ,C0751036,0.75
MPZ,C1112256,0.45
MPZ,C1408174,0.5
MPZ,C1408182,0.5
MPZ,C1835671,0.4
MPZ,C1836451,0.4
MPZ,C1843075,0.9
MPZ,C1843153,0.9
MPZ,C1857640,0.55
MPZ,C2875300,0.5
MPZ,C3711384,0.4
MPZ,C3714756,0.4
MPZ,C3888087,0.9
MPZ,C4016264,0.4
MPZ,C4016265,0.4
MPZ,C4016266,0.4
MPZ,C4021727,0.4
MPZ,C4721436,0.65
MPZ,C4722277,0.45
MPZ,C4755257,0.4
MR1,C0021051,0.65
MRC1,C0002103,0.4
MRC1,C0020459,0.4
MRC1,C0021655,0.7
MRC1,C0028754,0.65
MRC1,C0162820,0.4
MRC1,C4016256,0.4
MS4A1,C0007131,0.7
MS4A1,C0007137,0.7
MS4A1,C0009447,0.7
MS4A1,C0029513,0.4
MS4A1,C0152013,0.4
MS4A1,C0751688,0.4
MS4A1,C1335060,0.4
MS4A1,C3150740,0.6
MSH2,C0005396,0.4
MSH2,C0005684,0.75
MSH2,C0005695,0.75
MSH2,C0006142,0.8
MSH2,C0007102,0.85
MSH2,C0007131,0.8
MSH2,C0007138,0.75
MSH2,C0009376,0.6
MSH2,C0009402,0.85
MSH2,C0009404,0.95
MSH2,C0009405,0.8
MSH2,C0012819,0.45
MSH2,C0014474,0.4
MSH2,C0017636,0.65
MSH2,C0024623,0.8
MSH2,C0024624,0.45
MSH2,C0027672,0.85
MSH2,C0029927,0.4
MSH2,C0034885,0.55
MSH2,C0035412,0.4
MSH2,C0152013,0.65
MSH2,C0153436,0.4
MSH2,C0153439,0.4
MSH2,C0153453,0.4
MSH2,C0153491,0.45
MSH2,C0153492,0.45
MSH2,C0153493,0.45
MSH2,C0206624,0.5
MSH2,C0279626,0.65
MSH2,C0334265,0.45
MSH2,C0346153,0.65
MSH2,C0346629,0.95
MSH2,C0476089,0.8
MSH2,C0555198,0.5
MSH2,C0677776,0.85
MSH2,C0678222,0.8
MSH2,C0699790,0.65
MSH2,C0919267,0.95
MSH2,C1140680,0.8
MSH2,C1261473,0.75
MSH2,C1321489,0.8
MSH2,C1333990,0.85
MSH2,C1333991,0.75
MSH2,C1335060,0.45
MSH2,C1336839,0.4
MSH2,C1838333,0.4
MSH2,C1883486,0.4
MSH2,C2676676,0.4
MSH2,C2936783,0.8
MSH2,C2936858,0.4
MSH2,C4024989,0.7
MSH2,C4321324,0.75
MSH2,C4552100,1.0
MSH2,C5399763,0.5
MSH2,C5436806,0.45
MSH6,C0006142,0.75
MSH6,C0007103,0.75
MSH6,C0009402,0.95
MSH6,C0009405,0.65
MSH6,C0014170,0.75
MSH6,C0024623,0.75
MSH6,C0027672,0.8
MSH6,C0035412,0.4
MSH6,C0040136,0.45
MSH6,C0152013,0.6
MSH6,C0206624,0.4
MSH6,C0281267,0.4
MSH6,C0338106,0.6
MSH6,C0346153,0.65
MSH6,C0346629,0.85
MSH6,C0376358,0.75
MSH6,C0476089,0.8
MSH6,C0677776,0.85
MSH6,C0678222,0.8
MSH6,C0699790,0.6
MSH6,C0919267,0.85
MSH6,C0920269,0.9
MSH6,C1140680,0.75
MSH6,C1333600,0.65
MSH6,C1333990,0.85
MSH6,C1335060,0.4
MSH6,C1535926,0.4
MSH6,C1708781,0.4
MSH6,C1833477,0.65
MSH6,C1838333,0.4
MSH6,C1883486,0.4
MSH6,C1961835,0.4
MSH6,C2676676,0.4
MSH6,C2698317,0.4
MSH6,C2931456,0.4
MSH6,C2936783,0.4
MSH6,C3554772,0.4
MSH6,C4021818,0.4
MSH6,C4024934,0.4
MSH6,C4024989,0.65
MSH6,C4321324,0.75
MSH6,C4552100,0.75
MSH6,C4721610,0.5
MSH6,C4748135,0.4
MSH6,C5399763,0.5
MSH6,C5436807,0.45
MSH6,C5679804,0.4
MSI1,C0006142,0.6
MSR1,C0003850,0.45
MSR1,C0004763,0.65
MSR1,C0022661,0.55
MSR1,C0027672,0.4
MSR1,C0033578,0.5
MSR1,C0376358,0.85
MSR1,C1140680,0.55
MSR1,C2931456,0.75
MSR1,C3277074,0.4
MST1,C0008313,0.55
MST1,C0009324,0.85
MST1,C0156147,0.4
MST1,C0375359,0.4
MST1,C0566602,0.6
MST1,C1458155,0.65
MST1,C4277682,0.4
MSTN,C0018801,0.9
MSTN,C0018802,0.8
MSTN,C2931112,0.55
MSX2,C0010278,0.85
MSX2,C0376634,0.7
MSX2,C1720887,0.4
MSX2,C1858160,1.0
MSX2,C1868597,0.6
MSX2,C1868598,1.0
MSX2,C1868599,0.6
MT1A,C0005684,0.5
MT1A,C0005695,0.4
MT1A,C0007137,0.5
MT1A,C0007166,0.4
MT1A,C0019189,0.4
MT1A,C0023186,0.4
MT1A,C0023860,0.4
MT1A,C0024232,0.4
MT1A,C0026640,0.4
MT1A,C0026650,0.4
MT1A,C0026846,0.4
MT1A,C0027746,0.4
MT1A,C0029227,0.4
MT1A,C0040411,0.4
MT1A,C0085084,0.4
MT1A,C0086468,0.4
MT1A,C0242488,0.4
MT1A,C0243026,0.4
MT1A,C0279626,0.4
MT1A,C0311375,0.4
MT1A,C0751265,0.4
MT1A,C0751688,0.4
MT1A,C1262477,0.55
MT1A,C1862939,0.4
MT1A,C2239176,0.6
MT1A,C3825727,0.4
MT2A,C0005684,0.6
MT2A,C0005695,0.4
MT2A,C0007166,0.4
MT2A,C0007282,0.55
MT2A,C0011849,0.5
MT2A,C0011860,0.8
MT2A,C0018799,0.4
MT2A,C0018800,0.4
MT2A,C0022661,0.4
MT2A,C0023186,0.4
MT2A,C0023860,0.4
MT2A,C0026650,0.4
MT2A,C0027626,0.4
MT2A,C0027746,0.4
MT2A,C0029227,0.4
MT2A,C0033578,0.4
MT2A,C0034069,0.4
MT2A,C0035222,0.4
MT2A,C0038356,0.4
MT2A,C0154088,0.4
MT2A,C0242488,0.4
MT2A,C0243026,0.4
MT2A,C0273115,0.6
MT2A,C0349218,0.5
MT2A,C0751265,0.4
MT2A,C2239176,0.6
MT2A,C3825727,0.4
MT3,C0002395,0.8
MT3,C0005684,0.65
MT3,C0005695,0.4
MT3,C0007131,0.6
MT3,C0027626,0.4
MT3,C0035222,0.4
MT3,C1458155,0.4
MTA1,C0014175,0.5
MTA1,C0030567,0.6
MTDH,C0009404,0.4
MTDH,C0027626,0.4
MTDH,C1458155,0.6
MTDH,C2239176,0.75
MTOR,C0001418,0.75
MTOR,C0005684,0.75
MTOR,C0005695,0.7
MTOR,C0007131,0.95
MTOR,C0007134,1.0
MTOR,C0007873,0.5
MTOR,C0009375,0.7
MTOR,C0011860,0.95
MTOR,C0014130,0.4
MTOR,C0017636,0.85
MTOR,C0019209,0.4
MTOR,C0020538,0.8
MTOR,C0022680,0.8
MTOR,C0023492,0.5
MTOR,C0024232,0.65
MTOR,C0025500,0.65
MTOR,C0033578,0.8
MTOR,C0034069,0.65
MTOR,C0036341,0.75
MTOR,C0036572,0.8
MTOR,C0036857,0.45
MTOR,C0041696,0.6
MTOR,C0085786,0.45
MTOR,C0149721,0.7
MTOR,C0149925,0.75
MTOR,C0235032,0.65
MTOR,C0241961,0.75
MTOR,C0267963,0.4
MTOR,C0278878,0.4
MTOR,C0278883,0.5
MTOR,C0334239,0.4
MTOR,C0345958,0.4
MTOR,C0376358,0.85
MTOR,C0424503,0.55
MTOR,C0431391,0.85
MTOR,C0588006,0.55
MTOR,C0751958,0.4
MTOR,C0919267,0.85
MTOR,C1269683,0.65
MTOR,C1335167,0.5
MTOR,C1336839,0.4
MTOR,C1458155,0.85
MTOR,C1514422,0.5
MTOR,C1535926,0.75
MTOR,C1621958,0.85
MTOR,C1846385,0.9
MTOR,C2239176,0.95
MTOR,C2243051,0.7
MTOR,C2986703,0.6
MTOR,C3714756,0.9
MTOR,C4021790,0.4
MTOR,C4225259,0.9
MTOR,C4721414,0.85
MTOR,C5394044,0.4
MTOR,C5679768,0.5
MTOR,C5679770,0.4
MTOR,C5680527,0.4
MTR,C0001969,0.5
MTR,C0004352,0.75
MTR,C0005586,0.5
MTR,C0005684,0.65
MTR,C0005695,0.55
MTR,C0007785,0.45
MTR,C0008924,0.4
MTR,C0008925,0.6
MTR,C0011570,0.6
MTR,C0011581,0.6
MTR,C0012242,0.4
MTR,C0014544,0.65
MTR,C0017661,0.55
MTR,C0018799,0.55
MTR,C0018939,0.4
MTR,C0019880,0.8
MTR,C0020538,0.65
MTR,C0021364,0.6
MTR,C0023449,0.65
MTR,C0024299,0.6
MTR,C0024301,0.5
MTR,C0026764,0.65
MTR,C0030297,0.45
MTR,C0035335,0.65
MTR,C0036341,0.6
MTR,C0079745,0.6
MTR,C0079758,0.4
MTR,C0079765,0.4
MTR,C0080178,0.65
MTR,C0153458,0.45
MTR,C0153459,0.45
MTR,C0153460,0.45
MTR,C0153463,0.45
MTR,C0158651,0.4
MTR,C0162429,0.4
MTR,C0162871,0.55
MTR,C0238198,0.4
MTR,C0270612,0.4
MTR,C0588008,0.5
MTR,C0598608,0.9
MTR,C0598798,0.4
MTR,C1335469,0.45
MTR,C1458155,0.4
MTR,C1510586,0.6
MTR,C1848580,0.65
MTR,C1855128,0.8
MTR,C1866558,0.4
MTR,C1956130,0.4
MTR,C1956131,0.4
MTR,C3161330,0.4
MTR,C3714756,0.45
MTTP,C0000744,1.0
MTTP,C0015695,0.8
MTTP,C0015696,0.7
MTTP,C0020445,0.8
MTTP,C0020459,0.65
MTTP,C0020538,0.65
MTTP,C0028754,0.8
MTTP,C0400966,0.9
MTTP,C1510586,0.4
MTTP,C3241937,0.85
MTTP,C4552048,0.4
MUC1,C0006142,0.9
MUC1,C0007130,0.75
MUC1,C0013238,0.8
MUC1,C0025500,0.7
MUC1,C0026764,0.85
MUC1,C0030297,0.9
MUC1,C0031149,0.4
MUC1,C0038356,0.5
MUC1,C0153458,0.45
MUC1,C0153459,0.45
MUC1,C0153460,0.45
MUC1,C0153461,0.45
MUC1,C0153463,0.45
MUC1,C0278752,0.4
MUC1,C0334368,0.55
MUC1,C0345913,0.45
MUC1,C0345967,0.7
MUC1,C0392400,0.4
MUC1,C0887833,0.7
MUC1,C1332338,0.4
MUC1,C1868139,0.85
MUC1,C4511620,0.75
MUC1,C5203670,0.8
MUC2,C0001418,0.75
MUC2,C0001430,0.75
MUC2,C0004096,0.75
MUC2,C0021841,0.65
MUC2,C0034885,0.4
MUC2,C0334389,0.4
MUC4,C0000786,0.4
MUC4,C0007134,0.4
MUC4,C0030297,0.9
MUC4,C0033578,0.4
MUC4,C0153458,0.45
MUC4,C0153459,0.45
MUC4,C0153460,0.45
MUC4,C0153463,0.45
MUC5AC,C0007137,0.6
MUC5AC,C0013238,0.9
MUC5AC,C0022578,0.4
MUC5AC,C0152013,0.65
MUSK,C0026896,0.95
MUSK,C0035229,0.65
MUSK,C0038450,0.4
MUSK,C0751882,0.75
MUSK,C0751883,0.4
MUSK,C1260409,0.4
MUSK,C1276035,0.95
MUSK,C1837091,0.4
MUSK,C1837658,0.45
MUSK,C1865916,0.4
MUSK,C2200127,0.4
MUSK,C4225368,0.65
MVP,C0157946,0.4
MYB,C0004096,0.4
MYB,C0010606,0.95
MYB,C0017638,0.85
MYB,C0023437,0.65
MYB,C0023492,0.65
MYB,C0027819,0.75
MYB,C0555198,0.5
MYB,C1961099,0.75
MYB,C2363903,0.6
MYC,C0001418,0.85
MYC,C0005684,0.85
MYC,C0005695,0.7
MYC,C0006142,0.9
MYC,C0006413,1.0
MYC,C0007097,0.95
MYC,C0007112,0.8
MYC,C0007131,0.95
MYC,C0007137,0.75
MYC,C0007194,0.65
MYC,C0007873,0.6
MYC,C0008924,0.4
MYC,C0008925,0.4
MYC,C0009375,0.85
MYC,C0009404,0.8
MYC,C0011303,0.4
MYC,C0014170,0.7
MYC,C0015695,0.65
MYC,C0015696,0.4
MYC,C0017636,0.85
MYC,C0018923,0.9
MYC,C0019829,0.7
MYC,C0022680,0.8
MYC,C0023467,0.85
MYC,C0023487,0.8
MYC,C0023903,0.75
MYC,C0024121,0.85
MYC,C0025149,0.95
MYC,C0027819,0.85
MYC,C0029463,0.95
MYC,C0030297,0.8
MYC,C0033578,0.95
MYC,C0038356,0.65
MYC,C0079744,0.95
MYC,C0085215,0.55
MYC,C0149721,0.4
MYC,C0152013,0.85
MYC,C0153458,0.45
MYC,C0153459,0.45
MYC,C0153460,0.45
MYC,C0153463,0.45
MYC,C0158651,0.4
MYC,C0206093,0.65
MYC,C0206639,0.4
MYC,C0206663,0.75
MYC,C0278878,0.4
MYC,C0302182,0.4
MYC,C0376358,0.95
MYC,C0376628,0.4
MYC,C0553707,0.4
MYC,C0751688,0.4
MYC,C0854893,0.5
MYC,C0919267,0.95
MYC,C1176475,0.6
MYC,C1334410,0.4
MYC,C1335060,0.5
MYC,C1368683,0.6
MYC,C1514422,0.4
MYC,C1961099,0.75
MYC,C2239176,1.0
MYC,C2713368,0.4
MYC,C4524190,0.4
MYCN,C0008625,0.6
MYCN,C0010606,0.4
MYCN,C0013069,0.4
MYCN,C0018818,0.45
MYCN,C0020507,0.65
MYCN,C0023492,0.4
MYCN,C0025149,0.85
MYCN,C0027540,0.4
MYCN,C0027708,0.75
MYCN,C0027819,1.0
MYCN,C0206663,0.7
MYCN,C0206710,0.4
MYCN,C0266251,0.4
MYCN,C0796068,0.85
MYCN,C1332219,0.4
MYCN,C1333015,0.75
MYCN,C1334410,0.4
MYCN,C1368295,0.4
MYCN,C3553084,0.4
MYCN,C4551774,0.85
MYCN,C5935591,0.75
MYD88,C0005398,0.4
MYD88,C0007131,0.65
MYD88,C0009402,0.65
MYD88,C0009404,0.5
MYD88,C0014457,0.4
MYD88,C0020538,0.6
MYD88,C0021051,0.6
MYD88,C0021368,0.75
MYD88,C0024301,0.7
MYD88,C0024419,1.0
MYD88,C0024624,0.4
MYD88,C0027626,0.4
MYD88,C0032285,0.65
MYD88,C0034068,0.4
MYD88,C0035126,0.65
MYD88,C0079744,1.0
MYD88,C0079745,0.5
MYD88,C0079758,0.4
MYD88,C0079765,0.4
MYD88,C0153491,0.4
MYD88,C0153492,0.4
MYD88,C0153493,0.4
MYD88,C0242488,0.65
MYD88,C0280803,0.75
MYD88,C0338106,0.6
MYD88,C0344315,0.5
MYD88,C0346629,0.65
MYD88,C0349644,0.65
MYD88,C1175175,0.4
MYD88,C1835192,0.4
MYD88,C1956130,0.4
MYD88,C1956131,0.4
MYD88,C2239176,0.7
MYD88,C2677092,0.5
MYD88,C2936755,0.55
MYD88,C3549870,0.4
MYH11,C0003486,0.7
MYH11,C0009782,0.4
MYH11,C0013274,0.85
MYH11,C0023467,1.0
MYH11,C0023479,0.6
MYH11,C0024796,0.55
MYH11,C0026266,0.4
MYH11,C0027092,0.4
MYH11,C0040961,0.4
MYH11,C0043202,0.4
MYH11,C0149630,0.45
MYH11,C0152021,0.4
MYH11,C0162872,0.95
MYH11,C0238062,0.6
MYH11,C0265004,0.4
MYH11,C0266463,0.4
MYH11,C0344905,0.4
MYH11,C0345050,0.65
MYH11,C1298820,0.45
MYH11,C1608393,0.85
MYH11,C1851504,0.45
MYH11,C1956257,0.4
MYH11,C2697932,0.4
MYH11,C3151461,0.4
MYH11,C4225429,0.4
MYH11,C4707243,0.6
MYH11,C5395080,0.4
MYH11,C5542197,0.4
MYH11,C5543466,0.5
MYH11,C5543476,0.5
MYH2,C0026848,0.8
MYH2,C0026850,0.4
MYH2,C0238190,0.45
MYH2,C1833672,0.5
MYH2,C1854106,0.7
MYH2,C4510610,0.5
MYH2,C5192594,0.45
MYH7,C0003811,0.65
MYH7,C0004238,0.8
MYH7,C0004239,0.4
MYH7,C0007193,1.0
MYH7,C0007194,1.0
MYH7,C0007196,0.75
MYH7,C0008031,0.55
MYH7,C0013404,0.45
MYH7,C0013481,0.75
MYH7,C0018798,0.65
MYH7,C0018801,0.8
MYH7,C0020538,0.45
MYH7,C0023976,0.6
MYH7,C0026827,0.4
MYH7,C0026848,0.8
MYH7,C0027051,0.75
MYH7,C0027059,0.5
MYH7,C0027868,0.5
MYH7,C0033141,0.45
MYH7,C0036529,0.45
MYH7,C0039231,0.4
MYH7,C0042514,0.45
MYH7,C0043202,0.6
MYH7,C0085298,0.8
MYH7,C0085614,0.4
MYH7,C0149721,0.8
MYH7,C0151878,0.5
MYH7,C0152021,0.65
MYH7,C0152101,0.65
MYH7,C0205700,0.45
MYH7,C0242231,0.5
MYH7,C0264162,0.4
MYH7,C0264789,0.5
MYH7,C0264886,0.5
MYH7,C0270960,0.65
MYH7,C0340427,0.5
MYH7,C0344432,0.4
MYH7,C0349788,0.65
MYH7,C0427065,0.45
MYH7,C0432123,0.4
MYH7,C0454644,0.4
MYH7,C0520806,0.4
MYH7,C0546264,0.6
MYH7,C0678230,0.4
MYH7,C0685707,0.4
MYH7,C0751336,0.7
MYH7,C0878544,1.0
MYH7,C0949658,0.8
MYH7,C1135196,0.4
MYH7,C1449563,0.65
MYH7,C1833340,0.4
MYH7,C1834481,0.6
MYH7,C1836906,0.4
MYH7,C1837658,0.45
MYH7,C1842160,0.75
MYH7,C1850709,0.7
MYH7,C1861862,0.4
MYH7,C1960469,0.85
MYH7,C2931268,0.6
MYH7,C3150690,0.4
MYH7,C3495498,0.6
MYH7,C4016270,0.4
MYH7,C4021133,0.75
MYH7,C4021745,0.4
MYH7,C4022713,0.4
MYH7,C4274968,0.4
MYH7,C4478895,0.4
MYH7,C4531288,0.4
MYH7,C4552004,1.0
MYH7,C4759774,0.65
MYH7,C5679590,0.4
MYH7,C5679883,0.4
MYH7,C5680832,0.4
MYH7,C5848107,0.4
MYL9,C0002940,0.4
MYL9,C0042373,0.4
MYL9,C0752127,0.4
MYL9,C0752130,0.4
MYL9,C0949658,0.7
MYL9,C1527311,0.4
MYL9,C1608393,0.6
MYL9,C5542197,0.4
MYL9,C5543519,0.45
MYLIP,C0014175,0.6
MYLK,C0002940,0.5
MYLK,C0004096,0.8
MYLK,C0009782,0.45
MYLK,C0010054,0.6
MYLK,C0010068,0.45
MYLK,C0012242,0.45
MYLK,C0017601,0.5
MYLK,C0017638,0.5
MYLK,C0018817,0.4
MYLK,C0020443,0.55
MYLK,C0020517,0.65
MYLK,C0024796,0.4
MYLK,C0027626,0.4
MYLK,C0032285,0.65
MYLK,C0035222,0.7
MYLK,C0042373,0.5
MYLK,C0151744,0.5
MYLK,C0162872,0.6
MYLK,C0242488,0.8
MYLK,C0264694,0.45
MYLK,C0345050,0.6
MYLK,C0376358,0.75
MYLK,C0555198,0.4
MYLK,C0752127,0.4
MYLK,C0752130,0.4
MYLK,C1335167,0.4
MYLK,C1527311,0.55
MYLK,C1608393,0.7
MYLK,C1836996,0.4
MYLK,C2697932,0.4
MYLK,C3151077,0.45
MYLK,C4707243,0.6
MYLK,C5542197,0.4
MYLK,C5542316,0.45
MYLK3,C0009402,0.4
MYOC,C0017601,1.0
MYOC,C0017612,1.0
MYOC,C0018801,0.4
MYOC,C0018802,0.4
MYOC,C0020302,0.85
MYOC,C0028840,0.8
MYOC,C0152136,0.75
MYOC,C0339573,1.0
MYOC,C1842026,0.4
MYOC,C1842028,0.75
MYOC,C1866550,0.4
MYOC,C2981140,1.0
MYOC,C4016750,0.4
MYOD1,C0006142,0.6
MYOD1,C0019284,0.45
MYOD1,C0033054,0.4
MYOD1,C0206656,0.85
MYOD1,C1276035,0.45
MYOD1,C4551952,0.4
MYOD1,C5436530,0.5
MYOD1,C5779613,0.45
NACC1,C1535926,0.65
NACC1,C4479333,0.6
NACC1,C4551563,0.55
NACC1,C5568106,0.4
NAE1,C5774298,0.5
NAMPT,C0007787,0.4
NAMPT,C0009319,0.65
NAMPT,C0009402,0.7
NAMPT,C0009404,0.6
NAMPT,C0026640,0.4
NAMPT,C0028754,1.0
NAMPT,C0162820,0.4
NAMPT,C1168401,0.5
NANOG,C0027658,0.4
NAT1,C0001418,0.55
NAT1,C0001973,0.5
NAT1,C0004096,0.6
NAT1,C0005684,0.75
NAT1,C0005695,0.6
NAT1,C0007131,0.55
NAT1,C0008625,0.6
NAT1,C0028796,0.5
NAT1,C0030297,0.45
NAT1,C0033578,0.7
NAT1,C0153458,0.45
NAT1,C0153459,0.45
NAT1,C0153460,0.45
NAT1,C0153463,0.45
NAT1,C0162820,0.65
NAT1,C0376358,0.8
NCAM1,C0000786,0.8
NCAM1,C0001973,0.7
NCAM1,C0005586,0.95
NCAM1,C0005587,0.65
NCAM1,C0011570,0.85
NCAM1,C0011581,0.85
NCAM1,C0024713,0.45
NCAM1,C0024809,0.55
NCAM1,C0027626,0.4
NCAM1,C0028043,0.65
NCAM1,C0029792,0.45
NCAM1,C0030297,0.6
NCAM1,C0036341,0.85
NCAM1,C0041696,0.6
NCAM1,C0153458,0.4
NCAM1,C0153459,0.4
NCAM1,C0153460,0.4
NCAM1,C0153463,0.4
NCAM1,C0236780,0.45
NCAM1,C0525045,0.85
NCAM1,C0677776,0.4
NCAM1,C0740392,0.4
NCAM1,C1269683,0.75
NCF1,C0003873,0.65
NCF1,C0007766,0.4
NCF1,C0011849,0.5
NCF1,C0018203,1.0
NCF1,C0020443,0.55
NCF1,C0020538,0.8
NCF1,C0020672,0.4
NCF1,C0022661,0.4
NCF1,C0024141,0.8
NCF1,C0085580,0.45
NCF1,C0086981,0.4
NCF1,C0162871,0.65
NCF1,C0175702,0.75
NCF1,C1527336,0.55
NCF1,C1844376,0.75
NCF1,C1856251,0.7
NCF1,C1861862,0.4
NCF2,C0002395,0.45
NCF2,C0003873,0.65
NCF2,C0018203,0.95
NCF2,C1856245,0.7
NCL,C0004352,0.5
NCL,C0151744,0.65
NCL,C0152013,0.6
NCL,C1335060,0.4
NCOA1,C0014175,0.65
NCOA1,C0033578,0.4
NCOA1,C1458155,0.75
NCOA3,C0001418,0.6
NCOA3,C0004114,0.6
NCOA3,C0005967,0.4
NCOA3,C0007131,0.65
NCOA3,C0007137,0.5
NCOA3,C0023418,0.5
NCOA3,C0028754,0.65
NCOA3,C0033578,0.45
NCOA3,C0452138,0.5
NCOA3,C0750935,0.4
NCOA3,C0751688,0.4
NCOA3,C1458155,0.85
NCOR1,C0005684,0.6
NCOR1,C0005695,0.4
NCOR1,C0007138,0.6
NCOR1,C0014175,0.4
NCOR1,C0017636,0.6
NCOR1,C0023903,0.4
NCOR1,C0033578,0.4
NCOR1,C0278878,0.4
NCOR1,C0334265,0.4
NCOR1,C0346153,0.4
NCOR1,C0423757,0.4
NCOR1,C0424605,0.4
NCOR1,C0857007,0.4
NCOR1,C1458155,0.6
NCOR1,C1514422,0.4
NCOR1,C1527349,0.4
NCOR1,C3541471,0.4
NCOR1,C3554605,0.4
NDRG2,C0007787,0.4
NDRG2,C0009375,0.5
NDRG2,C0029531,0.4
NDUFV2,C0005586,0.8
NDUFV2,C0005587,0.4
NDUFV2,C0024713,0.4
NDUFV2,C0030567,0.65
NDUFV2,C0033141,0.4
NDUFV2,C0036341,0.75
NDUFV2,C0036529,0.4
NDUFV2,C0041696,0.6
NDUFV2,C0162666,0.4
NDUFV2,C0236780,0.4
NDUFV2,C0751651,0.4
NDUFV2,C0878544,0.6
NDUFV2,C1269683,0.6
NDUFV2,C1838867,0.4
NDUFV2,C1838979,0.65
NDUFV2,C2931891,0.4
NDUFV2,C4304840,0.6
NDUFV2,C4748760,0.5
NEDD4L,C0007193,0.6
NEDD4L,C0008925,0.6
NEDD4L,C0014175,0.4
NEDD4L,C0020538,0.75
NEDD4L,C0036572,0.7
NEDD4L,C0039075,0.6
NEDD4L,C1848213,0.45
NEDD4L,C1868720,0.75
NEDD4L,C2752071,0.4
NEDD4L,C3714756,0.45
NEDD4L,C4310669,0.8
NEIL2,C0271183,0.4
NEK11,C1319315,0.4
NEK2,C0007131,0.75
NEK2,C0027626,0.4
NEK2,C0035334,0.6
NEK2,C0154860,0.45
NEK2,C0854723,0.4
NEK2,C2239176,0.7
NEK2,C3809954,0.5
NES,C0014549,0.4
NES,C0027720,0.6
NES,C1302995,0.4
NEU1,C0023806,0.75
NEU1,C0026697,0.9
NEU1,C0268226,0.8
NEU1,C0455988,0.5
NEU1,C0751778,0.45
NEU1,C4282398,0.75
NEU1,C5681598,0.4
NEU1,C5681599,0.6
NF1,C0001430,0.4
NF1,C0002940,0.75
NF1,C0004114,0.85
NF1,C0004352,0.75
NF1,C0005684,0.4
NF1,C0006118,0.9
NF1,C0006142,0.75
NF1,C0009402,0.7
NF1,C0016057,0.4
NF1,C0017636,0.75
NF1,C0017638,0.85
NF1,C0022578,0.5
NF1,C0023186,0.45
NF1,C0023467,0.8
NF1,C0023827,0.65
NF1,C0024623,0.6
NF1,C0025202,0.85
NF1,C0025362,0.65
NF1,C0026764,0.6
NF1,C0027672,0.65
NF1,C0027809,0.8
NF1,C0027830,0.95
NF1,C0027831,1.0
NF1,C0027962,0.65
NF1,C0031511,0.95
NF1,C0035320,0.5
NF1,C0035335,0.5
NF1,C0035412,0.65
NF1,C0038379,0.45
NF1,C0079744,0.5
NF1,C0149727,0.4
NF1,C0151526,0.4
NF1,C0153519,0.4
NF1,C0162678,0.9
NF1,C0206643,0.4
NF1,C0206655,0.4
NF1,C0206656,0.65
NF1,C0206727,0.85
NF1,C0206728,1.0
NF1,C0221263,0.75
NF1,C0235592,0.4
NF1,C0278878,0.4
NF1,C0334389,0.4
NF1,C0334480,0.4
NF1,C0334583,0.65
NF1,C0346326,0.9
NF1,C0349636,0.65
NF1,C0349639,1.0
NF1,C0424295,0.55
NF1,C0454644,0.45
NF1,C0457334,0.4
NF1,C0476397,0.4
NF1,C0495632,0.4
NF1,C0553586,0.7
NF1,C0555198,0.7
NF1,C0677776,0.4
NF1,C0750935,0.45
NF1,C0751265,0.7
NF1,C0751495,0.45
NF1,C1257877,0.45
NF1,C1333046,0.4
NF1,C1333600,0.6
NF1,C1336021,0.4
NF1,C1510586,0.7
NF1,C1514422,0.4
NF1,C1708353,0.4
NF1,C1827970,0.45
NF1,C1834235,0.6
NF1,C1834297,0.45
NF1,C1857790,0.4
NF1,C1860334,0.65
NF1,C1860335,0.45
NF1,C1860834,0.4
NF1,C1861975,0.65
NF1,C2243051,0.55
NF1,C2931482,1.0
NF1,C2986658,0.4
NF1,C3495679,0.4
NF1,C3496579,0.5
NF1,C3714756,0.65
NF1,C4021217,0.4
NF1,C4022738,0.45
NF1,C4023676,0.4
NF1,C4023681,0.4
NF1,C4024216,0.65
NF1,C4024217,0.65
NF1,C4024926,0.4
NF1,C4025174,0.4
NF1,C4025846,0.4
NF1,C4274332,0.4
NF1,C4520679,0.4
NF1,C4551563,0.65
NF1,C5401456,0.65
NF1,C5555857,0.65
NF1,C5669733,0.4
NF1,C5669918,0.4
NF1,C5681165,0.4
NF1,C5681261,0.4
NF1,C5779636,0.45
NF1,C5848159,0.4
NF2,C0006142,0.85
NF2,C0007134,0.8
NF2,C0009404,0.55
NF2,C0014474,0.75
NF2,C0025202,0.75
NF2,C0025286,1.0
NF2,C0025500,0.85
NF2,C0027672,0.5
NF2,C0027809,1.0
NF2,C0027831,0.75
NF2,C0027832,1.0
NF2,C0027859,0.95
NF2,C0032227,0.4
NF2,C0032229,0.4
NF2,C0205945,0.4
NF2,C0238198,0.65
NF2,C0278752,0.45
NF2,C0345967,0.9
NF2,C0346629,0.65
NF2,C0392400,0.45
NF2,C0812413,0.8
NF2,C1136042,0.65
NF2,C1332338,0.45
NF2,C1333989,0.55
NF2,C1334698,0.5
NF2,C1527349,0.4
NF2,C2239176,0.7
NF2,C3551915,0.4
NF2,C4048809,0.5
NFAT5,C0021051,0.5
NFATC1,C0009402,0.6
NFATC1,C0018798,0.7
NFATC1,C0018818,0.65
NFATC1,C0152021,0.75
NFATC3,C0022578,0.4
NFATC4,C0007193,0.65
NFATC4,C4277682,0.4
NFE2L2,C0001122,0.5
NFE2L2,C0002395,0.9
NFE2L2,C0002736,0.9
NFE2L2,C0002895,0.75
NFE2L2,C0005398,0.55
NFE2L2,C0005612,0.4
NFE2L2,C0007131,0.95
NFE2L2,C0007137,0.85
NFE2L2,C0007166,0.4
NFE2L2,C0008312,0.6
NFE2L2,C0008370,0.65
NFE2L2,C0011881,0.9
NFE2L2,C0012242,0.4
NFE2L2,C0013990,0.75
NFE2L2,C0014130,0.4
NFE2L2,C0014170,0.6
NFE2L2,C0015695,0.8
NFE2L2,C0015696,0.45
NFE2L2,C0018801,0.8
NFE2L2,C0018802,0.8
NFE2L2,C0019209,0.55
NFE2L2,C0020456,0.75
NFE2L2,C0020507,0.75
NFE2L2,C0020538,0.85
NFE2L2,C0021655,0.9
NFE2L2,C0022593,0.65
NFE2L2,C0022658,0.85
NFE2L2,C0022660,0.75
NFE2L2,C0023890,0.65
NFE2L2,C0023892,0.4
NFE2L2,C0023903,0.65
NFE2L2,C0024115,0.8
NFE2L2,C0024121,0.85
NFE2L2,C0024437,0.6
NFE2L2,C0027540,0.6
NFE2L2,C0027626,0.4
NFE2L2,C0029531,0.4
NFE2L2,C0033578,0.75
NFE2L2,C0034069,0.8
NFE2L2,C0037286,0.55
NFE2L2,C0038002,0.4
NFE2L2,C0041295,0.4
NFE2L2,C0042900,0.5
NFE2L2,C0043094,0.5
NFE2L2,C0085215,0.55
NFE2L2,C0153461,0.4
NFE2L2,C0162820,0.65
NFE2L2,C0178324,0.5
NFE2L2,C0235032,0.75
NFE2L2,C0242379,0.85
NFE2L2,C0242488,0.85
NFE2L2,C0242698,0.5
NFE2L2,C0271650,0.65
NFE2L2,C0279626,0.75
NFE2L2,C0346629,0.85
NFE2L2,C0376628,0.4
NFE2L2,C0400966,0.75
NFE2L2,C0596263,0.85
NFE2L2,C0600519,0.4
NFE2L2,C0751688,0.65
NFE2L2,C0751992,0.4
NFE2L2,C0887833,0.4
NFE2L2,C1306571,0.4
NFE2L2,C1458155,0.7
NFE2L2,C1565662,0.4
NFE2L2,C2239176,0.95
NFE2L2,C2609414,0.85
NFE2L2,C3241937,0.75
NFE2L2,C4277682,0.45
NFE2L2,C4540293,0.5
NFE2L2,C5681830,0.4
NFKB1,C0001418,0.7
NFKB1,C0001973,0.65
NFKB1,C0006142,0.85
NFKB1,C0007131,0.9
NFKB1,C0007786,0.4
NFKB1,C0008312,0.65
NFKB1,C0009375,0.7
NFKB1,C0009447,0.85
NFKB1,C0011860,0.85
NFKB1,C0018843,0.4
NFKB1,C0020500,0.55
NFKB1,C0022660,0.65
NFKB1,C0022661,0.75
NFKB1,C0023892,0.4
NFKB1,C0023895,0.75
NFKB1,C0025202,0.9
NFKB1,C0029513,0.4
NFKB1,C0030481,0.55
NFKB1,C0033578,0.75
NFKB1,C0271183,0.4
NFKB1,C0376358,0.9
NFKB1,C0525045,0.5
NFKB1,C1565662,0.4
NFKB1,C1837618,0.4
NFKB1,C2239176,0.75
NFKB1,C2609414,0.65
NFKB1,C4225277,0.6
NFKB1,C5197805,0.4
NFKBIA,C0003850,0.4
NFKBIA,C0006287,0.6
NFKBIA,C0007786,0.4
NFKBIA,C0013369,0.4
NFKBIA,C0017636,0.6
NFKBIA,C0019163,0.65
NFKBIA,C0019196,0.55
NFKBIA,C0019829,0.8
NFKBIA,C0024624,0.45
NFKBIA,C0025202,0.7
NFKBIA,C0026764,0.75
NFKBIA,C0030297,0.4
NFKBIA,C0032285,0.45
NFKBIA,C0033578,0.45
NFKBIA,C0033860,0.9
NFKBIA,C0040558,0.4
NFKBIA,C0042384,0.5
NFKBIA,C0151744,0.4
NFKBIA,C0153458,0.4
NFKBIA,C0153459,0.4
NFKBIA,C0153460,0.4
NFKBIA,C0153463,0.4
NFKBIA,C0153491,0.45
NFKBIA,C0153492,0.45
NFKBIA,C0153493,0.45
NFKBIA,C0206726,0.4
NFKBIA,C0278878,0.4
NFKBIA,C0334588,0.4
NFKBIA,C0376358,0.8
NFKBIA,C1458155,0.65
NFKBIA,C1514422,0.4
NFKBIA,C1846006,0.7
NFKBIA,C2239176,0.7
NFKBIA,C2677481,0.7
NFKBIA,C2748507,0.5
NFKBIA,C2931822,0.6
NFKBIA,C5197805,0.4
NGF,C0002622,0.65
NGF,C0002625,0.4
NGF,C0002768,0.7
NGF,C0004096,0.8
NGF,C0005586,0.6
NGF,C0005587,0.5
NGF,C0007959,0.4
NGF,C0010043,0.6
NGF,C0010692,0.8
NGF,C0011570,0.9
NGF,C0011581,0.85
NGF,C0014549,0.4
NGF,C0017658,0.65
NGF,C0017661,0.55
NGF,C0019337,0.7
NGF,C0020071,0.4
NGF,C0020072,0.4
NGF,C0020074,0.75
NGF,C0020075,1.0
NGF,C0020429,0.9
NGF,C0021368,0.9
NGF,C0022661,0.65
NGF,C0024713,0.4
NGF,C0027051,0.8
NGF,C0027707,0.4
NGF,C0027746,0.85
NGF,C0027765,0.75
NGF,C0027889,0.7
NGF,C0030567,0.85
NGF,C0031117,0.85
NGF,C0038220,0.65
NGF,C0085129,0.4
NGF,C0086405,0.4
NGF,C0157738,0.4
NGF,C0236663,0.65
NGF,C0236736,0.4
NGF,C0236780,0.4
NGF,C0242422,0.65
NGF,C0273115,0.7
NGF,C0278752,0.4
NGF,C0282488,0.9
NGF,C0345967,0.6
NGF,C0392400,0.4
NGF,C0524662,0.55
NGF,C0524851,0.85
NGF,C0525041,0.4
NGF,C0600467,0.75
NGF,C0699739,0.65
NGF,C0740392,0.4
NGF,C0752347,0.6
NGF,C0878773,0.95
NGF,C1285162,0.4
NGF,C1332338,0.4
NGF,C1335029,0.4
NGF,C3887506,0.4
NGFR,C0002395,0.8
NGFR,C0011570,0.85
NGFR,C0011581,0.75
NGFR,C0025202,0.85
NGFR,C0027746,0.85
NGFR,C0033578,0.6
NGFR,C0036341,0.75
NGFR,C0524851,0.75
NGFR,C1285162,0.5
NISCH,C0018801,0.45
NISCH,C0018802,0.45
NISCH,C0020649,0.65
NISCH,C0428977,0.4
NISCH,C1458155,0.5
NKX2-1,C0008489,0.85
NKX2-1,C0019284,0.45
NKX2-1,C0024115,0.85
NKX2-1,C0026764,0.4
NKX2-1,C0029542,0.5
NKX2-1,C0238463,0.85
NKX2-1,C0393584,1.0
NKX2-1,C1337013,0.6
NKX2-1,C1535926,0.4
NKX2-1,C1853488,0.4
NKX2-1,C1859098,0.5
NKX2-1,C1970269,1.0
NKX2-1,C4721429,0.45
NKX2-5,C0004238,0.85
NKX2-5,C0004245,0.8
NKX2-5,C0007193,0.75
NKX2-5,C0007194,0.5
NKX2-5,C0010308,0.85
NKX2-5,C0013069,0.7
NKX2-5,C0018798,0.85
NKX2-5,C0018800,0.4
NKX2-5,C0018816,0.7
NKX2-5,C0018817,0.95
NKX2-5,C0018818,0.9
NKX2-5,C0023976,0.4
NKX2-5,C0038454,0.65
NKX2-5,C0039685,1.0
NKX2-5,C0041207,0.65
NKX2-5,C0042510,0.4
NKX2-5,C0152021,0.85
NKX2-5,C0152101,0.8
NKX2-5,C0152419,0.5
NKX2-5,C0342151,0.45
NKX2-5,C0342154,0.45
NKX2-5,C0344724,0.65
NKX2-5,C0345447,0.45
NKX2-5,C0553604,0.4
NKX2-5,C0685889,0.5
NKX2-5,C0749420,0.5
NKX2-5,C1833590,0.4
NKX2-5,C1839832,0.5
NKX2-5,C1857586,0.5
NKX2-5,C1879286,0.5
NKX2-5,C2673630,0.6
NKX2-5,C2931574,0.4
NKX2-5,C3276096,0.65
NKX2-5,C3280785,0.5
NKX2-5,C3280795,0.5
NKX2-5,C3468561,0.55
NKX2-5,C3493776,0.45
NKX2-5,C3542024,0.45
NKX2-5,C4049796,0.4
NKX2-5,C4305275,0.5
NKX2-5,C4510872,0.55
NKX2-5,C4512055,0.4
NKX2-5,C4749284,0.4
NKX3-1,C0033578,0.9
NKX3-1,C2239176,0.65
NLK,C1621958,0.55
NLRC4,C0014356,0.65
NLRC4,C0343068,0.75
NLRC4,C0751422,0.6
NLRC4,C1096155,0.6
NLRC4,C2316212,0.5
NLRC4,C3890737,0.75
NLRC4,C4015067,0.85
NLRC4,C4015276,0.95
NLRP3,C0002792,0.4
NLRP3,C0003949,0.6
NLRP3,C0004134,0.4
NLRP3,C0007137,0.6
NLRP3,C0013182,0.4
NLRP3,C0015967,0.65
NLRP3,C0016470,0.5
NLRP3,C0021368,0.95
NLRP3,C0021655,0.85
NLRP3,C0022658,0.9
NLRP3,C0026769,0.85
NLRP3,C0029839,0.45
NLRP3,C0031039,0.4
NLRP3,C0032227,0.4
NLRP3,C0034063,0.4
NLRP3,C0085652,0.6
NLRP3,C0152013,0.6
NLRP3,C0152249,0.4
NLRP3,C0156147,0.4
NLRP3,C0162836,0.5
NLRP3,C0235032,0.65
NLRP3,C0242488,0.85
NLRP3,C0268390,1.0
NLRP3,C0311375,0.4
NLRP3,C0342611,0.5
NLRP3,C0343068,1.0
NLRP3,C0400966,0.9
NLRP3,C0409818,1.0
NLRP3,C0702166,0.6
NLRP3,C0917804,0.4
NLRP3,C1719313,0.5
NLRP3,C1835697,0.8
NLRP3,C2316212,1.0
NLRP3,C3241937,0.8
NLRP3,C3890737,0.75
NLRP3,C4521680,0.7
NLRP3,C4551895,0.85
NME1,C0007194,0.4
NME1,C0009404,0.6
NME1,C0027626,0.4
NME1,C0027819,0.8
NME1,C0039538,0.65
NME1,C0242184,0.65
NME1,C0341823,0.65
NME1,C2239176,0.75
NNMT,C0005586,0.6
NNMT,C0036341,0.6
NNMT,C0162871,0.55
NNMT,C0206710,0.4
NNMT,C1368295,0.4
NNMT,C2239176,0.6
NOD2,C0003089,0.45
NOD2,C0004096,0.85
NOD2,C0004943,0.7
NOD2,C0005586,0.5
NOD2,C0006142,0.7
NOD2,C0006272,0.65
NOD2,C0007107,0.5
NOD2,C0009324,1.0
NOD2,C0010054,0.7
NOD2,C0010068,0.65
NOD2,C0010346,1.0
NOD2,C0011603,0.8
NOD2,C0017152,0.45
NOD2,C0018133,0.75
NOD2,C0021390,1.0
NOD2,C0021831,0.8
NOD2,C0023343,0.8
NOD2,C0024117,0.5
NOD2,C0024141,0.65
NOD2,C0024624,0.45
NOD2,C0025294,0.55
NOD2,C0031069,0.6
NOD2,C0035455,0.45
NOD2,C0036205,0.5
NOD2,C0041327,0.65
NOD2,C0085652,0.6
NOD2,C0151544,0.45
NOD2,C0151744,0.45
NOD2,C0152249,0.4
NOD2,C0153491,0.45
NOD2,C0153492,0.45
NOD2,C0153493,0.45
NOD2,C0156147,0.75
NOD2,C0162836,0.6
NOD2,C0264694,0.45
NOD2,C0375359,0.4
NOD2,C0678202,0.45
NOD2,C0702166,0.4
NOD2,C0751967,0.4
NOD2,C0919267,0.55
NOD2,C1135745,0.45
NOD2,C1135746,0.45
NOD2,C1135747,0.45
NOD2,C1136209,0.45
NOD2,C1136210,0.45
NOD2,C1140680,0.55
NOD2,C1299247,0.45
NOD2,C1319315,0.45
NOD2,C1835223,0.4
NOD2,C1835932,0.4
NOD2,C1836122,0.7
NOD2,C1858763,0.4
NOD2,C1861303,0.8
NOD2,C3890737,0.75
NOD2,C4082167,0.45
NOD2,C4310620,0.8
NOD2,C4551602,0.4
NOD2,C5201146,1.0
NOS1,C0002395,0.8
NOS1,C0004096,0.8
NOS1,C0004936,0.65
NOS1,C0007760,0.4
NOS1,C0010674,0.65
NOS1,C0011570,0.75
NOS1,C0011854,0.65
NOS1,C0015923,0.55
NOS1,C0015967,0.4
NOS1,C0019151,0.7
NOS1,C0020429,0.45
NOS1,C0021845,0.4
NOS1,C0026552,0.4
NOS1,C0027746,0.65
NOS1,C0027765,0.6
NOS1,C0030567,0.85
NOS1,C0034531,0.4
NOS1,C0036341,0.85
NOS1,C0038220,0.55
NOS1,C0042035,0.4
NOS1,C0154536,0.4
NOS1,C0242184,0.65
NOS1,C0525041,0.4
NOS1,C0600519,0.55
NOS1,C0745744,0.4
NOS1,C0859976,0.4
NOS1,C1510586,0.6
NOS1,C1867403,0.6
NOS1,C2985290,0.4
NOS2,C0003490,0.4
NOS2,C0003872,0.55
NOS2,C0003949,0.65
NOS2,C0004096,0.85
NOS2,C0004153,0.85
NOS2,C0004352,0.4
NOS2,C0005398,0.4
NOS2,C0006142,0.75
NOS2,C0006261,0.4
NOS2,C0007786,0.65
NOS2,C0008312,0.45
NOS2,C0008313,0.45
NOS2,C0008370,0.55
NOS2,C0009319,0.8
NOS2,C0009375,0.55
NOS2,C0010474,0.4
NOS2,C0011570,0.75
NOS2,C0011581,0.75
NOS2,C0011860,1.0
NOS2,C0013295,0.5
NOS2,C0013990,0.65
NOS2,C0014859,0.6
NOS2,C0017668,0.5
NOS2,C0018801,0.85
NOS2,C0018802,0.75
NOS2,C0019209,0.4
NOS2,C0020429,0.55
NOS2,C0020452,0.65
NOS2,C0020538,0.85
NOS2,C0020542,0.7
NOS2,C0020672,0.65
NOS2,C0021368,0.95
NOS2,C0021831,0.55
NOS2,C0022658,0.75
NOS2,C0022660,0.65
NOS2,C0023892,0.45
NOS2,C0023895,0.65
NOS2,C0024117,0.75
NOS2,C0024121,0.65
NOS2,C0024530,0.8
NOS2,C0024796,0.65
NOS2,C0026936,0.4
NOS2,C0027051,0.85
NOS2,C0027055,0.6
NOS2,C0027540,0.65
NOS2,C0029866,0.4
NOS2,C0030569,0.4
NOS2,C0032290,0.4
NOS2,C0033860,1.0
NOS2,C0035126,0.8
NOS2,C0035309,0.65
NOS2,C0036330,0.4
NOS2,C0037116,0.65
NOS2,C0038220,0.4
NOS2,C0038325,0.4
NOS2,C0038358,0.65
NOS2,C0038454,0.8
NOS2,C0038525,0.7
NOS2,C0039263,0.6
NOS2,C0041327,0.65
NOS2,C0041408,0.5
NOS2,C0042029,0.5
NOS2,C0154319,0.45
NOS2,C0206146,0.4
NOS2,C0206698,0.7
NOS2,C0243026,0.8
NOS2,C0243050,0.55
NOS2,C0280725,0.45
NOS2,C0376618,0.8
NOS2,C0520459,0.65
NOS2,C0600327,0.45
NOS2,C0677050,0.5
NOS2,C0751651,0.4
NOS2,C0752308,0.4
NOS2,C0752347,0.65
NOS2,C1306571,0.4
NOS2,C1458155,0.75
NOS2,C1510586,0.65
NOS2,C1527168,0.4
NOS2,C1527311,0.55
NOS2,C1565662,0.4
NOS2,C1970028,0.4
NOS2,C1970030,0.4
NOS2,C2609414,0.65
NOS2,C2720293,0.4
NOS3,C0001418,0.7
NOS3,C0002395,0.95
NOS3,C0002895,0.85
NOS3,C0003850,0.65
NOS3,C0004096,0.8
NOS3,C0004153,0.95
NOS3,C0004238,0.75
NOS3,C0004943,0.75
NOS3,C0005586,0.6
NOS3,C0006142,0.8
NOS3,C0007222,1.0
NOS3,C0008312,0.6
NOS3,C0008925,0.5
NOS3,C0010054,1.0
NOS3,C0010068,0.95
NOS3,C0010073,0.75
NOS3,C0010674,0.65
NOS3,C0011570,0.65
NOS3,C0011581,0.65
NOS3,C0011854,0.85
NOS3,C0011860,1.0
NOS3,C0011871,0.45
NOS3,C0011875,0.7
NOS3,C0011881,0.8
NOS3,C0011884,0.8
NOS3,C0015934,0.85
NOS3,C0017605,0.45
NOS3,C0018800,0.45
NOS3,C0018801,0.8
NOS3,C0018802,0.75
NOS3,C0019284,0.45
NOS3,C0020456,0.75
NOS3,C0020459,0.65
NOS3,C0020473,0.7
NOS3,C0020476,0.45
NOS3,C0020538,1.0
NOS3,C0020541,0.7
NOS3,C0020542,0.95
NOS3,C0020545,0.65
NOS3,C0021364,0.7
NOS3,C0021655,0.9
NOS3,C0022116,0.85
NOS3,C0022660,0.7
NOS3,C0022661,0.9
NOS3,C0023449,0.65
NOS3,C0023467,0.6
NOS3,C0024117,0.8
NOS3,C0027051,1.0
NOS3,C0027055,0.8
NOS3,C0027543,0.75
NOS3,C0027697,0.65
NOS3,C0028960,0.6
NOS3,C0029445,0.6
NOS3,C0032914,0.9
NOS3,C0033141,0.45
NOS3,C0033578,0.55
NOS3,C0034063,0.7
NOS3,C0035126,0.75
NOS3,C0035344,0.75
NOS3,C0036529,0.45
NOS3,C0038356,0.5
NOS3,C0038358,0.55
NOS3,C0039446,0.55
NOS3,C0042384,0.65
NOS3,C0042514,0.55
NOS3,C0085215,0.6
NOS3,C0085580,1.0
NOS3,C0149931,0.75
NOS3,C0151636,0.55
NOS3,C0151744,1.0
NOS3,C0155305,0.45
NOS3,C0242184,0.75
NOS3,C0242350,0.9
NOS3,C0243026,0.9
NOS3,C0264694,0.55
NOS3,C0271051,0.55
NOS3,C0271084,0.55
NOS3,C0279628,0.5
NOS3,C0339573,0.75
NOS3,C0375071,0.5
NOS3,C0376358,0.7
NOS3,C0520459,0.65
NOS3,C0520679,0.8
NOS3,C0524620,0.85
NOS3,C0742343,0.65
NOS3,C0852036,0.75
NOS3,C0878544,0.7
NOS3,C0919267,0.6
NOS3,C0948008,0.85
NOS3,C1140680,0.6
NOS3,C1335469,0.45
NOS3,C1458155,0.65
NOS3,C1565662,0.45
NOS3,C1834153,0.4
NOS3,C1834154,0.4
NOS3,C1834155,0.4
NOS3,C2609414,0.7
NOS3,C2945695,0.7
NOS3,C3149657,0.4
NOS3,C3825727,0.45
NOTCH1,C0000768,0.65
NOTCH1,C0002949,0.4
NOTCH1,C0004114,0.6
NOTCH1,C0006663,0.65
NOTCH1,C0007137,0.75
NOTCH1,C0007873,0.6
NOTCH1,C0009375,0.6
NOTCH1,C0009782,0.4
NOTCH1,C0010606,0.8
NOTCH1,C0014850,0.4
NOTCH1,C0017636,0.85
NOTCH1,C0018798,0.85
NOTCH1,C0018824,0.4
NOTCH1,C0022572,0.55
NOTCH1,C0023492,0.85
NOTCH1,C0023493,0.9
NOTCH1,C0024299,0.85
NOTCH1,C0024796,0.4
NOTCH1,C0027765,0.4
NOTCH1,C0034194,0.4
NOTCH1,C0036439,0.4
NOTCH1,C0037286,0.65
NOTCH1,C0038002,0.45
NOTCH1,C0039685,0.8
NOTCH1,C0079485,0.4
NOTCH1,C0149630,0.95
NOTCH1,C0152101,0.75
NOTCH1,C0153461,0.45
NOTCH1,C0162872,0.6
NOTCH1,C0265268,0.95
NOTCH1,C0268337,0.4
NOTCH1,C0278878,0.4
NOTCH1,C0279626,0.75
NOTCH1,C0376634,0.55
NOTCH1,C0396023,0.4
NOTCH1,C0428791,0.8
NOTCH1,C0598798,0.65
NOTCH1,C0750935,0.4
NOTCH1,C0751688,0.6
NOTCH1,C0887833,0.45
NOTCH1,C1333046,0.4
NOTCH1,C1398312,0.4
NOTCH1,C1458155,0.85
NOTCH1,C1510586,0.65
NOTCH1,C1514422,0.4
NOTCH1,C1868705,0.4
NOTCH1,C2973725,0.75
NOTCH1,C3887892,0.55
NOTCH1,C4014970,0.5
NOTCH1,C4025003,0.4
NOTCH1,C4025596,0.4
NOTCH1,C4049796,0.6
NOTCH1,C4277682,0.4
NOTCH1,C4329780,0.6
NOTCH1,C4476886,0.4
NOTCH1,C4476977,0.4
NOTCH1,C4476978,0.4
NOTCH1,C4476982,0.4
NOTCH1,C4707243,0.45
NOTCH1,C4749284,0.4
NOTCH2,C0004114,0.6
NOTCH2,C0007137,0.6
NOTCH2,C0007873,0.4
NOTCH2,C0011860,0.9
NOTCH2,C0016059,0.4
NOTCH2,C0016427,0.4
NOTCH2,C0017636,0.65
NOTCH2,C0017661,0.4
NOTCH2,C0022572,0.4
NOTCH2,C0024121,0.4
NOTCH2,C0027626,0.4
NOTCH2,C0033054,0.4
NOTCH2,C0035078,0.45
NOTCH2,C0037286,0.4
NOTCH2,C0038356,0.4
NOTCH2,C0085215,0.6
NOTCH2,C0085280,0.9
NOTCH2,C0206663,0.4
NOTCH2,C0278878,0.4
NOTCH2,C0279626,0.65
NOTCH2,C0677776,0.4
NOTCH2,C0750935,0.4
NOTCH2,C0751688,0.4
NOTCH2,C0917715,1.0
NOTCH2,C0917990,0.8
NOTCH2,C1458155,0.6
NOTCH2,C1510586,0.4
NOTCH2,C1514422,0.4
NOTCH2,C1857761,0.8
NOTCH2,C1968949,0.4
NOTCH2,C2698259,0.4
NOTCH2,C2930967,0.4
NOTCH2,C3888239,0.4
NOTCH2,C4225671,0.4
NOX1,C0009375,0.6
NOX1,C0018801,0.65
NOX1,C0018802,0.65
NOX1,C0020443,0.6
NOX1,C1853578,0.4
NOX3,C0033578,0.4
NOX4,C0009375,0.4
NOX4,C0018801,0.75
NOX4,C0018802,0.75
NOX4,C0020538,0.8
NOX4,C0022661,0.6
NOX4,C0035078,0.4
NOX4,C0270611,0.55
NOX4,C4277682,0.4
NPC1,C0004134,0.4
NPC1,C0004153,0.65
NPC1,C0006309,0.4
NPC1,C0007384,0.55
NPC1,C0007758,0.7
NPC1,C0013362,0.55
NPC1,C0013421,0.65
NPC1,C0018681,0.4
NPC1,C0023890,0.4
NPC1,C0023895,0.5
NPC1,C0028064,0.9
NPC1,C0028754,0.9
NPC1,C0029089,0.4
NPC1,C0155338,0.4
NPC1,C0206733,0.4
NPC1,C0220756,0.95
NPC1,C0238198,0.4
NPC1,C0264611,0.4
NPC1,C0268247,0.55
NPC1,C0338656,0.5
NPC1,C0348489,0.5
NPC1,C1843366,0.4
NPC1,C1843921,0.4
NPC1,C3179455,1.0
NPC1,C4017105,0.4
NPC1,C4017106,0.4
NPC1,C4021768,0.4
NPC1,C5679813,0.4
NPC1,C5680866,0.4
NPC1,C5680867,0.4
NPC1,C5680868,0.4
NPC1,C5680869,0.4
NPC1L1,C1840531,0.4
NPC1L1,C1842722,0.4
NPC1L1,C4693795,0.4
NPHS1,C0017658,0.8
NPHS1,C0017668,0.9
NPHS1,C0022658,0.85
NPHS1,C0027726,1.0
NPHS1,C0033687,0.9
NPHS1,C0239937,0.4
NPHS1,C0403397,0.75
NPHS1,C0403399,1.0
NPHS1,C0445118,0.65
NPHS1,C3501848,0.9
NPHS1,C4273714,0.65
NPHS2,C0001925,0.65
NPHS2,C0017668,0.95
NPHS2,C0022658,0.85
NPHS2,C0027720,0.75
NPHS2,C0027726,1.0
NPHS2,C0033687,0.95
NPHS2,C0403397,0.85
NPHS2,C0403399,0.6
NPHS2,C0445118,0.55
NPHS2,C1561643,0.8
NPHS2,C1868672,0.65
NPHS2,C3496337,0.9
NPHS2,C4273714,0.75
NPM1,C0023467,1.0
NPM1,C0023487,0.85
NPM1,C0037116,0.4
NPM1,C0038356,0.5
NPM1,C0152013,0.6
NPM1,C0206182,0.65
NPM1,C0265965,0.65
NPM1,C1292773,0.4
NPM1,C1301362,0.4
NPM1,C1335060,0.4
NPM1,C2930974,0.6
NPM1,C4706386,0.4
NPPA,C0001418,0.65
NPPA,C0003504,0.5
NPPA,C0007193,0.9
NPPA,C0010054,0.8
NPPA,C0010068,0.75
NPPA,C0011269,0.5
NPPA,C0013274,0.6
NPPA,C0018800,0.45
NPPA,C0018801,1.0
NPPA,C0018802,0.95
NPPA,C0019284,0.4
NPPA,C0020440,0.5
NPPA,C0020538,1.0
NPPA,C0020544,0.75
NPPA,C0020649,0.85
NPPA,C0022660,0.7
NPPA,C0023890,0.65
NPPA,C0024121,0.4
NPPA,C0025202,0.4
NPPA,C0027051,1.0
NPPA,C0029823,0.45
NPPA,C0029866,0.45
NPPA,C0030193,0.55
NPPA,C0033578,0.4
NPPA,C0037286,0.4
NPPA,C0042035,0.4
NPPA,C0149721,0.95
NPPA,C0151744,0.8
NPPA,C0155568,0.4
NPPA,C0242184,0.65
NPPA,C0242231,0.5
NPPA,C0264694,0.45
NPPA,C0264774,0.4
NPPA,C0334239,0.4
NPPA,C0541782,0.6
NPPA,C0600519,0.5
NPPA,C1135196,0.5
NPPA,C1565662,0.45
NPPA,C1837014,0.4
NPPA,C1837812,0.4
NPPA,C1843687,0.4
NPPA,C1862394,0.4
NPPA,C1969099,0.4
NPPA,C2609414,0.8
NPPA,C2677106,0.4
NPPA,C2677294,0.45
NPPA,C2751607,0.4
NPPA,C3151431,0.4
NPPA,C3151464,0.4
NPPA,C3279693,0.4
NPPA,C3279695,0.4
NPPA,C3468561,0.45
NPPA,C3809311,0.4
NPPA,C3809312,0.4
NPPA,C3810401,0.7
NPPA,C4014269,0.4
NPPA,C4551959,0.4
NPPB,C0002895,0.7
NPPB,C0003504,0.85
NPPB,C0004153,0.9
NPPB,C0004238,0.95
NPPB,C0007193,0.9
NPPB,C0007222,0.95
NPPB,C0010054,0.85
NPPB,C0010068,0.8
NPPB,C0013404,0.85
NPPB,C0018798,0.8
NPPB,C0018799,1.0
NPPB,C0018800,0.75
NPPB,C0018801,1.0
NPPB,C0018802,0.9
NPPB,C0020538,1.0
NPPB,C0020542,0.9
NPPB,C0020649,0.75
NPPB,C0021368,0.85
NPPB,C0027051,1.0
NPPB,C0028754,0.9
NPPB,C0029866,0.4
NPPB,C0030193,0.65
NPPB,C0032787,0.7
NPPB,C0033141,0.4
NPPB,C0036529,0.4
NPPB,C0042514,0.7
NPPB,C0085128,0.4
NPPB,C0151744,0.85
NPPB,C0155568,0.4
NPPB,C0242698,1.0
NPPB,C0242707,0.85
NPPB,C0264694,0.4
NPPB,C0264774,0.4
NPPB,C0270611,0.65
NPPB,C0600519,0.85
NPPB,C0876994,0.85
NPPB,C0878544,0.85
NPPB,C1135191,0.85
NPPB,C1514284,0.4
NPPB,C2937358,0.6
NPPC,C0007302,0.4
NPPC,C0011570,0.65
NPPC,C0018273,0.5
NPPC,C0020538,0.8
NPPC,C0029866,0.4
NPPC,C0037286,0.55
NPPC,C1262477,0.4
NPPC,C3887506,0.4
NPR2,C0010278,0.4
NPR2,C0085580,0.65
NPR2,C0239399,0.4
NPR2,C0349588,0.7
NPR2,C0426874,0.4
NPR2,C0456070,0.4
NPR2,C0878659,0.65
NPR2,C1864356,1.0
NPR2,C3714756,0.45
NPR2,C4014690,0.85
NPR2,C4225399,0.55
NPR2,C4310709,0.4
NPR2,C4749503,0.5
NPR3,C0020538,0.95
NPR3,C0033578,0.4
NPR3,C0043094,0.4
NPR3,C5561992,0.5
NPS,C0001973,0.65
NPS,C0003469,0.75
NPS,C0011570,0.65
NPS,C0011581,0.65
NPS,C0036341,0.65
NPS,C0236736,0.4
NPS,C3887506,0.4
NPSR1,C0001973,0.55
NPSR1,C0003873,0.7
NPSR1,C0004096,0.85
NPSR1,C0011570,0.65
NPSR1,C0011581,0.65
NPSR1,C0020192,0.45
NPSR1,C0021390,0.7
NPSR1,C0036341,0.65
NPSR1,C1837811,0.4
NPY,C0001973,0.85
NPY,C0002395,0.8
NPY,C0003123,0.8
NPY,C0003469,0.95
NPY,C0003850,0.45
NPY,C0004096,0.65
NPY,C0007222,0.85
NPY,C0007785,0.55
NPY,C0008677,0.5
NPY,C0011570,1.0
NPY,C0011581,0.85
NPY,C0011860,0.9
NPY,C0014544,0.85
NPY,C0014553,0.65
NPY,C0014556,0.8
NPY,C0020179,0.8
NPY,C0020538,0.8
NPY,C0020564,0.65
NPY,C0025261,0.4
NPY,C0026837,0.55
NPY,C0027429,0.5
NPY,C0031117,0.4
NPY,C0035455,0.5
NPY,C0036337,0.5
NPY,C0036341,0.75
NPY,C0041696,0.7
NPY,C0085159,0.55
NPY,C0085762,0.8
NPY,C0236664,0.65
NPY,C0236736,0.4
NPY,C0236969,0.4
NPY,C0270824,0.4
NPY,C0525041,0.4
NPY,C0525045,0.85
NPY,C0600427,0.5
NPY,C1262477,0.75
NPY,C1269683,0.75
NPY,C1335029,0.4
NPY,C2362914,0.55
NPY,C3887506,0.4
NQO1,C0004096,0.8
NQO1,C0005684,0.75
NQO1,C0005695,0.65
NQO1,C0007131,0.95
NQO1,C0008370,0.4
NQO1,C0009404,0.6
NQO1,C0011616,0.4
NQO1,C0019061,0.5
NQO1,C0019080,0.6
NQO1,C0020456,0.5
NQO1,C0020538,0.7
NQO1,C0022658,0.6
NQO1,C0022660,0.65
NQO1,C0023418,0.9
NQO1,C0023449,0.8
NQO1,C0023467,0.85
NQO1,C0023470,0.6
NQO1,C0023895,0.6
NQO1,C0024115,0.65
NQO1,C0024117,0.65
NQO1,C0024437,0.45
NQO1,C0026764,0.7
NQO1,C0028754,0.65
NQO1,C0028797,0.4
NQO1,C0030354,0.65
NQO1,C0030567,0.85
NQO1,C0033578,0.4
NQO1,C0205875,0.4
NQO1,C0235032,0.75
NQO1,C0279543,0.65
NQO1,C0334239,0.45
NQO1,C0348371,0.45
NQO1,C0400966,0.5
NQO1,C1335469,0.5
NQO1,C1458155,0.7
NQO1,C1510586,0.6
NQO1,C1565662,0.4
NQO1,C1846707,0.4
NQO1,C2608079,0.4
NQO1,C2609414,0.65
NQO1,C3241937,0.55
NQO2,C0001824,0.7
NQO2,C0001973,0.6
NQO2,C0005956,0.4
NQO2,C0006142,0.65
NQO2,C0011616,0.4
NQO2,C0025261,0.4
NQO2,C0030567,0.7
NQO2,C0033975,0.6
NQO2,C0036341,0.6
NQO2,C0346153,0.4
NQO2,C0349204,0.6
NQO2,C0678222,0.65
NQO2,C1458155,0.4
NQO2,C1510586,0.4
NR0B2,C0011860,0.65
NR0B2,C0015695,0.5
NR0B2,C0015696,0.4
NR0B2,C0023794,0.4
NR0B2,C0028754,0.95
NR0B2,C0029227,0.4
NR0B2,C0029591,0.4
NR0B2,C0342257,0.4
NR0B2,C2239176,0.75
NR0B2,C4016893,0.4
NR0B2,C4054476,0.4
NR0B2,C4277682,0.4
NR1H2,C0008370,0.65
NR1H2,C0011860,0.8
NR1H2,C0019209,0.55
NR1H2,C0028754,0.8
NR1H2,C2239176,0.75
NR1H3,C0007785,0.45
NR1H3,C0007820,0.45
NR1H3,C0008370,0.55
NR1H3,C0015695,0.75
NR1H3,C0015696,0.5
NR1H3,C0026769,0.6
NR1H3,C0027051,0.7
NR1H3,C0028754,0.8
NR1H3,C4277682,0.4
NR1H4,C0004153,0.75
NR1H4,C0005398,0.7
NR1H4,C0008370,0.8
NR1H4,C0015379,0.4
NR1H4,C0015695,0.85
NR1H4,C0015696,0.55
NR1H4,C0019209,0.65
NR1H4,C0021364,0.4
NR1H4,C0021368,0.75
NR1H4,C0021841,0.65
NR1H4,C0023895,0.85
NR1H4,C0023903,0.75
NR1H4,C0027540,0.4
NR1H4,C0156147,0.6
NR1H4,C0400966,1.0
NR1H4,C2239176,0.95
NR1H4,C3241937,0.8
NR1H4,C4277682,0.45
NR1H4,C4310747,0.7
NR1H4,C4551898,0.75
NR1I2,C0001418,0.6
NR1I2,C0004763,0.6
NR1I2,C0006663,0.6
NR1I2,C0011849,0.4
NR1I2,C0014859,0.4
NR1I2,C0015695,0.85
NR1I2,C0015696,0.4
NR1I2,C0019209,0.65
NR1I2,C0021361,0.4
NR1I2,C0022353,0.4
NR1I2,C0028754,0.65
NR1I2,C0029463,0.6
NR1I2,C0085682,0.55
NR1I2,C0206639,0.4
NR1I2,C0524620,0.65
NR1I2,C4277682,0.45
NR1I3,C0011849,0.4
NR1I3,C0019209,0.65
NR1I3,C0023903,0.75
NR1I3,C0028754,0.65
NR1I3,C0206669,0.55
NR1I3,C0524620,0.65
NR1I3,C0795833,0.5
NR1I3,C4277682,0.4
NR2C2,C0014175,0.4
NR3C1,C0001969,0.75
NR3C1,C0001973,0.75
NR3C1,C0003125,0.65
NR3C1,C0004096,1.0
NR3C1,C0004238,0.55
NR3C1,C0005586,0.8
NR3C1,C0005587,0.4
NR3C1,C0007134,0.6
NR3C1,C0010054,0.7
NR3C1,C0010068,0.65
NR3C1,C0011570,1.0
NR3C1,C0011581,1.0
NR3C1,C0014175,0.4
NR3C1,C0019337,0.45
NR3C1,C0020538,0.85
NR3C1,C0024115,0.7
NR3C1,C0024117,0.8
NR3C1,C0024517,0.45
NR3C1,C0024713,0.6
NR3C1,C0028043,0.45
NR3C1,C0028754,0.9
NR3C1,C0028840,0.5
NR3C1,C0029516,0.4
NR3C1,C0033578,0.7
NR3C1,C0036341,0.75
NR3C1,C0041696,0.75
NR3C1,C0151744,0.45
NR3C1,C0154409,0.45
NR3C1,C0221406,0.75
NR3C1,C0236736,0.4
NR3C1,C0236780,0.4
NR3C1,C0264694,0.45
NR3C1,C0268155,0.4
NR3C1,C0376358,0.75
NR3C1,C0525045,0.8
NR3C1,C0600260,0.4
NR3C1,C1257958,0.4
NR3C1,C1269683,0.85
NR3C1,C1514284,0.4
NR3C1,C1841972,0.85
NR3C1,C1841973,0.4
NR3C1,C2936403,0.4
NR3C1,C4016112,0.4
NR3C1,C4016115,0.4
NR3C1,C5231034,0.75
NR3C2,C0007193,0.4
NR3C2,C0009402,0.6
NR3C2,C0011570,0.75
NR3C2,C0011581,0.75
NR3C2,C0014175,0.4
NR3C2,C0018801,0.75
NR3C2,C0018802,0.75
NR3C2,C0027051,0.85
NR3C2,C0027070,0.4
NR3C2,C0033805,1.0
NR3C2,C0041696,0.75
NR3C2,C0242698,0.65
NR3C2,C1269683,0.75
NR3C2,C1449842,0.9
NR3C2,C1449843,0.75
NR3C2,C1510586,0.5
NR3C2,C1854631,0.6
NR3C2,C4016708,0.4
NR4A1,C0014175,0.65
NR4A1,C0021655,0.65
NR4A1,C0022658,0.5
NR4A1,C0024517,0.4
NR4A1,C0030297,0.6
NR4A1,C0033687,0.4
NR4A1,C0151744,0.55
NR4A1,C0153458,0.4
NR4A1,C0153459,0.4
NR4A1,C0153460,0.4
NR4A1,C0153463,0.4
NR4A1,C0154409,0.4
NR4A2,C0001973,0.6
NR4A2,C0003872,0.6
NR4A2,C0005586,0.6
NR4A2,C0008073,0.4
NR4A2,C0009171,0.5
NR4A2,C0009404,0.4
NR4A2,C0014544,0.7
NR4A2,C0029574,0.4
NR4A2,C0030567,1.0
NR4A2,C0036341,0.8
NR4A2,C0037274,0.4
NR4A2,C0037277,0.4
NR4A2,C0041696,0.6
NR4A2,C0157916,0.4
NR4A2,C0157917,0.4
NR4A2,C0157918,0.4
NR4A2,C0311375,0.4
NR4A2,C0409667,0.4
NR4A2,C1269683,0.6
NR4A2,C1510586,0.7
NR4A2,C1535926,0.6
NR4A2,C1851920,0.5
NR4A2,C2931816,0.4
NR4A2,C3160718,0.75
NR4A2,C4022738,0.4
NR4A2,C5568766,0.45
NR4A2,C5677001,0.5
NR4A2,C5925124,0.4
NR5A1,C0001623,0.8
NR5A1,C0014175,0.75
NR5A1,C0018054,0.65
NR5A1,C0021364,0.7
NR5A1,C0043459,0.45
NR5A1,C0085215,0.85
NR5A1,C0403810,0.4
NR5A1,C0919267,0.6
NR5A1,C0949595,0.45
NR5A1,C2751824,0.8
NR5A1,C2751825,0.6
NR5A1,C2930619,0.5
NR5A1,C2936419,0.6
NR5A1,C2936694,0.4
NR5A1,C3151406,0.6
NR5A1,C3489793,0.6
NR5A1,C4021107,0.55
NR5A1,C4479552,0.6
NR5A1,C4479664,0.4
NR5A1,C4510744,0.65
NR5A1,C5679613,0.5
NR5A1,C5681165,0.45
NR5A1,C5925042,0.4
NR5A2,C0003128,0.55
NR5A2,C0019209,0.4
NR5A2,C0021361,0.4
NR5A2,C0030297,0.4
NR5A2,C0085215,0.4
NR5A2,C0153458,0.4
NR5A2,C0153459,0.4
NR5A2,C0153460,0.4
NR5A2,C0153463,0.4
NR5A2,C0242339,0.4
NR5A2,C0271650,0.4
NR5A2,C0400966,0.65
NR5A2,C3241937,0.55
NR5A2,C4277682,0.4
NRCAM,C0004352,0.6
NRCAM,C0006142,0.5
NRCAM,C0009404,0.4
NRCAM,C0236969,0.4
NRCAM,C0271183,0.4
NRCAM,C1458155,0.4
NRCAM,C5568766,0.4
NRCAM,C5676965,0.5
NRF1,C0002736,0.5
NRF1,C0006079,0.4
NRF1,C0020179,0.7
NRG1,C0002736,0.75
NRG1,C0005586,0.85
NRG1,C0005587,0.45
NRG1,C0006870,0.6
NRG1,C0007787,0.4
NRG1,C0007959,0.7
NRG1,C0011570,0.7
NRG1,C0011581,0.85
NRG1,C0011616,0.4
NRG1,C0013146,0.45
NRG1,C0018801,0.85
NRG1,C0018802,0.75
NRG1,C0019569,0.8
NRG1,C0024121,0.7
NRG1,C0024534,0.7
NRG1,C0024713,0.45
NRG1,C0024809,0.7
NRG1,C0026650,0.55
NRG1,C0027051,0.75
NRG1,C0027626,0.4
NRG1,C0028043,0.55
NRG1,C0029516,0.45
NRG1,C0030193,0.65
NRG1,C0032460,0.6
NRG1,C0036341,0.9
NRG1,C0037773,0.5
NRG1,C0038358,0.4
NRG1,C0041295,0.45
NRG1,C0085762,0.4
NRG1,C0154319,0.4
NRG1,C0154536,0.4
NRG1,C0157916,0.4
NRG1,C0157917,0.4
NRG1,C0157918,0.4
NRG1,C0236780,0.45
NRG1,C0409667,0.4
NRG1,C0520679,0.55
NRG1,C0740392,0.4
NRG1,C0876994,0.65
NRG1,C1458155,0.85
NRG1,C1864275,0.5
NRG3,C0005586,0.65
NRG3,C0019569,0.6
NRG3,C0036341,0.8
NRP1,C0007131,0.7
NRP1,C0014175,0.6
NRP1,C0023895,0.4
NRP1,C0030297,0.5
NRP1,C0033578,0.65
NRP1,C0039685,0.7
NRP1,C0152021,0.4
NRP1,C0153458,0.4
NRP1,C0153459,0.4
NRP1,C0153460,0.4
NRP1,C0153463,0.4
NRXN3,C0001973,0.65
NRXN3,C0004352,0.6
NRXN3,C0028043,0.65
NRXN3,C0036341,0.8
NRXN3,C0236969,0.4
NRXN3,C0349588,0.4
NRXN3,C0853193,0.5
NRXN3,C1849075,0.4
NSD2,C0002871,0.4
NSD2,C0007131,0.65
NSD2,C0007194,0.4
NSD2,C0009081,0.45
NSD2,C0018818,0.55
NSD2,C0019209,0.45
NSD2,C0020615,0.4
NSD2,C0023449,0.65
NSD2,C0024299,0.5
NSD2,C0024421,0.4
NSD2,C0035353,0.4
NSD2,C0040034,0.4
NSD2,C0040412,0.4
NSD2,C0151699,0.4
NSD2,C0542518,0.4
NSD2,C0557874,0.55
NSD2,C0796117,0.45
NSD2,C1335469,0.4
NSD2,C1458155,0.4
NSD2,C1535926,0.4
NSD2,C1956097,0.9
NSD2,C4022738,0.4
NSD2,C4023072,0.4
NSD2,C4551563,0.65
NSD2,C5562061,0.7
NSD2,C5680525,0.45
NT5E,C0027819,0.6
NT5E,C0038356,0.5
NT5E,C1859372,1.0
NTF3,C0002395,0.95
NTF3,C0004096,0.7
NTF3,C0004352,0.6
NTF3,C0011882,0.65
NTF3,C0013080,0.65
NTF3,C0014549,0.4
NTF3,C0020429,0.65
NTF3,C0027746,0.75
NTF3,C0036341,0.85
NTF3,C0038220,0.7
NTF3,C0041696,0.6
NTF3,C0525045,0.65
NTF3,C1269683,0.6
NTF3,C1384666,0.55
NTF3,C3888239,0.6
NTN1,C0038525,0.65
NTN1,C0525041,0.4
NTN1,C1527311,0.4
NTN1,C1834870,0.6
NTN1,C1861537,0.6
NTN1,C1861538,0.6
NTN1,C4277682,0.4
NTN1,C4748869,0.5
NTN1,C5191311,0.45
NTRK1,C0002395,0.8
NTRK1,C0005586,0.65
NTRK1,C0005587,0.4
NTRK1,C0007959,0.5
NTRK1,C0017638,0.85
NTRK1,C0020071,0.55
NTRK1,C0020072,0.55
NTRK1,C0020074,1.0
NTRK1,C0020075,0.75
NTRK1,C0024713,0.4
NTRK1,C0027796,0.4
NTRK1,C0027819,0.95
NTRK1,C0027889,0.8
NTRK1,C0029516,0.4
NTRK1,C0036341,0.7
NTRK1,C0085215,0.4
NTRK1,C0086405,0.55
NTRK1,C0236780,0.4
NTRK1,C0273115,0.4
NTRK1,C0555198,0.65
NTRK1,C0699739,0.75
NTRK1,C0752347,0.5
NTRK1,C1140680,0.7
NTRK1,C1335177,0.6
NTRK1,C1337013,0.6
NTRK1,C1535926,0.4
NTRK1,C1833921,0.7
NTRK1,C3714756,0.7
NTRK1,C4760611,0.5
NTRK2,C0001973,0.7
NTRK2,C0002395,0.8
NTRK2,C0004114,0.6
NTRK2,C0004352,0.8
NTRK2,C0005586,0.85
NTRK2,C0005587,0.45
NTRK2,C0007785,0.7
NTRK2,C0008073,0.45
NTRK2,C0011570,0.8
NTRK2,C0011581,0.85
NTRK2,C0013415,0.5
NTRK2,C0017638,0.7
NTRK2,C0019337,0.4
NTRK2,C0020505,0.7
NTRK2,C0024517,0.45
NTRK2,C0024713,0.45
NTRK2,C0027819,0.85
NTRK2,C0028043,0.7
NTRK2,C0028754,0.95
NTRK2,C0028756,0.5
NTRK2,C0036341,0.9
NTRK2,C0036349,0.5
NTRK2,C0037769,0.5
NTRK2,C0038220,0.7
NTRK2,C0041696,0.75
NTRK2,C0152013,0.65
NTRK2,C0154409,0.55
NTRK2,C0236736,0.4
NTRK2,C0236780,0.45
NTRK2,C0525045,0.75
NTRK2,C0555198,0.5
NTRK2,C0684249,0.6
NTRK2,C0750935,0.4
NTRK2,C0752347,0.4
NTRK2,C1269683,0.8
NTRK2,C1510586,0.7
NTRK2,C1519086,0.4
NTRK2,C3146244,0.55
NTRK2,C3151303,0.6
NTRK2,C3887506,0.4
NTRK2,C4054476,0.4
NTRK2,C4693367,0.6
NTRK2,C5680057,0.4
NUAK2,C0002902,0.6
NUAK2,C0302356,0.4
NUAK2,C0346163,0.4
NUAK2,C0431349,0.4
NUAK2,C5561945,0.45
NUCB2,C0033578,0.4
NUP62,C0008312,0.5
NUP62,C0023892,0.4
NUP62,C0270733,0.4
NUP62,C0795996,0.7
NUP62,C2931891,0.4
NUP62,C4087174,0.45
NUS1,C0011860,0.8
NUS1,C0015695,0.65
NUS1,C0015696,0.4
NUS1,C0020456,0.5
NUS1,C0021655,0.4
NUS1,C0025202,0.6
NUS1,C0043094,0.4
NUS1,C0271650,0.4
NUS1,C0282577,0.65
NUS1,C1845668,0.5
NUS1,C4277682,0.4
NUS1,C4310727,0.6
NUS1,C4551563,0.45
NUS1,C4693371,0.5
NUS1,C5680057,0.4
OAS3,C0019569,0.4
OAS3,C0021400,0.4
OCLN,C0002103,0.4
OCLN,C0019156,0.4
OCLN,C0022660,0.55
OCLN,C0035309,0.6
OCLN,C0038002,0.45
OCLN,C0085580,0.4
OCLN,C0156147,0.45
OCLN,C0270685,0.55
OCLN,C0557874,0.55
OCLN,C1458155,0.6
OCLN,C1565662,0.4
OCLN,C2609414,0.4
OCLN,C2677180,0.6
OCLN,C2931662,0.5
OCLN,C4552078,0.6
ODC1,C0009375,0.6
ODC1,C0009404,0.8
ODC1,C0019693,0.5
ODC1,C0030354,0.65
ODC1,C0037286,0.75
ODC1,C0205875,0.4
ODC1,C5436741,0.7
OGG1,C0001418,0.6
OGG1,C0006111,0.4
OGG1,C0006142,0.8
OGG1,C0007134,0.8
OGG1,C0007138,0.6
OGG1,C0008625,0.6
OGG1,C0010054,0.65
OGG1,C0010068,0.55
OGG1,C0011757,0.4
OGG1,C0011860,0.8
OGG1,C0018213,0.65
OGG1,C0018781,0.65
OGG1,C0018799,0.4
OGG1,C0019693,0.5
OGG1,C0020179,0.6
OGG1,C0020507,0.4
OGG1,C0020538,0.65
OGG1,C0021364,0.6
OGG1,C0024121,0.65
OGG1,C0024138,0.4
OGG1,C0024299,0.55
OGG1,C0027746,0.4
OGG1,C0028754,0.65
OGG1,C0029531,0.45
OGG1,C0029574,0.4
OGG1,C0030297,0.55
OGG1,C0033054,0.4
OGG1,C0033578,0.5
OGG1,C0033999,0.65
OGG1,C0034069,0.65
OGG1,C0036646,0.65
OGG1,C0037274,0.4
OGG1,C0037277,0.4
OGG1,C0042076,0.4
OGG1,C0085584,0.4
OGG1,C0086468,0.4
OGG1,C0151526,0.4
OGG1,C0151744,0.55
OGG1,C0152013,0.75
OGG1,C0153458,0.45
OGG1,C0153459,0.45
OGG1,C0153460,0.45
OGG1,C0153463,0.45
OGG1,C0206633,0.6
OGG1,C0206698,0.6
OGG1,C0264694,0.45
OGG1,C0279626,0.6
OGG1,C0279702,0.65
OGG1,C0280725,0.4
OGG1,C0334265,0.4
OGG1,C0339573,0.55
OGG1,C0376358,0.75
OGG1,C0598798,0.4
OGG1,C0919267,0.65
OGG1,C1140680,0.65
OGG1,C1168401,0.7
OGG1,C1299247,0.45
OGG1,C1335060,0.4
OGT,C4478379,0.7
OLIG2,C0033975,0.5
OLIG2,C0036341,0.75
OLIG2,C0349204,0.5
OLR1,C0010054,0.75
OLR1,C0010068,0.75
OLR1,C0018801,0.5
OLR1,C0018802,0.5
OLR1,C0020538,0.8
OLR1,C0027051,0.95
OLR1,C0033141,0.4
OLR1,C0036529,0.4
OLR1,C0151744,0.65
OLR1,C0157916,0.4
OLR1,C0157917,0.4
OLR1,C0157918,0.4
OLR1,C0264694,0.45
OLR1,C0268393,0.45
OLR1,C0409667,0.4
OLR1,C0878544,0.4
OLR1,C1510489,0.55
OLR1,C1527338,0.45
OLR1,C1832662,0.4
OLR1,C1956349,0.45
OPCML,C0036341,0.75
OPCML,C0919267,0.85
OPCML,C1140680,0.8
OPCML,C1299247,0.45
OPN4,C0085159,0.6
OPRD1,C0001973,0.75
OPRD1,C0014544,0.55
OPRD1,C0019337,0.65
OPRD1,C0020651,0.4
OPRD1,C0029095,0.6
OPRD1,C0085762,0.6
OPRD1,C0236969,0.4
OPRD1,C0524662,0.75
OPRD1,C0600427,0.7
OPRK1,C0001973,0.85
OPRK1,C0003811,0.45
OPRK1,C0011570,0.8
OPRK1,C0011581,0.75
OPRK1,C0019337,0.65
OPRK1,C0027609,0.4
OPRK1,C0029095,0.45
OPRK1,C0030193,0.75
OPRK1,C0085762,0.45
OPRK1,C0178417,0.65
OPRK1,C0236736,0.4
OPRK1,C0524662,0.7
OPRK1,C0525045,0.75
OPRK1,C0600427,0.75
OPRK1,C1332133,0.4
OPRM1,C0001849,0.4
OPRM1,C0001969,0.7
OPRM1,C0001973,0.95
OPRM1,C0003873,0.7
OPRM1,C0009806,0.75
OPRM1,C0011570,0.85
OPRM1,C0011581,0.85
OPRM1,C0013384,0.5
OPRM1,C0014055,0.4
OPRM1,C0014544,0.5
OPRM1,C0019151,0.55
OPRM1,C0019196,0.4
OPRM1,C0019337,0.8
OPRM1,C0020429,0.85
OPRM1,C0020651,0.4
OPRM1,C0026552,0.6
OPRM1,C0026650,0.4
OPRM1,C0027497,0.75
OPRM1,C0027609,0.7
OPRM1,C0027796,0.4
OPRM1,C0028043,0.65
OPRM1,C0028754,0.8
OPRM1,C0029095,0.7
OPRM1,C0029792,0.45
OPRM1,C0033774,0.75
OPRM1,C0033937,0.45
OPRM1,C0033975,0.7
OPRM1,C0036341,0.95
OPRM1,C0038436,0.65
OPRM1,C0085762,0.75
OPRM1,C0154334,0.4
OPRM1,C0154536,0.4
OPRM1,C0221074,0.55
OPRM1,C0233477,0.6
OPRM1,C0236736,0.4
OPRM1,C0236969,0.4
OPRM1,C0264490,0.4
OPRM1,C0349204,0.6
OPRM1,C0524662,0.85
OPRM1,C0600427,0.7
OPRM1,C1332133,0.4
OPRM1,C1837893,0.5
OPRM1,C1864733,0.4
OR51E1,C0236969,0.4
OR51E2,C4277682,0.4
ORAI1,C0020538,0.5
ORAI1,C0410207,1.0
ORAI1,C0752282,0.4
ORAI1,C1861451,0.75
ORAI1,C2748568,0.7
ORAI1,C4014557,0.6
OSR2,C0014175,0.4
OTX2,C0003119,0.8
OTX2,C0003467,0.65
OTX2,C0005586,0.5
OTX2,C0015923,0.65
OTX2,C0022360,0.4
OTX2,C0025149,0.75
OTX2,C0026826,0.4
OTX2,C0027746,0.4
OTX2,C0028738,0.45
OTX2,C0029124,0.4
OTX2,C0206663,0.4
OTX2,C0239234,0.4
OTX2,C0242343,0.8
OTX2,C0271385,0.4
OTX2,C0338503,0.65
OTX2,C0339527,0.6
OTX2,C0424711,0.4
OTX2,C0751466,0.4
OTX2,C0854723,0.7
OTX2,C1334410,0.4
OTX2,C1844505,0.4
OTX2,C1855285,0.4
OTX2,C1864690,0.8
OTX2,C2985290,0.65
OTX2,C3151440,0.5
OTX2,C4255043,0.4
OTX2,C4273747,0.4
OTX2,C4274282,0.4
OTX2,C4302678,0.4
OTX2,C4510744,0.4
OTX2,C4511237,0.4
OTX2,C4551563,0.5
OTX2,C5679782,0.6
OTX2,C5680330,0.65
OTX2,C5681165,0.4
OXT,C0001973,0.85
OXT,C0003469,0.85
OXT,C0004352,0.85
OXT,C0007097,0.6
OXT,C0009375,0.4
OXT,C0009421,0.4
OXT,C0011570,0.85
OXT,C0011581,0.85
OXT,C0012739,0.4
OXT,C0013390,0.65
OXT,C0013604,0.4
OXT,C0014549,0.4
OXT,C0015930,0.4
OXT,C0016382,0.4
OXT,C0018681,0.65
OXT,C0020538,0.7
OXT,C0020625,0.5
OXT,C0020649,0.65
OXT,C0021368,0.75
OXT,C0022116,0.65
OXT,C0026826,0.55
OXT,C0030193,0.8
OXT,C0032617,0.4
OXT,C0033575,0.6
OXT,C0036341,0.85
OXT,C0037763,0.55
OXT,C0039338,0.4
OXT,C0041696,0.7
OXT,C0043049,0.4
OXT,C0043094,0.65
OXT,C0525045,0.65
OXT,C0553707,0.4
OXT,C1262477,0.65
OXT,C1269683,0.8
OXT,C1368683,0.4
OXT,C1535926,0.75
OXT,C3887506,0.5
OXTR,C0004352,0.85
OXTR,C0007131,0.5
OXTR,C0007194,0.4
OXTR,C0011570,0.9
OXTR,C0011581,0.85
OXTR,C0023976,0.4
OXTR,C0029227,0.4
OXTR,C0036341,0.85
OXTR,C0038644,0.4
OXTR,C0041696,0.6
OXTR,C0241005,0.4
OXTR,C0410207,0.4
OXTR,C0686353,0.4
OXTR,C0878544,0.4
OXTR,C0949658,0.4
OXTR,C1141890,0.4
OXTR,C1269683,0.7
OXTR,C1510586,0.75
OXTR,C1832560,0.4
OXTR,C2676788,0.4
OXTR,C2678485,0.4
OXTR,C2931337,0.4
OXTR,C3280443,0.4
OXTR,C3495498,0.4
OXTR,C4016724,0.4
OXTR,C4021745,0.4
OXTR,C4551647,0.4
OXTR,C5679790,0.4
P2RX3,C0020429,0.55
P2RX4,C0014544,0.65
P2RX4,C0014556,0.55
P2RX7,C0005586,0.75
P2RX7,C0009402,0.75
P2RX7,C0011570,0.75
P2RX7,C0011581,0.75
P2RX7,C0014556,0.75
P2RX7,C0020630,0.4
P2RX7,C0023434,0.75
P2RX7,C0023890,0.4
P2RX7,C0026769,0.75
P2RX7,C0037929,0.65
P2RX7,C0220743,0.4
P2RX7,C0525045,0.75
P2RY1,C0040053,0.65
P2RY1,C0087086,0.65
P2RY1,C1963943,0.4
P2RY12,C0004096,0.7
P2RY12,C0007820,0.65
P2RY12,C0011860,0.95
P2RY12,C0019080,0.85
P2RY12,C0024141,0.55
P2RY12,C0027051,0.85
P2RY12,C0029804,0.5
P2RY12,C0040034,0.45
P2RY12,C0040053,0.9
P2RY12,C0042974,0.5
P2RY12,C0087086,0.7
P2RY12,C0340804,0.5
P2RY12,C0855740,0.4
P2RY12,C1458140,0.7
P2RY12,C1535926,0.4
P2RY12,C1704436,0.75
P2RY12,C1853278,0.75
P2RY12,C1963943,0.7
P2RY12,C3714756,0.4
P2RY12,C4025282,0.55
P2RY12,C4510945,0.4
P2RY12,C5394350,0.4
P4HA2,C0027092,0.6
P4HA2,C0039483,0.5
P4HA2,C4310655,0.5
P4HB,C0023931,0.4
P4HB,C0029456,0.6
P4HB,C0033578,0.4
P4HB,C0151744,0.4
P4HB,C1846707,0.4
P4HB,C1862178,0.8
P4HB,C4277682,0.4
P4HB,C4317154,0.7
PAEP,C0000786,0.5
PAEP,C0795833,0.4
PAEP,C1458155,0.6
PAK1,C0006142,0.8
PAK1,C0007134,0.7
PAK1,C0027626,0.4
PAK1,C0033687,0.4
PAK1,C0036341,0.75
PAK1,C0040136,0.6
PAK1,C1458155,0.75
PAK1,C1535926,0.6
PAK1,C4748428,0.5
PAK1,C5231471,0.4
PAK4,C0027819,0.5
PAK4,C0376358,0.65
PAK4,C0677776,0.4
PAM,C0003469,0.65
PAM,C0011860,1.0
PARG,C0752351,0.4
PARK7,C0007785,0.7
PARK7,C0027746,0.75
PARK7,C0029456,0.4
PARK7,C0030567,1.0
PARK7,C0085084,0.55
PARK7,C0206160,0.4
PARK7,C0242422,0.85
PARK7,C0520459,0.4
PARK7,C0543859,0.4
PARK7,C0740392,0.4
PARK7,C0752105,0.4
PARK7,C1853445,0.85
PARK7,C1853833,0.4
PARK7,C2239176,0.7
PARK7,C3160718,0.75
PARK7,C4275179,0.8
PARK7,C4277682,0.4
PARP1,C0001308,0.4
PARP1,C0002170,0.4
PARP1,C0002395,0.8
PARP1,C0002871,0.6
PARP1,C0003089,0.45
PARP1,C0003864,0.7
PARP1,C0004096,0.85
PARP1,C0004153,0.7
PARP1,C0006142,0.85
PARP1,C0007786,0.4
PARP1,C0009404,0.65
PARP1,C0011603,0.5
PARP1,C0019189,0.4
PARP1,C0021368,0.75
PARP1,C0022340,0.4
PARP1,C0022658,0.65
PARP1,C0022797,0.4
PARP1,C0022821,0.4
PARP1,C0025202,1.0
PARP1,C0025362,0.4
PARP1,C0026764,0.85
PARP1,C0027697,0.7
PARP1,C0027877,0.4
PARP1,C0028754,0.75
PARP1,C0030305,0.55
PARP1,C0030567,0.8
PARP1,C0032285,0.65
PARP1,C0033141,0.4
PARP1,C0033578,0.75
PARP1,C0034063,0.4
PARP1,C0034069,0.7
PARP1,C0035126,0.7
PARP1,C0036529,0.4
PARP1,C0037929,0.7
PARP1,C0038325,0.4
PARP1,C0042842,0.4
PARP1,C0085437,0.55
PARP1,C0149519,0.4
PARP1,C0162871,0.55
PARP1,C0242422,0.65
PARP1,C0270611,0.65
PARP1,C0273115,0.65
PARP1,C0278752,0.4
PARP1,C0345967,0.6
PARP1,C0392400,0.4
PARP1,C0522224,0.4
PARP1,C0699791,0.8
PARP1,C0751383,0.4
PARP1,C0752130,0.4
PARP1,C0878544,0.5
PARP1,C1332338,0.4
PARP1,C1458155,0.85
PARP1,C1850451,0.4
PARP1,C2239176,0.85
PARP1,C2608055,0.4
PARP2,C0023787,0.4
PAWR,C0001418,0.5
PAWR,C0014170,0.4
PAWR,C0033578,0.7
PAWR,C0033975,0.5
PAWR,C0036341,0.65
PAWR,C0041696,0.65
PAWR,C1269683,0.65
PAX2,C0009363,0.65
PAX2,C0014175,0.6
PAX2,C0017668,0.8
PAX2,C0022661,0.65
PAX2,C0027726,0.65
PAX2,C0029124,0.4
PAX2,C0178664,0.65
PAX2,C0266295,0.8
PAX2,C0403397,0.6
PAX2,C0431692,0.75
PAX2,C0431693,0.5
PAX2,C0451720,0.45
PAX2,C0854723,0.4
PAX2,C1335062,0.45
PAX2,C1720887,0.4
PAX2,C1835826,0.4
PAX2,C1852759,1.0
PAX2,C1968949,0.75
PAX2,C2902887,0.45
PAX2,C2902888,0.45
PAX2,C2902889,0.45
PAX2,C3887499,0.55
PAX2,C4014925,0.8
PAX2,C4016304,0.4
PAX2,C4273714,0.4
PAX6,C0003076,1.0
PAX6,C0003119,0.65
PAX6,C0004352,0.7
PAX6,C0008073,0.65
PAX6,C0009363,0.75
PAX6,C0009691,0.85
PAX6,C0011860,0.75
PAX6,C0020534,0.4
PAX6,C0025202,0.5
PAX6,C0025362,0.8
PAX6,C0026010,0.9
PAX6,C0027626,0.4
PAX6,C0028738,0.75
PAX6,C0029132,0.4
PAX6,C0029531,0.55
PAX6,C0033578,0.4
PAX6,C0036341,0.65
PAX6,C0036349,0.55
PAX6,C0038356,0.4
PAX6,C0040427,0.6
PAX6,C0155299,0.85
PAX6,C0206115,0.85
PAX6,C0240063,0.4
PAX6,C0266551,0.6
PAX6,C0270398,0.45
PAX6,C0271650,0.75
PAX6,C0338502,0.65
PAX6,C0344516,0.55
PAX6,C0344542,0.6
PAX6,C0344559,0.95
PAX6,C0376634,0.65
PAX6,C0431401,0.65
PAX6,C0497552,0.4
PAX6,C0521573,0.4
PAX6,C0700501,0.7
PAX6,C1833797,0.45
PAX6,C1833798,0.4
PAX6,C1835698,0.85
PAX6,C1846520,0.45
PAX6,C1852767,0.4
PAX6,C1862839,0.6
PAX6,C2931644,0.4
PAX6,C3665347,0.7
PAX6,C3805349,0.4
PAX6,C3805604,0.8
PAX6,C4017066,0.4
PAX6,C4017067,0.4
PAX6,C4017657,0.4
PAX6,C4025843,0.45
PAX6,C4310809,0.5
PAX6,C4310884,0.4
PAX6,C4708599,0.4
PAX6,C5680330,0.6
PAX6,C5886785,0.5
PAX8,C0009404,0.5
PAX8,C0010308,1.0
PAX8,C0151516,0.8
PAX8,C0206682,0.75
PAX8,C0342151,0.45
PAX8,C0342154,0.45
PAX8,C0342200,0.5
PAX8,C0345447,0.55
PAX8,C0749420,0.6
PAX8,C1337013,0.6
PAX8,C1869118,0.8
PAX8,C2931367,0.5
PAX8,C4305275,0.6
PBK,C0032460,0.4
PBK,C2239176,0.7
PCDHAC2,C3888239,0.4
PCK1,C0002395,0.65
PCK1,C0007570,0.55
PCK1,C0011860,0.8
PCK1,C0018801,0.4
PCK1,C0018802,0.4
PCK1,C0028754,0.75
PCK1,C0036341,0.5
PCK1,C0268194,0.7
PCK1,C2239176,0.75
PCK1,C5574905,0.65
PCK2,C0242184,0.5
PCK2,C0268194,0.45
PCK2,C1834329,0.4
PCK2,C1849821,0.45
PCLAF,C2239176,0.7
PCNA,C0001418,0.75
PCNA,C0004138,0.4
PCNA,C0006118,0.7
PCNA,C0009375,0.5
PCNA,C0017668,0.6
PCNA,C0022116,0.65
PCNA,C0024121,0.75
PCNA,C0033860,0.75
PCNA,C0034531,0.4
PCNA,C0206624,0.65
PCNA,C1858391,0.6
PCNA,C4014676,0.9
PCOLCE,C0023890,0.4
PCOLCE,C4277682,0.4
PCSK1,C0005910,0.4
PCSK1,C0028754,1.0
PCSK1,C1833053,0.7
PCSK1,C2676498,0.4
PCSK1,C4302878,0.4
PCSK2,C0009402,0.4
PCSK2,C0011860,0.85
PCSK2,C0027051,0.55
PCSK9,C0010054,1.0
PCSK9,C0010068,0.9
PCSK9,C0020443,1.0
PCSK9,C0020445,1.0
PCSK9,C0020597,0.85
PCSK9,C0151718,0.75
PCSK9,C0151744,0.8
PCSK9,C0264694,0.45
PCSK9,C0271183,0.4
PCSK9,C0342881,0.8
PCSK9,C0743924,0.4
PCSK9,C0745103,0.85
PCSK9,C1862596,0.75
PCSK9,C1863551,0.7
PCSK9,C3276239,0.4
PDCD4,C0006142,0.75
PDCD4,C0024121,0.6
PDCD4,C0027626,0.4
PDE10A,C0001973,0.5
PDE10A,C0005586,0.65
PDE10A,C0033975,0.75
PDE10A,C0349204,0.65
PDE10A,C0557874,0.4
PDE10A,C1858120,0.4
PDE10A,C4310791,0.6
PDE10A,C5567463,0.4
PDE10A,C5567464,0.5
PDE2A,C0008489,0.7
PDE2A,C0026351,0.45
PDE2A,C0151611,0.45
PDE2A,C0393588,0.4
PDE2A,C1458155,0.4
PDE2A,C1858120,0.4
PDE2A,C1865926,0.4
PDE2A,C4476738,0.4
PDE2A,C5436894,0.5
PDE4A,C0004352,0.5
PDE4A,C0005586,0.6
PDE4A,C0011570,0.75
PDE4A,C0011581,0.75
PDE4A,C0036341,0.65
PDE4A,C0085159,0.55
PDE4B,C0001973,0.5
PDE4B,C0004096,0.85
PDE4B,C0004352,0.5
PDE4B,C0005586,0.7
PDE4B,C0005587,0.4
PDE4B,C0011570,0.85
PDE4B,C0011581,0.85
PDE4B,C0023467,0.5
PDE4B,C0024713,0.4
PDE4B,C0029574,0.4
PDE4B,C0036341,0.8
PDE4B,C0037274,0.4
PDE4B,C0037277,0.4
PDE4B,C0085762,0.4
PDE4B,C0151744,0.4
PDE4B,C0154536,0.4
PDE4B,C0236780,0.4
PDE4B,C0311375,0.4
PDE4D,C0004096,0.75
PDE4D,C0011570,0.8
PDE4D,C0011581,0.65
PDE4D,C0014850,0.4
PDE4D,C0033578,0.5
PDE4D,C0034194,0.4
PDE4D,C0036341,0.6
PDE4D,C0154536,0.4
PDE4D,C0220659,0.95
PDE4D,C3553250,0.6
PDE4D,C5681186,0.4
PDE5A,C0017661,0.55
PDGFA,C0005942,0.4
PDGFA,C0007097,0.75
PDGFA,C0017638,0.8
PDGFA,C0024115,0.4
PDGFA,C0025500,0.6
PDGFA,C0034069,0.65
PDGFA,C0038002,0.4
PDGFA,C0040028,0.5
PDGFA,C0040136,0.55
PDGFA,C0085084,0.4
PDGFA,C0239946,0.55
PDGFA,C0553707,0.4
PDGFA,C0555198,0.45
PDGFA,C1368683,0.4
PDGFA,C1458155,0.7
PDGFA,C1837658,0.4
PDGFA,C1862939,0.4
PDGFB,C0004782,0.5
PDGFB,C0006663,0.7
PDGFB,C0016059,0.9
PDGFB,C0017566,0.4
PDGFB,C0017636,0.9
PDGFB,C0017638,0.9
PDGFB,C0025286,0.95
PDGFB,C0034069,0.9
PDGFB,C0035309,0.6
PDGFB,C0040028,0.6
PDGFB,C0206647,0.75
PDGFB,C0278878,0.45
PDGFB,C0279702,0.75
PDGFB,C0392784,0.85
PDGFB,C0393590,0.5
PDGFB,C0555198,0.8
PDGFB,C0677776,0.5
PDGFB,C1333989,0.45
PDGFB,C1514422,0.45
PDGFB,C1739363,0.45
PDGFB,C2239176,0.75
PDGFB,C3551915,0.4
PDGFB,C3693482,0.7
PDGFB,C3809645,0.45
PDGFB,C4551624,0.85
PDGFRB,C0004782,0.4
PDGFRB,C0006663,0.5
PDGFRB,C0007134,0.8
PDGFRB,C0007789,0.4
PDGFRB,C0010964,0.4
PDGFRB,C0017636,0.85
PDGFRB,C0020255,0.4
PDGFRB,C0036337,0.5
PDGFRB,C0036341,0.7
PDGFRB,C0242422,0.45
PDGFRB,C0278701,0.65
PDGFRB,C0278878,0.4
PDGFRB,C0393590,0.65
PDGFRB,C0432284,0.95
PDGFRB,C1292778,0.8
PDGFRB,C1514422,0.4
PDGFRB,C1851585,0.45
PDGFRB,C1866182,0.85
PDGFRB,C3165106,0.4
PDGFRB,C3472621,0.4
PDGFRB,C3554321,0.45
PDGFRB,C3809084,0.5
PDGFRB,C4225270,0.9
PDGFRB,C4551563,0.45
PDGFRB,C4551572,0.65
PDGFRB,C4551624,0.85
PDGFRB,C4757947,0.4
PDGFRB,C5679898,0.55
PDIA3,C0033578,0.4
PDIA3,C0241910,0.7
PDIA3,C0948089,0.4
PDIA3,C1332355,0.45
PDIA3,C1846707,0.4
PDIA3,C2239176,0.75
PDIA3,C3714756,0.4
PDK4,C0151744,0.4
PDK4,C0376358,0.6
PDK4,C0400966,0.5
PDK4,C2239176,0.65
PDK4,C3241937,0.4
PDK4,C4277682,0.4
PDX1,C0007785,0.45
PDX1,C0011860,1.0
PDX1,C0020456,0.85
PDX1,C0030297,0.65
PDX1,C0153458,0.4
PDX1,C0153459,0.4
PDX1,C0153460,0.4
PDX1,C0153463,0.4
PDX1,C0158981,0.6
PDX1,C0266267,0.7
PDX1,C0342276,0.9
PDX1,C1833104,0.55
PDX1,C1833382,0.9
PDX1,C3837967,0.4
PDX1,C3888631,0.55
PDX1,C3891828,0.95
PDX1,C4305001,0.65
PDYN,C0001973,0.85
PDYN,C0002622,0.4
PDYN,C0002625,0.4
PDYN,C0005586,0.6
PDYN,C0008370,0.4
PDYN,C0011570,0.8
PDYN,C0011581,0.75
PDYN,C0013384,0.65
PDYN,C0013386,0.4
PDYN,C0014556,0.8
PDYN,C0019337,0.65
PDYN,C0020429,0.65
PDYN,C0020440,0.4
PDYN,C0020649,0.65
PDYN,C0024517,0.45
PDYN,C0024809,0.55
PDYN,C0026650,0.4
PDYN,C0030193,0.75
PDYN,C0033774,0.65
PDYN,C0035204,0.4
PDYN,C0036341,0.65
PDYN,C0041696,0.65
PDYN,C0085762,0.5
PDYN,C0154409,0.45
PDYN,C0154536,0.5
PDYN,C0233477,0.65
PDYN,C0236736,0.45
PDYN,C0242184,0.4
PDYN,C0242422,0.6
PDYN,C0264490,0.4
PDYN,C0428977,0.55
PDYN,C0524662,0.7
PDYN,C0525045,0.65
PDYN,C0600427,0.75
PDYN,C1269683,0.65
PDYN,C1853250,1.0
PDYN,C4087347,0.6
PEA15,C0041696,0.5
PEA15,C1269683,0.5
PECAM1,C0003089,0.4
PECAM1,C0003872,0.55
PECAM1,C0004352,0.65
PECAM1,C0010054,0.85
PECAM1,C0010068,0.8
PECAM1,C0027051,0.95
PECAM1,C0027819,0.55
PECAM1,C0040034,0.65
PECAM1,C0151744,0.9
PECAM1,C0242231,0.65
PECAM1,C0264694,0.55
PEMT,C0023890,0.5
PEMT,C0036341,0.6
PEMT,C0400966,0.65
PEMT,C3241937,0.65
PENK,C0006870,0.6
PENK,C0011570,0.65
PENK,C0011581,0.65
PENK,C0013386,0.45
PENK,C0024809,0.65
PENK,C0027404,0.4
PENK,C0027765,0.4
PENK,C0030193,0.75
PENK,C0033578,0.4
PENK,C0085084,0.4
PENK,C0524662,0.65
PENK,C0878773,0.55
PENK,C1862939,0.4
PER1,C0004352,0.5
PER1,C0006142,0.7
PER1,C0009402,0.6
PER1,C0157916,0.4
PER1,C0157917,0.4
PER1,C0157918,0.4
PER1,C0279543,0.4
PER1,C0409667,0.4
PF4,C0003089,0.4
PF4,C0020517,0.5
PF4,C0026764,0.6
PF4,C0032285,0.55
PF4,C0040034,0.85
PF4,C0040053,0.85
PF4,C0087086,0.65
PF4,C1963943,0.4
PFKFB3,C0005586,0.5
PFKFB3,C0011570,0.5
PFKFB3,C0028754,0.6
PFKFB3,C0029574,0.4
PFKFB3,C0037274,0.4
PFKFB3,C0037277,0.4
PFKFB3,C0041696,0.5
PFKFB3,C0151744,0.4
PFKFB3,C0311375,0.4
PFKFB3,C0525045,0.5
PFKFB3,C1269683,0.5
PFKM,C0017919,0.65
PFKM,C0017923,0.4
PFKM,C0017926,1.0
PFKM,C0035410,0.65
PFKM,C0151744,0.4
PFKM,C3551381,0.4
PFN1,C0002736,0.85
PFN1,C0022548,0.4
PFN1,C0027746,0.7
PFN1,C0279626,0.4
PFN1,C1836296,0.45
PFN1,C3553719,0.9
PGAM1,C0001418,0.4
PGAM1,C0005586,0.5
PGAM1,C0007097,0.4
PGAM1,C0007131,0.6
PGAM1,C0007137,0.5
PGAM1,C0026640,0.4
PGAM1,C0038356,0.4
PGAM1,C0553707,0.4
PGAM1,C0751688,0.5
PGAM1,C1368683,0.4
PGD,C2239176,0.6
PGF,C0000786,0.7
PGF,C0004096,0.8
PGF,C0007786,0.45
PGF,C0011882,0.45
PGF,C0017636,0.75
PGF,C0027051,0.65
PGF,C0242488,0.4
PGF,C0278878,0.4
PGF,C1328479,0.5
PGF,C1514422,0.4
PGP,C0005586,0.6
PGR,C0001418,0.85
PGR,C0007097,0.85
PGR,C0008043,0.45
PGR,C0014170,0.85
PGR,C0014175,0.95
PGR,C0020514,0.45
PGR,C0025286,0.95
PGR,C0025500,0.6
PGR,C0028754,0.8
PGR,C0553707,0.4
PGR,C1334698,0.6
PGR,C1368683,0.4
PGR,C1458155,0.95
PGR,C1849699,0.5
PGRMC1,C0002395,0.6
PGRMC1,C0009691,0.5
PGRMC1,C0033578,0.4
PGRMC1,C0266539,0.4
PGRMC1,C5925042,0.4
PIAS3,C0007873,0.4
PIGK,C5394372,0.5
PIK3C3,C0005586,0.6
PIK3C3,C0036341,0.6
PIK3CA,C0001418,0.85
PIK3CA,C0003857,0.7
PIK3CA,C0004903,0.55
PIK3CA,C0005684,0.75
PIK3CA,C0006142,1.0
PIK3CA,C0007131,1.0
PIK3CA,C0007134,0.85
PIK3CA,C0007137,0.85
PIK3CA,C0008519,0.45
PIK3CA,C0009402,0.9
PIK3CA,C0009404,0.9
PIK3CA,C0010606,0.6
PIK3CA,C0015923,0.55
PIK3CA,C0017921,0.4
PIK3CA,C0018273,0.6
PIK3CA,C0018553,0.65
PIK3CA,C0020507,0.8
PIK3CA,C0020534,0.45
PIK3CA,C0022572,0.5
PIK3CA,C0022603,0.95
PIK3CA,C0022739,0.75
PIK3CA,C0024121,0.9
PIK3CA,C0024623,1.0
PIK3CA,C0024624,0.45
PIK3CA,C0025286,0.8
PIK3CA,C0026640,0.5
PIK3CA,C0030186,0.6
PIK3CA,C0030849,0.5
PIK3CA,C0033578,0.8
PIK3CA,C0034885,0.8
PIK3CA,C0036341,0.65
PIK3CA,C0036572,0.7
PIK3CA,C0038356,0.85
PIK3CA,C0038454,0.55
PIK3CA,C0079744,0.75
PIK3CA,C0149782,0.75
PIK3CA,C0152013,0.9
PIK3CA,C0153421,0.45
PIK3CA,C0153422,0.45
PIK3CA,C0153423,0.45
PIK3CA,C0153452,0.6
PIK3CA,C0153491,0.45
PIK3CA,C0153492,0.45
PIK3CA,C0153493,0.45
PIK3CA,C0175695,0.55
PIK3CA,C0206710,0.5
PIK3CA,C0220641,0.6
PIK3CA,C0242379,0.75
PIK3CA,C0242698,0.4
PIK3CA,C0265210,0.55
PIK3CA,C0265552,0.85
PIK3CA,C0265950,0.75
PIK3CA,C0279628,0.65
PIK3CA,C0332890,0.45
PIK3CA,C0334082,0.85
PIK3CA,C0338106,0.65
PIK3CA,C0340803,0.65
PIK3CA,C0346153,0.55
PIK3CA,C0346629,0.95
PIK3CA,C0376358,0.75
PIK3CA,C0398368,0.75
PIK3CA,C0406801,0.4
PIK3CA,C0431391,0.85
PIK3CA,C0476089,0.8
PIK3CA,C0495640,0.55
PIK3CA,C0557874,0.55
PIK3CA,C0678222,0.9
PIK3CA,C0684249,0.55
PIK3CA,C0699790,0.6
PIK3CA,C0751495,0.45
PIK3CA,C0751688,0.6
PIK3CA,C0858252,0.5
PIK3CA,C0919267,1.0
PIK3CA,C1140680,1.0
PIK3CA,C1168401,0.95
PIK3CA,C1299247,0.45
PIK3CA,C1306710,0.45
PIK3CA,C1332614,0.55
PIK3CA,C1458155,0.9
PIK3CA,C1847521,0.65
PIK3CA,C1849265,0.8
PIK3CA,C1865285,0.8
PIK3CA,C1868358,0.4
PIK3CA,C2239176,1.0
PIK3CA,C2243051,0.65
PIK3CA,C2751313,0.6
PIK3CA,C2752042,1.0
PIK3CA,C2919945,0.8
PIK3CA,C2985290,0.55
PIK3CA,C3554518,0.6
PIK3CA,C3809233,0.4
PIK3CA,C4011754,0.45
PIK3CA,C4024297,0.4
PIK3CA,C4049796,0.45
PIK3CA,C4331262,0.6
PIK3CA,C4552100,0.4
PIK3CA,C4728213,0.75
PIK3CA,C4749904,0.6
PIK3CA,C5561991,0.45
PIK3CA,C5848351,0.6
PIK3CB,C0007112,0.4
PIK3CB,C0017636,0.65
PIK3CB,C0033578,0.65
PIK3CB,C0036341,0.5
PIK3CB,C0079744,0.5
PIK3CB,C0278878,0.45
PIK3CB,C0376358,0.6
PIK3CB,C1514422,0.45
PIK3CB,C4509932,0.4
PIK3CD,C0007103,0.45
PIK3CD,C0009404,0.45
PIK3CD,C0014170,0.45
PIK3CD,C0033578,0.4
PIK3CD,C0036341,0.65
PIK3CD,C0079744,0.6
PIK3CD,C0346629,0.65
PIK3CD,C0751958,0.4
PIK3CD,C2750068,0.5
PIK3CD,C4021753,0.4
PIK3CD,C4721414,0.4
PIK3CD,C5197805,0.4
PIK3CD,C5543301,0.55
PIK3CD,C5681261,0.4
PIK3CG,C0004352,0.5
PIK3CG,C0010674,0.4
PIK3CG,C0011860,0.4
PIK3CG,C0016059,0.45
PIK3CG,C0018800,0.4
PIK3CG,C0018801,0.7
PIK3CG,C0018802,0.7
PIK3CG,C0021051,0.4
PIK3CG,C0022578,0.4
PIK3CG,C0023976,0.4
PIK3CG,C0025149,0.5
PIK3CG,C0079744,0.55
PIK3CG,C0206663,0.4
PIK3CG,C0376358,0.65
PIK3CG,C1334410,0.4
PIK3CG,C5676946,0.6
PIK3R1,C0001973,0.6
PIK3R1,C0002395,0.65
PIK3R1,C0006413,0.65
PIK3R1,C0007097,0.75
PIK3R1,C0007103,0.65
PIK3R1,C0011860,0.8
PIK3R1,C0014170,0.65
PIK3R1,C0021655,0.85
PIK3R1,C0033578,0.7
PIK3R1,C0042900,0.4
PIK3R1,C0149925,0.6
PIK3R1,C0158570,0.6
PIK3R1,C0206687,0.55
PIK3R1,C0271650,0.6
PIK3R1,C0279763,0.45
PIK3R1,C0334587,0.45
PIK3R1,C0346629,0.75
PIK3R1,C0376358,0.6
PIK3R1,C0476089,0.65
PIK3R1,C0553707,0.4
PIK3R1,C0878684,1.0
PIK3R1,C1153706,0.6
PIK3R1,C1336905,0.65
PIK3R1,C1368683,0.55
PIK3R1,C1832241,0.4
PIK3R1,C2752042,0.4
PIK3R1,C2986703,0.6
PIK3R1,C3554689,0.6
PIK3R1,C4014934,0.7
PIK3R1,C5197805,0.4
PIM1,C0017636,0.6
PIM1,C0019284,0.4
PIM1,C0034186,0.4
PIM1,C0154088,0.4
PIM1,C0162820,0.4
PIM1,C0278878,0.4
PIM1,C1319315,0.4
PIM1,C1458155,0.5
PIM1,C1514422,0.4
PIN1,C1458155,0.75
PINK1,C0027746,0.85
PINK1,C0027819,0.6
PINK1,C0029227,0.4
PINK1,C0030567,1.0
PINK1,C0035126,0.6
PINK1,C0036341,0.6
PINK1,C0041696,0.5
PINK1,C0242422,1.0
PINK1,C1269683,0.5
PINK1,C1621958,0.65
PINK1,C1853833,0.9
PINK1,C1970035,0.4
PINK1,C3160718,0.75
PINK1,C4275179,0.75
PKD2,C0002940,0.65
PKD2,C0007766,0.75
PKD2,C0020538,0.7
PKD2,C0022680,1.0
PKD2,C0035304,0.6
PKD2,C0035309,0.4
PKD2,C0042373,0.4
PKD2,C0085413,1.0
PKD2,C0085548,0.75
PKD2,C0158683,0.8
PKD2,C0431718,0.45
PKD2,C0524851,0.4
PKD2,C0542518,0.7
PKD2,C0730379,0.4
PKD2,C0752127,0.4
PKD2,C0752130,0.4
PKD2,C0887850,0.5
PKD2,C1285162,0.4
PKD2,C1561643,0.65
PKD2,C1720771,0.4
PKD2,C1840374,0.4
PKD2,C1840375,0.4
PKD2,C2751306,1.0
PKD2,C3149841,0.6
PKD2,C3275899,0.4
PKD2,C3714581,0.4
PKLR,C0002878,0.85
PKLR,C0002882,0.75
PKLR,C0011860,0.75
PKLR,C0017205,0.65
PKLR,C0024530,0.8
PKLR,C0340968,1.0
PKLR,C1863224,0.45
PKM,C0007097,0.65
PKM,C0027626,0.4
PKM,C0029456,0.4
PKM,C0349649,0.4
PKM,C0553707,0.4
PKM,C1368683,0.4
PKM,C2239176,0.75
PLA2G1B,C0005586,0.6
PLA2G1B,C0036341,0.85
PLA2G1B,C0338715,0.5
PLA2G1B,C0525045,0.6
PLA2G2A,C0004153,0.85
PLA2G2A,C0005586,0.6
PLA2G2A,C0009404,0.75
PLA2G2A,C0011581,0.5
PLA2G2A,C0014175,0.6
PLA2G2A,C0017168,0.45
PLA2G2A,C0019693,0.55
PLA2G2A,C0035126,0.4
PLA2G2A,C0151744,0.6
PLA2G2A,C0346629,0.7
PLA2G2A,C0349218,0.5
PLA2G2A,C0947622,0.45
PLA2G4A,C0002736,0.6
PLA2G4A,C0004352,0.5
PLA2G4A,C0005586,0.5
PLA2G4A,C0005818,0.4
PLA2G4A,C0006142,0.6
PLA2G4A,C0010474,0.4
PLA2G4A,C0011603,0.55
PLA2G4A,C0013295,0.55
PLA2G4A,C0025521,0.4
PLA2G4A,C0035222,0.55
PLA2G4A,C0036337,0.5
PLA2G4A,C0036341,0.7
PLA2G4A,C0264423,0.4
PLA2G4A,C1458155,0.5
PLA2G4A,C4302263,0.5
PLA2G4A,C5567651,0.7
PLA2G7,C0004096,0.8
PLA2G7,C0004153,1.0
PLA2G7,C0010054,0.8
PLA2G7,C0010068,0.95
PLA2G7,C0011860,0.9
PLA2G7,C0017661,0.6
PLA2G7,C0019061,0.4
PLA2G7,C0020523,0.4
PLA2G7,C0025521,0.4
PLA2G7,C0033687,0.6
PLA2G7,C0038454,0.9
PLA2G7,C0151744,0.75
PLA2G7,C0162871,0.65
PLA2G7,C0178664,0.6
PLA2G7,C0264694,0.55
PLA2G7,C3280315,0.55
PLA2G7,C3496337,0.4
PLAGL1,C0027070,0.4
PLAGL1,C0038356,0.4
PLAGL1,C0342273,0.8
PLAT,C0001125,0.4
PLAT,C0001883,0.65
PLAT,C0002994,0.65
PLAT,C0003537,0.4
PLAT,C0003546,0.4
PLAT,C0003838,0.5
PLAT,C0003977,0.4
PLAT,C0004153,0.85
PLAT,C0004604,0.4
PLAT,C0004610,0.4
PLAT,C0007177,0.4
PLAT,C0007781,0.4
PLAT,C0007785,0.85
PLAT,C0007786,0.6
PLAT,C0010072,0.65
PLAT,C0011860,0.9
PLAT,C0011871,0.45
PLAT,C0011875,0.45
PLAT,C0013922,0.5
PLAT,C0018801,0.7
PLAT,C0018802,0.6
PLAT,C0018946,0.5
PLAT,C0019069,0.6
PLAT,C0019080,0.85
PLAT,C0020538,0.85
PLAT,C0020649,0.65
PLAT,C0024031,0.4
PLAT,C0025309,0.4
PLAT,C0027051,0.95
PLAT,C0027543,0.4
PLAT,C0027746,0.65
PLAT,C0027854,0.4
PLAT,C0029445,0.5
PLAT,C0029823,0.45
PLAT,C0030552,0.4
PLAT,C0031039,0.4
PLAT,C0034065,0.9
PLAT,C0035126,0.55
PLAT,C0036341,0.75
PLAT,C0036980,0.4
PLAT,C0037926,0.4
PLAT,C0038454,0.9
PLAT,C0040034,0.65
PLAT,C0040038,0.7
PLAT,C0040053,0.85
PLAT,C0042487,0.85
PLAT,C0079102,0.4
PLAT,C0085278,0.7
PLAT,C0085307,0.4
PLAT,C0087086,0.75
PLAT,C0149649,0.4
PLAT,C0149871,0.6
PLAT,C0151699,0.65
PLAT,C0154536,0.4
PLAT,C0158442,0.4
PLAT,C0158449,0.4
PLAT,C0158450,0.4
PLAT,C0158451,0.4
PLAT,C0162820,0.4
PLAT,C0234462,0.4
PLAT,C0234469,0.4
PLAT,C0234472,0.4
PLAT,C0234474,0.4
PLAT,C0234476,0.4
PLAT,C0234482,0.4
PLAT,C0234484,0.4
PLAT,C0235032,0.75
PLAT,C0242184,0.65
PLAT,C0242698,0.5
PLAT,C0264490,0.4
PLAT,C0338457,0.4
PLAT,C0454576,0.4
PLAT,C0740392,0.6
PLAT,C0745048,0.4
PLAT,C0750917,0.4
PLAT,C0750918,0.4
PLAT,C0750919,0.4
PLAT,C0750921,0.4
PLAT,C0751895,0.4
PLAT,C0751955,0.4
PLAT,C0752143,0.4
PLAT,C0877172,0.4
PLAT,C0973461,0.4
PLAT,C1264039,0.4
PLAT,C1458140,0.65
PLAT,C1527311,0.7
PLAT,C1861172,0.7
PLAT,C1963943,0.6
PLAT,C2676721,0.4
PLAT,C2937358,0.65
PLAT,C4277682,0.4
PLAT,C5567527,0.4
PLAU,C0001418,0.7
PLAU,C0002395,0.9
PLAU,C0002962,0.4
PLAU,C0002965,0.4
PLAU,C0003460,0.4
PLAU,C0003838,0.4
PLAU,C0004096,0.7
PLAU,C0005684,0.75
PLAU,C0005695,0.65
PLAU,C0005967,0.5
PLAU,C0007131,0.8
PLAU,C0007138,0.6
PLAU,C0007273,0.4
PLAU,C0007781,0.4
PLAU,C0007785,0.65
PLAU,C0007786,0.65
PLAU,C0007820,0.55
PLAU,C0010068,0.4
PLAU,C0014013,0.45
PLAU,C0017661,0.4
PLAU,C0018128,0.4
PLAU,C0018814,0.4
PLAU,C0018965,0.4
PLAU,C0019080,0.6
PLAU,C0020649,0.4
PLAU,C0022116,0.7
PLAU,C0022661,0.65
PLAU,C0023890,0.6
PLAU,C0026267,0.55
PLAU,C0027051,0.75
PLAU,C0027626,0.4
PLAU,C0027643,0.4
PLAU,C0027697,0.4
PLAU,C0029823,0.45
PLAU,C0030297,0.7
PLAU,C0033578,0.75
PLAU,C0034065,0.5
PLAU,C0034069,0.7
PLAU,C0034152,0.4
PLAU,C0035126,0.55
PLAU,C0035222,0.55
PLAU,C0038356,0.4
PLAU,C0038454,0.75
PLAU,C0040038,0.4
PLAU,C0040053,0.7
PLAU,C0042487,0.65
PLAU,C0042510,0.4
PLAU,C0087086,0.7
PLAU,C0149649,0.4
PLAU,C0151699,0.45
PLAU,C0153458,0.4
PLAU,C0153459,0.4
PLAU,C0153460,0.4
PLAU,C0153463,0.4
PLAU,C0334265,0.4
PLAU,C0338575,0.4
PLAU,C0403823,0.55
PLAU,C0451641,0.45
PLAU,C0740392,0.4
PLAU,C1527311,0.45
PLAU,C1800706,0.65
PLAU,C1834153,0.4
PLAU,C1863052,0.5
PLAU,C1866423,1.0
PLAU,C1963943,0.55
PLAU,C2937358,0.55
PLAU,C3888239,0.4
PLAUR,C0003873,0.75
PLAUR,C0004352,0.65
PLAUR,C0007097,0.85
PLAUR,C0021368,0.75
PLAUR,C0027626,0.45
PLAUR,C0033578,0.5
PLAUR,C0157916,0.4
PLAUR,C0157917,0.4
PLAUR,C0157918,0.4
PLAUR,C0409667,0.4
PLAUR,C0553707,0.4
PLAUR,C1368683,0.4
PLCB1,C0005586,0.6
PLCB1,C0006142,0.6
PLCB1,C0009375,0.4
PLCB1,C0030193,0.55
PLCB1,C0036341,0.85
PLCB1,C0037769,0.55
PLCB1,C0041696,0.6
PLCB1,C0376532,0.4
PLCB1,C0393706,0.4
PLCB1,C1269683,0.6
PLCB1,C2713368,0.45
PLCB1,C3150988,0.5
PLCB1,C3494976,0.6
PLCB1,C4021085,0.4
PLCE1,C0001418,0.4
PLCE1,C0017658,0.4
PLCE1,C0017668,0.65
PLCE1,C0019100,0.55
PLCE1,C0022658,0.4
PLCE1,C0022680,0.4
PLCE1,C0027726,0.85
PLCE1,C0033687,0.55
PLCE1,C0038356,0.4
PLCE1,C0239937,0.4
PLCE1,C0278701,0.6
PLCE1,C0279626,0.8
PLCE1,C0403399,0.4
PLCE1,C1853124,0.8
PLCE1,C3496337,0.45
PLCE1,C4273714,0.4
PLCG1,C0005586,0.6
PLCG1,C0007131,0.4
PLCG1,C0018923,0.65
PLCG1,C0023493,0.6
PLCG1,C0036920,0.6
PLCG1,C0079773,0.6
PLCG1,C0376407,0.4
PLCG1,C0677776,0.4
PLCG1,C0854893,0.4
PLCG1,C2239176,0.6
PLCG1,C5848750,0.5
PLD1,C0018800,0.4
PLD1,C0740392,0.4
PLD1,C5774175,0.8
PLEK,C0003873,0.4
PLEK,C0029456,0.4
PLG,C0009763,0.75
PLG,C0010674,0.4
PLG,C0019243,0.8
PLG,C0020538,0.65
PLG,C0022660,0.4
PLG,C0023510,0.4
PLG,C0036341,0.5
PLG,C0040034,0.5
PLG,C0041696,0.5
PLG,C0042487,0.85
PLG,C0087086,0.75
PLG,C0149871,0.6
PLG,C0398621,0.8
PLG,C0398623,0.75
PLG,C1269683,0.5
PLG,C1458140,0.4
PLG,C1565662,0.4
PLG,C1833692,0.4
PLG,C1968804,1.0
PLG,C2609414,0.4
PLG,C2931788,0.6
PLG,C4225445,0.4
PLG,C4277682,0.4
PLG,C5203670,0.7
PLG,C5543503,0.45
PLG,C5680155,0.4
PLIN1,C0028754,0.95
PLIN1,C0271694,0.6
PLIN1,C1720859,0.4
PLIN1,C1720860,0.4
PLIN1,C1720861,0.4
PLIN1,C3888631,0.4
PLIN1,C5191005,0.85
PLIN2,C0015695,0.9
PLIN2,C0015696,0.6
PLIN2,C0038356,0.5
PLK1,C0005684,0.8
PLK1,C0005695,0.7
PLK1,C0017638,0.7
PLK1,C0023418,0.75
PLK1,C0149782,0.5
PLK1,C0555198,0.6
PLK1,C1955934,0.4
PLK1,C2239176,0.75
PLK1,C3279439,0.4
PLP1,C0009171,0.6
PLP1,C0026838,0.55
PLP1,C0036341,0.65
PLP1,C0037773,0.85
PLP1,C0205711,1.0
PLP1,C0751915,0.4
PLP1,C0751916,0.4
PLP1,C0751917,0.4
PLP1,C1839264,1.0
PLP1,C2673482,0.5
PLP1,C3714756,0.65
PLP1,C4016483,0.4
PLP1,C4016484,0.4
PLP1,C5438815,0.4
PLP1,C5439441,0.6
PLP1,C5679776,0.4
PLP1,C5680278,0.6
PLSCR1,C0021400,0.4
PLSCR1,C5203670,0.65
PLXNA2,C0036341,0.7
PLXNA2,C0338908,0.5
PMAIP1,C0023434,0.7
PMAIP1,C0236969,0.4
PML,C0007114,0.4
PML,C0017636,0.6
PML,C0023487,1.0
PML,C0029401,0.7
PML,C0033578,0.4
PML,C0036341,0.4
PML,C0038325,0.4
PML,C0085183,0.5
PML,C0242339,0.5
PML,C0278878,0.4
PML,C1514422,0.4
PML,C1527349,0.4
PMM2,C0007758,0.65
PMM2,C0007789,0.4
PMM2,C0009404,0.4
PMM2,C0011849,0.4
PMM2,C0017668,0.4
PMM2,C0025362,0.45
PMM2,C0026838,0.4
PMM2,C0026850,0.4
PMM2,C0085215,0.65
PMM2,C0235946,0.4
PMM2,C0282577,1.0
PMM2,C0349653,1.0
PMM2,C1848207,0.4
PMM2,C3714756,0.65
PMM2,C4053775,0.4
PMM2,C5231391,0.4
PMP22,C0007959,1.0
PMP22,C0008073,0.4
PMP22,C0011195,1.0
PMP22,C0011303,0.65
PMP22,C0014550,0.4
PMP22,C0018378,0.65
PMP22,C0026838,0.4
PMP22,C0027888,0.95
PMP22,C0030554,0.55
PMP22,C0031117,0.85
PMP22,C0034372,0.4
PMP22,C0034933,0.4
PMP22,C0151786,0.7
PMP22,C0205713,0.75
PMP22,C0239548,0.45
PMP22,C0270911,1.0
PMP22,C0393541,0.4
PMP22,C0393814,1.0
PMP22,C0427144,0.4
PMP22,C0476273,0.4
PMP22,C0751036,0.75
PMP22,C1335029,0.4
PMP22,C1408174,0.5
PMP22,C1408182,0.5
PMP22,C2875300,0.5
PMP22,C2931686,0.8
PMP22,C3495591,0.9
PMP22,C4016264,0.4
PMP22,C4016716,0.4
PMP22,C4016717,0.4
PMP22,C4083008,0.5
PMP22,C4551910,0.5
PNLIP,C3280527,0.7
PNPLA2,C0018799,0.6
PNPLA2,C0018801,0.7
PNPLA2,C0018802,0.7
PNPLA2,C0026848,0.8
PNPLA2,C0032460,0.6
PNPLA2,C0149721,0.4
PNPLA2,C0242698,0.4
PNPLA2,C0553980,0.4
PNPLA2,C1853136,1.0
PNPLA2,C4021745,0.4
PNPLA2,C5680124,0.6
PNPO,C0015934,0.4
PNPO,C0036341,0.5
PNPO,C0036572,0.8
PNPO,C0038220,0.6
PNPO,C0456070,0.4
PNPO,C1833308,0.4
PNPO,C1864723,0.95
PODXL,C0007273,0.4
PODXL,C0019080,0.4
PODXL,C0027726,0.65
PODXL,C0033578,0.4
PODXL,C0040053,0.55
PODXL,C0087086,0.4
PODXL,C1868675,0.4
PODXL,C1963943,0.4
PODXL,C3160718,0.5
PODXL,C4275179,0.45
PODXL,C4510873,0.4
POLB,C0005684,0.6
POLB,C0005695,0.5
POLB,C0009375,0.6
POLB,C0023434,0.4
POLB,C0030297,0.4
POLB,C0153458,0.4
POLB,C0153459,0.4
POLB,C0153460,0.4
POLB,C0153463,0.4
POLK,C0017636,0.5
POLK,C0033578,0.5
POLK,C0037771,0.4
POLK,C0278878,0.4
POLK,C0376358,0.5
POLK,C1514422,0.4
POLK,C4022737,0.4
POLK,C4225156,0.4
POLK,C4551563,0.4
POMC,C0001231,0.85
POMC,C0001485,0.4
POMC,C0001614,0.6
POMC,C0001973,0.95
POMC,C0002622,0.55
POMC,C0003868,0.6
POMC,C0004352,0.7
POMC,C0004936,0.7
POMC,C0005586,0.85
POMC,C0005587,0.5
POMC,C0005910,0.7
POMC,C0007134,0.6
POMC,C0007194,0.4
POMC,C0007370,0.55
POMC,C0007789,0.4
POMC,C0008370,0.7
POMC,C0009806,0.4
POMC,C0010481,0.95
POMC,C0011570,0.9
POMC,C0011581,0.85
POMC,C0011848,0.75
POMC,C0011849,0.85
POMC,C0012242,0.5
POMC,C0013604,0.65
POMC,C0014544,0.75
POMC,C0014549,0.4
POMC,C0015397,0.5
POMC,C0015695,0.65
POMC,C0015696,0.4
POMC,C0015814,0.4
POMC,C0017658,0.5
POMC,C0018800,0.4
POMC,C0018801,0.7
POMC,C0018802,0.65
POMC,C0018965,0.4
POMC,C0019080,0.8
POMC,C0019337,0.55
POMC,C0019572,0.75
POMC,C0020438,0.4
POMC,C0020488,0.5
POMC,C0020538,0.85
POMC,C0020598,0.5
POMC,C0020649,0.75
POMC,C0022658,0.6
POMC,C0022660,0.65
POMC,C0022672,0.4
POMC,C0024713,0.4
POMC,C0025202,0.95
POMC,C0026769,0.8
POMC,C0026896,0.5
POMC,C0027497,0.6
POMC,C0027540,0.5
POMC,C0027709,0.5
POMC,C0028043,0.45
POMC,C0028754,1.0
POMC,C0028961,0.4
POMC,C0029456,0.65
POMC,C0029771,0.4
POMC,C0029785,0.4
POMC,C0030193,0.8
POMC,C0031069,0.45
POMC,C0032285,0.4
POMC,C0032787,0.5
POMC,C0033687,0.7
POMC,C0033802,0.5
POMC,C0035258,0.65
POMC,C0035411,0.4
POMC,C0037769,0.85
POMC,C0039103,0.5
POMC,C0042029,0.4
POMC,C0043094,0.75
POMC,C0085762,0.7
POMC,C0151744,0.65
POMC,C0154564,0.4
POMC,C0157946,0.45
POMC,C0162557,0.65
POMC,C0221406,0.95
POMC,C0236736,0.5
POMC,C0236780,0.4
POMC,C0242184,0.65
POMC,C0340375,0.4
POMC,C0393626,0.6
POMC,C0393698,0.4
POMC,C0393699,0.4
POMC,C0428977,0.65
POMC,C0546878,0.4
POMC,C0553558,0.4
POMC,C0574960,0.4
POMC,C0600467,0.65
POMC,C0684276,0.5
POMC,C0878544,0.4
POMC,C1262477,0.75
POMC,C1514284,0.4
POMC,C1527306,0.4
POMC,C1527366,0.65
POMC,C1857854,0.75
POMC,C2609414,0.65
POMC,C2937358,0.7
POMC,C2985290,0.6
POMC,C4054476,0.5
POMK,C0149925,0.4
POMK,C0265221,0.7
POMK,C0410174,0.4
POMK,C0457133,0.4
POMK,C1836373,0.4
POMK,C2936406,0.65
POMK,C3808964,0.6
POMK,C4015184,0.6
POMK,C4284790,0.5
POMK,C5190848,0.4
PON1,C0001828,0.4
PON1,C0001969,0.5
PON1,C0002395,0.8
PON1,C0002736,0.9
PON1,C0002871,0.6
PON1,C0003850,0.7
PON1,C0003860,0.5
PON1,C0003873,0.75
PON1,C0004153,1.0
PON1,C0004352,0.6
PON1,C0005586,0.7
PON1,C0005612,0.4
PON1,C0005684,0.6
PON1,C0005695,0.4
PON1,C0006118,0.6
PON1,C0006142,0.75
PON1,C0007222,0.95
PON1,C0007785,0.65
PON1,C0008370,0.4
PON1,C0009404,0.4
PON1,C0009806,0.4
PON1,C0010054,0.95
PON1,C0010068,0.95
PON1,C0010073,0.65
PON1,C0011570,0.7
PON1,C0011849,0.85
PON1,C0011860,1.0
PON1,C0011871,0.45
PON1,C0011875,0.65
PON1,C0011881,0.65
PON1,C0011884,0.75
PON1,C0015695,0.65
PON1,C0015696,0.4
PON1,C0017612,0.55
PON1,C0017662,0.5
PON1,C0018799,0.65
PON1,C0018801,0.6
PON1,C0018802,0.6
PON1,C0019112,0.5
PON1,C0020443,0.85
PON1,C0020445,0.7
PON1,C0020456,0.6
PON1,C0020476,0.75
PON1,C0020538,0.8
PON1,C0020550,0.6
PON1,C0021364,0.65
PON1,C0023434,0.65
PON1,C0023449,0.65
PON1,C0024121,0.4
PON1,C0024299,0.6
PON1,C0024305,0.65
PON1,C0024437,0.45
PON1,C0025517,0.75
PON1,C0026764,0.65
PON1,C0027051,0.85
PON1,C0028797,0.4
PON1,C0029810,0.45
PON1,C0030569,0.4
PON1,C0031090,0.4
PON1,C0033054,0.4
PON1,C0033578,0.45
PON1,C0034152,0.65
PON1,C0035328,0.65
PON1,C0036341,0.6
PON1,C0080178,0.5
PON1,C0085084,0.5
PON1,C0151744,0.8
PON1,C0154319,0.45
PON1,C0162871,0.65
PON1,C0206663,0.5
PON1,C0235032,0.75
PON1,C0264694,0.5
PON1,C0271084,0.55
PON1,C0271650,0.75
PON1,C0282550,0.6
PON1,C0339573,0.65
PON1,C0342257,0.65
PON1,C0343084,0.55
PON1,C0376545,0.55
PON1,C0524620,0.9
PON1,C0598608,0.75
PON1,C0598798,0.4
PON1,C0687132,0.6
PON1,C0700359,0.7
PON1,C0853193,0.5
PON1,C0948089,0.7
PON1,C1335469,0.45
PON1,C1827841,0.4
PON1,C1840169,0.4
PON1,C1862939,0.4
PON1,C2674665,0.4
PON1,C2919945,0.45
PON1,C3149706,0.4
PON1,C3714618,0.4
PON1,C4277682,0.4
PON3,C0002395,0.7
PON3,C0002736,0.55
PON3,C0004153,0.7
PON3,C1510586,0.4
POR,C0001627,0.8
POR,C0002453,0.65
POR,C0005684,0.6
POR,C0005695,0.65
POR,C0018801,0.4
POR,C0018802,0.4
POR,C0019569,0.4
POR,C0023186,0.4
POR,C0085215,0.4
POR,C0206726,0.4
POR,C0266362,0.7
POR,C0273115,0.4
POR,C0701163,0.5
POR,C0751265,0.4
POR,C0795941,0.4
POR,C1860042,1.0
POR,C2751824,0.6
POR,C2930619,0.5
POR,C2936791,0.5
POR,C3150099,0.7
POR,C4330909,0.75
POR,C5234850,0.8
POU2F1,C0006142,0.65
POU5F1,C0017638,0.8
POU5F1,C0018798,0.4
POU5F1,C0020217,0.5
POU5F1,C0027658,0.4
POU5F1,C0036631,0.75
POU5F1,C0154536,0.4
POU5F1,C0206659,0.8
POU5F1,C0278796,0.4
POU5F1,C0555198,0.5
POU5F1,C0596263,0.75
POU5F1,C0855159,0.45
POU5F1,C1135868,0.4
PPARA,C0002395,0.8
PPARA,C0007097,0.65
PPARA,C0010054,0.8
PPARA,C0010068,0.7
PPARA,C0011615,0.7
PPARA,C0011860,0.95
PPARA,C0015695,0.8
PPARA,C0015696,0.7
PPARA,C0018800,0.4
PPARA,C0019209,0.65
PPARA,C0020473,0.75
PPARA,C0020476,0.4
PPARA,C0020538,0.8
PPARA,C0020557,0.85
PPARA,C0020615,0.65
PPARA,C0021368,0.95
PPARA,C0021655,0.9
PPARA,C0022658,0.65
PPARA,C0022661,0.65
PPARA,C0022672,0.5
PPARA,C0023772,0.45
PPARA,C0023903,0.65
PPARA,C0026848,0.5
PPARA,C0027051,0.7
PPARA,C0027055,0.5
PPARA,C0028754,0.95
PPARA,C0033578,0.4
PPARA,C0033687,0.55
PPARA,C0035126,0.7
PPARA,C0036341,0.8
PPARA,C0151744,0.7
PPARA,C0156147,0.4
PPARA,C0242339,0.85
PPARA,C0264694,0.45
PPARA,C0400966,0.75
PPARA,C0553707,0.4
PPARA,C1368683,0.4
PPARA,C2239176,0.8
PPARA,C2930930,0.4
PPARA,C3241937,0.75
PPARA,C4277682,0.45
PPARD,C0005586,0.5
PPARD,C0011860,0.8
PPARD,C0015695,0.55
PPARD,C0015696,0.4
PPARD,C0018800,0.45
PPARD,C0023896,0.4
PPARD,C0025202,0.65
PPARD,C0028754,0.75
PPARD,C0031117,0.4
PPARD,C0033141,0.4
PPARD,C0036529,0.4
PPARD,C0037286,0.4
PPARD,C0043094,0.4
PPARD,C0400966,0.65
PPARD,C0878544,0.6
PPARD,C1335029,0.4
PPARD,C3241937,0.65
PPARG,C0001418,0.75
PPARG,C0002395,0.95
PPARG,C0004153,0.95
PPARG,C0004763,0.65
PPARG,C0007102,0.85
PPARG,C0007222,0.9
PPARG,C0007273,0.55
PPARG,C0009375,0.65
PPARG,C0009404,0.6
PPARG,C0011849,1.0
PPARG,C0011860,1.0
PPARG,C0011881,0.8
PPARG,C0017658,0.4
PPARG,C0018801,0.8
PPARG,C0018802,0.8
PPARG,C0020538,0.9
PPARG,C0021368,1.0
PPARG,C0021655,1.0
PPARG,C0022116,0.65
PPARG,C0022660,0.65
PPARG,C0022661,0.7
PPARG,C0022680,0.55
PPARG,C0023487,0.6
PPARG,C0023787,1.0
PPARG,C0023794,0.4
PPARG,C0023903,0.4
PPARG,C0025202,0.75
PPARG,C0025517,0.75
PPARG,C0027746,0.65
PPARG,C0028754,1.0
PPARG,C0028756,0.75
PPARG,C0029227,0.45
PPARG,C0029591,0.4
PPARG,C0030297,0.5
PPARG,C0032914,0.9
PPARG,C0033860,0.75
PPARG,C0035078,0.6
PPARG,C0035126,0.65
PPARG,C0038356,0.6
PPARG,C0038525,0.4
PPARG,C0040136,0.85
PPARG,C0079772,0.6
PPARG,C0085278,0.65
PPARG,C0153458,0.5
PPARG,C0153459,0.5
PPARG,C0153460,0.5
PPARG,C0153463,0.5
PPARG,C0154830,0.65
PPARG,C0156147,0.4
PPARG,C0157946,0.4
PPARG,C0206682,0.75
PPARG,C0206726,0.4
PPARG,C0221032,0.6
PPARG,C0221406,0.6
PPARG,C0236811,0.4
PPARG,C0242339,0.75
PPARG,C0242488,0.7
PPARG,C0271694,0.8
PPARG,C0282548,0.4
PPARG,C0334588,0.4
PPARG,C0400966,0.8
PPARG,C0525045,0.65
PPARG,C0699790,0.6
PPARG,C1337013,0.65
PPARG,C1565662,0.4
PPARG,C1720859,0.45
PPARG,C1720860,0.65
PPARG,C1720861,1.0
PPARG,C1836302,0.4
PPARG,C2239176,0.75
PPARG,C2609414,0.65
PPARG,C2931367,0.4
PPARG,C3241937,0.75
PPARG,C3888631,0.4
PPARG,C4016738,0.4
PPARG,C4017629,0.4
PPARG,C4054476,0.4
PPARGC1A,C0002736,0.85
PPARGC1A,C0006079,0.4
PPARGC1A,C0007222,0.8
PPARGC1A,C0011860,1.0
PPARGC1A,C0018801,0.9
PPARGC1A,C0018802,0.8
PPARGC1A,C0020179,0.9
PPARGC1A,C0022340,0.4
PPARGC1A,C0022797,0.4
PPARGC1A,C0024437,0.45
PPARGC1A,C0027051,0.7
PPARGC1A,C0027877,0.4
PPARGC1A,C0030567,0.95
PPARGC1A,C0036341,0.7
PPARGC1A,C0334463,0.4
PPARGC1A,C0400966,0.9
PPARGC1A,C0751383,0.4
PPARGC1A,C0752347,0.4
PPARGC1A,C1850451,0.4
PPARGC1A,C3241937,0.7
PPBP,C0020517,0.5
PPBP,C0020538,0.5
PPBP,C0024121,0.5
PPBP,C0279702,0.65
PPID,C0005586,0.55
PPP1R12A,C5394158,0.7
PPP1R1B,C0001973,0.55
PPP1R1B,C0005586,0.7
PPP1R1B,C0005587,0.45
PPP1R1B,C0007370,0.4
PPP1R1B,C0011570,0.65
PPP1R1B,C0011581,0.65
PPP1R1B,C0013384,0.65
PPP1R1B,C0024713,0.45
PPP1R1B,C0036341,0.8
PPP1R1B,C0236780,0.45
PPP2R2A,C0013990,0.4
PPP2R2A,C0033578,0.5
PPP2R2A,C0677776,0.4
PPP2R2A,C1257806,0.4
PPP3CA,C0008073,0.4
PPP3CA,C0019202,0.4
PPP3CA,C0030305,0.4
PPP3CA,C0033578,0.4
PPP3CA,C0036572,0.65
PPP3CA,C0039584,0.55
PPP3CA,C0149721,0.45
PPP3CA,C0152013,0.4
PPP3CA,C0270611,0.45
PPP3CA,C0543888,0.65
PPP3CA,C0677886,0.4
PPP3CA,C1335060,0.4
PPP3CA,C3714756,0.45
PPP3CA,C4540199,0.7
PPP3CA,C4748872,0.5
PPP3CA,C5680057,0.4
PPP3CA,C5680502,0.4
PPP3CA,C5780021,0.4
PRC1,C0017661,0.4
PRC1,C0346153,0.4
PRC1,C0678222,0.65
PRC1,C0919267,0.6
PRC1,C1458155,0.4
PRC1,C2239176,0.75
PRDM13,C0266468,0.5
PRDM13,C0730294,0.7
PRDM13,C0854723,0.5
PRDM13,C5676924,0.45
PRDM13,C5676999,0.45
PRDM2,C0005684,0.5
PRDM2,C0005695,0.4
PRDM2,C0040136,0.5
PRDM2,C0154536,0.4
PRDM2,C0333068,0.4
PRDX1,C0003949,0.4
PRDX1,C0007131,0.6
PRDX1,C0014859,0.65
PRDX1,C0022548,0.5
PRDX1,C0024121,0.65
PRDX1,C0029827,0.4
PRDX1,C0279626,0.6
PRDX1,C1848561,0.5
PRDX1,C2239176,0.75
PRDX1,C4693974,0.4
PRDX2,C0003949,0.5
PRDX2,C0007097,0.6
PRDX2,C0013080,0.6
PRDX2,C0014859,0.4
PRDX2,C0022548,0.4
PRDX2,C0023470,0.5
PRDX2,C0025202,0.65
PRDX2,C0027626,0.4
PRDX2,C0029463,0.6
PRDX2,C0033578,0.4
PRDX2,C0206639,0.4
PRDX2,C0553707,0.4
PRDX2,C1368683,0.4
PRDX2,C2239176,0.6
PRDX5,C0002171,0.4
PRDX5,C0006142,0.75
PRDX5,C0038356,0.4
PRDX6,C0011616,0.4
PRDX6,C0013080,0.5
PRDX6,C0024121,0.65
PRDX6,C0035222,0.55
PRDX6,C0036341,0.5
PRDX6,C0151744,0.4
PRDX6,C2239176,0.6
PREP,C0002622,0.6
PREP,C0002624,0.4
PREP,C0002625,0.4
PREP,C0038356,0.4
PREP,C0338831,0.6
PRF1,C0002874,0.65
PRF1,C0004352,0.4
PRF1,C0019624,0.45
PRF1,C0019693,0.85
PRF1,C0021400,0.75
PRF1,C0024305,0.75
PRF1,C0026769,0.9
PRF1,C0156147,0.45
PRF1,C0272199,0.9
PRF1,C0348890,0.4
PRF1,C0400966,0.55
PRF1,C1863727,1.0
PRF1,C3241937,0.55
PRF1,C3890737,0.4
PRF1,C4551514,0.4
PRF1,C4721532,0.6
PRF1,C4751597,0.4
PRKAA1,C0006142,0.7
PRKAA1,C0007102,0.65
PRKAA1,C0020179,0.7
PRKAA1,C0021655,0.55
PRKAA1,C0038356,0.4
PRKAA1,C0079487,0.4
PRKAA1,C0271650,0.4
PRKAA2,C0006142,0.85
PRKAA2,C0011860,1.0
PRKAA2,C0018800,0.4
PRKAA2,C0021655,1.0
PRKAA2,C0033141,0.4
PRKAA2,C0036529,0.4
PRKAA2,C0038454,0.6
PRKAA2,C0242698,0.4
PRKAA2,C0271183,0.4
PRKAA2,C0271650,0.8
PRKAA2,C0278701,0.4
PRKAA2,C0878544,0.75
PRKACA,C0001624,0.6
PRKACA,C0013903,0.5
PRKACA,C0018801,0.8
PRKACA,C0018802,0.8
PRKACA,C0206667,0.8
PRKACA,C0206698,0.65
PRKACA,C0280725,0.4
PRKACA,C0334287,0.85
PRKACA,C0400966,0.5
PRKACA,C1535926,0.5
PRKACA,C3241937,0.5
PRKACA,C4014425,0.6
PRKACA,C5436885,0.5
PRKAG2,C0007193,0.6
PRKAG2,C0007194,0.85
PRKAG2,C0017919,0.75
PRKAG2,C0018802,0.65
PRKAG2,C0020538,0.75
PRKAG2,C0038454,0.5
PRKAG2,C0042514,0.4
PRKAG2,C0043202,1.0
PRKAG2,C0149721,0.65
PRKAG2,C0221217,0.4
PRKAG2,C0392470,0.55
PRKAG2,C0878544,0.8
PRKAG2,C0949658,0.6
PRKAG2,C1833236,0.6
PRKAG2,C1836906,0.4
PRKAG2,C1849813,0.9
PRKAG2,C1956346,0.5
PRKAG2,C3495498,0.4
PRKAG2,C4016809,0.4
PRKAR1A,C0002170,0.4
PRKAR1A,C0010481,0.85
PRKAR1A,C0020456,0.4
PRKAR1A,C0021655,0.4
PRKAR1A,C0023487,0.7
PRKAR1A,C0026846,0.55
PRKAR1A,C0027672,0.55
PRKAR1A,C0027794,0.4
PRKAR1A,C0028754,0.6
PRKAR1A,C0206686,0.65
PRKAR1A,C0220659,0.95
PRKAR1A,C0342488,0.4
PRKAR1A,C0406810,1.0
PRKAR1A,C0701163,0.4
PRKAR1A,C1850635,0.45
PRKAR1A,C1854540,0.5
PRKAR1A,C1857777,0.4
PRKAR1A,C1864846,0.5
PRKAR1A,C2607929,0.95
PRKAR1A,C2931783,0.4
PRKAR1A,C2931787,0.4
PRKAR1A,C3276228,0.45
PRKAR1A,C4016392,0.4
PRKAR1A,C4748364,0.4
PRKCA,C0007193,0.85
PRKCA,C0017638,0.8
PRKCA,C0018800,0.45
PRKCA,C0021841,0.65
PRKCA,C0032617,0.55
PRKCA,C0033975,0.5
PRKCA,C0036337,0.5
PRKCA,C0036341,0.65
PRKCA,C0162283,0.55
PRKCA,C0206704,0.45
PRKCA,C0264423,0.4
PRKCA,C0349204,0.5
PRKCA,C0400966,0.55
PRKCA,C0555198,0.65
PRKCA,C0600139,0.8
PRKCA,C0919267,0.65
PRKCA,C1140680,0.65
PRKCA,C1299247,0.45
PRKCA,C1319315,0.65
PRKCA,C1322252,0.65
PRKCA,C1621958,0.75
PRKCA,C3241937,0.4
PRKCB,C0004352,0.65
PRKCB,C0007131,0.75
PRKCB,C0007193,0.55
PRKCB,C0009404,0.5
PRKCB,C0011860,0.75
PRKCB,C0018800,0.45
PRKCB,C0020456,0.8
PRKCB,C0023493,0.6
PRKCB,C0038356,0.4
PRKCB,C0041696,0.6
PRKCB,C1269683,0.6
PRKCB,C1319315,0.5
PRKCB,C1621958,0.5
PRKCB,C1843156,0.4
PRKCD,C0015695,0.45
PRKCD,C0015696,0.45
PRKCD,C0015967,0.4
PRKCD,C0020538,0.6
PRKCD,C0020672,0.4
PRKCD,C0021841,0.5
PRKCD,C0024141,0.75
PRKCD,C0235032,0.65
PRKCD,C0242422,0.4
PRKCD,C0400966,0.45
PRKCD,C3241937,0.4
PRKCD,C3809928,0.5
PRKCD,C4277682,0.4
PRKCD,C5925065,0.4
PRKCE,C0009402,0.4
PRKCE,C0009404,0.4
PRKCE,C0011881,0.65
PRKCE,C0020429,0.65
PRKCE,C0023903,0.4
PRKCE,C0027051,0.65
PRKCE,C0031117,0.4
PRKCE,C0033141,0.4
PRKCE,C0036529,0.4
PRKCE,C0151744,0.4
PRKCE,C0236969,0.4
PRKCE,C0242231,0.4
PRKCE,C0400966,0.65
PRKCE,C0878544,0.4
PRKCE,C1335029,0.4
PRKCE,C3241937,0.4
PRKCG,C0004138,0.6
PRKCG,C0007758,0.7
PRKCG,C0020429,0.4
PRKCG,C0025362,0.4
PRKCG,C0040997,0.4
PRKCG,C0087012,0.8
PRKCG,C1854369,1.0
PRKCG,C4087347,0.6
PRKCG,C4706415,0.4
PRKCI,C0004352,0.4
PRKCI,C0005586,0.65
PRKCI,C0011570,0.55
PRKCI,C0011581,0.55
PRKCI,C0278883,0.4
PRKCZ,C0005586,0.6
PRKCZ,C0009402,0.6
PRKCZ,C0018800,0.4
PRKCZ,C0020429,0.4
PRKCZ,C0023418,0.6
PRKCZ,C0033578,0.6
PRKCZ,C1319315,0.4
PRKCZ,C1510586,0.4
PRKCZ,C1839839,0.5
PRKCZ,C1842870,0.5
PRKD1,C0001418,0.6
PRKD1,C0009402,0.6
PRKD1,C0009404,0.4
PRKD1,C0018798,0.55
PRKD1,C0036095,0.6
PRKD1,C0085215,0.4
PRKD1,C0152021,0.65
PRKD1,C0264423,0.4
PRKD1,C0278883,0.4
PRKD1,C0279697,0.4
PRKD1,C0376358,0.75
PRKD1,C4022738,0.4
PRKD1,C4479250,0.7
PRKD3,C0043094,0.4
PRKD3,C1621958,0.65
PRKDC,C0001364,0.4
PRKDC,C0007137,0.65
PRKDC,C0010606,0.4
PRKDC,C0019151,0.4
PRKDC,C0024115,0.4
PRKDC,C0033578,0.4
PRKDC,C0149782,0.65
PRKDC,C0152013,0.65
PRKDC,C0278883,0.4
PRKDC,C0751688,0.4
PRKDC,C1319315,0.4
PRKDC,C2200127,0.4
PRKDC,C4014833,0.7
PRKDC,C4016698,0.4
PRKDC,C4274221,0.4
PRKDC,C4277682,0.4
PRKDC,C4551563,0.45
PRKG1,C0009782,0.4
PRKG1,C0020542,0.5
PRKG1,C0027796,0.4
PRKG1,C0036341,0.45
PRKG1,C0036920,0.4
PRKG1,C0154536,0.4
PRKG1,C0162872,0.6
PRKG1,C3809513,0.45
PRKG1,C4707243,0.5
PRL,C0001418,0.65
PRL,C0001430,0.85
PRL,C0002453,0.8
PRL,C0002871,0.6
PRL,C0004352,0.7
PRL,C0004782,0.4
PRL,C0007273,0.45
PRL,C0007370,0.65
PRL,C0008043,0.45
PRL,C0014175,0.85
PRL,C0015951,0.4
PRL,C0015967,0.4
PRL,C0018418,0.6
PRL,C0018801,0.65
PRL,C0018802,0.65
PRL,C0020514,1.0
PRL,C0020619,0.7
PRL,C0020635,0.65
PRL,C0020649,0.5
PRL,C0021122,0.55
PRL,C0021308,0.4
PRL,C0021361,0.75
PRL,C0023601,0.65
PRL,C0024141,0.75
PRL,C0025261,0.4
PRL,C0032019,0.85
PRL,C0032963,0.4
PRL,C0033375,1.0
PRL,C0034040,0.4
PRL,C0036341,0.8
PRL,C0221163,0.55
PRL,C0236736,0.4
PRL,C0242350,0.85
PRL,C0242422,0.65
PRL,C0334389,0.4
PRL,C0334410,0.4
PRL,C0346302,0.8
PRL,C0349231,0.5
PRL,C0428977,0.55
PRL,C0525045,0.7
PRL,C0549622,0.7
PRL,C1739363,0.65
PRL,C3665358,0.6
PRMT5,C0025149,0.6
PRMT5,C0026764,0.6
PRMT5,C0079744,0.6
PRMT5,C0206663,0.4
PRMT5,C1334410,0.4
PRMT5,C3539878,0.65
PRNP,C0002395,0.85
PRNP,C0011269,0.6
PRNP,C0011581,0.7
PRNP,C0017495,1.0
PRNP,C0019202,0.65
PRNP,C0020179,0.7
PRNP,C0022336,1.0
PRNP,C0022802,0.85
PRNP,C0026769,0.6
PRNP,C0027540,0.4
PRNP,C0033578,0.5
PRNP,C0036457,0.85
PRNP,C0038356,0.4
PRNP,C0162534,1.0
PRNP,C0206042,1.0
PRNP,C0349080,0.45
PRNP,C0525045,0.65
PRNP,C0751254,0.8
PRNP,C0751778,0.4
PRNP,C1510586,0.4
PRNP,C1847650,0.5
PRNP,C1855588,0.4
PRNP,C1864112,0.6
PRNP,C2362914,0.55
PRNP,C3805618,0.4
PRNP,C4016338,0.4
PRNP,C4303482,0.65
PRNP,C4518776,0.65
PRNP,C5679775,0.75
PROCR,C0010054,0.6
PROCR,C0010068,0.6
PROCR,C0021368,0.75
PROCR,C0151744,0.45
PROCR,C0206710,0.4
PROCR,C0264694,0.45
PROCR,C1368295,0.4
PROM1,C0007138,0.6
PROM1,C0009375,0.6
PROM1,C0009404,0.75
PROM1,C0017636,0.95
PROM1,C0029124,0.45
PROM1,C0035334,0.95
PROM1,C0041696,0.5
PROM1,C0042138,0.4
PROM1,C0271093,0.8
PROM1,C0271097,0.4
PROM1,C0278878,0.4
PROM1,C0280630,0.5
PROM1,C0334265,0.4
PROM1,C0339526,0.6
PROM1,C0339527,0.5
PROM1,C0730292,0.7
PROM1,C0730294,0.4
PROM1,C0854723,0.6
PROM1,C1269683,0.5
PROM1,C1514422,0.4
PROM1,C1863534,0.7
PROM1,C2675210,0.6
PROM1,C2677516,0.55
PROM1,C2931258,0.4
PROM1,C3489532,0.75
PROM1,C4085590,0.85
PROM1,C4749334,0.7
PROM1,C5681367,0.4
PRRT2,C0025362,0.7
PRRT2,C0036572,0.9
PRRT2,C0270862,0.75
PRRT2,C0424295,0.6
PRRT2,C0477360,0.5
PRRT2,C0557874,0.4
PRRT2,C0751057,0.45
PRRT2,C1719382,0.5
PRRT2,C1842534,0.6
PRRT2,C1853995,0.6
PRRT2,C1865926,0.9
PRRT2,C1868682,1.0
PRRT2,C1869117,0.6
PRRT2,C3161330,0.4
PRRT2,C3502809,0.5
PRRT2,C4552000,1.0
PRRT2,C5575231,0.75
PRSS1,C0009402,0.6
PRSS1,C0027070,0.4
PRSS1,C0030305,1.0
PRSS1,C0149521,0.95
PRSS1,C0238339,1.0
PRSS1,C0268417,0.4
PRSS1,C0342646,0.4
PRSS1,C4551632,0.65
PRSS8,C0015929,0.4
PRSS8,C0029574,0.4
PRSS8,C0032045,0.4
PRSS8,C0032962,0.4
PRSS8,C0033578,0.45
PRSS8,C0037274,0.55
PRSS8,C0037277,0.4
PRSS8,C0086468,0.4
PRSS8,C0151864,0.4
PRSS8,C1335423,0.4
PRSS8,C1845026,0.4
PRSS8,C1866558,0.4
PSEN1,C0002395,1.0
PSEN1,C0002726,0.75
PSEN1,C0004045,0.4
PSEN1,C0007193,0.9
PSEN1,C0011570,0.75
PSEN1,C0011581,0.8
PSEN1,C0017639,0.45
PSEN1,C0018801,0.7
PSEN1,C0023186,0.4
PSEN1,C0025261,0.4
PSEN1,C0027746,0.75
PSEN1,C0029227,0.4
PSEN1,C0033141,0.4
PSEN1,C0036529,0.4
PSEN1,C0037771,0.75
PSEN1,C0038002,0.55
PSEN1,C0162836,0.7
PSEN1,C0206247,0.4
PSEN1,C0233762,0.4
PSEN1,C0233763,0.4
PSEN1,C0234985,0.8
PSEN1,C0236642,0.8
PSEN1,C0276496,0.9
PSEN1,C0338451,0.85
PSEN1,C0338462,0.45
PSEN1,C0497327,0.9
PSEN1,C0497552,0.4
PSEN1,C0520716,0.45
PSEN1,C0524851,0.75
PSEN1,C0751265,0.4
PSEN1,C0751706,0.4
PSEN1,C0878544,0.65
PSEN1,C1285162,0.65
PSEN1,C1843013,0.85
PSEN1,C1843014,0.4
PSEN1,C1843015,0.4
PSEN1,C1847200,0.4
PSEN1,C2936349,0.75
PSEN1,C3151038,0.4
PSEN1,C3160720,0.6
PSEN1,C3697680,0.4
PSEN1,C4011788,0.4
PSEN1,C4015780,0.4
PSEN1,C4015781,0.4
PSEN1,C4015782,0.6
PSEN1,C4551861,0.4
PSEN1,C5679590,0.4
PSEN1,C5779573,0.4
PSMB1,C0031117,0.5
PSMB1,C0157946,0.4
PSMB1,C0948089,0.4
PSMB1,C1335029,0.4
PSMB1,C5774216,0.5
PSMD3,C0019693,0.4
PSMD3,C4023190,0.4
PSME1,C0007097,0.5
PSME1,C0019693,0.5
PSME1,C0279626,0.5
PSME1,C0553707,0.4
PSME1,C1368683,0.4
PTAFR,C0032460,0.5
PTAFR,C0156147,0.4
PTCH1,C0004779,1.0
PTCH1,C0006118,0.65
PTCH1,C0007137,0.85
PTCH1,C0008924,0.55
PTCH1,C0008925,0.65
PTCH1,C0010276,0.5
PTCH1,C0010278,0.4
PTCH1,C0019693,0.4
PTCH1,C0020256,0.5
PTCH1,C0023467,0.5
PTCH1,C0024623,0.65
PTCH1,C0025149,1.0
PTCH1,C0027092,0.4
PTCH1,C0027672,0.4
PTCH1,C0027819,0.7
PTCH1,C0030297,0.55
PTCH1,C0034013,0.45
PTCH1,C0035335,0.5
PTCH1,C0035412,0.9
PTCH1,C0037286,0.75
PTCH1,C0038356,0.65
PTCH1,C0041408,0.4
PTCH1,C0042133,0.6
PTCH1,C0079541,0.8
PTCH1,C0086543,0.6
PTCH1,C0149782,0.5
PTCH1,C0152013,0.7
PTCH1,C0152021,0.4
PTCH1,C0153421,0.45
PTCH1,C0153422,0.45
PTCH1,C0153423,0.45
PTCH1,C0153458,0.45
PTCH1,C0153459,0.45
PTCH1,C0153460,0.45
PTCH1,C0153463,0.45
PTCH1,C0158651,0.4
PTCH1,C0206660,0.4
PTCH1,C0206663,0.8
PTCH1,C0206710,0.65
PTCH1,C0220697,0.4
PTCH1,C0238198,0.65
PTCH1,C0265341,0.4
PTCH1,C0344559,0.4
PTCH1,C0376634,0.55
PTCH1,C0431362,0.45
PTCH1,C0431363,0.45
PTCH1,C0677776,0.4
PTCH1,C0678222,0.75
PTCH1,C0751617,0.45
PTCH1,C1140680,0.6
PTCH1,C1266005,0.55
PTCH1,C1334410,0.5
PTCH1,C1335060,0.45
PTCH1,C1368295,0.5
PTCH1,C1708350,0.4
PTCH1,C1834038,0.5
PTCH1,C1835820,0.7
PTCH1,C1836996,0.4
PTCH1,C1849265,0.5
PTCH1,C1868114,0.4
PTCH1,C2243051,0.65
PTCH1,C2751544,0.45
PTCH1,C3711390,0.4
PTCH1,C3714756,0.55
PTCH1,C3838465,0.4
PTCH1,C3888239,0.6
PTCH1,C4049796,0.45
PTCH1,C4053775,0.4
PTCH1,C4540040,0.4
PTCH1,C5393309,0.45
PTCH1,C5396362,0.5
PTCH1,C5679777,0.4
PTCH1,C5680330,0.4
PTEN,C0001418,0.85
PTEN,C0004096,0.75
PTEN,C0004352,0.9
PTEN,C0005684,0.85
PTEN,C0005695,0.8
PTEN,C0006142,1.0
PTEN,C0007097,1.0
PTEN,C0007131,1.0
PTEN,C0007134,0.95
PTEN,C0008073,0.6
PTEN,C0010606,0.55
PTEN,C0014170,0.9
PTEN,C0014173,0.85
PTEN,C0014859,0.9
PTEN,C0015695,0.8
PTEN,C0015696,0.6
PTEN,C0017636,1.0
PTEN,C0017638,1.0
PTEN,C0018553,1.0
PTEN,C0018916,0.7
PTEN,C0020538,0.65
PTEN,C0020564,0.75
PTEN,C0021655,0.8
PTEN,C0023418,0.75
PTEN,C0023462,0.6
PTEN,C0023798,0.8
PTEN,C0023801,0.65
PTEN,C0023890,0.55
PTEN,C0024121,0.85
PTEN,C0024299,0.9
PTEN,C0024623,0.9
PTEN,C0025202,1.0
PTEN,C0025286,0.8
PTEN,C0025362,0.65
PTEN,C0027672,0.75
PTEN,C0030297,0.8
PTEN,C0033578,0.95
PTEN,C0035412,0.75
PTEN,C0036572,0.8
PTEN,C0036920,0.6
PTEN,C0037116,0.65
PTEN,C0037277,0.6
PTEN,C0079744,0.75
PTEN,C0085261,0.75
PTEN,C0149678,0.65
PTEN,C0149782,0.6
PTEN,C0149925,0.85
PTEN,C0152013,0.75
PTEN,C0154088,0.55
PTEN,C0206631,0.5
PTEN,C0206669,0.65
PTEN,C0206698,0.9
PTEN,C0206727,0.6
PTEN,C0265326,1.0
PTEN,C0280302,0.5
PTEN,C0280313,0.6
PTEN,C0280321,0.5
PTEN,C0280324,0.7
PTEN,C0346153,0.75
PTEN,C0349579,0.75
PTEN,C0376358,1.0
PTEN,C0391826,1.0
PTEN,C0400966,0.75
PTEN,C0431391,0.65
PTEN,C0476089,0.95
PTEN,C0497552,0.65
PTEN,C0555198,0.85
PTEN,C0557874,0.75
PTEN,C0585362,0.75
PTEN,C0598798,0.6
PTEN,C0677776,0.6
PTEN,C0678222,0.9
PTEN,C0856975,0.8
PTEN,C0919267,1.0
PTEN,C1140680,0.9
PTEN,C1168401,0.95
PTEN,C1176475,0.65
PTEN,C1333600,0.6
PTEN,C1333989,0.55
PTEN,C1336076,0.65
PTEN,C1368683,0.65
PTEN,C1458155,1.0
PTEN,C1510586,1.0
PTEN,C1516855,0.5
PTEN,C1535926,0.75
PTEN,C1848395,0.55
PTEN,C1848599,0.5
PTEN,C1854416,0.7
PTEN,C1866398,0.8
PTEN,C1959582,1.0
PTEN,C2239176,1.0
PTEN,C2243051,0.8
PTEN,C2931456,0.65
PTEN,C2985219,0.6
PTEN,C3241937,0.75
PTEN,C3272802,0.8
PTEN,C3714756,0.7
PTEN,C4022738,0.55
PTEN,C4049796,0.5
PTEN,C4706610,0.65
PTGDS,C0005586,0.6
PTGDS,C0007273,0.45
PTGER2,C0014175,0.65
PTGER2,C0021359,0.65
PTGER2,C0549622,0.4
PTGER2,C1859648,0.45
PTGER2,C1876174,0.4
PTGER3,C0013182,0.4
PTGER3,C0030804,0.4
PTGER3,C0032460,0.4
PTGER3,C0036341,0.5
PTGER3,C0038325,0.65
PTGER3,C0040053,0.4
PTGER3,C0087086,0.55
PTGER3,C0157721,0.4
PTGER3,C1963943,0.4
PTGER4,C0003850,0.45
PTGER4,C0009324,0.65
PTGER4,C0014175,0.65
PTGER4,C0021368,0.65
PTGER4,C0024299,0.4
PTGER4,C0029513,0.4
PTGER4,C0038013,0.7
PTGER4,C0263454,0.4
PTGER4,C0375359,0.45
PTGER4,C0549622,0.4
PTGER4,C0598798,0.4
PTGES,C0015967,0.65
PTGES,C0020295,0.65
PTGES,C0021368,0.8
PTGES,C0032617,0.55
PTGES,C1510586,0.5
PTGES2,C0040136,0.4
PTGES2,C1510586,0.4
PTGES2,C4277682,0.4
PTGES3,C0235032,0.5
PTGES3,C1510586,0.5
PTGFR,C0001883,0.4
PTGFR,C0014175,0.5
PTGFR,C0027070,0.4
PTGR1,C1510586,0.4
PTGS1,C0003873,0.85
PTGS1,C0007097,0.75
PTGS1,C0013182,0.4
PTGS1,C0014859,0.4
PTGS1,C0016382,0.65
PTGS1,C0018801,0.65
PTGS1,C0018802,0.65
PTGS1,C0019080,0.6
PTGS1,C0020429,0.7
PTGS1,C0021846,0.55
PTGS1,C0022661,0.5
PTGS1,C0029513,0.4
PTGS1,C0035126,0.45
PTGS1,C0036341,0.65
PTGS1,C0037316,0.4
PTGS1,C0038358,0.75
PTGS1,C0085129,0.4
PTGS1,C0264423,0.4
PTGS1,C0553707,0.4
PTGS1,C1368683,0.6
PTGS1,C1458155,0.65
PTGS1,C1510586,0.55
PTGS1,C2751535,0.4
PTGS2,C0001418,1.0
PTGS2,C0001925,0.65
PTGS2,C0002736,0.8
PTGS2,C0003850,0.6
PTGS2,C0003873,0.95
PTGS2,C0004096,0.9
PTGS2,C0004153,0.75
PTGS2,C0004352,0.75
PTGS2,C0004763,0.9
PTGS2,C0005684,0.85
PTGS2,C0005695,0.75
PTGS2,C0007097,0.95
PTGS2,C0007099,0.9
PTGS2,C0007131,0.95
PTGS2,C0007134,0.8
PTGS2,C0007137,0.95
PTGS2,C0007138,0.75
PTGS2,C0007222,0.95
PTGS2,C0009319,0.75
PTGS2,C0009375,0.9
PTGS2,C0009404,0.85
PTGS2,C0010054,0.75
PTGS2,C0010068,0.6
PTGS2,C0010674,0.8
PTGS2,C0011570,0.8
PTGS2,C0011581,0.75
PTGS2,C0011849,0.7
PTGS2,C0013604,0.75
PTGS2,C0014175,0.8
PTGS2,C0014859,0.9
PTGS2,C0014868,0.8
PTGS2,C0015967,0.8
PTGS2,C0016059,0.9
PTGS2,C0017168,0.75
PTGS2,C0017638,0.75
PTGS2,C0018801,0.65
PTGS2,C0018802,0.75
PTGS2,C0020429,0.8
PTGS2,C0020452,0.65
PTGS2,C0020456,0.75
PTGS2,C0020507,0.75
PTGS2,C0020538,0.8
PTGS2,C0021368,1.0
PTGS2,C0021390,0.75
PTGS2,C0021846,0.65
PTGS2,C0022658,0.75
PTGS2,C0022661,0.75
PTGS2,C0023269,0.65
PTGS2,C0023434,0.7
PTGS2,C0023890,0.75
PTGS2,C0024115,0.65
PTGS2,C0024117,0.8
PTGS2,C0024141,0.65
PTGS2,C0025202,0.75
PTGS2,C0026640,0.6
PTGS2,C0027051,0.8
PTGS2,C0027765,0.65
PTGS2,C0028754,0.9
PTGS2,C0029172,0.65
PTGS2,C0030297,0.95
PTGS2,C0030305,0.75
PTGS2,C0030354,0.65
PTGS2,C0032580,0.85
PTGS2,C0033578,0.85
PTGS2,C0033687,0.65
PTGS2,C0034069,0.8
PTGS2,C0035126,0.7
PTGS2,C0036202,0.7
PTGS2,C0036341,0.8
PTGS2,C0037286,0.85
PTGS2,C0038220,0.7
PTGS2,C0038356,0.85
PTGS2,C0038358,0.8
PTGS2,C0038454,0.8
PTGS2,C0040053,0.65
PTGS2,C0040136,0.7
PTGS2,C0040411,0.65
PTGS2,C0041696,0.6
PTGS2,C0079731,0.6
PTGS2,C0087086,0.65
PTGS2,C0151526,0.65
PTGS2,C0151744,0.65
PTGS2,C0162871,0.65
PTGS2,C0206698,0.8
PTGS2,C0270611,0.8
PTGS2,C0279626,0.75
PTGS2,C0279628,0.75
PTGS2,C0339143,0.6
PTGS2,C0376358,0.9
PTGS2,C0525045,0.65
PTGS2,C0555198,0.65
PTGS2,C0600467,0.65
PTGS2,C0751688,0.6
PTGS2,C1168401,0.85
PTGS2,C1269683,0.6
PTGS2,C1368683,0.75
PTGS2,C1458155,0.9
PTGS2,C1527349,0.75
PTGS2,C1800706,0.8
PTGS2,C2239176,1.0
PTH,C0002871,0.8
PTH,C0004779,0.4
PTH,C0005942,0.5
PTH,C0005974,0.6
PTH,C0011854,0.9
PTH,C0011860,0.9
PTH,C0016658,0.9
PTH,C0018801,0.9
PTH,C0018802,0.8
PTH,C0020437,1.0
PTH,C0020438,0.85
PTH,C0020492,0.55
PTH,C0020503,1.0
PTH,C0020538,0.9
PTH,C0020598,1.0
PTH,C0022661,1.0
PTH,C0029456,1.0
PTH,C0029458,0.75
PTH,C0029463,0.9
PTH,C0035579,0.85
PTH,C0041948,0.9
PTH,C0085681,1.0
PTH,C0206639,0.45
PTH,C0221002,1.0
PTH,C1832648,0.75
PTH,C5241444,0.65
PTH,C5680524,0.4
PTHLH,C0000786,0.4
PTHLH,C0005974,0.55
PTHLH,C0006142,0.9
PTHLH,C0006625,0.65
PTHLH,C0007131,0.65
PTHLH,C0013604,0.5
PTHLH,C0016508,0.4
PTHLH,C0018273,0.4
PTHLH,C0018566,0.4
PTHLH,C0020429,0.55
PTHLH,C0020437,0.95
PTHLH,C0024115,0.55
PTHLH,C0026764,0.75
PTHLH,C0030297,0.5
PTHLH,C0033578,0.65
PTHLH,C0038833,0.4
PTHLH,C0149521,0.65
PTHLH,C0153458,0.4
PTHLH,C0153459,0.4
PTHLH,C0153460,0.4
PTHLH,C0153463,0.4
PTHLH,C0206754,0.7
PTHLH,C0267941,0.4
PTHLH,C0376670,0.5
PTHLH,C1458155,0.75
PTHLH,C3150644,0.8
PTHLH,C3888668,0.4
PTHLH,C4315392,0.8
PTHLH,C4721411,0.75
PTK2,C0003873,0.65
PTK2,C0004238,0.7
PTK2,C0004352,0.5
PTK2,C0007137,0.85
PTK2,C0017636,0.85
PTK2,C0020542,0.55
PTK2,C0023267,0.55
PTK2,C0026640,0.5
PTK2,C0026826,0.4
PTK2,C0026827,0.4
PTK2,C0027626,0.4
PTK2,C0040433,0.4
PTK2,C0149925,0.8
PTK2,C0240543,0.4
PTK2,C0240635,0.4
PTK2,C0278878,0.4
PTK2,C0278883,0.65
PTK2,C0399526,0.4
PTK2,C0423224,0.4
PTK2,C0678230,0.4
PTK2,C0751688,0.4
PTK2,C1514422,0.4
PTK2,C1621958,0.75
PTK2,C1865244,0.4
PTK2,C2239176,0.8
PTK2,C2315100,0.4
PTK2B,C0001973,0.5
PTK2B,C0002395,0.8
PTK2B,C0005940,0.4
PTK2B,C0006142,0.8
PTK2B,C0020538,0.6
PTK2B,C0025202,0.65
PTK2B,C0037286,0.4
PTK2B,C0038220,0.7
PTN,C0005910,0.55
PTN,C0007097,0.65
PTN,C0206686,0.55
PTN,C0553707,0.4
PTN,C1368683,0.4
PTP4A1,C0001973,0.6
PTP4A3,C0009375,0.65
PTPA,C0005586,0.5
PTPA,C0038356,0.4
PTPA,C1839839,0.5
PTPA,C5882680,0.6
PTPN1,C0010054,0.55
PTPN1,C0010068,0.45
PTPN1,C0011860,1.0
PTPN1,C0019829,0.6
PTPN1,C0020459,0.7
PTPN1,C0020538,0.65
PTPN1,C0021368,0.85
PTPN1,C0021655,0.95
PTPN1,C0025063,0.4
PTPN1,C0028754,0.95
PTPN1,C0035372,0.65
PTPN1,C0036341,0.65
PTPN1,C0079731,0.55
PTPN1,C0085580,0.65
PTPN1,C0151744,0.45
PTPN1,C0264694,0.45
PTPN1,C1852091,0.4
PTPN11,C0001418,0.6
PTPN11,C0004114,0.7
PTPN11,C0005745,0.65
PTPN11,C0007137,0.6
PTPN11,C0007194,0.85
PTPN11,C0013261,0.4
PTPN11,C0013274,0.55
PTPN11,C0015306,0.65
PTPN11,C0017154,0.75
PTPN11,C0023418,0.85
PTPN11,C0023467,0.9
PTPN11,C0023487,0.65
PTPN11,C0024299,0.65
PTPN11,C0024454,0.5
PTPN11,C0024623,0.8
PTPN11,C0026106,0.55
PTPN11,C0027672,0.4
PTPN11,C0027819,0.8
PTPN11,C0027830,0.4
PTPN11,C0028326,1.0
PTPN11,C0029423,0.65
PTPN11,C0036439,0.7
PTPN11,C0038356,0.45
PTPN11,C0038379,0.45
PTPN11,C0039685,0.55
PTPN11,C0040034,0.6
PTPN11,C0040961,0.4
PTPN11,C0042514,0.5
PTPN11,C0043119,0.5
PTPN11,C0151636,0.4
PTPN11,C0153421,0.45
PTPN11,C0153422,0.45
PTPN11,C0153423,0.45
PTPN11,C0162770,0.4
PTPN11,C0175704,1.0
PTPN11,C0221263,0.65
PTPN11,C0221356,0.45
PTPN11,C0344724,0.4
PTPN11,C0344974,0.5
PTPN11,C0347915,0.5
PTPN11,C0349588,0.8
PTPN11,C0349639,1.0
PTPN11,C0410530,0.95
PTPN11,C0424503,0.75
PTPN11,C0455988,0.4
PTPN11,C0557874,0.65
PTPN11,C0587248,0.65
PTPN11,C0678230,0.55
PTPN11,C0750935,0.55
PTPN11,C0751688,0.4
PTPN11,C0857379,0.4
PTPN11,C0878660,0.4
PTPN11,C0936248,0.45
PTPN11,C1141890,0.4
PTPN11,C1275081,0.85
PTPN11,C1458140,0.45
PTPN11,C1510586,0.4
PTPN11,C1535926,0.65
PTPN11,C1842876,0.45
PTPN11,C1849367,0.45
PTPN11,C1860991,0.4
PTPN11,C2051831,0.45
PTPN11,C2315100,0.4
PTPN11,C2931482,0.6
PTPN11,C3150803,0.6
PTPN11,C3472624,0.4
PTPN11,C3714756,0.65
PTPN11,C4022737,0.4
PTPN11,C4025790,0.45
PTPN11,C4049796,0.45
PTPN11,C4329780,0.4
PTPN11,C4551484,0.75
PTPN11,C4551563,0.4
PTPN11,C4551602,0.85
PTPN11,C5555857,0.75
PTPN11,C5681165,0.4
PTPN11,C5681679,0.5
PTPN11,C5925108,0.4
PTPN13,C0006142,0.75
PTPN13,C0007102,0.6
PTPN13,C0009404,0.55
PTPN13,C0025281,0.4
PTPN13,C0149782,0.65
PTPN13,C0152013,0.7
PTPN13,C0346629,0.65
PTPN13,C1141890,0.4
PTPN13,C1168401,0.65
PTPN13,C1335060,0.45
PTPN13,C2239176,0.7
PTPN2,C0003873,0.9
PTPN2,C0009324,0.65
PTPN2,C0023492,0.5
PTPN2,C0156147,0.45
PTPN2,C0375359,0.4
PTPN2,C2931171,0.45
PTPN2,C3890205,0.45
PTPN6,C0006663,0.4
PTPN6,C0018824,0.4
PTPN6,C0036341,0.5
PTPN6,C0079485,0.4
PTPN6,C0085077,0.5
PTPN6,C0406687,0.4
PTPN6,C1510586,0.4
PTPN6,C3825727,0.4
PTPN6,C4022737,0.4
PTPN6,C5680157,0.4
PTPN6,C5680158,0.4
PTPN6,C5681317,0.4
PTTG1,C0033860,0.6
PTTG1,C0086981,0.4
PTTG1,C1527336,0.4
PTTG1,C2239176,0.75
PTX3,C0010674,0.65
PTX3,C0029574,0.4
PTX3,C0034069,0.65
PTX3,C0037274,0.4
PTX3,C0037277,0.4
PTX3,C0041696,0.5
PTX3,C0238013,0.65
PTX3,C0311375,0.4
PTX3,C0344315,0.5
PTX3,C1269683,0.5
PURA,C0003578,0.45
PURA,C0014544,0.65
PURA,C0036572,0.7
PURA,C0454644,0.45
PURA,C0497552,0.4
PURA,C0543888,0.4
PURA,C0557874,0.65
PURA,C0751093,0.4
PURA,C1535926,0.65
PURA,C1858120,0.4
PURA,C2267233,0.55
PURA,C3714756,0.65
PURA,C4015357,0.7
PURA,C4708498,0.7
PURA,C4708510,0.4
PURA,C5567522,0.4
PURA,C5568766,0.4
PVALB,C0005586,0.65
PVALB,C0005587,0.4
PVALB,C0007134,0.6
PVALB,C0024713,0.4
PVALB,C0029516,0.4
PVALB,C0036341,0.75
PVALB,C0236780,0.4
PVALB,C1510502,0.6
RAC1,C0007193,0.65
RAC1,C0009402,0.75
RAC1,C0009404,0.7
RAC1,C0011570,0.65
RAC1,C0011581,0.65
RAC1,C0011849,0.55
RAC1,C0018801,0.7
RAC1,C0018802,0.7
RAC1,C0023895,0.4
RAC1,C0024624,0.4
RAC1,C0025202,0.75
RAC1,C0153491,0.4
RAC1,C0153492,0.4
RAC1,C0153493,0.4
RAC1,C0242698,0.4
RAC1,C0281361,0.6
RAC1,C0338106,0.45
RAC1,C0346629,0.8
RAC1,C0557874,0.7
RAC1,C0876994,0.65
RAC1,C2239176,0.75
RAC1,C4022738,0.5
RAC1,C4540321,0.7
RAC1,C4540327,0.4
RAC1,C5680525,0.4
RACK1,C0001973,0.55
RACK1,C0005586,0.6
RACK1,C0007137,0.6
RACK1,C0026640,0.4
RACK1,C0751688,0.4
RAD51,C0006142,1.0
RAD51,C0015625,0.75
RAD51,C0018671,0.4
RAD51,C0346153,0.7
RAD51,C0919267,0.9
RAD51,C1140680,0.8
RAD51,C1299247,0.4
RAD51,C1458155,0.75
RAD51,C3281089,0.5
RAD51,C3539878,0.85
RAD51,C4284093,0.7
RAD51,C5191311,0.55
RAF1,C0007112,0.4
RAF1,C0007131,0.85
RAF1,C0007193,0.75
RAF1,C0007194,0.8
RAF1,C0017638,0.85
RAF1,C0020429,0.4
RAF1,C0022665,0.5
RAF1,C0023903,0.65
RAF1,C0024121,0.85
RAF1,C0028326,1.0
RAF1,C0033578,0.4
RAF1,C0042514,0.4
RAF1,C0152013,0.75
RAF1,C0175704,0.9
RAF1,C0278752,0.4
RAF1,C0281361,0.5
RAF1,C0345967,0.4
RAF1,C0392400,0.4
RAF1,C0555198,0.4
RAF1,C0587248,0.6
RAF1,C0677886,0.4
RAF1,C0949658,0.4
RAF1,C1261278,0.4
RAF1,C1275081,0.6
RAF1,C1332338,0.4
RAF1,C1335177,0.5
RAF1,C1458155,0.65
RAF1,C1519086,0.4
RAF1,C1842036,0.45
RAF1,C1860991,0.4
RAF1,C1969056,0.6
RAF1,C1969057,0.65
RAF1,C3495498,0.4
RAF1,C4014656,0.6
RAF1,C4021133,0.4
RAF1,C4053775,0.4
RAF1,C4551602,0.4
RAF1,C5555857,0.75
RAF1,C5679590,0.4
RAF1,C5681679,0.4
RALA,C3714756,0.65
RALA,C4022738,0.4
RALA,C5543338,0.6
RALA,C5568766,0.45
RAP1B,C0040034,0.7
RAP1B,C5681257,0.4
RAP1B,C5882734,0.45
RAPGEF3,C0022660,0.4
RAPGEF3,C0024117,0.5
RAPGEF3,C0028043,0.55
RAPGEF3,C0028754,0.65
RAPGEF3,C0035585,0.65
RAPGEF3,C0162700,0.4
RAPGEF3,C0271650,0.55
RAPGEF3,C1565662,0.4
RAPGEF3,C2609414,0.4
RAPGEF4,C0004352,0.7
RARA,C0010701,0.6
RARA,C0023487,1.0
RARA,C0036341,0.6
RARA,C0085183,0.4
RARA,C0149940,0.4
RARA,C0206650,0.5
RARA,C0242339,0.4
RARA,C0525045,0.55
RARA,C1458155,0.6
RARA,C2239176,0.75
RARA,C5680616,0.4
RARB,C0001418,0.6
RARB,C0007131,0.85
RARB,C0007137,0.75
RARB,C0007873,0.4
RARB,C0009363,0.6
RARB,C0009402,0.65
RARB,C0014175,0.55
RARB,C0018671,0.4
RARB,C0024121,0.75
RARB,C0026010,0.65
RARB,C0038356,0.4
RARB,C0149925,0.65
RARB,C0149940,0.4
RARB,C0152013,0.65
RARB,C0751688,0.4
RARB,C1332337,0.45
RARB,C1335060,0.45
RARB,C1458155,0.8
RARB,C1510586,0.5
RARB,C1832661,0.65
RARB,C3809803,0.9
RARB,C4540321,0.4
RARG,C0006142,0.75
RARG,C0008925,0.4
RARG,C0018799,0.4
RARG,C0151491,0.4
RARG,C0876994,0.8
RARRES2,C0018206,0.5
RARRES2,C0032914,0.75
RARRES2,C0271650,0.6
RARRES2,C0334401,0.4
RASAL2,C0004352,0.4
RASAL2,C0006142,0.65
RASAL2,C0009402,0.6
RASAL2,C0027626,0.4
RASAL2,C0038356,0.65
RASAL2,C0376358,0.6
RASGRF1,C0005586,0.5
RASGRF1,C0013386,0.4
RASGRF1,C0027092,0.75
RASGRF1,C0034951,0.45
RASSF1,C0001418,0.75
RASSF1,C0005684,0.8
RASSF1,C0005686,0.4
RASSF1,C0005695,0.7
RASSF1,C0006142,0.9
RASSF1,C0007131,0.9
RASSF1,C0007134,0.8
RASSF1,C0007138,0.65
RASSF1,C0007194,0.4
RASSF1,C0007847,0.65
RASSF1,C0007873,0.55
RASSF1,C0021390,0.65
RASSF1,C0024121,0.9
RASSF1,C0025149,0.65
RASSF1,C0025500,0.6
RASSF1,C0029827,0.4
RASSF1,C0033578,0.55
RASSF1,C0206663,0.6
RASSF1,C0206687,0.65
RASSF1,C0334265,0.45
RASSF1,C0376358,0.7
RASSF1,C0476089,0.65
RASSF1,C0919267,0.85
RASSF1,C1140680,0.7
RASSF1,C1299247,0.4
RASSF1,C1334410,0.4
RB1,C0001624,0.4
RB1,C0005684,0.85
RB1,C0005695,0.75
RB1,C0007097,0.85
RB1,C0007131,0.75
RB1,C0007137,0.75
RB1,C0007786,0.4
RB1,C0017636,0.85
RB1,C0023449,0.75
RB1,C0025149,0.7
RB1,C0027672,0.65
RB1,C0029124,0.4
RB1,C0029463,0.9
RB1,C0030297,0.7
RB1,C0033578,0.85
RB1,C0035335,1.0
RB1,C0036920,0.6
RB1,C0038325,0.4
RB1,C0149925,0.95
RB1,C0152013,0.75
RB1,C0153458,0.4
RB1,C0153459,0.4
RB1,C0153460,0.4
RB1,C0153463,0.4
RB1,C0206639,0.45
RB1,C0206686,0.6
RB1,C0206710,0.5
RB1,C0220641,0.6
RB1,C0238198,0.7
RB1,C0278878,0.4
RB1,C0279626,0.75
RB1,C0334239,0.45
RB1,C0376358,0.8
RB1,C0553707,0.4
RB1,C0585442,0.75
RB1,C0751396,0.5
RB1,C0751483,0.9
RB1,C0854723,0.5
RB1,C0919267,0.8
RB1,C1140680,0.75
RB1,C1333600,0.55
RB1,C1335469,0.4
RB1,C1368295,0.4
RB1,C1368683,0.55
RB1,C1458155,0.9
RB1,C1514422,0.4
RB1,C1838333,0.4
RB1,C1848435,0.4
RB1,C2239176,0.75
RB1,C2608045,0.6
RB1,C2698310,0.4
RB1,C2698314,0.4
RB1,C2930974,0.4
RB1,C3279470,0.4
RB1,C4749304,0.4
RB1,C5680987,0.4
RBP1,C0007097,0.65
RBP1,C0015934,0.5
RBP1,C0026764,0.5
RBP1,C0036341,0.5
RBP1,C0038356,0.4
RBP1,C0206710,0.4
RBP1,C0339527,0.4
RBP1,C0553707,0.4
RBP1,C1368295,0.4
RBP1,C1368683,0.5
RBP1,C4277682,0.4
RBP4,C0000786,0.4
RBP4,C0003119,0.55
RBP4,C0007097,0.4
RBP4,C0009363,0.4
RBP4,C0010054,0.75
RBP4,C0010068,0.65
RBP4,C0011860,1.0
RBP4,C0018801,0.7
RBP4,C0018802,0.6
RBP4,C0022658,0.85
RBP4,C0023896,0.4
RBP4,C0026010,0.45
RBP4,C0027540,0.4
RBP4,C0032460,0.8
RBP4,C0038356,0.4
RBP4,C0042842,0.7
RBP4,C0151744,0.65
RBP4,C0152455,0.4
RBP4,C0264694,0.45
RBP4,C0553707,0.4
RBP4,C0854723,0.65
RBP4,C1368683,0.4
RBP4,C1458155,0.6
RBP4,C1843496,0.5
RBP4,C1862839,0.4
RBP4,C3554593,0.5
RBP4,C3640024,0.4
RBP4,C4225330,0.5
RBP4,C4255043,0.4
RBP4,C4316870,0.4
RBP4,C4751000,0.4
RECK,C0007131,0.7
RECK,C0009171,0.5
RECK,C0009375,0.4
RECK,C0017636,0.4
RECK,C0027626,0.4
RECK,C0278878,0.4
RECK,C1514422,0.4
REG1A,C0011854,0.7
REG1A,C0017668,0.4
REG1A,C0038356,0.4
RELA,C0001418,0.7
RELA,C0001969,0.5
RELA,C0004763,0.7
RELA,C0005398,0.4
RELA,C0006118,0.65
RELA,C0007124,0.45
RELA,C0007131,0.9
RELA,C0007134,0.75
RELA,C0007786,0.65
RELA,C0008312,0.5
RELA,C0008370,0.4
RELA,C0009319,0.7
RELA,C0009324,0.65
RELA,C0009375,0.5
RELA,C0010692,0.5
RELA,C0011609,0.4
RELA,C0011871,0.4
RELA,C0011875,0.4
RELA,C0011881,0.75
RELA,C0014130,0.4
RELA,C0018843,0.4
RELA,C0019209,0.4
RELA,C0020538,0.75
RELA,C0022661,0.45
RELA,C0023891,0.4
RELA,C0023892,0.4
RELA,C0024299,0.8
RELA,C0027626,0.4
RELA,C0027819,0.7
RELA,C0029866,0.4
RELA,C0035126,0.55
RELA,C0036341,0.5
RELA,C0036346,0.4
RELA,C0037286,0.4
RELA,C0038356,0.4
RELA,C0038525,0.55
RELA,C0153461,0.4
RELA,C0154536,0.4
RELA,C0156147,0.4
RELA,C0206180,0.4
RELA,C0375359,0.4
RELA,C0598798,0.55
RELA,C0887833,0.4
RELA,C1175175,0.4
RELA,C1306571,0.4
RELA,C1458155,0.8
RELA,C4289581,0.5
RELA,C4748997,0.65
RELA,C5680288,0.45
REN,C0001925,0.75
REN,C0001969,0.65
REN,C0001973,0.65
REN,C0002871,0.65
REN,C0004775,0.75
REN,C0005586,0.6
REN,C0011570,0.8
REN,C0011581,0.75
REN,C0015934,0.65
REN,C0016059,0.75
REN,C0018572,0.4
REN,C0018800,0.45
REN,C0018801,0.85
REN,C0018802,0.75
REN,C0019080,0.65
REN,C0020538,1.0
REN,C0020540,0.75
REN,C0020541,0.55
REN,C0020649,0.9
REN,C0022116,0.75
REN,C0022658,0.9
REN,C0023890,0.75
REN,C0027051,0.9
REN,C0027720,0.75
REN,C0027726,0.75
REN,C0029456,0.65
REN,C0033687,0.9
REN,C0033860,0.4
REN,C0041696,0.6
REN,C0085580,1.0
REN,C0149721,0.8
REN,C0206624,0.5
REN,C0221043,0.7
REN,C0242528,0.4
REN,C0266313,0.95
REN,C2751310,0.6
REN,C4016362,0.4
REN,C4283894,0.4
REN,C4303080,0.55
REN,C4511620,0.7
REN,C5681536,0.5
REST,C0015923,0.55
REST,C0027708,0.55
REST,C0036341,0.55
REST,C0399440,0.7
REST,C0452138,0.45
REST,C1269683,0.5
REST,C1332219,0.45
REST,C1333015,0.45
REST,C3887929,0.45
REST,C3891301,0.4
REST,C4539942,0.45
RET,C0003615,0.5
RET,C0006142,0.75
RET,C0006413,0.5
RET,C0009402,0.75
RET,C0009404,0.6
RET,C0009806,0.65
RET,C0014474,0.5
RET,C0018784,0.45
RET,C0019569,1.0
RET,C0020534,0.45
RET,C0020676,0.4
RET,C0025149,0.75
RET,C0025160,0.6
RET,C0025268,1.0
RET,C0025269,1.0
RET,C0027662,1.0
RET,C0027672,0.75
RET,C0031511,1.0
RET,C0038220,0.4
RET,C0039685,0.4
RET,C0040136,0.95
RET,C0206693,0.85
RET,C0238462,0.95
RET,C0238463,0.95
RET,C0266015,0.4
RET,C0266294,0.5
RET,C0266295,0.7
RET,C0279680,0.4
RET,C0334583,0.4
RET,C0346153,0.4
RET,C0346629,0.75
RET,C0349588,0.55
RET,C0376480,0.4
RET,C0424503,0.4
RET,C0549473,0.9
RET,C0678222,0.75
RET,C0740340,0.4
RET,C1140680,0.6
RET,C1257877,0.7
RET,C1275808,0.8
RET,C1319315,0.6
RET,C1333600,0.5
RET,C1337013,0.75
RET,C1609433,0.75
RET,C1619700,0.8
RET,C1833921,1.0
RET,C1833929,0.75
RET,C1836543,0.4
RET,C1844820,0.4
RET,C1857453,0.4
RET,C1859049,0.45
RET,C1968949,0.75
RET,C2239176,0.8
RET,C3165160,0.4
RET,C3888125,0.4
RET,C3888239,0.9
RET,C4016285,0.4
RET,C4016286,0.4
RET,C4048306,0.85
RET,C4551563,0.4
RET,C4707333,0.4
RET,C5669918,0.4
RETN,C0004352,0.5
RETN,C0007194,0.65
RETN,C0011860,1.0
RETN,C0018801,0.9
RETN,C0018802,0.8
RETN,C0019337,0.5
RETN,C0020538,0.9
RETN,C0021655,1.0
RETN,C0022661,0.8
RETN,C0023487,0.55
RETN,C0028754,1.0
RETN,C0524620,1.0
RETN,C3837967,0.4
RFX5,C0085110,0.55
RFX5,C1859536,0.5
RFX5,C1859538,0.5
RFX5,C2931418,0.65
RFX5,C5447452,0.6
RGN,C0022658,0.4
RGN,C0023890,0.6
RGN,C4277682,0.4
RGS17,C0024809,0.5
RGS17,C0154536,0.4
RGS2,C0020538,0.8
RGS2,C0023467,0.6
RGS2,C0030569,0.4
RGS2,C0036341,0.6
RGS2,C0038356,0.4
RGS2,C1458155,0.4
RGS4,C0001973,0.55
RGS4,C0005586,0.75
RGS4,C0014175,0.4
RGS9,C0013386,0.4
RGS9,C0029124,0.4
RGS9,C0036341,0.65
RGS9,C0154334,0.4
RGS9,C0339527,0.4
RGS9,C0854723,0.4
RGS9,C1842073,0.9
RGS9,C5829874,0.5
RHEB,C0007131,0.6
RHEB,C0009402,0.5
RHEB,C0036572,0.65
RHEB,C0431391,0.6
RHEB,C1846385,0.65
RHEB,C4022738,0.4
RHO,C0028077,0.9
RHO,C0028738,0.45
RHO,C0029124,0.45
RHO,C0029128,0.45
RHO,C0035304,0.95
RHO,C0035305,0.4
RHO,C0035334,1.0
RHO,C0086543,0.55
RHO,C0154832,0.4
RHO,C0220701,0.6
RHO,C0240897,0.4
RHO,C0241688,0.45
RHO,C0311338,0.55
RHO,C0339526,0.75
RHO,C0339535,0.85
RHO,C0344232,0.4
RHO,C0456909,0.8
RHO,C0854723,0.8
RHO,C1306122,0.75
RHO,C1405854,0.6
RHO,C1839364,0.6
RHO,C1855465,0.4
RHO,C1862475,0.45
RHO,C1864869,0.65
RHO,C1865869,0.4
RHO,C3150833,0.4
RHO,C3151001,0.65
RHO,C4016366,0.4
RHO,C4023678,0.4
RHO,C4085590,0.85
RHO,C4310723,0.4
RHO,C4551714,0.65
RHO,C4722277,0.4
RHOA,C0000771,0.4
RHOA,C0002170,0.6
RHOA,C0005684,0.65
RHOA,C0005695,0.4
RHOA,C0007097,0.65
RHOA,C0013575,0.5
RHOA,C0019284,0.4
RHOA,C0020981,0.75
RHOA,C0027626,0.4
RHOA,C0033687,0.5
RHOA,C0038356,0.4
RHOA,C0040435,0.4
RHOA,C0079772,0.6
RHOA,C0079773,0.5
RHOA,C0079774,0.75
RHOA,C0162835,0.4
RHOA,C0236736,0.4
RHOA,C0265316,0.4
RHOA,C0270612,0.6
RHOA,C0332890,0.4
RHOA,C0376407,0.4
RHOA,C0376634,0.4
RHOA,C0553707,0.4
RHOA,C0678222,0.8
RHOA,C1368683,0.6
RHOA,C5231477,0.6
RHOA,C5680313,0.4
RHOB,C0036421,0.6
RHOB,C4551632,0.4
RIPK2,C0009324,0.5
RIPK2,C0375359,0.4
RIPK3,C0006663,0.4
RIPK3,C0015695,0.65
RIPK3,C0015696,0.4
RIPK3,C0018824,0.4
RIPK3,C0079485,0.4
RIPK3,C4277682,0.45
RIT1,C0020534,0.45
RIT1,C0028326,1.0
RIT1,C0152021,0.4
RIT1,C0239340,0.4
RIT1,C0347915,0.5
RIT1,C0349588,0.65
RIT1,C0423110,0.45
RIT1,C0455988,0.5
RIT1,C1275081,0.5
RIT1,C1865285,0.4
RIT1,C2239176,0.6
RIT1,C3809233,0.65
RIT1,C4551602,0.4
RIT1,C5555857,0.75
RIT1,C5681679,0.4
RNASE3,C0004096,0.95
RNASE3,C0085423,0.4
RNASE3,C0085426,0.4
RNASEL,C0009405,0.4
RNASEL,C0033578,0.7
RNASEL,C0376358,0.9
RNASEL,C1140680,0.4
RNASEL,C2931456,0.8
RNASEL,C3469524,0.4
RNASEL,C4552100,0.4
RNASEL,C4722327,0.7
RNF19A,C0026769,0.4
RNF8,C0004352,0.4
ROBO1,C0001418,0.55
ROBO1,C0003466,0.4
ROBO1,C0004352,0.65
ROBO1,C0006142,0.6
ROBO1,C0018798,0.55
ROBO1,C0020635,0.4
ROBO1,C0024121,0.4
ROBO1,C0026764,0.4
ROBO1,C0032131,0.4
ROBO1,C0033578,0.4
ROBO1,C0039685,0.6
ROBO1,C0152021,0.4
ROBO1,C0242343,0.5
ROBO1,C0271801,0.45
ROBO1,C0349588,0.55
ROBO1,C0700501,0.5
ROBO1,C1609433,0.45
ROBO1,C1968949,0.55
ROBO1,C2239176,0.65
ROBO1,C3151571,0.6
ROBO1,C3279571,0.65
ROBO1,C3714756,0.45
ROBO1,C4022738,0.5
ROBO1,C4023676,0.4
ROBO1,C4053775,0.65
ROBO1,C5139300,0.4
ROBO1,C5830375,0.5
ROBO1,C5830377,0.5
ROCK1,C0023487,0.4
ROCK1,C0086468,0.4
ROCK1,C0206710,0.4
ROCK1,C1368295,0.4
ROCK1,C2200127,0.4
ROCK2,C0011813,0.4
ROCK2,C0018800,0.4
ROCK2,C0018801,0.75
ROCK2,C0018802,0.65
ROCK2,C0086468,0.4
ROCK2,C0152021,0.5
ROCK2,C0278883,0.4
ROCK2,C0455988,0.4
ROCK2,C0600519,0.65
RORA,C0004352,0.65
RORA,C0005586,0.75
RORA,C0011570,0.6
RORA,C0011581,0.65
RORA,C0038356,0.4
RORA,C0085159,0.5
RORA,C1535926,0.5
RORA,C4748041,0.5
RORA,C5568766,0.5
ROS1,C0007131,0.95
ROS1,C0007137,0.75
ROS1,C0017638,0.7
ROS1,C0025202,0.85
ROS1,C0152013,1.0
ROS1,C0206698,0.8
ROS1,C0278701,0.6
ROS1,C0334588,0.4
ROS1,C0345958,0.4
ROS1,C0349588,0.4
ROS1,C0555198,0.6
ROS1,C1319315,0.5
ROS1,C1335060,0.4
ROS1,C1708781,0.6
ROS1,C4021085,0.4
ROS1,C5681165,0.4
RPA1,C0263454,0.4
RPA1,C5676927,0.5
RPLP2,C1458155,0.4
RPS6KA1,C0036920,0.4
RPS6KA1,C2985290,0.4
RPS6KA3,C0006142,0.75
RPS6KA3,C0018818,0.4
RPS6KA3,C0019572,0.4
RPS6KA3,C0020534,0.45
RPS6KA3,C0025362,0.85
RPS6KA3,C0025990,0.4
RPS6KA3,C0026267,0.4
RPS6KA3,C0026827,0.45
RPS6KA3,C0027626,0.4
RPS6KA3,C0033922,0.4
RPS6KA3,C0221358,0.4
RPS6KA3,C0239234,0.4
RPS6KA3,C0265252,1.0
RPS6KA3,C0278701,0.4
RPS6KA3,C0454644,0.45
RPS6KA3,C0557874,0.45
RPS6KA3,C0749379,0.4
RPS6KA3,C0796225,0.6
RPS6KA3,C1096086,0.4
RPS6KA3,C1621958,0.5
RPS6KA3,C1835884,0.4
RPS6KA3,C1836543,0.4
RPS6KA3,C1839797,0.4
RPS6KA3,C1842366,0.4
RPS6KA3,C1854301,0.45
RPS6KA3,C1855728,0.4
RPS6KA3,C2239176,0.75
RPS6KA3,C2243051,0.4
RPS6KA3,C3501611,0.4
RPS6KA3,C3714756,0.8
RPS6KA3,C4025790,0.4
RPS6KA3,C4317146,0.4
RPS6KA3,C4551485,0.4
RPS6KA3,C5680787,0.4
RPS6KB1,C0007194,0.5
RPS6KB1,C0009402,0.75
RPS6KB1,C0020538,0.4
RPS6KB1,C0022340,0.4
RPS6KB1,C0022797,0.4
RPS6KB1,C0027877,0.4
RPS6KB1,C0079744,0.6
RPS6KB1,C0149721,0.4
RPS6KB1,C0333641,0.6
RPS6KB1,C0751383,0.4
RPS6KB1,C1850451,0.4
RPS6KB2,C1335167,0.4
RPS6KB2,C1458155,0.6
RPS9,C0006142,0.6
RPTOR,C0011757,0.4
RPTOR,C0028043,0.5
RSAD2,C0018801,0.5
RSAD2,C0018802,0.5
RSAD2,C0021400,0.5
RSAD2,C0035235,0.65
RSAD2,C0151744,0.4
RTN4,C0009402,0.6
RTN4,C0036341,0.75
RUNX1,C0003873,0.8
RUNX1,C0005818,0.8
RUNX1,C0017636,0.65
RUNX1,C0023449,0.85
RUNX1,C0023467,1.0
RUNX1,C0026985,0.75
RUNX1,C0027672,0.5
RUNX1,C0030312,0.8
RUNX1,C0032197,0.4
RUNX1,C0033578,0.65
RUNX1,C0040034,0.85
RUNX1,C0278878,0.4
RUNX1,C0279543,0.85
RUNX1,C0279626,0.7
RUNX1,C0280788,0.4
RUNX1,C0349639,0.6
RUNX1,C0855740,0.4
RUNX1,C0862030,0.4
RUNX1,C1112486,0.65
RUNX1,C1292772,0.5
RUNX1,C1292774,0.4
RUNX1,C1335469,0.4
RUNX1,C1458140,0.6
RUNX1,C1514422,0.4
RUNX1,C1832388,1.0
RUNX1,C1835434,0.5
RUNX1,C1860788,0.4
RUNX1,C2713368,0.4
RUNX1,C4552543,0.4
RUNX1,C5442191,0.6
RUNX2,C0003872,0.4
RUNX2,C0003873,0.6
RUNX2,C0007131,0.65
RUNX2,C0008928,1.0
RUNX2,C0010278,0.75
RUNX2,C0027726,0.4
RUNX2,C0029410,0.65
RUNX2,C0029463,0.75
RUNX2,C0040427,0.45
RUNX2,C0041948,0.5
RUNX2,C0157946,0.4
RUNX2,C0206639,0.4
RUNX2,C0236736,0.4
RUNX2,C0243057,0.4
RUNX2,C0376634,0.5
RUNX2,C0949690,0.4
RUNX2,C1458155,0.6
RUNX2,C1861537,0.6
RUNX2,C3549874,0.6
RUNX2,C4510380,0.5
RUNX2,C5774312,0.4
RUNX2,C5774315,0.4
RXRA,C0026764,0.5
RXRA,C0030297,0.55
RXRA,C0033578,0.65
RXRA,C0040136,0.6
RXRA,C0085084,0.4
RXRA,C0149940,0.4
RXRA,C0152021,0.55
RXRA,C0153458,0.45
RXRA,C0153459,0.45
RXRA,C0153460,0.45
RXRA,C0153463,0.45
RXRA,C0278752,0.4
RXRA,C0345967,0.4
RXRA,C0392400,0.4
RXRA,C1332338,0.4
RXRA,C1862939,0.4
RXRB,C0038356,0.4
RXRB,C1458155,0.4
RYR1,C0005745,0.7
RYR1,C0007134,0.4
RYR1,C0009081,0.45
RYR1,C0018801,0.8
RYR1,C0018802,0.8
RYR1,C0019555,0.45
RYR1,C0020305,0.55
RYR1,C0023976,0.55
RYR1,C0024591,1.0
RYR1,C0026827,0.65
RYR1,C0026848,0.9
RYR1,C0027868,0.75
RYR1,C0029456,0.4
RYR1,C0030196,0.4
RYR1,C0035229,0.65
RYR1,C0035410,0.9
RYR1,C0036439,0.65
RYR1,C0152171,0.45
RYR1,C0175709,0.75
RYR1,C0221629,0.45
RYR1,C0231528,0.6
RYR1,C0241005,0.45
RYR1,C0265213,0.4
RYR1,C0270960,0.75
RYR1,C0270962,0.9
RYR1,C0332878,0.4
RYR1,C0344490,0.4
RYR1,C0349588,0.55
RYR1,C0349788,0.65
RYR1,C0410204,0.4
RYR1,C0427064,0.45
RYR1,C0476403,0.4
RYR1,C0546264,0.65
RYR1,C0699743,0.55
RYR1,C0700153,0.4
RYR1,C0746674,0.45
RYR1,C0751882,0.5
RYR1,C0751895,0.45
RYR1,C0751951,1.0
RYR1,C0752282,0.4
RYR1,C1276035,0.65
RYR1,C1833477,0.4
RYR1,C1836609,0.4
RYR1,C1837658,0.45
RYR1,C1840365,0.95
RYR1,C1850309,0.45
RYR1,C1850674,1.0
RYR1,C1850794,0.4
RYR1,C1850830,0.45
RYR1,C1854678,0.6
RYR1,C1861753,0.4
RYR1,C2674259,0.6
RYR1,C2930980,0.85
RYR1,C2931359,0.45
RYR1,C3151617,0.4
RYR1,C3552335,0.4
RYR1,C4014435,0.4
RYR1,C4016368,0.5
RYR1,C4021726,0.45
RYR1,C4021745,0.4
RYR1,C4024921,0.4
RYR1,C4544037,0.55
RYR1,C4706390,0.4
RYR1,C4749502,0.4
RYR1,C5437603,0.4
RYR1,C5680516,0.6
RYR1,C5700399,0.65
RYR1,C5779613,0.6
RYR1,C5830701,0.65
RYR2,C0003811,1.0
RYR2,C0007193,0.8
RYR2,C0007194,0.65
RYR2,C0018790,0.75
RYR2,C0018798,0.6
RYR2,C0018799,0.9
RYR2,C0018802,0.8
RYR2,C0023976,0.75
RYR2,C0036346,0.5
RYR2,C0039070,0.75
RYR2,C0039231,0.4
RYR2,C0042510,0.7
RYR2,C0042514,0.95
RYR2,C0043202,0.4
RYR2,C0085298,0.95
RYR2,C0085610,0.4
RYR2,C0151744,0.4
RYR2,C0264886,0.4
RYR2,C0278752,0.4
RYR2,C0340279,0.4
RYR2,C0340427,0.4
RYR2,C0340493,0.6
RYR2,C0344432,0.8
RYR2,C0345967,0.4
RYR2,C0348617,0.5
RYR2,C0349788,0.9
RYR2,C0392400,0.4
RYR2,C0520806,0.6
RYR2,C0520863,0.4
RYR2,C0853897,0.65
RYR2,C0878544,0.85
RYR2,C0949658,0.5
RYR2,C1142166,0.6
RYR2,C1332338,0.4
RYR2,C1510586,0.6
RYR2,C1560305,0.4
RYR2,C1631597,1.0
RYR2,C1720824,0.6
RYR2,C1832244,0.4
RYR2,C1832931,0.5
RYR2,C1836906,0.4
RYR2,C1853863,0.4
RYR2,C1861862,0.4
RYR2,C1861884,0.4
RYR2,C1862511,0.4
RYR2,C1867743,0.4
RYR2,C1960469,0.6
RYR2,C2677794,0.6
RYR2,C2751898,0.55
RYR2,C4021133,0.65
RYR2,C4022814,0.4
RYR2,C4551647,0.4
RYR2,C5542154,0.6
RYR2,C5574922,0.95
RYR2,C5925015,0.4
RYR2,C5925016,0.4
RYR2,C5925017,0.4
S100A1,C0751895,0.4
S100A10,C0005586,0.6
S100A10,C0011570,0.95
S100A10,C0011581,0.85
S100A10,C0022548,0.4
S100A10,C0023467,0.4
S100A10,C0024517,0.5
S100A10,C0025149,0.5
S100A10,C0041696,0.75
S100A10,C0206663,0.4
S100A10,C0344315,0.65
S100A10,C0349217,0.5
S100A10,C0525045,0.65
S100A10,C1269683,0.85
S100A10,C1334410,0.4
S100A4,C0009375,0.5
S100A4,C0022116,0.4
S100A4,C0022548,0.6
S100A4,C0025149,0.65
S100A4,C0025202,0.75
S100A4,C0027626,0.4
S100A4,C0027719,0.4
S100A4,C0035222,0.4
S100A4,C0157946,0.4
S100A4,C0206663,0.5
S100A4,C0751895,0.4
S100A4,C1334410,0.4
S100A8,C0011615,0.75
S100A8,C0011616,0.4
S100A8,C0022548,0.4
S100A8,C0023467,0.75
S100A8,C0027059,0.7
S100A9,C0007570,0.4
S100A9,C0009375,0.65
S100A9,C0022548,0.4
S100A9,C0027059,0.7
S100A9,C0035222,0.4
S100A9,C0036341,0.5
S100B,C0002395,0.9
S100B,C0004030,0.55
S100B,C0005586,0.8
S100B,C0005587,0.55
S100B,C0006118,0.75
S100B,C0011570,0.9
S100B,C0011581,0.85
S100B,C0013080,0.75
S100B,C0018944,0.7
S100B,C0019151,0.6
S100B,C0024713,0.65
S100B,C0027051,0.8
S100B,C0030567,0.8
S100B,C0036341,0.95
S100B,C0041696,0.75
S100B,C0221480,0.5
S100B,C0236780,0.45
S100B,C0236964,0.4
S100B,C0270611,0.95
S100B,C0278752,0.4
S100B,C0345967,0.4
S100B,C0392400,0.4
S100B,C0433856,0.4
S100B,C0525045,0.85
S100B,C0546127,0.4
S100B,C0751895,0.5
S100B,C1269683,0.85
S100B,C1332338,0.4
S100B,C1527311,0.7
S100B,C2937358,0.75
S1PR1,C0005586,0.5
S1PR1,C0007097,0.4
S1PR1,C0178324,0.5
S1PR1,C0553707,0.4
S1PR1,C1368683,0.4
S1PR1,C2936380,0.4
SALL3,C0006413,0.4
SALL3,C0009402,0.4
SALL3,C0238198,0.4
SALL3,C0376634,0.4
SAMHD1,C0007789,0.4
SAMHD1,C0019163,0.65
SAMHD1,C0019196,0.45
SAMHD1,C0023467,0.75
SAMHD1,C0024145,0.45
SAMHD1,C0026764,0.4
SAMHD1,C0393591,0.95
SAMHD1,C0477365,0.45
SAMHD1,C0796126,0.45
SAMHD1,C1835912,0.55
SAMHD1,C1835916,0.45
SAMHD1,C2749659,0.7
SAMHD1,C3280721,0.5
SAMHD1,C3489724,0.45
SAMHD1,C3539013,0.55
SAMHD1,C3711385,0.5
SAMHD1,C3888244,0.45
SAMHD1,C5688224,0.6
SARM1,C0002736,0.8
SARM1,C0035235,0.5
SARM1,C0042790,0.4
SARM1,C0342705,0.4
SATB1,C0152013,0.5
SATB1,C1335060,0.4
SATB1,C1510586,0.4
SATB1,C1535926,0.6
SATB1,C1854107,0.4
SATB1,C4022738,0.4
SATB1,C5543197,0.45
SATB1,C5543202,0.6
SATB1,C5568766,0.4
SCAP,C2239176,0.65
SCARB1,C0006868,0.4
SCARB1,C0007097,0.5
SCARB1,C0007134,0.55
SCARB1,C0016427,0.4
SCARB1,C0019196,0.75
SCARB1,C0022661,0.55
SCARB1,C0024809,0.4
SCARB1,C0031391,0.4
SCARB1,C0085215,0.4
SCARB1,C0236736,0.4
SCARB1,C0342883,0.6
SCARB1,C0400966,0.65
SCARB1,C0553707,0.4
SCARB1,C1368683,0.4
SCARB1,C1853096,0.4
SCARB1,C3241937,0.4
SCARB2,C0017668,0.45
SCARB2,C0376532,0.4
SCARB2,C0751778,0.8
SCARB2,C0751779,1.0
SCARB2,C0751785,0.6
SCARB2,C1961835,0.4
SCD,C0007097,0.55
SCD,C0015397,0.6
SCD,C0015695,0.85
SCD,C0015696,0.5
SCD,C0018801,0.65
SCD,C0018802,0.65
SCD,C0021655,0.75
SCD,C0023794,0.4
SCD,C0023903,0.65
SCD,C0028754,0.85
SCD,C0029574,0.4
SCD,C0029591,0.4
SCD,C0037274,0.55
SCD,C0037277,0.4
SCD,C0043094,0.65
SCD,C0271650,0.75
SCD,C0339143,0.6
SCD,C0376323,0.4
SCD,C0553707,0.45
SCD,C1368683,0.45
SCD,C1563709,0.4
SCD,C2239176,0.75
SCN11A,C0002768,0.65
SCN11A,C0007959,0.4
SCN11A,C0020075,0.55
SCN11A,C0020429,0.45
SCN11A,C0151313,0.4
SCN11A,C0270763,0.4
SCN11A,C0477392,0.45
SCN11A,C2875301,0.45
SCN11A,C2875302,0.45
SCN11A,C2875303,0.45
SCN11A,C3809882,0.7
SCN11A,C3809899,0.95
SCN11A,C3854373,0.45
SCN11A,C5925033,0.4
SCN5A,C0003811,1.0
SCN5A,C0004238,1.0
SCN5A,C0004352,0.4
SCN5A,C0007193,1.0
SCN5A,C0007194,0.6
SCN5A,C0018790,0.85
SCN5A,C0018801,0.95
SCN5A,C0018991,0.45
SCN5A,C0023976,1.0
SCN5A,C0037052,0.9
SCN5A,C0038644,0.9
SCN5A,C0039070,0.75
SCN5A,C0040479,0.8
SCN5A,C0042514,0.95
SCN5A,C0043202,0.4
SCN5A,C0085298,0.9
SCN5A,C0149931,0.5
SCN5A,C0152021,0.6
SCN5A,C0232208,0.4
SCN5A,C0264886,0.85
SCN5A,C0264893,0.5
SCN5A,C0340427,0.6
SCN5A,C0340491,0.55
SCN5A,C0340493,0.75
SCN5A,C0348626,0.5
SCN5A,C0349788,0.8
SCN5A,C0428908,0.9
SCN5A,C0520806,0.7
SCN5A,C0541782,0.8
SCN5A,C0878544,0.75
SCN5A,C0949658,0.4
SCN5A,C1141890,0.8
SCN5A,C1142166,1.0
SCN5A,C1276035,0.4
SCN5A,C1399226,0.5
SCN5A,C1449563,0.6
SCN5A,C1631597,0.6
SCN5A,C1720824,0.6
SCN5A,C1721096,0.4
SCN5A,C1832680,0.6
SCN5A,C1837014,0.4
SCN5A,C1837812,0.4
SCN5A,C1837845,0.7
SCN5A,C1838527,0.4
SCN5A,C1843687,0.4
SCN5A,C1858725,0.4
SCN5A,C1859062,1.0
SCN5A,C1861983,0.4
SCN5A,C1861984,0.4
SCN5A,C1862394,0.4
SCN5A,C1879286,1.0
SCN5A,C1969099,0.4
SCN5A,C2677106,0.4
SCN5A,C2677294,0.4
SCN5A,C2748542,0.4
SCN5A,C2751607,0.4
SCN5A,C2751898,0.7
SCN5A,C3150943,0.65
SCN5A,C3151431,0.4
SCN5A,C3151464,0.5
SCN5A,C3276240,0.4
SCN5A,C3276241,0.4
SCN5A,C3279693,0.4
SCN5A,C3279695,0.4
SCN5A,C3468561,0.45
SCN5A,C3809311,0.4
SCN5A,C3809312,0.4
SCN5A,C4014269,0.4
SCN5A,C4016652,0.4
SCN5A,C4021133,0.5
SCN5A,C4274968,0.4
SCN5A,C4510132,0.4
SCN5A,C4551647,0.8
SCN5A,C4551804,0.85
SCN5A,C4551959,0.4
SCN5A,C5679590,0.4
SCN5A,C5779613,0.4
SCNN1A,C0010674,0.85
SCNN1A,C0020538,0.9
SCNN1A,C0024115,0.65
SCNN1A,C0027658,0.4
SCNN1A,C0032460,0.5
SCNN1A,C0032914,0.7
SCNN1A,C0033687,0.7
SCNN1A,C0033805,0.95
SCNN1A,C0221043,0.95
SCNN1A,C0339985,0.45
SCNN1A,C0376358,0.5
SCNN1A,C1142166,0.6
SCNN1A,C1449843,0.7
SCNN1A,C1510586,0.4
SCNN1A,C2751666,0.6
SCNN1A,C3890737,0.4
SCNN1A,C4022738,0.4
SCNN1A,C4551804,0.4
SCNN1A,C4748292,0.5
SCNN1A,C5774176,0.5
SCNN1B,C0006142,0.45
SCNN1B,C0009402,0.6
SCNN1B,C0010674,0.8
SCNN1B,C0020538,0.8
SCNN1B,C0024115,0.65
SCNN1B,C0029607,0.4
SCNN1B,C0033805,0.7
SCNN1B,C0036341,0.4
SCNN1B,C0221043,1.0
SCNN1B,C0339985,0.5
SCNN1B,C0393626,0.4
SCNN1B,C0600260,0.4
SCNN1B,C1449843,0.5
SCNN1B,C1510586,0.4
SCNN1B,C2749757,0.8
SCNN1B,C4014962,0.4
SCNN1B,C5774176,0.4
SCNN1B,C5774255,0.45
SCNN1G,C0009402,0.4
SCNN1G,C0010674,0.65
SCNN1G,C0020538,0.8
SCNN1G,C0020649,0.5
SCNN1G,C0027070,0.4
SCNN1G,C0033805,0.7
SCNN1G,C0221043,1.0
SCNN1G,C0339985,0.4
SCNN1G,C1449843,0.4
SCNN1G,C1510586,0.4
SCNN1G,C2751324,0.5
SCNN1G,C4748251,0.45
SCNN1G,C5774176,0.4
SCNN1G,C5774256,0.45
SCP2,C0006142,0.55
SCP2,C0013421,0.55
SCP2,C0018784,0.4
SCP2,C0023520,0.4
SCP2,C0152025,0.4
SCP2,C0270612,0.55
SCP2,C0393593,0.55
SCP2,C3150990,0.5
SCP2,C4518784,0.4
SCT,C0004352,0.75
SCT,C0008340,0.4
SCT,C0032460,0.4
SCT,C0039231,0.4
SDC3,C0028754,0.75
SDC3,C4016383,0.4
SDHB,C0007134,0.9
SDHB,C0018553,0.55
SDHB,C0019562,0.75
SDHB,C0022665,0.6
SDHB,C0027672,0.6
SDHB,C0030421,1.0
SDHB,C0031511,1.0
SDHB,C0238198,0.9
SDHB,C0281267,0.4
SDHB,C0751651,0.6
SDHB,C1257877,0.7
SDHB,C1336839,0.4
SDHB,C1708353,0.55
SDHB,C1847319,0.95
SDHB,C1855008,0.85
SDHB,C1858592,0.6
SDHB,C1861848,0.7
SDHB,C4274332,0.6
SDHB,C4707333,0.65
SDHB,C5543176,0.45
SDHB,C5700310,0.4
SELE,C0004238,0.6
SELE,C0007222,0.8
SELE,C0007786,0.6
SELE,C0007820,0.65
SELE,C0010054,0.8
SELE,C0010068,0.75
SELE,C0011615,0.7
SELE,C0017661,0.65
SELE,C0020443,0.7
SELE,C0026769,0.8
SELE,C0029839,0.4
SELE,C0035126,0.65
SELE,C0151744,0.85
SELE,C0162820,0.5
SELE,C0264694,0.45
SELE,C3160719,0.4
SELE,C5203670,0.7
SELENOS,C0007131,0.5
SELENOS,C0021368,0.65
SELENOS,C0033578,0.4
SELENOW,C0014544,0.5
SELL,C0009324,0.7
SELL,C0017661,0.65
SELL,C0027051,0.7
SELL,C0156147,0.45
SELL,C0375359,0.45
SELP,C0011570,0.6
SELP,C0011615,0.65
SELP,C0020517,0.5
SELP,C0020538,0.85
SELP,C0027051,0.9
SELP,C0027055,0.55
SELP,C0029799,0.45
SELP,C0040053,0.85
SELP,C0087086,0.75
SELP,C0151744,0.75
SELP,C0344315,0.6
SELP,C0525041,0.4
SELP,C0948031,0.4
SELP,C1867743,0.4
SELP,C1963943,0.5
SEMA3A,C0002453,0.4
SEMA3A,C0006142,0.6
SEMA3A,C0013338,0.45
SEMA3A,C0020635,0.45
SEMA3A,C0034012,0.45
SEMA3A,C0036341,0.7
SEMA3A,C0162809,0.85
SEMA3A,C0221405,0.45
SEMA3A,C0242342,0.45
SEMA3A,C0242343,0.55
SEMA3A,C0271577,0.45
SEMA3A,C0271582,0.45
SEMA3A,C0271623,0.75
SEMA3A,C0342381,0.45
SEMA3A,C1142166,0.6
SEMA3A,C2874188,0.45
SEMA3A,C2874189,0.45
SEMA3A,C2874190,0.45
SEMA3A,C3554021,0.6
SEMA3A,C4277682,0.4
SEMA3A,C5542298,0.4
SEMA3A,C5681165,0.4
SERPINA1,C0001418,0.65
SERPINA1,C0003469,0.6
SERPINA1,C0003850,0.55
SERPINA1,C0003949,0.6
SERPINA1,C0005122,0.4
SERPINA1,C0005586,0.65
SERPINA1,C0005587,0.4
SERPINA1,C0006267,0.95
SERPINA1,C0007137,0.6
SERPINA1,C0008370,0.8
SERPINA1,C0010674,0.9
SERPINA1,C0013990,0.95
SERPINA1,C0019080,0.65
SERPINA1,C0019693,0.9
SERPINA1,C0020615,0.4
SERPINA1,C0020877,0.55
SERPINA1,C0022660,0.6
SERPINA1,C0023890,1.0
SERPINA1,C0023895,1.0
SERPINA1,C0024115,0.95
SERPINA1,C0024117,1.0
SERPINA1,C0024121,0.65
SERPINA1,C0024713,0.4
SERPINA1,C0029512,0.4
SERPINA1,C0029607,0.5
SERPINA1,C0030328,0.65
SERPINA1,C0034069,0.65
SERPINA1,C0038356,0.5
SERPINA1,C0039841,0.4
SERPINA1,C0042384,0.75
SERPINA1,C0221757,1.0
SERPINA1,C0236780,0.4
SERPINA1,C0400966,0.7
SERPINA1,C0524851,0.6
SERPINA1,C0525045,0.65
SERPINA1,C0751157,0.4
SERPINA1,C1285162,0.4
SERPINA1,C1535926,0.4
SERPINA1,C1565662,0.4
SERPINA1,C1847014,0.4
SERPINA1,C2239176,0.9
SERPINA1,C2609414,0.6
SERPINA1,C2930967,0.4
SERPINA1,C3241937,0.75
SERPINA1,C5190706,0.45
SERPINA6,C0011570,0.65
SERPINA6,C0011581,0.65
SERPINA6,C0015695,0.4
SERPINA6,C0015696,0.4
SERPINA6,C0023890,0.4
SERPINA6,C1852529,1.0
SERPINA6,C4277682,0.4
SERPINB3,C0000786,0.4
SERPINB3,C0007137,0.8
SERPINB3,C0011616,0.4
SERPINB3,C0014859,0.6
SERPINB3,C0026640,0.5
SERPINB3,C0279626,0.7
SERPINB3,C0751688,0.6
SERPINC1,C0002965,0.6
SERPINC1,C0005779,0.85
SERPINC1,C0012739,0.8
SERPINC1,C0027726,0.8
SERPINC1,C0035222,0.5
SERPINC1,C0040034,0.6
SERPINC1,C0040038,0.85
SERPINC1,C0040053,1.0
SERPINC1,C0042487,0.9
SERPINC1,C0079102,0.6
SERPINC1,C0087086,0.85
SERPINC1,C0149871,0.75
SERPINC1,C0162557,0.5
SERPINC1,C0270611,0.4
SERPINC1,C0272375,1.0
SERPINC1,C0600327,0.4
SERPINC1,C0752143,0.5
SERPINC1,C0948089,0.6
SERPINC1,C1458140,0.5
SERPINC1,C1861172,0.95
SERPINC1,C1963943,0.5
SERPINC1,C2586031,0.5
SERPINC1,C2937358,0.7
SERPINC1,C4025731,0.4
SERPIND1,C0001485,0.45
SERPIND1,C0007274,0.4
SERPIND1,C0025472,0.4
SERPIND1,C0149871,0.6
SERPIND1,C0242129,0.4
SERPIND1,C0398623,0.6
SERPIND1,C0398626,0.8
SERPIND1,C1861172,0.6
SERPINE1,C0002726,0.7
SERPINE1,C0004096,0.8
SERPINE1,C0004153,0.85
SERPINE1,C0004352,0.6
SERPINE1,C0004943,0.75
SERPINE1,C0005684,0.8
SERPINE1,C0005695,0.55
SERPINE1,C0008370,0.4
SERPINE1,C0010054,0.8
SERPINE1,C0010068,0.85
SERPINE1,C0011871,0.45
SERPINE1,C0011875,0.65
SERPINE1,C0011881,0.8
SERPINE1,C0011884,0.75
SERPINE1,C0015695,0.85
SERPINE1,C0015696,0.4
SERPINE1,C0017181,0.45
SERPINE1,C0017658,0.65
SERPINE1,C0017668,0.65
SERPINE1,C0018213,0.65
SERPINE1,C0018801,0.75
SERPINE1,C0018802,0.65
SERPINE1,C0019080,0.9
SERPINE1,C0020538,0.9
SERPINE1,C0020542,0.7
SERPINE1,C0022661,0.7
SERPINE1,C0023890,0.75
SERPINE1,C0023891,0.55
SERPINE1,C0023895,0.7
SERPINE1,C0027051,0.9
SERPINE1,C0027726,0.6
SERPINE1,C0027765,0.5
SERPINE1,C0028754,0.95
SERPINE1,C0029799,0.45
SERPINE1,C0029866,0.45
SERPINE1,C0031069,0.65
SERPINE1,C0032285,0.9
SERPINE1,C0032914,0.85
SERPINE1,C0033578,0.5
SERPINE1,C0034069,0.9
SERPINE1,C0035328,0.65
SERPINE1,C0035344,0.6
SERPINE1,C0035455,0.55
SERPINE1,C0038356,0.4
SERPINE1,C0040053,1.0
SERPINE1,C0041696,0.65
SERPINE1,C0086132,0.6
SERPINE1,C0087086,0.9
SERPINE1,C0151744,0.85
SERPINE1,C0154830,0.7
SERPINE1,C0155773,0.65
SERPINE1,C0162529,0.65
SERPINE1,C0206062,0.45
SERPINE1,C0220633,0.55
SERPINE1,C0264694,0.45
SERPINE1,C0600327,0.45
SERPINE1,C1269683,0.65
SERPINE1,C1458140,0.7
SERPINE1,C1963943,0.85
SERPINE1,C2750067,0.5
SERPINE1,C3825727,0.4
SERPINE1,C3840252,0.6
SERPINE1,C4016325,0.4
SERPINE1,C4273899,0.65
SERPINF1,C0007787,0.4
SERPINF1,C0010043,0.4
SERPINF1,C0010606,0.4
SERPINF1,C0011860,0.8
SERPINF1,C0011871,0.4
SERPINF1,C0011875,0.5
SERPINF1,C0011884,0.8
SERPINF1,C0014175,0.7
SERPINF1,C0022548,0.55
SERPINF1,C0028754,0.8
SERPINF1,C0029434,1.0
SERPINF1,C0029456,0.4
SERPINF1,C0029463,0.65
SERPINF1,C0033578,0.6
SERPINF1,C0035304,0.65
SERPINF1,C0035334,0.65
SERPINF1,C0035335,0.75
SERPINF1,C0036095,0.4
SERPINF1,C0042164,0.7
SERPINF1,C0085083,0.65
SERPINF1,C0085109,0.65
SERPINF1,C0149940,0.4
SERPINF1,C0154830,0.8
SERPINF1,C0206639,0.4
SERPINF1,C0220701,0.4
SERPINF1,C0268362,0.55
SERPINF1,C0268363,0.4
SERPINF1,C0271051,0.65
SERPINF1,C0282548,0.4
SERPINF1,C1527311,0.4
SERPINF1,C3279564,0.9
SERPINF1,C3888239,0.4
SERPINF1,C4021790,0.4
SERPINF2,C0477316,0.5
SERPINF2,C1458140,0.7
SERPINF2,C2752081,0.85
SERPINF2,C4274304,0.55
SERPINF2,C5203670,0.6
SERPINF2,C5419174,0.5
SERPINH1,C0022116,0.4
SERPINH1,C0023890,0.65
SERPINH1,C0029434,1.0
SERPINH1,C0035222,0.4
SERPINH1,C0268362,0.4
SERPINH1,C0729264,0.7
SERPINH1,C0740392,0.4
SERPINH1,C3151211,0.75
SERPINI1,C0036341,0.6
SERPINI1,C0497552,0.4
SERPINI1,C0751778,0.65
SERPINI1,C1858680,1.0
SERPINI1,C2919945,0.5
SERPINI1,C5680143,0.4
SERTAD1,C0009375,0.4
SERTAD1,C0525045,0.5
SFN,C0007137,0.6
SFN,C0007138,0.5
SFN,C0014859,0.5
SFN,C0022548,0.6
SFN,C0024232,0.4
SFN,C0026640,0.5
SFN,C0152013,0.75
SFN,C0279626,0.6
SFN,C0280856,0.45
SFN,C0334265,0.4
SFN,C0751688,0.4
SFN,C1335060,0.4
SFN,C2239176,0.75
SFRP1,C0005586,0.5
SFRP1,C0009404,0.6
SFRP1,C0011570,0.5
SFRP1,C0011581,0.5
SFRP1,C0016059,0.65
SFRP1,C0018799,0.4
SFRP1,C0021390,0.6
SFRP1,C0023267,0.55
SFRP1,C1135196,0.4
SFRP1,C1458155,0.85
SFRP1,C2239176,0.7
SFRP2,C0007134,0.6
SFRP2,C0009404,0.8
SFRP2,C0021390,0.6
SFRP2,C1458155,0.65
SFTPA1,C0006287,0.7
SFTPA1,C0020192,0.45
SFTPA1,C0024115,0.9
SFTPA1,C0024117,0.65
SFTPA1,C0034063,0.45
SFTPA1,C0034069,0.85
SFTPA1,C0035235,0.65
SFTPA1,C0041327,0.55
SFTPA1,C1800706,0.95
SFTPA1,C3150154,0.4
SFTPA1,C4016689,0.4
SFTPA1,C5561926,0.4
SFTPA1,C5562021,0.7
SFTPB,C0006287,0.9
SFTPB,C0007131,0.65
SFTPB,C0019284,0.55
SFTPB,C0020192,0.45
SFTPB,C0024115,0.9
SFTPB,C0024117,0.8
SFTPB,C0024121,0.4
SFTPB,C0032285,0.85
SFTPB,C0034050,0.7
SFTPB,C0034069,0.45
SFTPB,C0035222,0.8
SFTPB,C0035235,0.65
SFTPB,C0149782,0.65
SFTPB,C0206062,0.75
SFTPB,C0264490,0.65
SFTPB,C0600327,0.45
SFTPB,C1968602,0.6
SFTPB,C3711368,0.65
SGCB,C0007193,0.55
SGCB,C0026850,1.0
SGCB,C0033141,0.4
SGCB,C0036529,0.4
SGCB,C0268226,0.4
SGCB,C0878544,0.7
SGCB,C1858593,1.0
SGCB,C2930900,0.65
SGCB,C2931907,0.55
SGCB,C4021745,0.4
SGK1,C0007097,0.4
SGK1,C0011882,0.4
SGK1,C0020538,0.8
SGK1,C0023467,0.4
SGK1,C0026764,0.6
SGK1,C0041696,0.6
SGK1,C0041948,0.55
SGK1,C0553707,0.4
SGK1,C1269683,0.6
SGK1,C1368683,0.6
SGK2,C0152013,0.5
SGK2,C0346629,0.5
SGMS2,C1852022,0.7
SGMS2,C5193004,0.4
SH2D1A,C0024314,0.6
SH2D1A,C0451697,0.5
SH2D1A,C0549463,1.0
SH2D1A,C3552634,0.4
SH2D1A,C3890737,0.4
SH2D1A,C5399825,1.0
SH3GL1,C0017638,0.55
SH3GL1,C0023467,0.6
SH3GL1,C0555198,0.4
SH3GL1,C2239176,0.5
SHBG,C0001973,0.6
SHBG,C0007103,0.75
SHBG,C0007193,0.5
SHBG,C0011860,1.0
SHBG,C0014170,0.55
SHBG,C0033578,0.6
SHBG,C0085762,0.4
SHBG,C0242350,0.7
SHBG,C0278752,0.4
SHBG,C0345967,0.4
SHBG,C0392400,0.4
SHBG,C0524620,0.9
SHBG,C1332338,0.4
SHBG,C4054031,0.4
SHC1,C0018800,0.4
SHC1,C0023890,0.4
SHC1,C0085084,0.4
SHC1,C1862939,0.4
SHC1,C4277682,0.4
SHH,C0002871,0.4
SHH,C0004352,0.6
SHH,C0011991,0.4
SHH,C0015393,0.4
SHH,C0019569,0.65
SHH,C0026010,0.55
SHH,C0030569,0.4
SHH,C0042963,0.45
SHH,C0079541,1.0
SHH,C0151904,0.4
SHH,C0151905,0.4
SHH,C0152421,0.4
SHH,C0152427,0.8
SHH,C0206710,0.45
SHH,C0220697,0.65
SHH,C0240635,0.45
SHH,C0266484,0.5
SHH,C0338503,0.65
SHH,C0431362,0.4
SHH,C0431363,0.5
SHH,C0431368,0.4
SHH,C0740392,0.4
SHH,C0751617,0.5
SHH,C0796147,0.55
SHH,C1368295,0.45
SHH,C1840235,0.85
SHH,C1840529,0.65
SHH,C1853743,0.45
SHH,C1856892,0.4
SHH,C1861099,0.45
SHH,C1861355,0.7
SHH,C1868114,0.6
SHH,C1968843,0.4
SHH,C2237142,0.4
SHH,C2239176,0.75
SHH,C2315100,0.45
SHH,C4255043,0.4
SHH,C4540327,0.4
SHH,C4707180,0.4
SHH,C5393309,0.5
SHH,C5396362,0.5
SHH,C5568802,0.4
SHH,C5679777,0.4
SHH,C5681246,0.4
SHH,C5925047,0.4
SI,C1283620,0.9
SIAH1,C1535926,0.5
SIAH1,C5543351,0.5
SIAH1,C5568766,0.4
SIAH2,C0023308,0.4
SIGMAR1,C0001973,0.5
SIGMAR1,C0002622,0.65
SIGMAR1,C0002625,0.4
SIGMAR1,C0002736,0.8
SIGMAR1,C0019693,0.5
SIGMAR1,C0023186,0.4
SIGMAR1,C0025261,0.4
SIGMAR1,C0033054,0.4
SIGMAR1,C0036341,0.75
SIGMAR1,C0236736,0.4
SIGMAR1,C0525045,0.65
SIGMAR1,C0751072,0.65
SIGMAR1,C0751265,0.4
SIGMAR1,C1854023,0.8
SIGMAR1,C3280587,0.7
SIGMAR1,C3468114,0.6
SIRT1,C0003089,0.4
SIRT1,C0004153,0.9
SIRT1,C0004238,0.7
SIRT1,C0005586,0.6
SIRT1,C0006118,0.7
SIRT1,C0009319,0.85
SIRT1,C0011303,0.55
SIRT1,C0011849,0.85
SIRT1,C0011860,1.0
SIRT1,C0011884,0.75
SIRT1,C0014130,0.5
SIRT1,C0015695,0.8
SIRT1,C0015696,0.7
SIRT1,C0016059,0.85
SIRT1,C0018799,0.6
SIRT1,C0018801,0.75
SIRT1,C0018802,0.75
SIRT1,C0019693,0.65
SIRT1,C0020179,0.8
SIRT1,C0020564,0.65
SIRT1,C0021655,0.85
SIRT1,C0022340,0.4
SIRT1,C0022660,0.75
SIRT1,C0022797,0.4
SIRT1,C0027055,0.6
SIRT1,C0027746,0.75
SIRT1,C0027877,0.4
SIRT1,C0028754,1.0
SIRT1,C0029463,0.75
SIRT1,C0032285,0.65
SIRT1,C0033578,0.6
SIRT1,C0035309,0.65
SIRT1,C0036341,0.6
SIRT1,C0036421,0.65
SIRT1,C0040053,0.65
SIRT1,C0043020,0.55
SIRT1,C0085762,0.55
SIRT1,C0087086,0.65
SIRT1,C0155862,0.4
SIRT1,C0206639,0.4
SIRT1,C0242698,0.4
SIRT1,C0271650,0.75
SIRT1,C0273115,0.65
SIRT1,C0400966,0.75
SIRT1,C0522224,0.4
SIRT1,C0524620,0.9
SIRT1,C0524851,0.75
SIRT1,C0525045,0.6
SIRT1,C0751383,0.4
SIRT1,C0751955,0.4
SIRT1,C0919532,0.4
SIRT1,C1285162,0.4
SIRT1,C1458155,0.75
SIRT1,C1565662,0.4
SIRT1,C1850451,0.4
SIRT1,C1963943,0.5
SIRT1,C2609414,0.85
SIRT1,C3241937,0.75
SIRT1,C3888631,0.4
SIRT3,C0007137,0.6
SIRT3,C0026640,0.4
SIRT3,C0028754,0.8
SIRT3,C0085207,0.6
SIRT3,C0751688,0.4
SIX6,C0009691,0.6
SIX6,C0027092,0.55
SIX6,C0028738,0.45
SIX6,C0266544,0.5
SIX6,C1853235,0.45
SIX6,C1859773,0.45
SIX6,C4225424,0.6
SIX6,C5680330,0.4
SKI,C0002949,0.4
SKI,C0003486,0.45
SKI,C0151491,0.4
SKI,C0265010,0.4
SKI,C0265012,0.4
SKI,C0376634,0.5
SKI,C0741160,0.4
SKI,C1305122,0.4
SKI,C1321551,0.95
SKI,C1535926,0.6
SKI,C1836996,0.4
SKI,C1842870,0.65
SKI,C1845026,0.4
SKI,C1866558,0.4
SKI,C3714756,0.55
SKI,C4022737,0.4
SKI,C4707243,0.4
SKIL,C0029574,0.4
SKIL,C0034069,0.55
SKIL,C0037274,0.4
SKIL,C0037277,0.4
SKIL,C0311375,0.4
SKIL,C0376358,0.75
SKIL,C2931434,0.4
SKP2,C0025149,0.4
SKP2,C0079744,0.6
SKP2,C0206663,0.4
SKP2,C0600139,0.8
SKP2,C0919267,0.7
SKP2,C1334410,0.4
SKP2,C2239176,0.75
SKP2,C2350242,0.4
SLC10A2,C0021831,0.45
SLC10A2,C0027765,0.4
SLC10A2,C0029227,0.4
SLC10A2,C0236969,0.4
SLC10A2,C0342257,0.4
SLC10A2,C5561934,0.45
SLC11A2,C0002736,0.5
SLC11A2,C0002871,0.95
SLC11A2,C0002884,0.55
SLC11A2,C0009402,0.65
SLC11A2,C0018995,0.75
SLC11A2,C0023903,0.4
SLC11A2,C0029810,0.45
SLC11A2,C0030567,0.8
SLC11A2,C2673913,0.6
SLC11A2,C3806153,0.6
SLC12A2,C0007097,0.4
SLC12A2,C0007222,0.4
SLC12A2,C0014544,0.75
SLC12A2,C0014556,0.65
SLC12A2,C0018784,0.55
SLC12A2,C0020538,0.75
SLC12A2,C0026650,0.4
SLC12A2,C0033578,0.4
SLC12A2,C0033975,0.55
SLC12A2,C0036341,0.8
SLC12A2,C0271650,0.4
SLC12A2,C0553707,0.4
SLC12A2,C1368683,0.4
SLC12A2,C1527349,0.4
SLC12A2,C3553450,0.45
SLC12A2,C3714756,0.55
SLC12A2,C3887873,0.4
SLC12A2,C5436756,0.6
SLC12A2,C5436768,0.6
SLC12A2,C5436771,0.6
SLC12A3,C0002940,0.4
SLC12A3,C0004775,0.75
SLC12A3,C0020538,0.85
SLC12A3,C0020621,0.8
SLC12A3,C0022658,0.75
SLC12A3,C0042373,0.4
SLC12A3,C0085580,0.75
SLC12A3,C0151786,0.45
SLC12A3,C0231528,0.45
SLC12A3,C0268450,1.0
SLC12A3,C0752127,0.4
SLC12A3,C0752130,0.4
SLC12A3,C1522135,0.45
SLC12A3,C5680544,0.4
SLC12A5,C0009402,0.6
SLC12A5,C0014544,0.85
SLC12A5,C0014556,0.6
SLC12A5,C0020429,0.65
SLC12A5,C0026650,0.4
SLC12A5,C0036341,0.8
SLC12A5,C0038220,0.7
SLC12A5,C0270850,0.6
SLC12A5,C0393706,0.45
SLC12A5,C0525045,0.55
SLC12A5,C3494976,0.65
SLC12A5,C4225245,0.45
SLC12A5,C4225257,0.6
SLC12A5,C4551563,0.45
SLC16A1,C0009375,0.4
SLC16A1,C0020459,0.7
SLC16A1,C1510586,0.4
SLC16A1,C1855577,0.6
SLC16A1,C1864902,0.85
SLC16A1,C4015186,0.7
SLC16A1,C4016683,0.4
SLC16A1,C4016684,0.4
SLC16A2,C0008370,0.4
SLC16A2,C0020676,0.9
SLC16A2,C0025362,0.75
SLC16A2,C0026827,0.7
SLC16A2,C0037772,0.7
SLC16A2,C0037773,0.5
SLC16A2,C0376358,0.4
SLC16A2,C0795889,1.0
SLC16A2,C1510586,0.4
SLC16A2,C1839888,0.4
SLC16A2,C3714756,0.9
SLC16A7,C0028754,0.55
SLC17A5,C0001973,0.5
SLC17A5,C0017668,0.4
SLC17A5,C0025202,0.4
SLC17A5,C0268450,0.4
SLC17A5,C0342853,0.85
SLC17A5,C1096902,0.85
SLC17A5,C1096903,0.85
SLC17A5,C1849394,0.4
SLC17A5,C2931872,0.8
SLC17A5,C5681076,0.45
SLC17A7,C0005586,0.6
SLC17A7,C0023186,0.4
SLC17A7,C0025261,0.4
SLC17A7,C0036341,0.75
SLC17A7,C0178417,0.65
SLC17A7,C0751265,0.4
SLC18A2,C0001973,0.65
SLC18A2,C0005586,0.6
SLC18A2,C0011570,0.8
SLC18A2,C0011581,0.85
SLC18A2,C0027746,0.65
SLC18A2,C0027765,0.4
SLC18A2,C0030567,0.95
SLC18A2,C0030569,0.4
SLC18A2,C0036341,0.85
SLC18A2,C0236701,0.5
SLC18A2,C0242422,0.8
SLC18A2,C0270458,0.5
SLC18A2,C0600427,0.55
SLC18A2,C4021085,0.4
SLC18A2,C4021839,0.4
SLC18A2,C4022885,0.4
SLC18A2,C4303546,0.95
SLC19A2,C0002888,0.85
SLC19A2,C0011849,0.85
SLC19A2,C0266589,0.4
SLC19A2,C0271972,0.8
SLC19A2,C0342287,1.0
SLC19A2,C3888631,0.4
SLC19A3,C0004782,0.6
SLC19A3,C0037772,0.4
SLC19A3,C1843807,1.0
SLC19A3,C2931891,0.55
SLC19A3,C5190692,0.4
SLC19A3,C5848322,0.4
SLC1A1,C0005586,0.5
SLC1A1,C0006111,0.4
SLC1A1,C0011570,0.55
SLC1A1,C0011581,0.65
SLC1A1,C0014175,0.4
SLC1A1,C0014544,0.65
SLC1A1,C0014556,0.6
SLC1A1,C0027746,0.65
SLC1A1,C0029227,0.4
SLC1A1,C0035304,0.55
SLC1A1,C0036341,0.75
SLC1A1,C0085584,0.4
SLC1A1,C0152136,0.55
SLC1A1,C0333641,0.4
SLC1A1,C1510586,0.6
SLC1A1,C1857253,1.0
SLC1A1,C3808913,0.5
SLC1A1,C4706506,0.4
SLC1A2,C0001973,0.65
SLC1A2,C0002736,0.8
SLC1A2,C0005586,0.7
SLC1A2,C0011570,0.75
SLC1A2,C0011581,0.75
SLC1A2,C0011860,0.7
SLC1A2,C0014544,0.8
SLC1A2,C0027746,0.75
SLC1A2,C0036341,0.75
SLC1A2,C0038356,0.4
SLC1A2,C0236736,0.4
SLC1A2,C0525045,0.65
SLC1A2,C4310717,0.7
SLC1A2,C5680057,0.4
SLC1A3,C0004352,0.6
SLC1A3,C0005586,0.6
SLC1A3,C0014544,0.7
SLC1A3,C0036341,0.75
SLC1A3,C0178417,0.55
SLC1A3,C1720189,0.8
SLC1A3,C2675211,1.0
SLC1A5,C0030297,0.4
SLC1A5,C0037773,0.4
SLC1A5,C0153458,0.4
SLC1A5,C0153459,0.4
SLC1A5,C0153460,0.4
SLC1A5,C0153463,0.4
SLC1A6,C0005586,0.5
SLC1A6,C0036341,0.65
SLC1A6,C0041696,0.5
SLC1A6,C1269683,0.5
SLC20A2,C0004782,0.4
SLC20A2,C0006663,0.65
SLC20A2,C0011269,0.4
SLC20A2,C0393590,0.8
SLC20A2,C4551624,0.95
SLC22A1,C0009375,0.4
SLC22A1,C0019569,0.4
SLC22A1,C0028754,0.65
SLC22A1,C2239176,0.7
SLC22A2,C0022658,0.65
SLC22A2,C0022660,0.7
SLC22A2,C0028754,0.65
SLC22A2,C1565662,0.45
SLC22A2,C2609414,0.7
SLC22A3,C0010246,0.4
SLC22A3,C0011860,0.85
SLC22A3,C0027059,0.4
SLC22A3,C0028754,0.6
SLC22A3,C0033578,0.5
SLC22A3,C0236969,0.4
SLC22A4,C0003873,0.9
SLC22A4,C0010246,0.4
SLC22A4,C0014378,0.4
SLC22A4,C0027059,0.4
SLC22A4,C0236038,0.4
SLC22A6,C0006663,0.4
SLC22A8,C0015695,0.4
SLC22A8,C0015696,0.4
SLC22A8,C0021400,0.5
SLC22A8,C0023890,0.4
SLC22A8,C4277682,0.4
SLC23A1,C0008370,0.4
SLC23A1,C0151699,0.4
SLC23A1,C0264490,0.4
SLC23A2,C0008370,0.4
SLC25A21,C5394140,0.6
SLC26A3,C0009324,0.8
SLC26A3,C0013369,0.7
SLC26A3,C0020224,0.45
SLC26A3,C0020305,0.4
SLC26A3,C0021843,0.4
SLC26A3,C0236124,0.4
SLC26A3,C0267662,1.0
SLC26A3,C0375359,0.4
SLC26A4,C0011053,0.9
SLC26A4,C0018021,0.9
SLC26A4,C0018784,0.9
SLC26A4,C0033578,0.4
SLC26A4,C0043202,0.4
SLC26A4,C0151516,0.45
SLC26A4,C0266589,0.5
SLC26A4,C0271829,1.0
SLC26A4,C0452138,0.7
SLC26A4,C1384666,1.0
SLC26A4,C1846647,0.6
SLC26A4,C3538946,1.0
SLC26A4,C4305275,0.4
SLC26A4,C5555857,0.4
SLC26A4,C5680250,0.4
SLC26A4,C5779549,0.4
SLC26A6,C0020500,0.5
SLC26A6,C2239176,0.6
SLC2A1,C0004134,0.4
SLC2A1,C0007124,0.6
SLC2A1,C0007134,0.75
SLC2A1,C0007758,0.75
SLC2A1,C0008073,0.45
SLC2A1,C0009375,0.4
SLC2A1,C0011860,0.85
SLC2A1,C0013421,0.9
SLC2A1,C0014544,0.9
SLC2A1,C0014553,0.7
SLC2A1,C0023903,0.5
SLC2A1,C0025312,0.65
SLC2A1,C0025362,0.55
SLC2A1,C0025521,0.4
SLC2A1,C0025958,0.7
SLC2A1,C0026848,0.4
SLC2A1,C0027066,0.65
SLC2A1,C0027765,0.6
SLC2A1,C0028754,0.85
SLC2A1,C0031149,0.4
SLC2A1,C0036572,0.9
SLC2A1,C0038379,0.45
SLC2A1,C0086664,0.45
SLC2A1,C0149931,0.55
SLC2A1,C0151786,0.4
SLC2A1,C0157946,0.4
SLC2A1,C0231528,0.4
SLC2A1,C0278752,0.4
SLC2A1,C0345967,0.6
SLC2A1,C0376532,0.4
SLC2A1,C0392400,0.4
SLC2A1,C0393588,0.55
SLC2A1,C0393702,0.7
SLC2A1,C0393703,0.5
SLC2A1,C0557874,0.75
SLC2A1,C0683322,0.45
SLC2A1,C0751316,0.45
SLC2A1,C0919267,0.7
SLC2A1,C1176475,0.55
SLC2A1,C1332338,0.4
SLC2A1,C1458155,0.65
SLC2A1,C1832855,0.75
SLC2A1,C1837206,0.45
SLC2A1,C1842534,0.9
SLC2A1,C1847501,1.0
SLC2A1,C1850830,0.4
SLC2A1,C1968729,0.4
SLC2A1,C2239176,0.85
SLC2A1,C3149117,0.4
SLC2A1,C3150607,0.4
SLC2A1,C3463992,0.4
SLC2A1,C3553859,0.45
SLC2A1,C3714756,0.75
SLC2A1,C4021745,0.4
SLC2A1,C4021768,0.45
SLC2A1,C4281785,0.5
SLC2A1,C4551563,0.75
SLC2A1,C4551966,1.0
SLC2A1,C5190707,0.6
SLC2A2,C0011860,1.0
SLC2A2,C0015624,0.4
SLC2A2,C0015695,0.5
SLC2A2,C0015696,0.4
SLC2A2,C0017919,0.7
SLC2A2,C0341703,0.6
SLC2A2,C1141890,0.4
SLC2A2,C1458155,0.4
SLC2A2,C2239176,0.7
SLC2A2,C3495427,1.0
SLC2A2,C3837967,0.4
SLC2A2,C3888631,0.5
SLC2A3,C0020179,0.65
SLC2A3,C0023794,0.4
SLC2A3,C0027658,0.4
SLC2A3,C0029591,0.4
SLC2A3,C0157916,0.4
SLC2A3,C0157917,0.4
SLC2A3,C0157918,0.4
SLC2A3,C0162820,0.4
SLC2A3,C0409667,0.4
SLC2A3,C1510586,0.55
SLC2A4,C0002395,0.6
SLC2A4,C0011860,1.0
SLC2A4,C0018800,0.4
SLC2A4,C0021655,1.0
SLC2A5,C0023976,0.4
SLC2A5,C1458155,0.55
SLC2A9,C0003868,0.7
SLC2A9,C0018099,1.0
SLC2A9,C0036341,0.4
SLC2A9,C0473219,0.75
SLC2A9,C0740394,0.95
SLC2A9,C1263846,0.4
SLC2A9,C2677549,0.65
SLC2A9,C2677550,0.4
SLC2A9,C4551590,0.4
SLC32A1,C0028754,0.55
SLC32A1,C0036572,0.45
SLC32A1,C0234533,0.45
SLC32A1,C0393706,0.45
SLC32A1,C3502809,0.7
SLC32A1,C3714756,0.45
SLC32A1,C4012968,0.4
SLC32A1,C5779964,0.55
SLC32A1,C5935592,0.5
SLC32A1,C5935598,0.5
SLC34A1,C0015624,0.6
SLC34A1,C0020437,0.85
SLC34A1,C0020438,0.85
SLC34A1,C0022661,0.6
SLC34A1,C0027709,0.85
SLC34A1,C0085682,0.85
SLC34A1,C0156257,0.5
SLC34A1,C0268362,0.4
SLC34A1,C0341703,0.7
SLC34A1,C0376358,0.4
SLC34A1,C0392525,0.8
SLC34A1,C0475732,0.75
SLC34A1,C1853271,0.75
SLC34A1,C1857395,0.6
SLC34A1,C2676786,0.7
SLC34A1,C3150652,0.6
SLC34A1,C4310473,0.6
SLC34A1,C4329374,0.55
SLC34A1,C5191009,0.4
SLC36A1,C0004352,0.4
SLC36A1,C0268654,0.4
SLC36A1,C0543541,0.4
SLC36A1,C4540400,0.4
SLC3A2,C0007131,0.6
SLC3A2,C0024121,0.5
SLC3A2,C1510586,0.5
SLC47A1,C0022658,0.65
SLC4A4,C0001126,0.75
SLC4A4,C0008073,0.4
SLC4A4,C0010038,0.4
SLC4A4,C0017601,0.8
SLC4A4,C0029531,0.4
SLC4A4,C0152013,0.5
SLC4A4,C1335060,0.4
SLC4A4,C1970309,0.7
SLC52A1,C0035528,0.5
SLC52A1,C4750953,0.5
SLC52A1,C5779638,0.6
SLC5A1,C0017980,0.4
SLC5A1,C0268186,1.0
SLC5A2,C0017980,0.75
SLC5A2,C0376358,0.6
SLC5A2,C3245525,1.0
SLC5A5,C0010308,1.0
SLC5A5,C0017638,0.65
SLC5A5,C0022665,0.4
SLC5A5,C0025202,0.65
SLC5A5,C0033578,0.4
SLC5A5,C0040136,0.85
SLC5A5,C0206698,0.65
SLC5A5,C0280725,0.4
SLC5A5,C0342200,0.55
SLC5A5,C0555198,0.65
SLC5A5,C0919267,0.75
SLC5A5,C1458155,0.7
SLC5A5,C1848805,0.85
SLC5A5,C2239176,0.75
SLC5A5,C4273748,0.65
SLC5A6,C5436520,0.7
SLC5A6,C5676997,0.7
SLC6A11,C0025202,0.4
SLC6A11,C0036341,0.5
SLC6A3,C0001957,0.6
SLC6A3,C0001973,0.85
SLC6A3,C0003469,0.75
SLC6A3,C0005586,0.75
SLC6A3,C0006142,0.65
SLC6A3,C0009171,0.65
SLC6A3,C0011168,0.4
SLC6A3,C0011206,0.6
SLC6A3,C0011570,0.85
SLC6A3,C0011581,0.85
SLC6A3,C0025261,0.5
SLC6A3,C0027746,0.75
SLC6A3,C0027765,0.75
SLC6A3,C0028043,0.7
SLC6A3,C0028754,0.8
SLC6A3,C0030567,0.95
SLC6A3,C0036341,0.9
SLC6A3,C0040188,0.65
SLC6A3,C0041671,0.75
SLC6A3,C0085762,0.7
SLC6A3,C0154319,0.4
SLC6A3,C0154334,0.4
SLC6A3,C0154536,0.4
SLC6A3,C0154564,0.4
SLC6A3,C0178417,0.55
SLC6A3,C0236736,0.4
SLC6A3,C0270458,0.5
SLC6A3,C0311394,0.4
SLC6A3,C0454644,0.4
SLC6A3,C0476254,0.6
SLC6A3,C0525045,0.65
SLC6A3,C0586323,0.6
SLC6A3,C0600427,0.75
SLC6A3,C0751093,0.45
SLC6A3,C1270972,0.65
SLC6A3,C1456784,0.5
SLC6A3,C1836150,0.4
SLC6A3,C1861063,0.4
SLC6A3,C2700617,0.65
SLC6A3,C2751067,0.95
SLC6A3,C3887506,0.8
SLC6A3,C4016025,0.4
SLC6A3,C5700336,0.45
SLC6A4,C0001723,0.6
SLC6A4,C0001969,0.5
SLC6A4,C0001973,1.0
SLC6A4,C0002020,0.65
SLC6A4,C0003469,1.0
SLC6A4,C0004096,0.65
SLC6A4,C0004352,0.85
SLC6A4,C0004930,0.65
SLC6A4,C0005586,1.0
SLC6A4,C0005587,0.75
SLC6A4,C0011570,1.0
SLC6A4,C0011581,1.0
SLC6A4,C0013146,0.7
SLC6A4,C0013415,0.5
SLC6A4,C0015674,0.65
SLC6A4,C0018799,0.55
SLC6A4,C0018801,0.55
SLC6A4,C0018802,0.55
SLC6A4,C0019100,0.4
SLC6A4,C0020542,0.85
SLC6A4,C0023890,0.45
SLC6A4,C0024117,0.75
SLC6A4,C0024517,0.7
SLC6A4,C0024713,0.5
SLC6A4,C0024809,0.5
SLC6A4,C0025193,0.6
SLC6A4,C0025261,0.4
SLC6A4,C0028768,1.0
SLC6A4,C0029227,0.4
SLC6A4,C0029707,0.4
SLC6A4,C0036341,0.95
SLC6A4,C0038644,0.8
SLC6A4,C0041671,0.6
SLC6A4,C0041696,0.85
SLC6A4,C0085159,0.7
SLC6A4,C0085762,0.8
SLC6A4,C0154409,0.7
SLC6A4,C0154536,0.4
SLC6A4,C0178417,0.75
SLC6A4,C0221074,0.8
SLC6A4,C0221480,0.6
SLC6A4,C0233477,0.6
SLC6A4,C0236736,0.45
SLC6A4,C0236780,0.5
SLC6A4,C0236792,0.5
SLC6A4,C0236969,0.4
SLC6A4,C0270549,0.6
SLC6A4,C0338715,0.5
SLC6A4,C0344315,0.75
SLC6A4,C0520679,0.75
SLC6A4,C0525045,0.9
SLC6A4,C0581391,0.6
SLC6A4,C0588008,0.5
SLC6A4,C0600427,0.6
SLC6A4,C1269683,0.95
SLC6A4,C1510586,0.85
SLC6A4,C2063866,0.7
SLC6A4,C3160814,0.5
SLC6A4,C4016375,0.4
SLC7A11,C0011616,0.4
SLC7A5,C0007102,0.5
SLC7A5,C0024121,0.4
SLC7A5,C0149782,0.55
SLC7A5,C0162820,0.4
SLC7A5,C0206698,0.6
SLC7A5,C0280725,0.4
SLC7A5,C1510586,0.55
SLC7A5,C2239176,0.65
SLC7A5,C5568766,0.4
SLC7A8,C0014175,0.4
SLC7A8,C0086543,0.5
SLC7A8,C0349588,0.4
SLC9A1,C0004763,0.5
SLC9A1,C0007194,0.4
SLC9A1,C0013604,0.4
SLC9A1,C0018801,0.75
SLC9A1,C0018802,0.75
SLC9A1,C0030193,0.55
SLC9A1,C0035126,0.45
SLC9A1,C0036982,0.6
SLC9A1,C0600519,0.4
SLC9A1,C3553661,0.4
SLC9A1,C4225383,0.9
SLC9A2,C0006142,0.4
SLC9A2,C0013604,0.4
SLC9A2,C0023462,0.4
SLC9A2,C1334655,0.4
SLC9A2,C1836653,0.4
SLC9A3,C0010674,0.8
SLC9A3,C0013369,0.4
SLC9A3,C0013604,0.4
SLC9A3,C0020649,0.5
SLC9A3,C0021843,0.4
SLC9A3,C0036341,0.4
SLC9A3,C0235840,0.45
SLC9A3,C0267663,0.75
SLC9A3,C0495452,0.45
SLC9A3,C1510586,0.4
SLC9A3,C5441928,0.6
SLC9A8,C0154319,0.4
SLCO1A2,C0008370,0.65
SLCO1A2,C0009402,0.5
SLCO1B1,C0017551,0.5
SLCO1B1,C0020433,0.75
SLCO1B1,C0020435,0.4
SLCO1B1,C0220991,0.8
SLCO1B3,C0009375,0.5
SLCO1B3,C0009402,0.65
SLCO1B3,C0009404,0.5
SLCO1B3,C0020433,0.7
SLCO1B3,C0020435,0.5
SLCO1B3,C0024121,0.4
SLCO1B3,C0220991,0.8
SLCO1B3,C0238198,0.6
SLCO2B1,C0006142,0.6
SLPI,C0035126,0.5
SLPI,C1833692,0.4
SLPI,C4277682,0.5
SMAD1,C0152021,0.6
SMAD1,C0236736,0.4
SMAD1,C2973725,0.75
SMAD1,C4552070,0.4
SMAD2,C0007847,0.65
SMAD2,C0007873,0.45
SMAD2,C0009402,0.75
SMAD2,C0009405,0.45
SMAD2,C0019189,0.4
SMAD2,C0152021,0.65
SMAD2,C0265287,0.4
SMAD2,C0376634,0.55
SMAD2,C0600519,0.4
SMAD2,C0919267,0.7
SMAD2,C1140680,0.65
SMAD2,C1299247,0.45
SMAD2,C1876165,0.4
SMAD2,C2697932,0.8
SMAD2,C4551905,0.45
SMAD2,C4551955,0.4
SMAD2,C4552100,0.45
SMAD2,C4707243,0.4
SMAD2,C5562041,0.6
SMAD2,C5562042,0.5
SMAD3,C0002940,0.8
SMAD3,C0002949,0.45
SMAD3,C0003486,0.75
SMAD3,C0009402,0.75
SMAD3,C0009404,0.55
SMAD3,C0009405,0.45
SMAD3,C0009782,0.6
SMAD3,C0013720,0.6
SMAD3,C0023267,0.5
SMAD3,C0023890,0.5
SMAD3,C0023891,0.4
SMAD3,C0029410,0.85
SMAD3,C0029866,0.4
SMAD3,C0030297,0.45
SMAD3,C0042138,0.4
SMAD3,C0153458,0.45
SMAD3,C0153459,0.45
SMAD3,C0153460,0.45
SMAD3,C0153463,0.45
SMAD3,C0156147,0.4
SMAD3,C0157916,0.4
SMAD3,C0157917,0.4
SMAD3,C0157918,0.4
SMAD3,C0157946,0.45
SMAD3,C0236736,0.4
SMAD3,C0242379,0.7
SMAD3,C0265010,0.4
SMAD3,C0265012,0.4
SMAD3,C0340643,0.65
SMAD3,C0343190,0.4
SMAD3,C0345050,0.6
SMAD3,C0376634,0.4
SMAD3,C0409667,0.4
SMAD3,C0600519,0.65
SMAD3,C0741160,0.4
SMAD3,C1305122,0.4
SMAD3,C1836635,0.4
SMAD3,C1836653,0.45
SMAD3,C2673186,0.4
SMAD3,C2697932,0.85
SMAD3,C3151087,0.9
SMAD3,C4552100,0.45
SMAD3,C4707243,0.5
SMAD3,C4760764,0.75
SMAD4,C0003493,0.45
SMAD4,C0009402,0.85
SMAD4,C0009404,0.85
SMAD4,C0009405,0.55
SMAD4,C0011053,0.65
SMAD4,C0011269,0.4
SMAD4,C0012243,0.45
SMAD4,C0017185,0.7
SMAD4,C0023897,0.4
SMAD4,C0024623,0.75
SMAD4,C0026848,0.4
SMAD4,C0027672,0.4
SMAD4,C0027708,0.4
SMAD4,C0029227,0.4
SMAD4,C0030297,1.0
SMAD4,C0036631,0.55
SMAD4,C0038356,0.45
SMAD4,C0039445,1.0
SMAD4,C0040034,0.55
SMAD4,C0153452,0.6
SMAD4,C0153458,0.6
SMAD4,C0153459,0.5
SMAD4,C0153460,0.5
SMAD4,C0153463,0.5
SMAD4,C0206687,0.45
SMAD4,C0206698,0.75
SMAD4,C0221357,0.55
SMAD4,C0235974,0.9
SMAD4,C0242379,0.75
SMAD4,C0279628,0.75
SMAD4,C0280725,0.4
SMAD4,C0345893,1.0
SMAD4,C0346629,0.85
SMAD4,C0346647,0.9
SMAD4,C0376634,0.4
SMAD4,C0476089,0.65
SMAD4,C0685938,0.8
SMAD4,C0699790,0.75
SMAD4,C0796081,1.0
SMAD4,C0919267,0.75
SMAD4,C1140680,0.8
SMAD4,C1299247,0.45
SMAD4,C1458140,0.45
SMAD4,C1527349,0.75
SMAD4,C1832940,0.8
SMAD4,C1832942,1.0
SMAD4,C1868081,0.7
SMAD4,C2931038,0.65
SMAD4,C2973725,0.75
SMAD4,C3714239,0.55
SMAD4,C3714240,0.55
SMAD4,C3714756,0.55
SMAD4,C4022738,0.4
SMAD4,C4551861,0.4
SMAD4,C4552070,0.4
SMAD4,C4552100,0.45
SMAD4,C4707243,0.45
SMAD4,C5680947,0.4
SMAD4,C5681261,0.4
SMAD5,C0011860,0.65
SMAD5,C0036341,0.6
SMAD5,C0236736,0.4
SMAD6,C0010278,0.8
SMAD6,C0018798,0.65
SMAD6,C0040588,0.4
SMAD6,C0149630,0.75
SMAD6,C0152427,0.5
SMAD6,C0158761,0.75
SMAD6,C0162872,0.6
SMAD6,C0221354,0.4
SMAD6,C0265529,0.4
SMAD6,C0277827,0.4
SMAD6,C2676788,0.4
SMAD6,C3151087,0.4
SMAD6,C3542024,0.6
SMAD6,C3887892,0.45
SMAD6,C4024586,0.4
SMAD6,C4476977,0.4
SMAD6,C4476978,0.4
SMAD6,C4476982,0.4
SMAD6,C4479496,0.6
SMAD6,C4479677,0.4
SMAD6,C4749284,0.4
SMAD6,C5241445,0.55
SMAD7,C0004238,0.55
SMAD7,C0009404,0.45
SMAD7,C0034069,0.65
SMAD7,C0152021,0.5
SMAD7,C0281361,0.5
SMAD7,C0346629,0.85
SMAD7,C0677776,0.4
SMAD7,C2677123,0.4
SMAD7,C2931434,0.4
SMO,C0002448,0.75
SMO,C0006118,0.5
SMO,C0019569,0.45
SMO,C0021361,0.4
SMO,C0022360,0.4
SMO,C0023487,0.5
SMO,C0024954,0.5
SMO,C0025286,0.8
SMO,C0029410,0.55
SMO,C0030297,0.55
SMO,C0037286,0.45
SMO,C0153458,0.45
SMO,C0153459,0.45
SMO,C0153460,0.45
SMO,C0153461,0.45
SMO,C0153463,0.45
SMO,C0206663,0.45
SMO,C0206710,0.5
SMO,C0238198,0.4
SMO,C0342418,0.6
SMO,C0795915,0.8
SMO,C0812413,0.6
SMO,C0887833,0.45
SMO,C1334698,0.4
SMO,C1368295,0.5
SMO,C2239176,0.6
SMO,C2751544,0.4
SMO,C3838465,0.4
SMO,C4551563,0.45
SMO,C4721806,0.9
SMO,C5435677,0.4
SMOX,C0006142,0.6
SMOX,C0038454,0.6
SMOX,C0525045,0.5
SMOX,C0740392,0.4
SMPD1,C0017205,0.6
SMPD1,C0022658,0.4
SMPD1,C0027626,0.4
SMPD1,C0028064,1.0
SMPD1,C0268242,1.0
SMPD1,C0268243,1.0
SMPD1,C0348489,0.45
SMPD1,C2675646,0.4
SMPD1,C3179455,0.4
SMPD1,C3714756,0.45
SMPD1,C4021768,0.4
SMPD1,C5243927,0.8
SMPD1,C5551375,0.4
SMYD2,C0014859,0.4
SNAI1,C0008370,0.4
SNAI1,C0027626,0.4
SNAI1,C0029866,0.4
SNAI1,C0038356,0.65
SNAI1,C0085084,0.4
SNAI1,C0152021,0.4
SNAI1,C0238463,0.6
SNAI1,C1458155,0.85
SNAI1,C1862939,0.4
SNAI1,C2239176,0.75
SNAI2,C0006663,0.55
SNAI2,C0014859,0.6
SNAI2,C0027626,0.4
SNAI2,C0080024,0.8
SNAI2,C0238463,0.6
SNAI2,C1458155,0.75
SNAI2,C1837203,0.4
SNAI2,C2700265,0.65
SNAI2,C3266898,0.8
SNCA,C0001973,0.75
SNCA,C0002395,1.0
SNCA,C0004134,0.5
SNCA,C0011269,0.65
SNCA,C0017205,0.85
SNCA,C0018801,0.4
SNCA,C0018802,0.4
SNCA,C0019202,0.4
SNCA,C0027746,0.95
SNCA,C0030567,1.0
SNCA,C0030569,0.6
SNCA,C0085762,0.65
SNCA,C0154334,0.4
SNCA,C0154536,0.4
SNCA,C0236736,0.45
SNCA,C0242422,1.0
SNCA,C0524851,0.95
SNCA,C0525041,0.4
SNCA,C0677050,0.6
SNCA,C0752347,1.0
SNCA,C0865475,0.5
SNCA,C0865476,0.5
SNCA,C1262477,0.7
SNCA,C1285162,0.75
SNCA,C1399358,0.5
SNCA,C1850100,0.5
SNCA,C1854182,0.55
SNCA,C1868595,0.65
SNCA,C4274355,0.6
SNCA,C4275179,0.75
SNCA,C5191670,0.95
SNCAIP,C0030567,0.75
SNCAIP,C3160718,0.65
SNX8,C0009402,0.4
SOAT1,C0041234,0.5
SOAT2,C0007570,0.4
SOAT2,C0010054,0.65
SOAT2,C0010068,0.55
SOAT2,C0151744,0.45
SOAT2,C0264694,0.45
SOAT2,C2239176,0.65
SOCS1,C0002880,0.4
SOCS1,C0003873,0.65
SOCS1,C0005684,0.65
SOCS1,C0005695,0.45
SOCS1,C0009404,0.5
SOCS1,C0023467,0.75
SOCS1,C0023895,0.4
SOCS1,C0024141,0.85
SOCS1,C0033578,0.45
SOCS1,C0035126,0.4
SOCS1,C0079744,0.7
SOCS1,C0162820,0.4
SOCS1,C0242584,0.55
SOCS1,C0346629,0.75
SOCS1,C0376358,0.7
SOCS1,C0398650,0.55
SOCS1,C0677886,0.45
SOCS1,C2239176,0.8
SOCS1,C5543547,0.5
SOCS1,C5680416,0.4
SOCS3,C0004153,0.65
SOCS3,C0014170,0.4
SOCS3,C0023895,0.65
SOCS3,C0028754,0.8
SOCS3,C0151744,0.65
SOCS3,C2239176,0.75
SOD1,C0002736,1.0
SOD1,C0003493,0.4
SOD1,C0004045,0.5
SOD1,C0004096,0.75
SOD1,C0004153,0.85
SOD1,C0005684,0.6
SOD1,C0005695,0.5
SOD1,C0007786,0.65
SOD1,C0007787,0.7
SOD1,C0011156,0.45
SOD1,C0011570,0.9
SOD1,C0011581,0.9
SOD1,C0011616,0.55
SOD1,C0011757,0.4
SOD1,C0011849,0.85
SOD1,C0011854,0.9
SOD1,C0011860,1.0
SOD1,C0011884,0.95
SOD1,C0013080,0.85
SOD1,C0015672,0.7
SOD1,C0015695,0.75
SOD1,C0015696,0.4
SOD1,C0015934,0.5
SOD1,C0017638,0.75
SOD1,C0017639,0.4
SOD1,C0018801,0.75
SOD1,C0018802,0.75
SOD1,C0019054,0.7
SOD1,C0019189,0.4
SOD1,C0020192,0.45
SOD1,C0020456,0.85
SOD1,C0020538,0.95
SOD1,C0020550,0.65
SOD1,C0020649,0.65
SOD1,C0020672,0.65
SOD1,C0021368,0.85
SOD1,C0022116,0.85
SOD1,C0022660,0.75
SOD1,C0023895,0.75
SOD1,C0024796,0.55
SOD1,C0025312,0.6
SOD1,C0026846,0.75
SOD1,C0027051,0.95
SOD1,C0027540,0.65
SOD1,C0027720,0.55
SOD1,C0027746,0.9
SOD1,C0027765,0.75
SOD1,C0028754,0.85
SOD1,C0029531,0.45
SOD1,C0029810,0.4
SOD1,C0030567,0.9
SOD1,C0033687,0.5
SOD1,C0034069,0.65
SOD1,C0034531,0.4
SOD1,C0035126,0.7
SOD1,C0035304,0.55
SOD1,C0035334,0.65
SOD1,C0035344,0.65
SOD1,C0036330,0.4
SOD1,C0036457,0.4
SOD1,C0037929,0.65
SOD1,C0038454,0.75
SOD1,C0041408,0.4
SOD1,C0085084,1.0
SOD1,C0086664,0.4
SOD1,C0149940,0.4
SOD1,C0151786,0.7
SOD1,C0162534,0.65
SOD1,C0162671,0.5
SOD1,C0162674,0.5
SOD1,C0220701,0.4
SOD1,C0522224,0.8
SOD1,C0555198,0.4
SOD1,C0751316,0.4
SOD1,C0751830,0.4
SOD1,C0919267,0.65
SOD1,C1262477,0.8
SOD1,C1384666,0.7
SOD1,C1456865,0.4
SOD1,C1527168,0.4
SOD1,C1565662,0.4
SOD1,C1862939,1.0
SOD1,C2239176,0.85
SOD1,C2609414,0.75
SOD1,C2677565,0.4
SOD1,C3714618,0.4
SOD1,C4023354,0.4
SOD1,C4277682,0.4
SOD1,C5231422,0.65
SOD1,C5686324,0.4
SOD2,C0001418,0.85
SOD2,C0001925,0.6
SOD2,C0001969,0.65
SOD2,C0002395,0.85
SOD2,C0002736,0.75
SOD2,C0002871,0.7
SOD2,C0002896,0.55
SOD2,C0003873,0.7
SOD2,C0004096,0.8
SOD2,C0004153,0.6
SOD2,C0005586,0.6
SOD2,C0005684,0.75
SOD2,C0005695,0.55
SOD2,C0006118,0.65
SOD2,C0006142,0.9
SOD2,C0007097,0.6
SOD2,C0007131,0.7
SOD2,C0007134,0.6
SOD2,C0007137,0.75
SOD2,C0007193,0.85
SOD2,C0007786,0.6
SOD2,C0011570,0.75
SOD2,C0011581,0.75
SOD2,C0011854,0.8
SOD2,C0011860,0.85
SOD2,C0011881,0.8
SOD2,C0014859,0.65
SOD2,C0014868,0.65
SOD2,C0015695,0.75
SOD2,C0016059,0.75
SOD2,C0018801,0.7
SOD2,C0018802,0.7
SOD2,C0020538,0.95
SOD2,C0020542,0.65
SOD2,C0020550,0.65
SOD2,C0020615,0.65
SOD2,C0021364,0.75
SOD2,C0021655,0.75
SOD2,C0022116,0.85
SOD2,C0022658,0.75
SOD2,C0023467,0.75
SOD2,C0023890,0.65
SOD2,C0023891,0.7
SOD2,C0024115,0.65
SOD2,C0024141,0.65
SOD2,C0024623,0.8
SOD2,C0024796,0.55
SOD2,C0025500,0.65
SOD2,C0026640,0.7
SOD2,C0026764,0.7
SOD2,C0027051,0.7
SOD2,C0027540,0.65
SOD2,C0027726,0.55
SOD2,C0027746,0.65
SOD2,C0028754,0.85
SOD2,C0029134,0.55
SOD2,C0029456,0.75
SOD2,C0030297,0.5
SOD2,C0030354,0.55
SOD2,C0030567,0.8
SOD2,C0032580,0.55
SOD2,C0033141,0.6
SOD2,C0033578,0.65
SOD2,C0033860,0.65
SOD2,C0035126,0.8
SOD2,C0035222,0.7
SOD2,C0036341,0.7
SOD2,C0038356,0.6
SOD2,C0042373,0.6
SOD2,C0079744,0.65
SOD2,C0085207,0.75
SOD2,C0151526,0.6
SOD2,C0151744,0.8
SOD2,C0152013,0.75
SOD2,C0153459,0.5
SOD2,C0162671,0.6
SOD2,C0162674,0.6
SOD2,C0162871,0.7
SOD2,C0206062,0.6
SOD2,C0238190,0.55
SOD2,C0242184,0.85
SOD2,C0242992,0.6
SOD2,C0270611,0.7
SOD2,C0279626,0.7
SOD2,C0339573,0.65
SOD2,C0345967,0.75
SOD2,C0400966,0.9
SOD2,C0524851,0.65
SOD2,C0751651,0.75
SOD2,C0752130,0.55
SOD2,C0752347,0.6
SOD2,C0878544,0.75
SOD2,C0917796,0.65
SOD2,C0919267,0.75
SOD2,C1140680,0.8
SOD2,C1168401,0.6
SOD2,C1285162,0.55
SOD2,C1458155,0.8
SOD2,C2239176,0.8
SOD2,C3241937,0.8
SOD3,C0010054,0.7
SOD3,C0010068,0.55
SOD3,C0011616,0.4
SOD3,C0011849,0.65
SOD3,C0011860,0.9
SOD3,C0011884,0.7
SOD3,C0018799,0.65
SOD3,C0018801,0.65
SOD3,C0018802,0.65
SOD3,C0020538,0.8
SOD3,C0024117,0.85
SOD3,C0027051,0.7
SOD3,C0027540,0.55
SOD3,C0032285,0.7
SOD3,C0034069,0.65
SOD3,C0079744,0.4
SOD3,C0151744,0.8
SOD3,C0152025,0.45
SOD3,C0153368,0.45
SOD3,C0153369,0.45
SOD3,C0264694,0.45
SOD3,C0496758,0.45
SOD3,C3891298,0.4
SOD3,C4277682,0.4
SOST,C0020496,0.5
SOST,C0265301,0.9
SOST,C0410539,0.6
SOST,C0432272,0.8
SOST,C2675746,0.6
SOST,C4551483,0.65
SOST,C5680274,0.65
SOX2,C0002453,0.4
SOX2,C0003076,0.55
SOX2,C0003119,0.9
SOX2,C0004134,0.4
SOX2,C0005684,0.7
SOX2,C0005695,0.5
SOX2,C0006118,0.6
SOX2,C0006142,0.85
SOX2,C0007137,0.9
SOX2,C0008073,0.6
SOX2,C0024121,0.75
SOX2,C0027643,0.4
SOX2,C0029463,0.75
SOX2,C0033578,0.75
SOX2,C0039981,0.4
SOX2,C0149925,0.75
SOX2,C0152013,0.75
SOX2,C0153519,0.4
SOX2,C0206639,0.4
SOX2,C0279626,0.75
SOX2,C0338503,0.75
SOX2,C0728864,0.45
SOX2,C0751688,0.65
SOX2,C1335060,0.4
SOX2,C1859773,0.95
SOX2,C1859774,0.4
SOX2,C4255043,0.4
SOX2,C4274282,0.4
SP1,C0009404,0.5
SP1,C0020456,0.65
SP1,C0027626,0.4
SP1,C0033975,0.6
SP1,C0036341,0.6
SP1,C0037286,0.5
SP1,C0221765,0.5
SP1,C0349204,0.5
SP6,C0002452,0.85
SP6,C0399367,0.5
SP6,C5774246,0.6
SPAG5,C0000786,0.4
SPARC,C0001308,0.4
SPARC,C0009375,0.4
SPARC,C0009404,0.5
SPARC,C0019189,0.5
SPARC,C0020429,0.4
SPARC,C0022658,0.6
SPARC,C0023467,0.6
SPARC,C0023890,0.6
SPARC,C0024031,0.65
SPARC,C0026764,0.65
SPARC,C0027540,0.4
SPARC,C0029434,0.85
SPARC,C0037116,0.55
SPARC,C0040034,0.65
SPARC,C0041948,0.4
SPARC,C0043094,0.4
SPARC,C0149519,0.4
SPARC,C0151744,0.4
SPARC,C0206686,0.55
SPARC,C0206687,0.45
SPARC,C0268363,0.5
SPARC,C0302592,0.65
SPARC,C0410606,0.4
SPARC,C0476089,0.65
SPARC,C0596263,0.75
SPARC,C0919267,0.8
SPARC,C4225301,0.6
SPDEF,C0919267,0.65
SPHK1,C0009324,0.65
SPHK1,C0011860,0.7
SPHK1,C0016059,0.65
SPHK1,C0023418,0.7
SPHK1,C0375359,0.4
SPHK1,C2713368,0.4
SPHK2,C0025261,0.4
SPHK2,C0740392,0.4
SPI1,C0001768,0.65
SPI1,C0023467,0.8
SPI1,C0023470,0.65
SPI1,C0023492,0.4
SPI1,C1832241,0.4
SPI1,C5676900,0.7
SPP1,C0001308,0.45
SPP1,C0001418,0.75
SPP1,C0003873,0.9
SPP1,C0003949,0.75
SPP1,C0005411,0.7
SPP1,C0006118,0.75
SPP1,C0006663,0.9
SPP1,C0007131,0.8
SPP1,C0007282,0.6
SPP1,C0017638,0.9
SPP1,C0017668,0.65
SPP1,C0018799,0.75
SPP1,C0018824,0.4
SPP1,C0019189,0.65
SPP1,C0020517,0.65
SPP1,C0022658,0.85
SPP1,C0022660,0.8
SPP1,C0023890,0.85
SPP1,C0023896,0.65
SPP1,C0024121,0.6
SPP1,C0024141,0.8
SPP1,C0025202,0.8
SPP1,C0025500,0.85
SPP1,C0026764,0.85
SPP1,C0026769,0.9
SPP1,C0027051,0.8
SPP1,C0029771,0.4
SPP1,C0030297,0.55
SPP1,C0032229,0.4
SPP1,C0032285,0.65
SPP1,C0033687,0.7
SPP1,C0034069,0.9
SPP1,C0041295,0.45
SPP1,C0041948,0.55
SPP1,C0079485,0.4
SPP1,C0149519,0.45
SPP1,C0153458,0.45
SPP1,C0153459,0.45
SPP1,C0153460,0.45
SPP1,C0153463,0.45
SPP1,C0162820,0.5
SPP1,C0178324,0.65
SPP1,C0270612,0.4
SPP1,C0555198,0.7
SPP1,C0600139,0.8
SPP1,C0853897,0.65
SPP1,C0948480,0.45
SPP1,C1458155,0.85
SPP1,C1565662,0.45
SPP1,C2239176,0.9
SPP1,C2609414,0.9
SPP1,C2937358,0.65
SPP1,C4277682,0.4
SPP1,C4721411,0.4
SPTLC2,C0002736,0.6
SPTLC2,C0007959,0.4
SPTLC2,C0020071,0.75
SPTLC2,C3150896,0.9
SPTLC2,C4016942,0.4
SRC,C0001815,0.6
SRC,C0005684,0.75
SRC,C0005695,0.4
SRC,C0007102,0.75
SRC,C0007124,0.5
SRC,C0009319,0.5
SRC,C0009375,0.85
SRC,C0009404,0.65
SRC,C0011860,0.7
SRC,C0018800,0.4
SRC,C0027626,0.4
SRC,C0029456,0.8
SRC,C0033578,0.75
SRC,C0038220,0.45
SRC,C0040034,0.7
SRC,C0085548,0.6
SRC,C0338106,0.65
SRC,C0346629,0.9
SRC,C0376358,0.75
SRC,C1458155,0.85
SRC,C4016406,0.4
SRC,C4310789,0.7
SRD5A1,C0001973,0.65
SRD5A1,C0011570,0.55
SRD5A1,C0011581,0.55
SRD5A1,C0014175,0.5
SRD5A1,C0032460,0.65
SRD5A1,C0033578,0.8
SRD5A1,C0376358,0.8
SRD5A1,C1739363,0.4
SRD5A2,C0001973,0.6
SRD5A2,C0002170,0.65
SRD5A2,C0014170,0.4
SRD5A2,C0014175,0.4
SRD5A2,C0033578,0.8
SRD5A2,C0036341,0.5
SRD5A2,C0042063,0.4
SRD5A2,C0268118,0.4
SRD5A2,C0268297,0.9
SRD5A2,C0376358,0.9
SRD5A2,C0848558,0.8
SRD5A2,C1510586,0.5
SRD5A2,C1739363,0.4
SRD5A2,C4551492,0.65
SREBF1,C0010054,0.75
SREBF1,C0010068,0.65
SREBF1,C0011860,0.95
SREBF1,C0015695,0.85
SREBF1,C0015696,0.65
SREBF1,C0019569,0.55
SREBF1,C0021655,0.9
SREBF1,C0022661,0.55
SREBF1,C0025517,0.8
SREBF1,C0028754,0.8
SREBF1,C0036341,0.75
SREBF1,C0151744,0.55
SREBF1,C0264694,0.45
SREBF1,C0400966,0.85
SREBF1,C1274795,0.7
SREBF1,C1527349,0.4
SREBF1,C2239176,0.75
SREBF1,C3241937,0.75
SREBF1,C5399971,0.4
SREBF1,C5436607,0.5
SREBF2,C0006142,0.6
SREBF2,C0007273,0.45
SREBF2,C0011263,0.45
SREBF2,C0011269,0.55
SREBF2,C0011854,0.6
SREBF2,C0011860,0.7
SREBF2,C0020443,0.8
SREBF2,C0021655,0.7
SREBF2,C0022661,0.7
SREBF2,C0033578,0.6
SREBF2,C0036341,0.65
SREBF2,C0038356,0.4
SREBF2,C0153519,0.4
SREBF2,C0376358,0.7
SREBF2,C1458155,0.4
SREBF2,C2239176,0.7
SRR,C0036341,0.85
SRR,C0152013,0.4
SRR,C1335060,0.4
SRSF3,C0005586,0.65
SSTR2,C0030297,0.65
SSTR2,C0030421,0.85
SSTR2,C0038220,0.55
SSTR2,C0153458,0.4
SSTR2,C0153459,0.4
SSTR2,C0153460,0.4
SSTR2,C0153463,0.4
SSTR2,C0206754,0.85
SSTR5,C0005586,0.7
SSTR5,C0005587,0.45
SSTR5,C0024713,0.45
SSTR5,C0038220,0.55
SSTR5,C0041696,0.5
SSTR5,C0236780,0.45
SSTR5,C1269683,0.5
ST8SIA2,C0004352,0.65
ST8SIA2,C0005586,0.65
ST8SIA2,C0036341,0.75
STAR,C0001627,0.8
STAR,C0014170,0.4
STAR,C0032460,0.8
STAR,C0342474,0.95
STAR,C0701163,0.5
STAR,C2678045,0.4
STAR,C5679869,0.4
STAR,C5680948,0.4
STARD3,C0033578,0.4
STARD3,C3496069,0.55
STAT1,C0003873,0.85
STAT1,C0006142,0.8
STAT1,C0006845,0.85
STAT1,C0007112,0.4
STAT1,C0010823,0.6
STAT1,C0021400,0.5
STAT1,C0023492,0.4
STAT1,C0023890,0.75
STAT1,C0024143,0.75
STAT1,C0026918,0.75
STAT1,C0338106,0.45
STAT1,C0678222,0.75
STAT1,C1384666,0.65
STAT1,C2239176,0.85
STAT1,C3151088,0.7
STAT1,C3279990,0.9
STAT1,C4013950,0.7
STAT1,C4302671,0.45
STAT1,C4509855,0.5
STAT1,C4755296,0.6
STAT1,C5197805,0.4
STAT1,C5925149,0.4
STAT3,C0001418,0.85
STAT3,C0002395,0.8
STAT3,C0003089,0.4
STAT3,C0003872,0.7
STAT3,C0003873,0.9
STAT3,C0004153,0.8
STAT3,C0004943,0.65
STAT3,C0005684,0.75
STAT3,C0005695,0.55
STAT3,C0006142,0.9
STAT3,C0007097,0.85
STAT3,C0007131,0.95
STAT3,C0007134,0.8
STAT3,C0007137,0.9
STAT3,C0007786,0.4
STAT3,C0007873,0.65
STAT3,C0009324,1.0
STAT3,C0009375,0.65
STAT3,C0011581,0.75
STAT3,C0011854,0.9
STAT3,C0011860,0.8
STAT3,C0015967,0.6
STAT3,C0016059,0.85
STAT3,C0018800,0.4
STAT3,C0018801,0.75
STAT3,C0018802,0.75
STAT3,C0018923,0.45
STAT3,C0019189,0.55
STAT3,C0019284,0.4
STAT3,C0021368,0.95
STAT3,C0023467,0.85
STAT3,C0023487,0.6
STAT3,C0023492,0.6
STAT3,C0023493,0.6
STAT3,C0023903,0.75
STAT3,C0024121,0.85
STAT3,C0024232,0.6
STAT3,C0025149,0.85
STAT3,C0025261,0.4
STAT3,C0027626,0.4
STAT3,C0028754,0.9
STAT3,C0030297,0.85
STAT3,C0033141,0.45
STAT3,C0033578,0.95
STAT3,C0033860,1.0
STAT3,C0034069,0.8
STAT3,C0035126,0.65
STAT3,C0036529,0.45
STAT3,C0038356,0.7
STAT3,C0079744,0.85
STAT3,C0079772,0.75
STAT3,C0149978,0.45
STAT3,C0152018,0.75
STAT3,C0153458,0.4
STAT3,C0153459,0.4
STAT3,C0153460,0.4
STAT3,C0153463,0.4
STAT3,C0156147,0.55
STAT3,C0157916,0.4
STAT3,C0157917,0.4
STAT3,C0157918,0.4
STAT3,C0206180,0.75
STAT3,C0206663,0.4
STAT3,C0333641,0.5
STAT3,C0338106,0.7
STAT3,C0375359,0.5
STAT3,C0376358,0.9
STAT3,C0409667,0.4
STAT3,C0553707,0.4
STAT3,C0600139,0.9
STAT3,C0740392,0.4
STAT3,C0751688,0.45
STAT3,C0854893,0.45
STAT3,C0862030,0.4
STAT3,C0878544,0.7
STAT3,C0919267,1.0
STAT3,C1140680,0.85
STAT3,C1168401,0.9
STAT3,C1299247,0.4
STAT3,C1334410,0.4
STAT3,C1368683,0.6
STAT3,C1458155,0.85
STAT3,C1512709,0.65
STAT3,C1800706,0.7
STAT3,C1833104,0.4
STAT3,C1876165,0.4
STAT3,C1955861,0.75
STAT3,C2936739,1.0
STAT3,C3552634,0.45
STAT3,C3887645,0.95
STAT3,C4014795,0.7
STAT3,C4277682,0.4
STAT3,C4528210,0.6
STAT3,C5197805,0.4
STAT3,C5419896,0.4
STAT4,C0003872,0.65
STAT4,C0003873,0.9
STAT4,C0004096,0.75
STAT4,C0004943,0.9
STAT4,C0006142,0.6
STAT4,C0008312,0.85
STAT4,C0011633,0.65
STAT4,C0017661,0.6
STAT4,C0019163,0.7
STAT4,C0019342,0.4
STAT4,C0023892,0.55
STAT4,C0024141,1.0
STAT4,C0026769,0.85
STAT4,C0033860,0.8
STAT4,C0036421,0.9
STAT4,C0042170,0.55
STAT4,C0085655,0.65
STAT4,C0086981,0.5
STAT4,C0149978,0.45
STAT4,C0241910,0.7
STAT4,C0263984,0.45
STAT4,C0554591,0.45
STAT4,C0748540,0.5
STAT4,C1258104,0.55
STAT4,C1274834,0.4
STAT4,C1332355,0.45
STAT4,C1527336,0.85
STAT4,C2239176,0.9
STAT4,C2677096,0.4
STAT4,C2931171,0.45
STAT4,C3890205,0.45
STAT4,C3898649,0.45
STAT5A,C0001418,0.65
STAT5A,C0007097,0.85
STAT5A,C0007124,0.7
STAT5A,C0014850,0.4
STAT5A,C0024121,0.55
STAT5A,C0034194,0.4
STAT5A,C0151744,0.65
STAT5A,C0206692,0.45
STAT5A,C0338106,0.65
STAT5A,C0553707,0.4
STAT5A,C1176475,0.5
STAT5A,C1368683,0.4
STAT5A,C1458155,0.9
STAT5B,C0023487,0.75
STAT5B,C0023492,0.6
STAT5B,C0038002,0.4
STAT5B,C0079772,0.5
STAT5B,C0079773,0.6
STAT5B,C0338106,0.45
STAT5B,C0349588,0.65
STAT5B,C0376407,0.4
STAT5B,C0392788,0.4
STAT5B,C0456889,0.6
STAT5B,C1319315,0.5
STAT5B,C1955861,0.65
STAT5B,C2363142,0.6
STAT5B,C2931322,0.4
STAT5B,C4510411,0.5
STAT5B,C5435698,0.75
STAT5B,C5436546,0.6
STIM1,C0009404,0.55
STIM1,C0020538,0.65
STIM1,C0024121,0.55
STIM1,C0024624,0.4
STIM1,C0149931,0.45
STIM1,C0153491,0.4
STIM1,C0153492,0.4
STIM1,C0153493,0.4
STIM1,C0157916,0.4
STIM1,C0157917,0.4
STIM1,C0157918,0.4
STIM1,C0238198,0.5
STIM1,C0346629,0.65
STIM1,C0409667,0.4
STIM1,C0410207,1.0
STIM1,C0752282,0.4
STIM1,C1861451,1.0
STIM1,C2748557,0.8
STIM1,C2931230,0.4
STIM1,C3809991,0.4
STIM1,C4011726,0.65
STING1,C0024145,0.6
STING1,C0279626,0.45
STING1,C3890737,0.75
STING1,C4014722,1.0
STING1,C4277682,0.4
STING1,C5688224,0.6
STK11,C0001418,0.85
STK11,C0006142,0.75
STK11,C0007137,0.75
STK11,C0009402,0.75
STK11,C0020538,0.65
STK11,C0024121,0.9
STK11,C0024623,0.75
STK11,C0025202,0.9
STK11,C0025267,0.4
STK11,C0027672,0.4
STK11,C0029925,0.5
STK11,C0030297,0.6
STK11,C0031269,1.0
STK11,C0149721,0.5
STK11,C0149782,0.6
STK11,C0151779,0.7
STK11,C0152013,0.85
STK11,C0153458,0.45
STK11,C0153459,0.45
STK11,C0153460,0.45
STK11,C0153461,0.4
STK11,C0153463,0.45
STK11,C0153594,0.5
STK11,C0206624,0.5
STK11,C0206656,0.4
STK11,C0220641,0.4
STK11,C0235974,0.75
STK11,C0242379,0.9
STK11,C0265323,0.55
STK11,C0278883,0.4
STK11,C0302592,0.75
STK11,C0456487,0.75
STK11,C0677776,0.7
STK11,C0677886,0.7
STK11,C0678222,0.85
STK11,C0699790,0.4
STK11,C0699791,0.7
STK11,C0751688,0.4
STK11,C0887833,0.4
STK11,C1140680,0.7
STK11,C1257915,0.75
STK11,C1332919,0.5
STK11,C1333764,0.4
STK11,C1335060,0.4
STK11,C1336708,0.5
STK11,C1512419,0.45
STK11,C1835047,0.4
STK11,C1844606,0.4
STK11,C1868081,0.4
STK11,C2698310,0.4
STK11,C2713442,0.4
STK11,C2931038,0.6
STK11,C3272841,0.4
STK11,C3469522,0.4
STK11,C4048328,0.8
STK11,C4310692,0.4
STK11,C4721610,0.5
STK11,C5679802,0.45
STK39,C0004352,0.6
STK39,C0020538,0.75
STK39,C0152013,0.4
STK39,C1335060,0.4
STXBP1,C0004352,0.65
STXBP1,C0004941,0.45
STXBP1,C0007758,0.65
STXBP1,C0008073,0.6
STXBP1,C0014544,0.9
STXBP1,C0014550,0.5
STXBP1,C0026838,0.55
STXBP1,C0027746,0.65
STXBP1,C0036341,0.65
STXBP1,C0036572,0.8
STXBP1,C0036857,0.65
STXBP1,C0037769,0.85
STXBP1,C0038379,0.55
STXBP1,C0040822,0.65
STXBP1,C0239842,0.4
STXBP1,C0271385,0.4
STXBP1,C0376358,0.4
STXBP1,C0393698,0.45
STXBP1,C0393699,0.45
STXBP1,C0393706,0.8
STXBP1,C0454644,0.65
STXBP1,C0543888,0.8
STXBP1,C0546878,0.45
STXBP1,C0553558,0.45
STXBP1,C0557874,0.8
STXBP1,C0684276,0.5
STXBP1,C1510586,0.65
STXBP1,C1527306,0.45
STXBP1,C1527366,0.7
STXBP1,C1535926,0.9
STXBP1,C1837397,0.45
STXBP1,C1840379,0.4
STXBP1,C1846131,0.4
STXBP1,C1849156,0.4
STXBP1,C1853743,0.45
STXBP1,C1858120,0.4
STXBP1,C2237142,0.4
STXBP1,C2243051,0.5
STXBP1,C2677326,0.9
STXBP1,C3714756,0.9
STXBP1,C3887898,0.65
STXBP1,C4022738,0.5
STXBP1,C4551563,0.55
STXBP1,C5231391,0.4
STXBP1,C5680085,0.4
STXBP1,C5681523,0.55
STXBP1,C5681600,0.65
SULT1A1,C0005684,0.75
SULT1A1,C0005695,0.55
SULT1A1,C0006142,0.75
SULT1A1,C0007103,0.65
SULT1A1,C0008625,0.5
SULT1A1,C0009375,0.4
SULT1A1,C0014170,0.45
SULT1A1,C0024623,0.65
SULT1A1,C0024624,0.45
SULT1A1,C0033578,0.5
SULT1A1,C0038356,0.45
SULT1A1,C0042076,0.45
SULT1A1,C0086132,0.5
SULT1A1,C0086692,0.45
SULT1A1,C0149782,0.45
SULT1A1,C0151744,0.4
SULT1A1,C0152013,0.55
SULT1A1,C0153421,0.45
SULT1A1,C0153422,0.45
SULT1A1,C0153423,0.45
SULT1A1,C0153491,0.45
SULT1A1,C0153492,0.45
SULT1A1,C0153493,0.45
SULT1A1,C0279626,0.65
SULT1A1,C0376358,0.65
SULT1A1,C0919532,0.4
SULT1A1,C1335060,0.45
SULT1A1,C1458155,0.65
SULT1A1,C1845026,0.4
SULT1A1,C1866558,0.4
SULT1C2,C1510586,0.4
SULT1E1,C0001306,0.4
SULT1E1,C0006142,0.8
SULT1E1,C0007103,0.65
SULT1E1,C0014170,0.45
SULT1E1,C0023895,0.4
SULT1E1,C0033578,0.4
SULT1E1,C0035126,0.45
SULT1E1,C4277682,0.4
SULT2A1,C0033578,0.55
SULT2A1,C0376358,0.65
SYK,C0003864,0.75
SYK,C0009319,0.75
SYK,C0011603,0.65
SYK,C0021051,0.65
SYK,C0025202,0.65
SYK,C0025500,0.5
SYK,C0079744,0.8
SYK,C0152031,0.45
SYK,C4048270,0.4
SYK,C5543581,0.5
SYK,C5779628,0.45
SYN1,C0011570,0.65
SYN1,C0011581,0.65
SYN1,C0014544,0.9
SYN1,C0036341,0.6
SYN1,C0036572,0.7
SYN1,C1510586,0.85
SYN1,C1845343,0.45
SYN1,C1848087,0.7
SYN1,C3714756,0.6
SYN1,C4273990,0.4
SYN1,C5774177,0.4
SYN2,C0020429,0.5
SYN2,C0036341,0.9
SYNPO,C0027726,0.65
SYNPO,C4014993,0.4
SYP,C0007131,0.6
SYP,C0022340,0.4
SYP,C0022797,0.4
SYP,C0023186,0.4
SYP,C0025261,0.4
SYP,C0027877,0.4
SYP,C0036341,0.75
SYP,C0751265,0.4
SYP,C0751383,0.4
SYP,C1850451,0.4
SYP,C3275408,0.6
SYP,C3501611,0.45
SYP,C4022738,0.4
SYP,C5551375,0.4
TAAR1,C0036341,0.8
TAC1,C0001973,0.65
TAC1,C0002622,0.55
TAC1,C0002625,0.4
TAC1,C0003123,0.5
TAC1,C0005586,0.65
TAC1,C0005587,0.4
TAC1,C0010034,0.4
TAC1,C0011570,0.75
TAC1,C0011581,0.75
TAC1,C0011609,0.4
TAC1,C0013182,0.4
TAC1,C0013604,0.65
TAC1,C0015379,0.4
TAC1,C0016059,0.65
TAC1,C0017168,0.4
TAC1,C0020429,0.65
TAC1,C0020452,0.55
TAC1,C0020517,0.65
TAC1,C0020649,0.6
TAC1,C0021368,0.9
TAC1,C0024517,0.4
TAC1,C0024713,0.4
TAC1,C0027404,0.4
TAC1,C0027796,0.6
TAC1,C0030193,0.8
TAC1,C0033774,0.75
TAC1,C0036341,0.65
TAC1,C0037036,0.5
TAC1,C0042963,0.85
TAC1,C0085129,0.65
TAC1,C0154409,0.4
TAC1,C0236780,0.4
TAC1,C0338480,0.4
TAC1,C0428977,0.6
TAC1,C0525045,0.65
TAC1,C0556385,0.5
TAC1,C0600467,0.9
TACR1,C0001973,0.65
TACR1,C0005586,0.7
TACR1,C0005587,0.4
TACR1,C0006261,0.4
TACR1,C0011570,0.75
TACR1,C0011581,0.75
TACR1,C0020429,0.65
TACR1,C0020538,0.55
TACR1,C0024713,0.4
TACR1,C0041671,0.45
TACR1,C0042963,0.75
TACR1,C0085762,0.4
TACR1,C0236780,0.4
TACR1,C0428977,0.55
TACR1,C0525045,0.65
TACR1,C0600467,0.7
TACR3,C0001973,0.55
TACR3,C0002453,0.4
TACR3,C0013338,0.5
TACR3,C0020619,0.6
TACR3,C0020635,0.5
TACR3,C0034012,0.55
TACR3,C0036341,0.65
TACR3,C0085762,0.4
TACR3,C0162809,0.75
TACR3,C0221405,0.5
TACR3,C0236736,0.4
TACR3,C0242342,0.5
TACR3,C0242343,0.5
TACR3,C0271577,0.5
TACR3,C0271582,0.5
TACR3,C0271623,0.8
TACR3,C0342381,0.5
TACR3,C0342384,0.6
TACR3,C1510586,0.4
TACR3,C2874188,0.5
TACR3,C2874189,0.5
TACR3,C2874190,0.5
TACR3,C3553844,0.65
TACR3,C5680088,0.6
TACSTD2,C0010035,0.7
TACSTD2,C0010036,0.7
TACSTD2,C0014175,0.4
TACSTD2,C0339273,0.9
TARDBP,C0002736,1.0
TARDBP,C0030567,0.9
TARDBP,C0085084,1.0
TARDBP,C0338451,1.0
TARDBP,C0524851,1.0
TARDBP,C0751072,1.0
TARDBP,C1285162,0.6
TARDBP,C1862939,0.75
TARDBP,C2677565,0.75
TARDBP,C3148872,0.4
TARDBP,C3150169,0.4
TARDBP,C3151085,0.4
TARDBP,C3888102,0.75
TAT,C0268483,0.75
TAT,C0268487,1.0
TAT,C1879362,0.7
TAT,C4551563,0.45
TBK1,C0002736,1.0
TBK1,C0006111,0.4
TBK1,C0085084,0.5
TBK1,C0085584,0.4
TBK1,C0276226,0.65
TBK1,C0751706,0.5
TBK1,C1175175,0.4
TBK1,C1319315,0.4
TBK1,C1863704,0.4
TBK1,C3888102,0.75
TBK1,C4225325,0.7
TBK1,C4693542,0.45
TBK1,C5575119,0.5
TBK1,C5935634,0.5
TBX21,C0004096,0.95
TBX21,C0021051,0.4
TBX21,C0021368,0.65
TBX21,C0022661,0.5
TBX21,C0041696,0.5
TBX21,C1269683,0.5
TBX21,C1858067,0.4
TBX21,C1859648,0.5
TBX21,C1876174,0.4
TBX21,C5562026,0.45
TCF21,C0010054,1.0
TCF21,C0010068,0.75
TCF21,C0018818,0.6
TCF21,C0151744,0.55
TCF21,C0152021,0.4
TCF21,C0264694,0.55
TCF4,C0005586,0.8
TCF4,C0008073,0.4
TCF4,C0009405,0.45
TCF4,C0013132,0.4
TCF4,C0014850,0.4
TCF4,C0016781,0.95
TCF4,C0018799,0.4
TCF4,C0023903,0.4
TCF4,C0025958,0.65
TCF4,C0026106,0.6
TCF4,C0031117,0.5
TCF4,C0033975,0.6
TCF4,C0034194,0.4
TCF4,C0036341,0.85
TCF4,C0038273,0.4
TCF4,C0038644,0.4
TCF4,C0349204,0.6
TCF4,C0376634,0.4
TCF4,C0557874,0.7
TCF4,C0566602,0.6
TCF4,C0678230,0.4
TCF4,C1335029,0.4
TCF4,C1456784,0.5
TCF4,C1510586,0.9
TCF4,C1535926,0.8
TCF4,C1840077,0.45
TCF4,C1854114,0.4
TCF4,C1855330,0.4
TCF4,C1866855,0.4
TCF4,C1970431,1.0
TCF4,C2674608,0.4
TCF4,C2750451,0.45
TCF4,C2931456,0.4
TCF4,C3714756,0.8
TCF4,C4551563,0.7
TCF4,C4552100,0.45
TCF4,C5680502,0.4
TCF7L2,C0001418,0.4
TCF7L2,C0004352,0.5
TCF7L2,C0005586,0.65
TCF7L2,C0006142,0.8
TCF7L2,C0007193,0.4
TCF7L2,C0009375,0.5
TCF7L2,C0009402,0.75
TCF7L2,C0009404,0.85
TCF7L2,C0010068,0.7
TCF7L2,C0011849,1.0
TCF7L2,C0011860,1.0
TCF7L2,C0020429,0.5
TCF7L2,C0020507,0.4
TCF7L2,C0030297,0.45
TCF7L2,C0033578,0.45
TCF7L2,C0036337,0.5
TCF7L2,C0036341,0.7
TCF7L2,C0085207,1.0
TCF7L2,C0151744,0.7
TCF7L2,C0153458,0.45
TCF7L2,C0153459,0.45
TCF7L2,C0153460,0.45
TCF7L2,C0153463,0.45
TCF7L2,C0157916,0.4
TCF7L2,C0157917,0.4
TCF7L2,C0157918,0.4
TCF7L2,C0346629,0.85
TCF7L2,C0376358,0.65
TCF7L2,C0409667,0.4
TCF7L2,C0600519,0.4
TCF7L2,C1535926,0.4
TCF7L2,C2931456,0.4
TCF7L2,C3714756,0.5
TCF7L2,C3837967,0.4
TCF7L2,C4022737,0.4
TCF7L2,C4022738,0.4
TCF7L2,C5568766,0.45
TCIRG1,C0029454,0.9
TCIRG1,C0029464,0.55
TCIRG1,C0340970,0.6
TCIRG1,C0393576,0.4
TCIRG1,C0432261,0.5
TCIRG1,C0432262,0.7
TCIRG1,C1318518,0.75
TCIRG1,C1838979,0.4
TCIRG1,C1850127,0.8
TCIRG1,C1859966,0.4
TCIRG1,C2931891,0.4
TCIRG1,C4021790,0.4
TCIRG1,C4272578,0.75
TCIRG1,C4749612,0.4
TDO2,C0004352,0.5
TDO2,C0005586,0.65
TDO2,C0033975,0.6
TDO2,C0036341,0.6
TDO2,C0038187,0.4
TDO2,C0040517,0.65
TDO2,C0041696,0.65
TDO2,C0220702,0.5
TDO2,C0349204,0.6
TDO2,C0862030,0.4
TDO2,C1269683,0.65
TDO2,C2931837,0.7
TDP1,C0027070,0.4
TDP1,C0451669,0.5
TDP1,C4759870,1.0
TDP1,C5575375,0.4
TEK,C0003857,0.7
TEK,C0006142,0.75
TEK,C0014556,0.4
TEK,C0018818,0.55
TEK,C0018923,0.6
TEK,C0020302,0.75
TEK,C0027686,0.4
TEK,C0158570,0.8
TEK,C0279702,0.65
TEK,C0334533,0.7
TEK,C0346072,0.65
TEK,C0854893,0.4
TEK,C1335062,0.45
TEK,C1335177,0.4
TEK,C1832977,0.45
TEK,C1838437,0.9
TEK,C2937220,0.8
TEK,C4049796,0.4
TEK,C4310639,0.45
TEK,C5679814,0.5
TEP1,C0024121,0.65
TEP1,C0024623,0.65
TEP1,C0038356,0.45
TEP1,C0153421,0.45
TEP1,C0153422,0.45
TEP1,C0153423,0.45
TEP1,C2239176,0.65
TERC,C0002874,0.8
TERC,C0007137,0.7
TERC,C0025202,0.65
TERC,C0033578,0.5
TERC,C0040411,0.4
TERC,C0265965,0.85
TERC,C0348890,0.6
TERC,C0376358,0.7
TERC,C0751688,0.4
TERC,C0851140,0.6
TERC,C1800706,0.8
TERC,C1851970,0.6
TERC,C3553622,0.45
TERC,C4551974,0.6
TERC,C4727832,0.7
TERC,C5561926,0.4
TERT,C0002874,0.95
TERT,C0002886,0.4
TERT,C0005684,1.0
TERT,C0005695,0.9
TERT,C0006118,0.8
TERT,C0007131,1.0
TERT,C0007873,0.65
TERT,C0008707,0.4
TERT,C0010054,0.6
TERT,C0010068,0.6
TERT,C0010314,0.6
TERT,C0014850,0.4
TERT,C0017638,1.0
TERT,C0020456,0.4
TERT,C0021051,0.45
TERT,C0022658,0.4
TERT,C0023448,0.45
TERT,C0023449,0.65
TERT,C0023467,0.85
TERT,C0023903,0.75
TERT,C0024117,0.6
TERT,C0024121,0.7
TERT,C0024141,0.65
TERT,C0025202,1.0
TERT,C0025286,0.75
TERT,C0026985,0.5
TERT,C0027672,0.4
TERT,C0027819,0.75
TERT,C0028960,0.4
TERT,C0030297,0.65
TERT,C0033578,0.65
TERT,C0034069,0.9
TERT,C0034194,0.4
TERT,C0035126,0.5
TERT,C0040136,1.0
TERT,C0041696,0.6
TERT,C0043094,0.45
TERT,C0149782,0.7
TERT,C0151744,0.5
TERT,C0151779,0.95
TERT,C0152013,0.9
TERT,C0153458,0.4
TERT,C0153459,0.4
TERT,C0153460,0.4
TERT,C0153463,0.4
TERT,C0153633,0.75
TERT,C0206624,0.6
TERT,C0206686,0.7
TERT,C0206710,0.4
TERT,C0220624,0.4
TERT,C0235782,0.65
TERT,C0238198,0.65
TERT,C0263498,0.45
TERT,C0264694,0.4
TERT,C0265965,0.85
TERT,C0279543,0.65
TERT,C0279626,0.75
TERT,C0334239,0.45
TERT,C0334488,0.5
TERT,C0348890,0.5
TERT,C0401151,0.45
TERT,C0555198,0.75
TERT,C0585362,0.75
TERT,C0677776,0.4
TERT,C0750974,0.4
TERT,C0750979,0.4
TERT,C0919267,0.8
TERT,C1269683,0.6
TERT,C1334557,0.4
TERT,C1335060,0.45
TERT,C1335469,0.45
TERT,C1337013,0.75
TERT,C1368295,0.4
TERT,C1458155,0.85
TERT,C1512419,0.6
TERT,C1800706,1.0
TERT,C1835047,0.4
TERT,C1840169,0.4
TERT,C1846142,0.7
TERT,C1851970,0.4
TERT,C2239176,1.0
TERT,C2939461,0.6
TERT,C3151443,0.7
TERT,C3151444,0.4
TERT,C3275959,0.4
TERT,C3553617,0.5
TERT,C3554574,0.4
TERT,C3554656,0.4
TERT,C3872815,0.5
TERT,C4048270,0.4
TERT,C4531138,0.75
TERT,C4551563,0.55
TERT,C4551974,0.4
TERT,C4721507,0.4
TERT,C4727832,0.7
TERT,C5197805,0.4
TERT,C5441745,0.55
TERT,C5561926,0.4
TET1,C0033975,0.6
TET1,C0036341,0.65
TET1,C0349204,0.5
TET1,C1510586,0.5
TET2,C0001815,0.75
TET2,C0007131,0.65
TET2,C0007134,0.6
TET2,C0009404,0.45
TET2,C0020981,0.9
TET2,C0021051,0.4
TET2,C0023467,1.0
TET2,C0023480,1.0
TET2,C0023487,0.6
TET2,C0024623,0.6
TET2,C0026764,0.65
TET2,C0027643,0.4
TET2,C0033578,0.5
TET2,C0036920,0.4
TET2,C0038356,0.5
TET2,C0040028,0.85
TET2,C0079774,0.85
TET2,C0153392,0.4
TET2,C0153393,0.4
TET2,C0153394,0.4
TET2,C0153395,0.4
TET2,C0153396,0.4
TET2,C0153421,0.4
TET2,C0153422,0.4
TET2,C0153423,0.4
TET2,C0279626,0.65
TET2,C0280449,0.5
TET2,C0346153,0.4
TET2,C1112486,0.4
TET2,C1292776,0.6
TET2,C1292778,0.8
TET2,C1301365,0.6
TET2,C1318550,0.4
TET2,C2239176,0.8
TET2,C2713368,0.5
TET2,C2973725,0.6
TET2,C2981142,0.4
TET2,C3463824,1.0
TET2,C4016601,0.4
TET2,C4704767,0.4
TET2,C5436860,0.45
TET2,C5925062,0.4
TF,C0001308,0.45
TF,C0002395,0.75
TF,C0002871,0.95
TF,C0004352,0.6
TF,C0007097,0.85
TF,C0011854,0.85
TF,C0012242,0.45
TF,C0013502,0.4
TF,C0015695,0.7
TF,C0015696,0.4
TF,C0019189,0.55
TF,C0020456,0.65
TF,C0021368,0.85
TF,C0022660,0.6
TF,C0027626,0.4
TF,C0027726,0.6
TF,C0028754,0.9
TF,C0029810,0.45
TF,C0030524,0.4
TF,C0035258,0.9
TF,C0036341,0.6
TF,C0085762,0.75
TF,C0149519,0.55
TF,C0152013,0.4
TF,C0278752,0.4
TF,C0282193,0.85
TF,C0345967,0.4
TF,C0392400,0.4
TF,C0521802,0.85
TF,C0553707,0.4
TF,C1332338,0.4
TF,C1335060,0.4
TF,C1368683,0.4
TF,C1565662,0.4
TF,C2609414,0.7
TF,C3806153,0.4
TF,C3808920,0.4
TF,C4277682,0.4
TFAM,C0002395,0.95
TFAM,C0002736,0.65
TFAM,C0006079,0.4
TFAM,C0018784,0.4
TFAM,C0020179,0.7
TFAM,C0022340,0.4
TFAM,C0022797,0.4
TFAM,C0025322,0.4
TFAM,C0027877,0.4
TFAM,C0030567,0.9
TFAM,C0030569,0.4
TFAM,C0751383,0.4
TFAM,C1850451,0.4
TFAM,C4310690,0.6
TFAP2A,C0002418,0.4
TFAP2A,C0014877,0.4
TFAP2A,C0015393,0.4
TFAP2A,C0020534,0.45
TFAP2A,C0022658,0.4
TFAP2A,C0023316,0.4
TFAP2A,C0026010,0.55
TFAP2A,C0028738,0.45
TFAP2A,C0151611,0.4
TFAP2A,C0239234,0.55
TFAP2A,C0240063,0.45
TFAP2A,C0240635,0.45
TFAP2A,C0265234,0.45
TFAP2A,C0376524,1.0
TFAP2A,C0376634,0.65
TFAP2A,C0521525,0.45
TFAP2A,C0522214,0.4
TFAP2A,C0678230,0.4
TFAP2A,C1458155,0.65
TFAP2A,C4022737,0.4
TFEB,C0027746,0.65
TFEB,C4518356,0.7
TFF1,C0007570,0.5
TFF1,C0242488,0.4
TFF1,C0699791,0.75
TFPI2,C0003873,0.5
TFPI2,C0009404,0.7
TFPI2,C0023467,0.55
TFPI2,C0025202,0.65
TFPI2,C0030297,0.4
TFPI2,C0035304,0.6
TFPI2,C0153458,0.4
TFPI2,C0153459,0.4
TFPI2,C0153460,0.4
TFPI2,C0153463,0.4
TFPI2,C0157946,0.4
TFPI2,C1458155,0.6
TFPI2,C2239176,0.7
TFRC,C0000786,0.4
TFRC,C0005283,0.9
TFRC,C0005684,0.6
TFRC,C0005695,0.7
TFRC,C0009404,0.5
TFRC,C0012715,0.75
TFRC,C0017638,0.75
TFRC,C0021368,0.85
TFRC,C0023434,0.7
TFRC,C0024121,0.5
TFRC,C0024305,0.7
TFRC,C0026764,0.75
TFRC,C0027055,0.4
TFRC,C0028754,0.8
TFRC,C0029810,0.45
TFRC,C0032460,0.6
TFRC,C0079487,0.4
TFRC,C0085110,0.4
TFRC,C0151744,0.5
TFRC,C0555198,0.4
TFRC,C0677776,0.4
TFRC,C0678222,0.8
TFRC,C0919267,0.7
TFRC,C1140680,0.7
TFRC,C1299247,0.45
TFRC,C1458155,0.6
TFRC,C1510586,0.6
TFRC,C2711630,0.6
TFRC,C5568133,0.7
TG,C0003089,0.4
TG,C0003469,0.4
TG,C0011570,0.4
TG,C0013336,0.7
TG,C0018021,1.0
TG,C0018213,0.9
TG,C0023891,0.45
TG,C0342194,0.45
TG,C0400966,0.5
TG,C0677607,0.9
TG,C0920350,1.0
TG,C3241937,0.4
TG,C4273748,0.75
TGFA,C0007131,0.85
TGFA,C0017160,0.45
TGFA,C0018671,0.75
TGFA,C0020542,0.65
TGFA,C0021368,0.75
TGFA,C0023903,0.75
TGFA,C0027746,0.4
TGFA,C0030354,0.75
TGFA,C0033578,0.7
TGFA,C0033860,0.85
TGFA,C0034063,0.55
TGFA,C0034069,0.85
TGFA,C0038356,0.6
TGFA,C0162770,0.4
TGFA,C0205875,0.4
TGFA,C0206624,0.65
TGFA,C0273115,0.75
TGFA,C0333355,0.4
TGFA,C2239176,0.8
TGFA,C3711374,0.4
TGFA,C4082304,0.55
TGFB1,C0000786,0.7
TGFB1,C0001418,0.85
TGFB1,C0002874,0.55
TGFB1,C0003504,0.6
TGFB1,C0004096,1.0
TGFB1,C0004943,0.65
TGFB1,C0005586,0.6
TGFB1,C0006111,0.55
TGFB1,C0006142,0.9
TGFB1,C0006663,0.75
TGFB1,C0007097,0.95
TGFB1,C0007134,0.9
TGFB1,C0007137,0.95
TGFB1,C0007140,0.5
TGFB1,C0008312,0.65
TGFB1,C0008925,0.75
TGFB1,C0009404,0.9
TGFB1,C0010674,1.0
TGFB1,C0011581,0.9
TGFB1,C0011615,0.9
TGFB1,C0011881,1.0
TGFB1,C0011882,0.8
TGFB1,C0011989,1.0
TGFB1,C0013238,0.75
TGFB1,C0013264,0.85
TGFB1,C0013295,0.65
TGFB1,C0014544,0.7
TGFB1,C0016059,1.0
TGFB1,C0017661,0.9
TGFB1,C0017668,0.85
TGFB1,C0018099,0.6
TGFB1,C0018213,0.7
TGFB1,C0019069,0.6
TGFB1,C0019189,0.8
TGFB1,C0020507,0.85
TGFB1,C0020517,0.85
TGFB1,C0020538,0.9
TGFB1,C0020542,0.9
TGFB1,C0021368,0.95
TGFB1,C0021390,0.9
TGFB1,C0022658,0.95
TGFB1,C0022660,0.75
TGFB1,C0022661,0.9
TGFB1,C0023890,0.95
TGFB1,C0023891,0.7
TGFB1,C0023892,0.55
TGFB1,C0024115,0.95
TGFB1,C0024117,1.0
TGFB1,C0024121,0.85
TGFB1,C0026764,0.9
TGFB1,C0026848,0.65
TGFB1,C0027051,1.0
TGFB1,C0027719,0.65
TGFB1,C0027726,0.65
TGFB1,C0029171,0.65
TGFB1,C0029172,0.9
TGFB1,C0029422,0.55
TGFB1,C0029456,0.9
TGFB1,C0029458,0.6
TGFB1,C0030297,0.85
TGFB1,C0030354,0.75
TGFB1,C0030848,0.75
TGFB1,C0032285,0.9
TGFB1,C0033578,0.9
TGFB1,C0033687,0.85
TGFB1,C0033975,0.6
TGFB1,C0034069,1.0
TGFB1,C0036202,0.75
TGFB1,C0036205,0.6
TGFB1,C0036341,0.8
TGFB1,C0037286,0.75
TGFB1,C0038363,0.65
TGFB1,C0038454,0.85
TGFB1,C0040028,0.7
TGFB1,C0040583,0.65
TGFB1,C0042164,0.65
TGFB1,C0085584,0.7
TGFB1,C0086132,0.65
TGFB1,C0153458,0.5
TGFB1,C0206182,0.6
TGFB1,C0206627,0.5
TGFB1,C0241910,0.65
TGFB1,C0242488,0.85
TGFB1,C0243026,0.85
TGFB1,C0265287,0.5
TGFB1,C0338106,0.7
TGFB1,C0341106,0.85
TGFB1,C0349204,0.6
TGFB1,C0400966,0.85
TGFB1,C0455503,0.5
TGFB1,C0521607,0.75
TGFB1,C0525045,0.6
TGFB1,C0600519,0.75
TGFB1,C0740394,0.65
TGFB1,C1306571,0.7
TGFB1,C1368683,0.75
TGFB1,C2239176,1.0
TGFB1,C2609414,0.75
TGFB1,C3241937,0.75
TGFB1,C4748708,0.6
TGFB2,C0003089,0.4
TGFB2,C0003486,0.9
TGFB2,C0003504,0.55
TGFB2,C0008311,0.5
TGFB2,C0008925,0.65
TGFB2,C0009404,0.8
TGFB2,C0010520,0.4
TGFB2,C0013720,0.4
TGFB2,C0014175,0.8
TGFB2,C0015393,0.4
TGFB2,C0017601,0.85
TGFB2,C0018798,0.75
TGFB2,C0024796,0.85
TGFB2,C0029866,0.4
TGFB2,C0035238,0.4
TGFB2,C0042063,0.4
TGFB2,C0151491,0.4
TGFB2,C0152013,0.7
TGFB2,C0155568,0.4
TGFB2,C0162872,0.8
TGFB2,C0206710,0.4
TGFB2,C0206762,0.4
TGFB2,C0264774,0.4
TGFB2,C0278752,0.4
TGFB2,C0345967,0.75
TGFB2,C0346629,0.85
TGFB2,C0376634,0.5
TGFB2,C0392400,0.4
TGFB2,C1332338,0.4
TGFB2,C1335299,0.4
TGFB2,C1368295,0.4
TGFB2,C1836635,0.55
TGFB2,C1862389,0.4
TGFB2,C2239176,0.95
TGFB2,C2697932,0.9
TGFB2,C3553762,0.8
TGFB2,C3888239,0.5
TGFB2,C4707243,0.5
TGFB3,C0007194,0.4
TGFB3,C0008073,0.4
TGFB3,C0008925,0.8
TGFB3,C0023976,0.4
TGFB3,C0035238,0.4
TGFB3,C0151636,0.4
TGFB3,C0265857,0.45
TGFB3,C0333068,0.4
TGFB3,C0344329,0.4
TGFB3,C0349788,0.7
TGFB3,C0410787,0.4
TGFB3,C1142166,0.4
TGFB3,C1836635,0.4
TGFB3,C1862511,0.6
TGFB3,C2697932,0.85
TGFB3,C3553762,0.4
TGFB3,C3711374,0.4
TGFB3,C3810012,0.85
TGFB3,C4707243,0.5
TGFB3,C5925015,0.4
TGFB3,C5925016,0.4
TGFB3,C5925017,0.4
TGFBR1,C0000786,0.4
TGFBR1,C0003486,0.85
TGFBR1,C0005684,0.65
TGFBR1,C0005695,0.55
TGFBR1,C0009404,0.7
TGFBR1,C0009405,0.45
TGFBR1,C0010278,0.65
TGFBR1,C0013720,0.6
TGFBR1,C0022660,0.4
TGFBR1,C0023890,0.4
TGFBR1,C0024796,0.75
TGFBR1,C0027070,0.4
TGFBR1,C0037286,0.6
TGFBR1,C0041948,0.4
TGFBR1,C0340643,0.65
TGFBR1,C0345982,0.55
TGFBR1,C0346629,0.8
TGFBR1,C0546476,0.8
TGFBR1,C1258104,0.4
TGFBR1,C1335302,0.65
TGFBR1,C1565662,0.4
TGFBR1,C1836635,0.65
TGFBR1,C1836996,0.45
TGFBR1,C1858091,0.4
TGFBR1,C2051831,0.45
TGFBR1,C2609414,0.4
TGFBR1,C2673186,0.4
TGFBR1,C2697932,1.0
TGFBR1,C2931058,0.6
TGFBR1,C4021815,0.4
TGFBR1,C4023371,0.4
TGFBR1,C4025756,0.4
TGFBR1,C4083047,0.6
TGFBR1,C4225429,0.4
TGFBR1,C4277682,0.4
TGFBR1,C4551955,0.85
TGFBR1,C4552100,0.45
TGFBR1,C4707243,0.5
TGFBR2,C0002940,0.8
TGFBR2,C0003486,0.8
TGFBR2,C0005940,0.4
TGFBR2,C0005967,0.45
TGFBR2,C0006118,0.5
TGFBR2,C0007097,0.75
TGFBR2,C0007102,0.85
TGFBR2,C0009375,0.65
TGFBR2,C0009402,0.75
TGFBR2,C0009405,0.5
TGFBR2,C0009782,0.6
TGFBR2,C0011881,0.65
TGFBR2,C0011884,0.4
TGFBR2,C0013720,0.6
TGFBR2,C0014859,0.6
TGFBR2,C0015393,0.4
TGFBR2,C0015672,0.45
TGFBR2,C0016658,0.4
TGFBR2,C0019294,0.45
TGFBR2,C0019295,0.4
TGFBR2,C0019296,0.4
TGFBR2,C0024121,0.65
TGFBR2,C0024796,0.9
TGFBR2,C0030297,0.75
TGFBR2,C0033578,0.55
TGFBR2,C0043202,0.4
TGFBR2,C0149931,0.65
TGFBR2,C0152018,0.65
TGFBR2,C0153458,0.45
TGFBR2,C0153459,0.45
TGFBR2,C0153460,0.45
TGFBR2,C0153463,0.45
TGFBR2,C0162872,0.75
TGFBR2,C0206624,0.4
TGFBR2,C0238198,0.4
TGFBR2,C0265010,0.45
TGFBR2,C0265012,0.45
TGFBR2,C0278701,0.4
TGFBR2,C0279626,0.8
TGFBR2,C0340643,0.7
TGFBR2,C0345050,0.75
TGFBR2,C0376634,0.4
TGFBR2,C0546837,0.6
TGFBR2,C0553707,0.4
TGFBR2,C0741160,0.45
TGFBR2,C0856747,0.45
TGFBR2,C0920269,0.7
TGFBR2,C1305122,0.45
TGFBR2,C1368683,0.4
TGFBR2,C1458155,0.65
TGFBR2,C1836635,0.65
TGFBR2,C1860896,0.6
TGFBR2,C2200127,0.4
TGFBR2,C2674574,0.7
TGFBR2,C2697932,0.9
TGFBR2,C2931058,0.7
TGFBR2,C4321324,0.45
TGFBR2,C4551955,0.4
TGFBR2,C4552100,0.55
TGFBR2,C4707243,0.5
TGFBR2,C5399763,0.45
TGM1,C0013238,0.65
TGM1,C0020757,0.75
TGM1,C0020758,0.85
TGM1,C0023895,0.5
TGM1,C0042842,0.5
TGM1,C0079154,1.0
TGM1,C0079583,0.8
TGM1,C0235032,0.65
TGM1,C0239849,0.75
TGM1,C0263454,0.5
TGM1,C0265965,0.5
TGM1,C1855789,0.8
TGM1,C3536797,0.55
TGM1,C3543867,0.55
TGM1,C4305324,0.4
TGM1,C4511230,0.8
TGM1,C4551630,0.7
TGM1,C5848159,0.4
TGM1,C5848247,1.0
TGM2,C0005586,0.6
TGM2,C0006118,0.6
TGM2,C0007134,0.75
TGM2,C0007570,0.95
TGM2,C0009402,0.7
TGM2,C0014859,0.4
TGM2,C0017636,0.75
TGM2,C0020538,0.65
TGM2,C0030297,0.4
TGM2,C0036341,0.65
TGM2,C0153458,0.4
TGM2,C0153459,0.4
TGM2,C0153460,0.4
TGM2,C0153463,0.4
TGM2,C0157946,0.4
TGM2,C0278878,0.4
TGM2,C1458155,0.65
TGM2,C1514422,0.4
TH,C0001973,0.65
TH,C0005586,0.75
TH,C0006111,0.4
TH,C0007370,0.5
TH,C0011206,0.65
TH,C0011570,0.7
TH,C0011581,0.75
TH,C0013386,0.4
TH,C0013421,0.75
TH,C0018799,0.4
TH,C0019337,0.5
TH,C0020538,0.85
TH,C0023186,0.4
TH,C0025362,0.45
TH,C0027746,0.75
TH,C0027819,0.85
TH,C0028754,0.65
TH,C0030567,1.0
TH,C0031511,0.75
TH,C0041696,0.65
TH,C0085580,0.6
TH,C0085584,0.65
TH,C0221480,0.5
TH,C0242422,1.0
TH,C0393593,0.75
TH,C0525045,0.75
TH,C0751265,0.4
TH,C0752347,0.7
TH,C1257877,0.4
TH,C1269683,0.65
TH,C2239176,0.6
TH,C3887506,0.4
TH,C5700309,0.85
THBD,C0003873,0.65
THBD,C0004096,0.7
THBD,C0007274,0.45
THBD,C0007785,0.65
THBD,C0012739,0.95
THBD,C0020429,0.55
THBD,C0022658,0.85
THBD,C0022660,0.7
THBD,C0023487,0.6
THBD,C0023895,0.65
THBD,C0027051,0.75
THBD,C0034065,0.75
THBD,C0034155,0.6
THBD,C0035222,0.8
THBD,C0038356,0.4
THBD,C0040034,0.65
THBD,C0040053,0.85
THBD,C0087086,0.8
THBD,C0398623,0.85
THBD,C1458140,0.6
THBD,C1565662,0.45
THBD,C1963943,0.4
THBD,C2609414,0.8
THBD,C2752036,0.45
THBD,C2931788,1.0
THBD,C3280976,0.9
THBD,C4025731,0.4
THBS1,C0011871,0.4
THBS1,C0011875,0.6
THBS1,C0011884,0.7
THBS1,C0016059,0.75
THBS1,C0019156,0.55
THBS1,C0023890,0.65
THBS1,C0027707,0.4
THBS1,C0030297,0.65
THBS1,C0035126,0.65
THBS1,C0036341,0.5
THBS1,C0085215,0.4
THBS1,C0153458,0.45
THBS1,C0153459,0.45
THBS1,C0153460,0.45
THBS1,C0153461,0.45
THBS1,C0153463,0.45
THBS1,C0157916,0.4
THBS1,C0157917,0.4
THBS1,C0157918,0.4
THBS1,C0206698,0.65
THBS1,C0280725,0.45
THBS1,C0339573,0.45
THBS1,C0409667,0.4
THBS1,C0887833,0.55
THBS1,C1384666,0.55
THBS1,C1458155,0.85
THBS1,C1510586,0.5
THBS1,C4277682,0.4
THBS4,C3888239,0.4
THEM4,C2239176,0.55
THRB,C0004238,0.55
THRB,C0007134,0.65
THRB,C0019284,0.4
THRB,C0033578,0.45
THRB,C0206682,0.8
THRB,C0376358,0.65
THRB,C0376634,0.4
THRB,C0678222,0.8
THRB,C0730292,0.4
THRB,C0851140,0.45
THRB,C1535926,0.4
THRB,C1840364,1.0
THRB,C2937288,0.55
THRB,C2940786,1.0
THRB,C3489796,0.5
THRB,C4722330,0.8
TICAM2,C0270611,0.4
TICAM2,C1175175,0.4
TIGAR,C0027746,0.4
TIMP1,C0002940,0.8
TIMP1,C0003089,0.4
TIMP1,C0003504,0.6
TIMP1,C0005398,0.4
TIMP1,C0006663,0.6
TIMP1,C0008311,0.5
TIMP1,C0011860,0.9
TIMP1,C0017661,0.6
TIMP1,C0018799,0.75
TIMP1,C0018824,0.5
TIMP1,C0019202,0.4
TIMP1,C0020538,0.9
TIMP1,C0021368,0.85
TIMP1,C0023891,0.5
TIMP1,C0027626,0.4
TIMP1,C0029171,0.4
TIMP1,C0029172,0.5
TIMP1,C0034069,0.65
TIMP1,C0035222,0.6
TIMP1,C0042345,0.4
TIMP1,C0042373,0.7
TIMP1,C0079485,0.4
TIMP1,C0155568,0.4
TIMP1,C0264774,0.4
TIMP1,C0752127,0.45
TIMP1,C0752130,0.45
TIMP1,C1720887,0.4
TIMP2,C0000786,0.5
TIMP2,C0005398,0.4
TIMP2,C0005684,0.75
TIMP2,C0005695,0.65
TIMP2,C0006663,0.6
TIMP2,C0026654,0.65
TIMP2,C0027051,0.75
TIMP2,C0028797,0.4
TIMP2,C0032226,0.4
TIMP3,C0000786,0.4
TIMP3,C0004096,0.6
TIMP3,C0005684,0.7
TIMP3,C0005686,0.4
TIMP3,C0005695,0.45
TIMP3,C0009319,0.75
TIMP3,C0023895,0.5
TIMP3,C0024437,0.85
TIMP3,C0027626,0.4
TIMP3,C0029827,0.4
TIMP3,C0037286,0.4
TIMP3,C0038356,0.5
TIMP3,C0235032,0.4
TIMP3,C0678222,0.75
TIMP3,C0854723,0.5
TIMP3,C0917804,0.4
TIMP3,C1849694,0.4
TIMP3,C1850938,1.0
TIMP4,C0027708,0.55
TIMP4,C0033578,0.6
TIMP4,C1332219,0.45
TIMP4,C1333015,0.45
TIPARP,C0001973,0.5
TIPARP,C0919267,0.6
TJP1,C0007193,0.5
TJP1,C0085580,0.4
TJP1,C0349788,0.5
TJP1,C1510586,0.4
TKT,C0001973,0.6
TKT,C0007097,0.5
TKT,C0027626,0.4
TKT,C0043121,0.6
TKT,C0242184,0.5
TKT,C0553707,0.4
TKT,C1368683,0.4
TKT,C5700245,0.6
TLR2,C0002103,0.45
TLR2,C0003873,0.75
TLR2,C0004096,0.8
TLR2,C0004943,0.9
TLR2,C0005586,0.6
TLR2,C0005684,0.65
TLR2,C0005695,0.55
TLR2,C0006142,0.8
TLR2,C0008370,0.4
TLR2,C0009404,0.45
TLR2,C0011615,0.9
TLR2,C0011854,0.8
TLR2,C0014457,0.65
TLR2,C0015404,0.4
TLR2,C0018801,0.65
TLR2,C0018802,0.65
TLR2,C0021368,1.0
TLR2,C0022568,0.7
TLR2,C0022660,0.7
TLR2,C0023343,0.85
TLR2,C0024115,0.65
TLR2,C0025294,0.65
TLR2,C0026229,0.4
TLR2,C0033141,0.4
TLR2,C0033578,0.55
TLR2,C0035126,0.7
TLR2,C0035455,0.55
TLR2,C0036341,0.65
TLR2,C0036508,0.5
TLR2,C0036529,0.4
TLR2,C0038160,0.65
TLR2,C0041295,0.45
TLR2,C0041327,0.75
TLR2,C0042029,0.7
TLR2,C0042165,0.45
TLR2,C0042900,0.45
TLR2,C0085580,0.6
TLR2,C0085762,0.6
TLR2,C0152068,0.45
TLR2,C0152249,0.45
TLR2,C0270611,0.7
TLR2,C0346629,0.8
TLR2,C0376358,0.7
TLR2,C0702166,0.75
TLR2,C0876994,0.6
TLR2,C0878544,0.6
TLR2,C1135745,0.45
TLR2,C1135746,0.45
TLR2,C1135747,0.45
TLR2,C1136209,0.45
TLR2,C1136210,0.45
TLR2,C1258104,0.4
TLR2,C1565662,0.45
TLR2,C1834752,0.4
TLR2,C1858438,0.4
TLR2,C1968668,0.4
TLR2,C2239176,0.8
TLR2,C2609414,0.7
TLR2,C2713368,0.4
TLR3,C0004096,0.75
TLR3,C0011854,0.7
TLR3,C0015967,0.6
TLR3,C0019163,0.8
TLR3,C0019196,0.75
TLR3,C0019693,0.8
TLR3,C0020538,0.65
TLR3,C0021051,0.55
TLR3,C0023890,0.65
TLR3,C0036341,0.65
TLR3,C0276226,0.85
TLR3,C1262477,0.5
TLR3,C1836230,0.4
TLR3,C2750180,0.4
TLR3,C2751803,0.45
TLR3,C5391534,0.4
TLR4,C0002103,0.45
TLR4,C0002395,0.9
TLR4,C0003850,0.65
TLR4,C0003864,0.95
TLR4,C0004096,0.9
TLR4,C0004153,0.95
TLR4,C0004943,0.9
TLR4,C0005398,0.4
TLR4,C0005586,0.7
TLR4,C0006142,0.8
TLR4,C0007097,0.6
TLR4,C0007273,0.55
TLR4,C0009404,0.65
TLR4,C0010054,0.85
TLR4,C0010068,0.8
TLR4,C0011615,0.9
TLR4,C0011616,0.4
TLR4,C0011849,0.9
TLR4,C0011860,1.0
TLR4,C0011882,0.85
TLR4,C0011884,0.75
TLR4,C0014457,0.4
TLR4,C0015695,0.75
TLR4,C0015696,0.65
TLR4,C0016059,0.85
TLR4,C0020538,0.85
TLR4,C0021368,0.95
TLR4,C0022568,0.8
TLR4,C0022660,0.8
TLR4,C0023186,0.4
TLR4,C0024117,0.8
TLR4,C0024121,0.5
TLR4,C0024437,0.5
TLR4,C0025202,0.85
TLR4,C0025294,0.65
TLR4,C0027051,0.95
TLR4,C0027626,0.4
TLR4,C0031051,0.4
TLR4,C0031069,0.65
TLR4,C0032285,0.9
TLR4,C0033578,0.5
TLR4,C0035078,0.7
TLR4,C0035126,0.8
TLR4,C0035235,0.9
TLR4,C0036341,0.75
TLR4,C0039483,0.7
TLR4,C0041327,0.75
TLR4,C0042029,0.9
TLR4,C0042165,0.45
TLR4,C0042900,0.45
TLR4,C0085580,0.4
TLR4,C0085762,0.7
TLR4,C0151744,0.95
TLR4,C0152013,0.6
TLR4,C0152136,0.65
TLR4,C0155477,0.45
TLR4,C0156147,0.4
TLR4,C0162820,0.6
TLR4,C0206368,0.55
TLR4,C0238013,0.65
TLR4,C0242698,0.65
TLR4,C0243026,1.0
TLR4,C0264694,0.5
TLR4,C0270611,0.8
TLR4,C0271650,0.75
TLR4,C0273115,0.75
TLR4,C0279628,0.6
TLR4,C0339573,0.75
TLR4,C0340288,0.7
TLR4,C0520459,0.9
TLR4,C0553707,0.4
TLR4,C0751265,0.5
TLR4,C0919267,0.7
TLR4,C0948089,0.8
TLR4,C1135745,0.45
TLR4,C1135746,0.45
TLR4,C1135747,0.45
TLR4,C1136209,0.45
TLR4,C1136210,0.45
TLR4,C1262477,0.65
TLR4,C1368683,0.5
TLR4,C1384666,0.65
TLR4,C1565662,0.45
TLR4,C1847014,0.4
TLR4,C2239176,0.85
TLR4,C2609414,0.9
TLR4,C3658208,0.5
TLR4,C3825727,0.5
TLR5,C0010674,0.7
TLR5,C0010692,0.4
TLR5,C0023241,0.75
TLR5,C0024141,0.8
TLR5,C0025229,0.7
TLR5,C0033578,0.5
TLR5,C0220994,0.4
TLR5,C1837872,0.4
TLR5,C1864265,0.4
TLR5,C1866373,0.45
TLR5,C3715193,0.4
TLR5,C4277682,0.4
TLR7,C0019196,0.85
TLR7,C0024141,1.0
TLR7,C0029342,0.4
TLR7,C0041696,0.6
TLR7,C0162820,0.4
TLR7,C1269683,0.6
TLR7,C2239176,0.65
TLR7,C5203670,0.8
TLR7,C5435745,0.6
TLR7,C5676884,0.6
TLR8,C0002880,0.55
TLR8,C0011616,0.4
TLR8,C0019196,0.6
TLR8,C0021051,0.5
TLR8,C0029408,0.6
TLR8,C4015070,0.4
TLR8,C5676883,0.6
TLR9,C0004031,0.55
TLR9,C0004096,0.8
TLR9,C0006272,0.45
TLR9,C0007222,0.7
TLR9,C0009402,0.6
TLR9,C0010674,0.65
TLR9,C0017661,0.8
TLR9,C0018193,0.4
TLR9,C0018200,0.45
TLR9,C0019163,0.85
TLR9,C0019196,0.85
TLR9,C0021368,0.85
TLR9,C0022661,0.65
TLR9,C0024141,0.8
TLR9,C0024143,0.8
TLR9,C0032310,0.55
TLR9,C0033687,0.7
TLR9,C0036330,0.4
TLR9,C0040588,0.4
TLR9,C0041327,0.65
TLR9,C0156147,0.4
TLR9,C0270611,0.4
TLR9,C2239176,0.85
TLR9,C3539878,0.6
TMED2,C0151744,0.4
TMPRSS11D,C0021400,0.4
TMPRSS11D,C1175175,0.5
TNC,C0004096,0.95
TNC,C0009766,0.45
TNC,C0014175,0.65
TNC,C0025202,0.75
TNC,C0025281,0.4
TNC,C0027092,0.4
TNC,C0029410,0.55
TNC,C0032226,0.4
TNC,C0042345,0.4
TNC,C0042571,0.4
TNC,C0273115,0.65
TNC,C0452138,0.45
TNC,C0677776,0.4
TNC,C1384666,0.6
TNC,C1843156,0.4
TNC,C3810170,0.6
TNC,C5680182,0.4
TNC,C5779548,0.4
TNF,C0002395,1.0
TNF,C0002871,0.9
TNF,C0002893,0.85
TNF,C0002895,0.9
TNF,C0003469,0.85
TNF,C0003872,1.0
TNF,C0003873,1.0
TNF,C0004096,1.0
TNF,C0004153,1.0
TNF,C0004943,1.0
TNF,C0005586,0.85
TNF,C0006142,0.9
TNF,C0006625,0.9
TNF,C0007131,0.9
TNF,C0007134,0.9
TNF,C0007785,0.9
TNF,C0009319,0.95
TNF,C0009324,1.0
TNF,C0010054,0.9
TNF,C0010068,0.9
TNF,C0010674,0.9
TNF,C0011269,0.9
TNF,C0011570,0.95
TNF,C0011581,0.95
TNF,C0011603,0.9
TNF,C0011615,0.95
TNF,C0011633,0.85
TNF,C0011854,1.0
TNF,C0011860,1.0
TNF,C0011884,0.95
TNF,C0013604,0.85
TNF,C0014175,0.9
TNF,C0015695,0.85
TNF,C0015967,0.85
TNF,C0016059,0.95
TNF,C0017638,0.9
TNF,C0017658,0.85
TNF,C0018801,1.0
TNF,C0018802,0.9
TNF,C0019163,0.85
TNF,C0020517,0.85
TNF,C0020538,1.0
TNF,C0020542,0.9
TNF,C0021368,0.95
TNF,C0021390,1.0
TNF,C0021655,1.0
TNF,C0022661,0.9
TNF,C0023290,0.95
TNF,C0023895,0.95
TNF,C0024115,0.9
TNF,C0024117,1.0
TNF,C0024141,1.0
TNF,C0024530,1.0
TNF,C0025202,0.95
TNF,C0026691,0.9
TNF,C0026764,0.85
TNF,C0026766,0.85
TNF,C0026769,1.0
TNF,C0026846,0.85
TNF,C0027051,0.9
TNF,C0027540,0.85
TNF,C0027746,0.85
TNF,C0027819,0.85
TNF,C0028754,1.0
TNF,C0030193,0.95
TNF,C0030567,0.85
TNF,C0032285,0.85
TNF,C0032914,1.0
TNF,C0033578,0.9
TNF,C0033860,1.0
TNF,C0034063,0.9
TNF,C0034069,0.95
TNF,C0035126,0.85
TNF,C0035309,0.85
TNF,C0036341,1.0
TNF,C0037116,0.9
TNF,C0037274,0.95
TNF,C0038454,0.9
TNF,C0038525,0.9
TNF,C0040034,0.9
TNF,C0041327,0.9
TNF,C0042164,0.9
TNF,C0149931,0.9
TNF,C0151744,0.95
TNF,C0162557,0.9
TNF,C0242488,0.9
TNF,C0243026,1.0
TNF,C0270611,0.9
TNF,C0273115,0.85
TNF,C0376358,0.9
TNF,C0400966,1.0
TNF,C0520679,0.9
TNF,C0948089,0.85
TNF,C1269683,0.85
TNF,C1458155,0.85
TNF,C1527336,0.9
TNF,C1800706,0.9
TNF,C2239176,1.0
TNF,C2609414,0.9
TNF,C5203670,1.0
TNFAIP3,C0003089,0.4
TNFAIP3,C0003873,0.8
TNFAIP3,C0006142,0.6
TNFAIP3,C0009404,0.4
TNFAIP3,C0014859,0.6
TNFAIP3,C0021368,0.85
TNFAIP3,C0024141,0.85
TNFAIP3,C0024301,0.6
TNFAIP3,C0026769,0.65
TNFAIP3,C0033860,0.9
TNFAIP3,C0079745,0.4
TNFAIP3,C0079758,0.4
TNFAIP3,C0079765,0.4
TNFAIP3,C0079773,0.4
TNFAIP3,C0086981,0.5
TNFAIP3,C0153413,0.4
TNFAIP3,C0153414,0.4
TNFAIP3,C0153415,0.4
TNFAIP3,C0153416,0.4
TNFAIP3,C0346629,0.6
TNFAIP3,C0376407,0.4
TNFAIP3,C0496775,0.4
TNFAIP3,C0751422,0.4
TNFAIP3,C1527336,0.65
TNFAIP3,C1956130,0.4
TNFAIP3,C1956131,0.4
TNFAIP3,C4225218,0.8
TNFAIP3,C5925090,0.4
TNFRSF10A,C0001418,0.6
TNFRSF10A,C0002170,0.5
TNFRSF10A,C0002871,0.4
TNFRSF10A,C0003123,0.4
TNFRSF10A,C0005684,0.75
TNFRSF10A,C0005695,0.45
TNFRSF10A,C0007134,0.65
TNFRSF10A,C0007847,0.65
TNFRSF10A,C0007873,0.45
TNFRSF10A,C0009375,0.5
TNFRSF10A,C0013182,0.4
TNFRSF10A,C0014859,0.4
TNFRSF10A,C0015672,0.4
TNFRSF10A,C0024437,0.5
TNFRSF10A,C0026764,0.6
TNFRSF10A,C0027497,0.4
TNFRSF10A,C0027947,0.4
TNFRSF10A,C0031117,0.4
TNFRSF10A,C0033578,0.4
TNFRSF10A,C0040034,0.4
TNFRSF10A,C0279628,0.6
TNFRSF10A,C0751958,0.45
TNFRSF10A,C1168401,0.55
TNFRSF10A,C1335029,0.4
TNFRSF10A,C4721414,0.65
TNFRSF10B,C0279697,0.4
TNFRSF10B,C0280302,0.4
TNFRSF10B,C0280313,0.4
TNFRSF10B,C0280321,0.4
TNFRSF10B,C0280324,0.6
TNFRSF10B,C0280332,0.4
TNFRSF10B,C0585362,0.65
TNFRSF10B,C1168401,0.65
TNFRSF11A,C0023434,0.65
TNFRSF11A,C0029401,0.9
TNFRSF11A,C0029454,0.9
TNFRSF11A,C0029456,0.95
TNFRSF11A,C0029464,0.65
TNFRSF11A,C0432262,0.6
TNFRSF11A,C0432292,0.9
TNFRSF11A,C2676766,0.7
TNFRSF11A,C4085251,0.5
TNFRSF11A,C4751205,0.5
TNFRSF11A,C5680024,0.45
TNFRSF11B,C0003873,0.85
TNFRSF11B,C0005974,0.7
TNFRSF11B,C0007282,0.6
TNFRSF11B,C0009782,0.4
TNFRSF11B,C0020429,0.55
TNFRSF11B,C0020437,0.65
TNFRSF11B,C0021368,0.85
TNFRSF11B,C0029401,0.8
TNFRSF11B,C0029456,1.0
TNFRSF11B,C0041948,0.4
TNFRSF11B,C0157946,0.4
TNFRSF11B,C0268414,0.95
TNFRSF11B,C4721411,0.75
TNFRSF12A,C0022660,0.5
TNFRSF12A,C0027051,0.55
TNFRSF12A,C1565662,0.4
TNFRSF12A,C2609414,0.5
TNFRSF13B,C0009447,0.85
TNFRSF13B,C0026764,0.8
TNFRSF13B,C0270611,0.4
TNFRSF13B,C1720956,0.4
TNFRSF13B,C1836032,0.5
TNFRSF13B,C1840266,0.4
TNFRSF13B,C3149378,0.4
TNFRSF13B,C3150354,0.7
TNFRSF1A,C0003089,0.4
TNFRSF1A,C0003123,0.55
TNFRSF1A,C0003873,0.85
TNFRSF1A,C0004031,0.45
TNFRSF1A,C0004943,0.8
TNFRSF1A,C0006625,0.7
TNFRSF1A,C0007131,0.6
TNFRSF1A,C0007786,0.6
TNFRSF1A,C0008312,0.65
TNFRSF1A,C0009952,0.5
TNFRSF1A,C0010674,0.6
TNFRSF1A,C0011570,0.75
TNFRSF1A,C0011581,0.75
TNFRSF1A,C0011860,0.9
TNFRSF1A,C0015967,0.8
TNFRSF1A,C0016057,0.65
TNFRSF1A,C0017661,0.65
TNFRSF1A,C0018801,0.7
TNFRSF1A,C0018802,0.7
TNFRSF1A,C0019214,0.4
TNFRSF1A,C0020517,0.5
TNFRSF1A,C0023892,0.45
TNFRSF1A,C0026769,1.0
TNFRSF1A,C0032285,0.7
TNFRSF1A,C0036341,0.75
TNFRSF1A,C0042164,0.75
TNFRSF1A,C0152249,0.45
TNFRSF1A,C0206643,0.45
TNFRSF1A,C0265354,0.4
TNFRSF1A,C0270611,0.45
TNFRSF1A,C0273115,0.75
TNFRSF1A,C0342611,0.5
TNFRSF1A,C0702166,0.45
TNFRSF1A,C1275126,1.0
TNFRSF1A,C1336021,0.45
TNFRSF1A,C1719313,0.5
TNFRSF1A,C3553728,0.4
TNFRSF1A,C3890737,0.75
TNFRSF1B,C0004352,0.6
TNFRSF1B,C0007786,0.4
TNFRSF1B,C0011570,0.75
TNFRSF1B,C0011581,0.75
TNFRSF1B,C0011860,0.75
TNFRSF1B,C0014175,0.65
TNFRSF1B,C0016658,0.5
TNFRSF1B,C0017661,0.65
TNFRSF1B,C0018801,0.75
TNFRSF1B,C0018802,0.65
TNFRSF1B,C0020517,0.6
TNFRSF1B,C0023890,0.5
TNFRSF1B,C0024143,0.5
TNFRSF1B,C0026948,0.6
TNFRSF1B,C0028754,0.85
TNFRSF1B,C0029456,0.65
TNFRSF1B,C0032285,0.65
TNFRSF1B,C0032914,0.65
TNFRSF1B,C0035222,0.65
TNFRSF1B,C0036341,0.75
TNFRSF1B,C0036349,0.5
TNFRSF1B,C0036920,0.65
TNFRSF1B,C0038013,0.75
TNFRSF1B,C0041295,0.45
TNFRSF1B,C0152249,0.45
TNFRSF1B,C0239981,0.4
TNFRSF1B,C0242422,0.55
TNFRSF1B,C0400966,0.7
TNFRSF1B,C0702166,0.65
TNFRSF1B,C3241937,0.5
TNFRSF1B,C4707404,0.4
TNFRSF4,C0003089,0.4
TNFRSF4,C0003723,0.4
TNFRSF4,C0007193,0.4
TNFRSF4,C0027059,0.55
TNFRSF4,C0042769,0.65
TNFRSF4,C3810053,0.7
TNFRSF4,C4707864,0.4
TNFRSF9,C0003723,0.4
TNFRSF9,C0007193,0.4
TNFRSF9,C0007570,0.4
TNFRSF9,C0009375,0.4
TNFRSF9,C0009402,0.65
TNFRSF9,C0021051,0.5
TNFRSF9,C0022665,0.4
TNFRSF9,C0027059,0.55
TNFRSF9,C0038356,0.5
TNFRSF9,C0042769,0.65
TNFRSF9,C5830346,0.6
TNFRSF9,C5925064,0.4
TNFSF10,C0000786,0.4
TNFSF10,C0003850,0.45
TNFSF10,C0007134,0.7
TNFSF10,C0009375,0.65
TNFSF10,C0009404,0.5
TNFSF10,C0014170,0.4
TNFSF10,C0017636,0.7
TNFSF10,C0017638,0.75
TNFSF10,C0021400,0.5
TNFSF10,C0022665,0.65
TNFSF10,C0023418,0.75
TNFSF10,C0023467,0.7
TNFSF10,C0023903,0.5
TNFSF10,C0027686,0.55
TNFSF10,C0027819,0.6
TNFSF10,C0030297,0.6
TNFSF10,C0033578,0.65
TNFSF10,C0152013,0.65
TNFSF10,C0153458,0.4
TNFSF10,C0153459,0.4
TNFSF10,C0153460,0.4
TNFSF10,C0153463,0.4
TNFSF10,C0270611,0.5
TNFSF10,C0278878,0.4
TNFSF10,C0334239,0.45
TNFSF10,C0555198,0.75
TNFSF10,C0919267,0.75
TNFSF10,C1335060,0.4
TNFSF10,C1458155,0.65
TNFSF10,C1514422,0.4
TNFSF10,C2239176,0.75
TNFSF11,C0002382,0.75
TNFSF11,C0005974,0.75
TNFSF11,C0020437,0.65
TNFSF11,C0023434,0.6
TNFSF11,C0029454,0.85
TNFSF11,C0029456,1.0
TNFSF11,C0029464,0.65
TNFSF11,C0266929,0.85
TNFSF11,C1318518,0.4
TNFSF11,C1850126,0.85
TNFSF11,C4721411,0.75
TNFSF13B,C0525045,0.55
TNFSF9,C0003723,0.4
TNFSF9,C0007193,0.5
TNFSF9,C0010246,0.4
TNFSF9,C0011616,0.4
TNFSF9,C0027059,0.55
TNFSF9,C0038356,0.4
TNFSF9,C0042769,0.55
TNNI3,C0007193,1.0
TNNI3,C0007194,1.0
TNNI3,C0007196,0.95
TNNI3,C0008780,0.4
TNNI3,C0018799,0.85
TNNI3,C0023976,0.4
TNNI3,C0027051,0.95
TNNI3,C0027059,0.85
TNNI3,C0033141,0.5
TNNI3,C0036529,0.4
TNNI3,C0038644,0.4
TNNI3,C0340427,0.4
TNNI3,C0340429,0.5
TNNI3,C0349788,0.4
TNNI3,C0878544,0.9
TNNI3,C0948089,0.85
TNNI3,C0949658,0.8
TNNI3,C1449563,0.7
TNNI3,C1720824,0.5
TNNI3,C1860752,0.65
TNNI3,C1861861,0.85
TNNI3,C2678474,0.6
TNNI3,C2750091,0.6
TNNI3,C3495498,0.4
TNNI3,C4021133,0.4
TNNI3,C5679590,0.4
TNNI3,C5680139,0.4
TNNT2,C0007193,1.0
TNNT2,C0007194,1.0
TNNT2,C0007196,0.9
TNNT2,C0007222,0.85
TNNT2,C0017921,0.5
TNNT2,C0018799,0.85
TNNT2,C0018800,0.5
TNNT2,C0018801,0.9
TNNT2,C0018802,0.8
TNNT2,C0018805,0.75
TNNT2,C0020192,0.5
TNNT2,C0024117,0.6
TNNT2,C0027059,0.7
TNNT2,C0027540,0.5
TNNT2,C0033141,0.4
TNNT2,C0036529,0.5
TNNT2,C0042514,0.6
TNNT2,C0043202,0.4
TNNT2,C0085298,0.85
TNNT2,C0151744,0.85
TNNT2,C0242698,0.65
TNNT2,C0340427,0.65
TNNT2,C0340429,0.4
TNNT2,C0349788,0.5
TNNT2,C0587248,0.4
TNNT2,C0878544,0.9
TNNT2,C0948089,0.85
TNNT2,C0949658,0.9
TNNT2,C1832243,0.65
TNNT2,C1834481,0.4
TNNT2,C1860752,0.4
TNNT2,C1861862,0.4
TNNT2,C1861864,0.75
TNNT2,C1960469,0.7
TNNT2,C2676271,0.5
TNNT2,C2750995,0.4
TNNT2,C3495498,0.4
TNNT2,C4021133,0.65
TNNT2,C4478895,0.4
TNNT2,C5679590,0.45
TNNT2,C5680139,0.4
TOB1,C0014175,0.5
TOB1,C0263454,0.4
TOP1,C0006142,0.7
TOP1,C0023903,0.4
TOP1,C0919267,0.4
TOP1,C1510586,0.4
TOP1,C4016020,0.4
TOP2A,C0010606,0.5
TOP2A,C0017638,0.7
TOP2A,C0023418,0.8
TOP2A,C0023903,0.4
TOP2A,C0032460,0.4
TOP2A,C0033578,0.45
TOP2A,C0036095,0.4
TOP2A,C0152013,0.75
TOP2A,C0206686,0.6
TOP2A,C0243026,0.5
TOP2A,C0555198,0.4
TOP2A,C1335060,0.4
TOP2A,C1458155,0.7
TOP2A,C2239176,0.75
TP53,C0001418,1.0
TP53,C0001430,0.95
TP53,C0004114,1.0
TP53,C0005684,0.9
TP53,C0005695,0.95
TP53,C0006118,1.0
TP53,C0006142,1.0
TP53,C0007097,0.95
TP53,C0007124,0.9
TP53,C0007131,1.0
TP53,C0007134,1.0
TP53,C0007137,1.0
TP53,C0007138,1.0
TP53,C0009375,0.9
TP53,C0009402,0.9
TP53,C0009404,1.0
TP53,C0010054,0.8
TP53,C0014170,0.9
TP53,C0014859,1.0
TP53,C0017638,1.0
TP53,C0018923,0.9
TP53,C0019829,0.9
TP53,C0020538,1.0
TP53,C0022116,0.8
TP53,C0022593,0.85
TP53,C0023434,1.0
TP53,C0023449,0.9
TP53,C0023467,1.0
TP53,C0023903,0.9
TP53,C0024121,1.0
TP53,C0024299,1.0
TP53,C0024305,0.95
TP53,C0024623,1.0
TP53,C0025202,1.0
TP53,C0025500,0.85
TP53,C0026640,0.9
TP53,C0026764,1.0
TP53,C0027051,0.9
TP53,C0027672,0.85
TP53,C0027708,0.9
TP53,C0027819,1.0
TP53,C0029463,1.0
TP53,C0030297,1.0
TP53,C0033578,1.0
TP53,C0035412,0.9
TP53,C0036341,0.85
TP53,C0036920,0.85
TP53,C0037286,1.0
TP53,C0038356,1.0
TP53,C0040028,0.85
TP53,C0040100,0.85
TP53,C0040136,0.95
TP53,C0040411,0.8
TP53,C0079744,1.0
TP53,C0079772,0.9
TP53,C0079773,0.85
TP53,C0085136,0.9
TP53,C0085390,1.0
TP53,C0149925,1.0
TP53,C0152013,1.0
TP53,C0205770,0.85
TP53,C0206656,0.85
TP53,C0206686,1.0
TP53,C0206698,0.95
TP53,C0206726,0.8
TP53,C0220641,0.85
TP53,C0235974,0.85
TP53,C0238461,0.75
TP53,C0238463,0.9
TP53,C0265965,0.8
TP53,C0278701,0.8
TP53,C0279626,1.0
TP53,C0279628,0.85
TP53,C0345967,0.75
TP53,C0346153,0.75
TP53,C0346629,1.0
TP53,C0376358,0.95
TP53,C0376544,0.8
TP53,C0431109,0.85
TP53,C0546837,0.85
TP53,C0555198,1.0
TP53,C0585362,0.9
TP53,C0585442,0.85
TP53,C0677886,0.85
TP53,C0678222,1.0
TP53,C0699790,0.85
TP53,C0751688,0.8
TP53,C0858252,0.8
TP53,C0919267,1.0
TP53,C1153706,0.8
TP53,C1168401,1.0
TP53,C1176475,0.85
TP53,C1261473,0.95
TP53,C1335177,0.9
TP53,C1458155,1.0
TP53,C2239176,1.0
TP53,C2931822,0.85
TP53,C2939461,0.75
TP53,C3463824,1.0
TP53,C4048328,0.85
TPH1,C0001973,0.7
TPH1,C0002395,0.65
TPH1,C0005586,0.7
TPH1,C0006012,0.65
TPH1,C0011570,0.85
TPH1,C0011581,0.75
TPH1,C0020542,0.55
TPH1,C0022665,0.4
TPH1,C0024517,0.6
TPH1,C0028043,0.65
TPH1,C0036341,0.8
TPH1,C0036439,0.45
TPH1,C0041671,0.55
TPH1,C0041696,0.7
TPH1,C0085762,0.45
TPH1,C0221074,0.55
TPH1,C0270458,0.6
TPH1,C0525045,0.7
TPH1,C1269683,0.7
TPH2,C0004352,0.75
TPH2,C0005586,0.8
TPH2,C0005587,0.55
TPH2,C0011570,0.95
TPH2,C0011581,0.9
TPH2,C0015967,0.4
TPH2,C0024517,0.5
TPH2,C0030319,0.7
TPH2,C0033975,0.6
TPH2,C0036341,0.75
TPH2,C0036349,0.6
TPH2,C0041671,0.4
TPH2,C0041696,0.8
TPH2,C0085762,0.55
TPH2,C0154409,0.6
TPH2,C0525045,0.75
TPH2,C0600427,0.6
TPH2,C1269683,0.8
TPH2,C2751802,0.45
TPMT,C0002170,0.65
TPMT,C0023449,0.85
TPMT,C0023530,0.8
TPMT,C0027947,0.7
TPMT,C0342801,0.9
TPMT,C1335469,0.4
TPMT,C1510586,0.4
TPMT,C2931223,0.45
TPO,C0003089,0.4
TPO,C0005586,0.6
TPO,C0010308,1.0
TPO,C0017658,0.55
TPO,C0018021,0.8
TPO,C0018213,0.85
TPO,C0036857,0.4
TPO,C0241442,0.4
TPO,C0342200,0.55
TPO,C0349588,0.4
TPO,C0454644,0.4
TPO,C0557874,0.4
TPO,C1291299,0.7
TPO,C1535926,0.4
TPO,C1837658,0.4
TPO,C3493776,0.4
TPO,C4273748,0.75
TPP2,C0021051,0.6
TPP2,C0040034,0.4
TPP2,C0263401,0.4
TPP2,C0271429,0.4
TPP2,C0557874,0.45
TPP2,C0581381,0.4
TPP2,C3163798,0.45
TPP2,C5543159,0.6
TPT1,C0022665,0.4
TPT1,C0033578,0.4
TPT1,C0036341,0.5
TRAF1,C0000786,0.4
TRAF1,C0003873,0.8
TRAF1,C0013274,0.4
TRAF1,C0026769,0.4
TRAF1,C0033578,0.4
TRAF6,C0003873,0.75
TRAF6,C0010054,0.4
TRAF6,C0010068,0.65
TRAF6,C0151744,0.4
TRAF6,C0264694,0.4
TRAF6,C0265331,0.4
TRAP1,C0038356,0.4
TRAP1,C0157946,0.4
TRAP1,C1735591,0.65
TRAP1,C1960398,0.4
TRAP1,C1968949,0.65
TRAP1,C2608055,0.4
TREH,C0268187,0.55
TRIB3,C0021655,0.75
TRIB3,C0023487,0.6
TRIB3,C0400966,0.65
TRIB3,C0524620,0.65
TRIB3,C1621958,0.5
TRIB3,C3241937,0.4
TRIM63,C0007194,0.8
TRIM63,C0018800,0.4
TRIM63,C0026846,0.9
TRIM63,C0033141,0.45
TRIM63,C0036529,0.4
TRIM63,C0333641,0.85
TRIM63,C0878544,0.4
TRIM63,C0949658,0.4
TRNG,C0007758,0.5
TRNG,C0020534,0.4
TRNG,C0151526,0.4
TRNG,C0162671,0.5
TRNG,C0239234,0.4
TRNG,C0409348,0.4
TRNG,C0424551,0.4
TRNG,C0431659,0.4
TRNG,C0431904,0.4
TRNG,C0751651,0.45
TRNG,C0917796,0.4
TRNG,C0949658,0.4
TRNG,C1328349,0.4
TRNG,C1398522,0.4
TRNG,C1827524,0.4
TRNG,C1839022,0.4
TRNG,C2931891,0.4
TRNG,C3275684,0.4
TRNG,C4551714,0.4
TRPA1,C0004096,0.75
TRPA1,C0010200,0.75
TRPA1,C0020429,0.7
TRPA1,C0021368,0.75
TRPA1,C0030193,0.75
TRPA1,C0037383,0.5
TRPA1,C0085129,0.5
TRPA1,C0751381,0.4
TRPA1,C0878773,0.7
TRPA1,C3808667,0.7
TRPC3,C0005586,0.5
TRPC3,C0005587,0.4
TRPC3,C0020538,0.6
TRPC3,C0024713,0.4
TRPC3,C0087012,0.5
TRPC3,C0236780,0.4
TRPC3,C4225158,0.7
TRPC5,C0020538,0.65
TRPC5,C3714756,0.6
TRPC6,C0004936,0.4
TRPC6,C0015674,0.45
TRPC6,C0017668,0.95
TRPC6,C0020564,0.65
TRPC6,C0022658,0.75
TRPC6,C0027726,0.8
TRPC6,C1858915,0.65
TRPC6,C3496337,0.55
TRPC6,C4273714,0.4
TRPM3,C0029531,0.45
TRPM3,C0036572,0.65
TRPM3,C0154536,0.4
TRPM3,C0376358,0.7
TRPM3,C0524582,0.4
TRPM3,C0543888,0.5
TRPM3,C0557874,0.65
TRPM3,C1535926,0.65
TRPM3,C2676770,0.4
TRPM3,C3714756,0.65
TRPM3,C4225493,0.4
TRPM3,C5680502,0.45
TRPM3,C5830244,0.5
TRPM3,C5830299,0.5
TRPM7,C0001430,0.7
TRPM7,C0009376,0.4
TRPM7,C0009404,0.5
TRPM7,C0023890,0.4
TRPM7,C0027626,0.4
TRPM7,C0041806,0.4
TRPM7,C0278701,0.4
TRPM7,C0334389,0.4
TRPM7,C0522224,0.45
TRPM7,C0543859,0.8
TRPM7,C0549159,0.4
TRPM7,C1335177,0.4
TRPM7,C1865974,0.65
TRPM7,C3165106,0.4
TRPM7,C3468114,0.4
TRPM7,C4304021,0.4
TRPM7,C5676892,0.4
TRPM8,C0149931,0.8
TRPM8,C0338480,0.5
TRPV1,C0004153,0.65
TRPV1,C0005684,0.65
TRPV1,C0005695,0.4
TRPV1,C0010200,0.85
TRPV1,C0014170,0.4
TRPV1,C0014556,0.65
TRPV1,C0014852,0.5
TRPV1,C0014868,0.75
TRPV1,C0018834,0.6
TRPV1,C0020429,0.8
TRPV1,C0021368,0.9
TRPV1,C0024591,0.55
TRPV1,C0028754,0.75
TRPV1,C0030193,0.85
TRPV1,C0030305,0.65
TRPV1,C0037383,0.4
TRPV1,C0149931,0.8
TRPV2,C0014170,0.4
TRPV3,C0009404,0.45
TRPV3,C0020507,0.4
TRPV3,C0036341,0.45
TRPV3,C0154723,0.55
TRPV3,C0346629,0.55
TRPV3,C0406761,0.75
TRPV3,C1306122,0.45
TRPV3,C4225339,0.6
TRPV3,C5542829,0.6
TRPV3,C5681107,0.4
TRPV4,C0003977,0.4
TRPV4,C0005940,0.5
TRPV4,C0007959,0.7
TRPV4,C0008449,0.4
TRPV4,C0009081,0.45
TRPV4,C0009782,0.4
TRPV4,C0011195,0.45
TRPV4,C0015814,0.4
TRPV4,C0017638,0.5
TRPV4,C0020429,0.6
TRPV4,C0020625,0.55
TRPV4,C0024117,0.6
TRPV4,C0026847,0.65
TRPV4,C0027070,0.4
TRPV4,C0027543,0.4
TRPV4,C0027868,0.65
TRPV4,C0027888,0.65
TRPV4,C0029422,0.65
TRPV4,C0029445,0.4
TRPV4,C0042035,0.4
TRPV4,C0157946,0.4
TRPV4,C0158442,0.4
TRPV4,C0158449,0.4
TRPV4,C0158450,0.4
TRPV4,C0158451,0.4
TRPV4,C0205713,0.45
TRPV4,C0265280,0.9
TRPV4,C0265281,1.0
TRPV4,C0270763,0.4
TRPV4,C0393541,0.65
TRPV4,C0410528,0.8
TRPV4,C0427144,0.4
TRPV4,C0432227,0.6
TRPV4,C0476403,0.4
TRPV4,C0555198,0.4
TRPV4,C0745048,0.4
TRPV4,C0751036,0.5
TRPV4,C0751335,0.9
TRPV4,C1408174,0.45
TRPV4,C1408182,0.45
TRPV4,C1838492,0.9
TRPV4,C1847406,0.7
TRPV4,C1852271,0.4
TRPV4,C1853710,0.9
TRPV4,C1865117,0.4
TRPV4,C1868616,0.8
TRPV4,C2875300,0.45
TRPV4,C3150077,0.4
TRPV4,C3150755,0.4
TRPV4,C3159322,0.8
TRPV4,C4024921,0.4
TRPV4,C4082197,0.4
TRPV4,C4275066,0.4
TRPV4,C4479260,0.4
TRPV4,C5548212,0.4
TRPV4,C5680977,0.45
TRPV6,C0020502,0.6
TRPV6,C0032460,0.4
TRPV6,C0238339,0.6
TRPV6,C1300287,0.7
TRPV6,C1832615,0.4
TRPV6,C1833144,0.4
TSC2,C0003862,0.4
TSC2,C0004352,0.8
TSC2,C0006111,0.6
TSC2,C0007137,0.6
TSC2,C0010674,0.4
TSC2,C0011269,0.4
TSC2,C0014544,0.8
TSC2,C0018552,0.75
TSC2,C0021368,0.65
TSC2,C0022665,0.9
TSC2,C0022680,0.8
TSC2,C0023267,0.7
TSC2,C0023467,0.65
TSC2,C0024121,0.65
TSC2,C0025149,0.75
TSC2,C0026640,0.4
TSC2,C0027672,0.5
TSC2,C0027746,0.55
TSC2,C0030297,0.5
TSC2,C0035411,0.6
TSC2,C0036572,0.8
TSC2,C0036857,0.5
TSC2,C0037769,0.75
TSC2,C0041341,1.0
TSC2,C0085413,0.75
TSC2,C0085584,0.4
TSC2,C0153458,0.4
TSC2,C0153459,0.4
TSC2,C0153460,0.4
TSC2,C0153463,0.4
TSC2,C0206663,0.75
TSC2,C0221263,0.45
TSC2,C0241240,0.4
TSC2,C0279607,0.4
TSC2,C0349649,0.75
TSC2,C0393698,0.4
TSC2,C0393699,0.4
TSC2,C0497552,0.5
TSC2,C0546878,0.4
TSC2,C0553558,0.4
TSC2,C0684276,0.5
TSC2,C0751674,1.0
TSC2,C0751688,0.4
TSC2,C1140680,0.4
TSC2,C1333962,0.65
TSC2,C1334410,0.45
TSC2,C1510586,0.85
TSC2,C1527306,0.4
TSC2,C1527366,0.55
TSC2,C1535926,0.6
TSC2,C1838327,0.6
TSC2,C1844820,0.4
TSC2,C1846385,0.65
TSC2,C1854465,0.6
TSC2,C1856877,0.4
TSC2,C1860707,0.75
TSC2,C1860711,0.45
TSC2,C1968959,0.55
TSC2,C2938983,0.65
TSC2,C3149841,0.65
TSC2,C3714756,0.8
TSC2,C3714772,0.4
TSC2,C3887898,0.75
TSC2,C3888239,0.4
TSC2,C4021762,0.5
TSC2,C4022738,0.45
TSC2,C4023808,0.4
TSC2,C4225157,0.4
TSC2,C5679768,0.4
TSC2,C5679770,0.4
TSC2,C5708128,0.4
TSC2,C5708129,0.4
TSC22D3,C0020459,0.4
TSC22D3,C0021364,0.4
TSC22D3,C0039584,0.4
TSC22D3,C1262477,0.4
TSHB,C0005586,0.5
TSHB,C0005587,0.4
TSHB,C0009421,0.4
TSHB,C0010308,0.9
TSHB,C0018213,0.85
TSHB,C0020672,0.45
TSHB,C0020676,1.0
TSHB,C0024713,0.4
TSHB,C0236780,0.4
TSHB,C0271789,0.6
TSHB,C0342151,0.45
TSHB,C0342154,0.45
TSHB,C0749420,0.45
TSHB,C3665349,0.8
TSHB,C4082174,0.6
TSHR,C0001430,0.75
TSHR,C0001624,0.4
TSHR,C0006142,0.65
TSHR,C0007097,0.6
TSHR,C0010308,1.0
TSHR,C0014544,0.5
TSHR,C0018213,1.0
TSHR,C0020550,1.0
TSHR,C0024121,0.4
TSHR,C0024232,0.5
TSHR,C0026267,0.65
TSHR,C0033141,0.45
TSHR,C0036529,0.45
TSHR,C0040136,0.75
TSHR,C0040156,1.0
TSHR,C0151516,0.8
TSHR,C0334389,0.4
TSHR,C0339143,1.0
TSHR,C0342151,0.4
TSHR,C0342154,0.4
TSHR,C0342200,0.5
TSHR,C0376323,0.7
TSHR,C0424605,0.4
TSHR,C0549473,0.75
TSHR,C0553707,0.4
TSHR,C0677776,0.4
TSHR,C0749420,0.55
TSHR,C0878544,0.55
TSHR,C0920350,0.8
TSHR,C1140680,0.6
TSHR,C1368683,0.4
TSHR,C1563709,0.5
TSHR,C1836706,1.0
TSHR,C1846135,0.4
TSHR,C1863959,0.9
TSHR,C1863960,0.75
TSHR,C3493776,0.9
TSHR,C3714618,0.4
TSHR,C4274306,0.75
TSHR,C4305275,0.6
TSPO,C0005586,0.6
TSPO,C0019151,0.65
TSPO,C0745744,0.4
TTK,C0032460,0.4
TTK,C2239176,0.7
TTR,C0002395,1.0
TTR,C0002726,1.0
TTR,C0007286,0.9
TTR,C0007959,0.5
TTR,C0011570,0.75
TTR,C0011581,0.75
TTR,C0011609,0.4
TTR,C0022660,0.6
TTR,C0024121,0.65
TTR,C0206245,0.95
TTR,C0264886,0.4
TTR,C0268384,0.9
TTR,C0427144,0.4
TTR,C0740340,1.0
TTR,C0878544,1.0
TTR,C0949658,0.5
TTR,C1142166,0.4
TTR,C1565662,0.4
TTR,C2609414,0.7
TTR,C2750824,0.6
TTR,C2751492,1.0
TTR,C4275067,0.65
TTR,C4277682,0.4
TTR,C4480969,0.7
TTR,C4509024,0.5
TTR,C5680265,0.4
TTR,C5779776,0.6
TUBA1A,C0007789,0.5
TUBA1A,C0010417,0.45
TUBA1A,C0010964,0.5
TUBA1A,C0025958,0.65
TUBA1A,C0026650,0.4
TUBA1A,C0036572,0.55
TUBA1A,C0037769,0.4
TUBA1A,C0151744,0.4
TUBA1A,C0175754,0.65
TUBA1A,C0206710,0.4
TUBA1A,C0266463,0.9
TUBA1A,C0266483,0.75
TUBA1A,C0270824,0.4
TUBA1A,C0270855,0.4
TUBA1A,C0424688,0.4
TUBA1A,C0497552,0.4
TUBA1A,C0557874,0.65
TUBA1A,C1276035,0.55
TUBA1A,C1302995,0.6
TUBA1A,C1368295,0.4
TUBA1A,C1535926,0.65
TUBA1A,C1837249,0.6
TUBA1A,C1840379,0.45
TUBA1A,C1845668,0.5
TUBA1A,C1850601,0.45
TUBA1A,C1856019,0.4
TUBA1A,C1969029,0.55
TUBA1A,C2936332,0.4
TUBA1A,C3806403,0.4
TUBA1A,C4021085,0.4
TUBA1A,C4021762,0.4
TUBA1A,C4022387,0.4
TUBA1A,C4277682,0.4
TUBA1A,C4305153,0.5
TUBA1A,C4749301,0.4
TUBA1A,C5231391,0.4
TUBA1A,C5568850,0.45
TUBA1A,C5680527,0.4
TUBA1B,C0027868,0.4
TUBA1B,C0029456,0.4
TUBA1B,C1302995,0.4
TWIST1,C0006142,0.85
TWIST1,C0010054,0.65
TWIST1,C0010068,0.4
TWIST1,C0010278,0.85
TWIST1,C0027626,0.4
TWIST1,C0038356,0.6
TWIST1,C0151744,0.4
TWIST1,C0175699,1.0
TWIST1,C0206180,0.4
TWIST1,C0221356,0.65
TWIST1,C0264694,0.4
TWIST1,C0678222,0.9
TWIST1,C1510455,0.7
TWIST1,C1856266,0.7
TWIST1,C1863370,0.4
TWIST1,C1867146,0.55
TWIST1,C4022738,0.4
TWIST1,C4540299,0.9
TWIST1,C4551902,0.6
TWIST1,C5680150,0.5
TXN,C0000768,0.55
TXN,C0006287,0.6
TXN,C0011616,0.4
TXN,C0020255,0.55
TXN,C0023895,0.4
TXN,C0027626,0.4
TXN,C0033141,0.4
TXN,C0036529,0.4
TXN,C0242488,0.55
TXN,C0278752,0.4
TXN,C0345967,0.6
TXN,C0392400,0.4
TXN,C0878544,0.5
TXN,C1332338,0.4
TXN,C1458155,0.5
TXNDC17,C0279626,0.4
TXNIP,C0003873,0.6
TXNIP,C0011881,0.75
TXNIP,C0014175,0.5
TXNIP,C0038356,0.45
TXNIP,C0079744,0.65
TXNRD1,C0001430,0.5
TXNRD1,C0002736,0.55
TXNRD1,C0009404,0.4
TXNRD1,C0011616,0.4
TXNRD1,C0014544,0.6
TXNRD1,C0018801,0.5
TXNRD1,C0018802,0.5
TXNRD1,C0025500,0.4
TXNRD1,C0151744,0.4
TXNRD1,C0157946,0.4
TXNRD1,C0334389,0.4
TXNRD1,C1510586,0.5
TYMP,C0005684,0.6
TYMP,C0005695,0.55
TYMP,C0007097,0.8
TYMP,C0007131,0.75
TYMP,C0007138,0.55
TYMP,C0009375,0.5
TYMP,C0009404,0.6
TYMP,C0030297,0.6
TYMP,C0038356,0.5
TYMP,C0153458,0.5
TYMP,C0153459,0.5
TYMP,C0153460,0.5
TYMP,C0153463,0.5
TYMP,C0162666,0.8
TYMP,C0279626,0.6
TYMP,C0334265,0.45
TYMP,C0553707,0.4
TYMP,C0751651,0.7
TYMP,C0872218,1.0
TYMP,C1368683,0.4
TYMP,C1848586,0.45
TYMP,C2749862,0.45
TYMP,C3501849,0.45
TYMP,C3711125,0.45
TYMP,C4551995,0.6
TYMP,C5399977,0.4
TYMP,C5435656,0.4
TYR,C0001916,0.85
TYR,C0025202,1.0
TYR,C0027092,0.45
TYR,C0028738,0.7
TYR,C0029131,0.45
TYR,C0033975,0.6
TYR,C0035300,0.4
TYR,C0036341,0.6
TYR,C0037286,0.7
TYR,C0038379,0.45
TYR,C0042900,0.5
TYR,C0078917,0.85
TYR,C0078918,1.0
TYR,C0078921,0.55
TYR,C0078922,0.55
TYR,C0078923,0.65
TYR,C0151779,1.0
TYR,C0152439,0.55
TYR,C0162835,0.9
TYR,C0206710,0.4
TYR,C0235996,0.4
TYR,C0268494,0.8
TYR,C0271385,0.4
TYR,C0349204,0.5
TYR,C0375489,0.45
TYR,C0600518,0.4
TYR,C0700501,0.5
TYR,C1096099,0.4
TYR,C1368295,0.4
TYR,C1384666,0.55
TYR,C1847024,1.0
TYR,C1847132,0.45
TYR,C1849221,0.4
TYR,C1853141,0.4
TYR,C2673946,0.55
TYR,C2677190,0.45
TYR,C2700265,0.5
TYR,C3149136,0.4
TYR,C3152204,0.4
TYR,C3278401,0.45
TYR,C4021768,0.4
TYR,C4316870,0.4
TYR,C4551504,0.95
TYR,C5679923,0.4
TYR,C5848159,0.4
TYRP1,C0001418,0.4
TYRP1,C0001916,0.8
TYRP1,C0024121,0.4
TYRP1,C0025202,0.85
TYRP1,C0078917,0.6
TYRP1,C0078918,0.85
TYRP1,C0078921,0.45
TYRP1,C0078922,0.45
TYRP1,C0078923,0.45
TYRP1,C0342683,1.0
TYRP1,C0375489,0.4
TYRP1,C1835054,0.4
TYRP1,C2677086,0.45
UBE3A,C0004352,0.85
UBE3A,C0008073,0.65
UBE3A,C0014544,0.8
UBE3A,C0036572,0.8
UBE3A,C0151611,0.55
UBE3A,C0162635,1.0
UBE3A,C0376634,0.4
UBE3A,C0424605,0.6
UBE3A,C0454641,0.4
UBE3A,C0543888,0.4
UBE3A,C0557874,0.65
UBE3A,C1535926,0.75
UBE3A,C1842581,0.4
UBE3A,C1848207,0.45
UBE3A,C2675336,0.4
UBE3A,C3714756,0.8
UBE3A,C5566334,0.4
UBE3A,C5680342,0.4
UBE3A,C5681146,0.4
UBE3A,C5681834,0.4
UBIAD1,C0013608,0.55
UBIAD1,C0151699,0.4
UBIAD1,C0271287,1.0
UCHL1,C0002395,0.9
UCHL1,C0007131,0.7
UCHL1,C0014859,0.6
UCHL1,C0016978,0.4
UCHL1,C0019284,0.4
UCHL1,C0030567,0.95
UCHL1,C0031117,0.6
UCHL1,C1335029,0.4
UCHL1,C2239176,0.6
UCHL1,C3150899,0.45
UCHL1,C3809665,0.7
UCHL1,C4749947,0.7
UCHL1,C5774300,0.5
UCP1,C0007193,0.4
UCP1,C0011860,0.9
UCP1,C0018801,0.65
UCP1,C0018802,0.65
UCP1,C0020538,0.7
UCP1,C0028754,0.95
UCP2,C0005586,0.6
UCP2,C0007097,0.4
UCP2,C0007273,0.45
UCP2,C0007786,0.4
UCP2,C0011860,0.9
UCP2,C0011882,0.55
UCP2,C0015695,0.8
UCP2,C0015696,0.45
UCP2,C0018800,0.4
UCP2,C0020538,0.85
UCP2,C0022661,0.65
UCP2,C0028754,0.95
UCP2,C0036341,0.6
UCP2,C0038454,0.8
UCP2,C0270611,0.7
UCP2,C0553707,0.4
UCP2,C0678306,0.55
UCP2,C1368683,0.4
UCP2,C1843898,0.4
UCP2,C4303082,0.4
UCP3,C0011849,0.65
UCP3,C0011860,0.9
UCP3,C0011882,0.55
UCP3,C0020615,0.45
UCP3,C0028754,1.0
UCP3,C0028756,0.5
UCP3,C0033578,0.4
UCP3,C0362046,0.65
UCP3,C0948480,0.45
UCP3,C4016768,0.4
UCP3,C4054476,0.4
UGCG,C0021400,0.4
UGCG,C0079154,0.4
UGCG,C0151744,0.4
UGCG,C5203670,0.4
UGP2,C5231487,0.6
UGT1A,C0010324,0.6
UGT1A,C0017551,0.75
UGT1A,C0270210,0.4
UGT1A,C0311468,0.4
UGT1A,C1866173,0.4
UGT1A,C2931132,0.5
UGT1A,C4016425,0.4
UGT1A,C5551003,0.65
UGT1A1,C0006142,0.75
UGT1A1,C0006739,0.45
UGT1A1,C0007103,0.65
UGT1A1,C0007131,0.6
UGT1A1,C0010324,1.0
UGT1A1,C0011616,0.4
UGT1A1,C0014170,0.45
UGT1A1,C0017551,1.0
UGT1A1,C0019163,0.65
UGT1A1,C0019829,0.6
UGT1A1,C0020433,1.0
UGT1A1,C0020435,0.5
UGT1A1,C0022610,0.7
UGT1A1,C0022660,0.5
UGT1A1,C0023470,0.4
UGT1A1,C0027947,0.95
UGT1A1,C0156147,0.45
UGT1A1,C0270210,0.5
UGT1A1,C0311468,0.6
UGT1A1,C0334239,0.4
UGT1A1,C0857007,0.85
UGT1A1,C0919267,0.65
UGT1A1,C0947622,0.9
UGT1A1,C1140680,0.65
UGT1A1,C1299247,0.45
UGT1A1,C1510586,0.6
UGT1A1,C1565662,0.4
UGT1A1,C1866173,0.4
UGT1A1,C2609414,0.5
UGT1A1,C2931132,0.95
UGT1A1,C4016425,0.4
UGT1A1,C5551003,0.75
UGT1A3,C0010324,0.4
UGT1A3,C0017551,0.7
UGT1A3,C0036341,0.4
UGT1A3,C0270210,0.4
UGT1A3,C0311468,0.4
UGT1A3,C1866173,0.4
UGT1A3,C2931132,0.4
UGT1A3,C4016425,0.4
UGT1A3,C5551003,0.55
UGT1A4,C0007570,0.4
UGT1A4,C0010324,0.4
UGT1A4,C0017551,0.45
UGT1A4,C0270210,0.4
UGT1A4,C0311468,0.4
UGT1A4,C1866173,0.4
UGT1A4,C2931132,0.4
UGT1A4,C4016425,0.4
UGT1A4,C5551003,0.5
UGT1A6,C0010324,0.4
UGT1A6,C0011616,0.4
UGT1A6,C0017551,0.7
UGT1A6,C0019163,0.45
UGT1A6,C0270210,0.4
UGT1A6,C0311468,0.4
UGT1A6,C1510586,0.4
UGT1A6,C1866173,0.4
UGT1A6,C2931132,0.4
UGT1A6,C4016425,0.4
UGT1A6,C5551003,0.5
UGT1A9,C0006142,0.6
UGT1A9,C0010324,0.4
UGT1A9,C0017551,0.55
UGT1A9,C0022660,0.4
UGT1A9,C0270210,0.4
UGT1A9,C0311468,0.4
UGT1A9,C1565662,0.4
UGT1A9,C1866173,0.4
UGT1A9,C2609414,0.4
UGT1A9,C2931132,0.4
UGT1A9,C4016425,0.4
UGT1A9,C4277682,0.4
UGT1A9,C5551003,0.4
UGT2B7,C0005684,0.6
UGT2B7,C0005695,0.4
UGT2B7,C1510586,0.4
UHRF1,C0010606,0.4
UHRF1,C0398788,0.5
UHRF1,C2239176,0.75
UNC13A,C0002736,1.0
UNC13A,C0004352,0.55
UNC13A,C0007758,0.4
UNC13A,C0009952,0.4
UNC13A,C0040822,0.55
UNC13A,C0454644,0.4
UNC13A,C0497552,0.4
UNC13A,C1535926,0.4
UNC13A,C1836830,0.4
UNC13A,C1862939,0.4
UNG,C0005859,0.6
UNG,C0009404,0.5
UNG,C0013374,0.45
UNG,C0272236,0.65
UNG,C0677776,0.4
UNG,C1720958,0.7
UQCRB,C0025521,0.45
UQCRB,C1852372,0.5
UQCRB,C3541471,0.4
UQCRB,C3554606,0.6
UQCRC1,C0002395,0.65
UQCRC1,C0007194,0.4
UQCRC1,C5543299,0.5
USP5,C4277682,0.4
VAMP2,C0041696,0.65
VAMP2,C1269683,0.65
VAMP2,C1535926,0.6
VAMP2,C5231491,0.5
VASH1,C0020541,0.4
VASH1,C0023890,0.6
VAV1,C0003467,0.5
VAV1,C0004352,0.4
VAV1,C0016202,0.4
VAV1,C0023493,0.4
VAV1,C0025149,0.5
VAV1,C0034013,0.4
VAV1,C0040822,0.4
VAV1,C0152013,0.4
VAV1,C0206663,0.4
VAV1,C0424295,0.4
VAV1,C0454641,0.4
VAV1,C0856975,0.4
VAV1,C1263846,0.4
VAV1,C1334410,0.4
VAV1,C1335060,0.4
VAV1,C1384666,0.4
VAV1,C2243051,0.4
VCAM1,C0002895,0.85
VCAM1,C0003850,0.6
VCAM1,C0004153,0.95
VCAM1,C0007222,0.85
VCAM1,C0008370,0.4
VCAM1,C0009324,0.6
VCAM1,C0011603,0.5
VCAM1,C0012242,0.45
VCAM1,C0019284,0.4
VCAM1,C0020443,0.75
VCAM1,C0020538,0.9
VCAM1,C0026769,0.85
VCAM1,C0029839,0.4
VCAM1,C0041948,0.4
VCAM1,C0151744,0.75
VCAM1,C0268318,0.5
VCAM1,C0375359,0.4
VCAM1,C0948031,0.4
VCAM1,C2239176,0.7
VCAM1,C3489728,0.4
VCP,C0002395,0.75
VCP,C0002736,1.0
VCP,C0007959,0.7
VCP,C0010823,0.4
VCP,C0011195,0.45
VCP,C0015625,0.4
VCP,C0027888,0.45
VCP,C0029401,0.95
VCP,C0033578,0.4
VCP,C0037772,0.7
VCP,C0038325,0.4
VCP,C0151786,0.7
VCP,C0154319,0.45
VCP,C0205713,0.45
VCP,C0238190,0.7
VCP,C0240421,0.4
VCP,C0557874,0.5
VCP,C0752347,0.65
VCP,C1408174,0.45
VCP,C1408182,0.45
VCP,C1833662,1.0
VCP,C1833672,0.75
VCP,C2875300,0.45
VCP,C2931786,0.4
VCP,C3469527,0.4
VCP,C3714756,0.55
VCP,C3888102,0.5
VCP,C4511969,0.4
VCP,C4551951,0.95
VCP,C4749506,0.4
VCP,C5436279,0.6
VCP,C5569026,0.7
VDAC1,C0011881,0.65
VDAC1,C0014544,0.65
VDAC1,C0027051,0.5
VDAC1,C0027055,0.4
VDAC1,C0033578,0.45
VDAC1,C0033922,0.4
VDAC1,C0162670,0.4
VDAC1,C0242698,0.4
VDAC1,C0376358,0.65
VDR,C0002170,0.9
VDR,C0002736,0.75
VDR,C0002986,0.55
VDR,C0003507,0.75
VDR,C0003873,0.8
VDR,C0004096,0.85
VDR,C0004763,0.65
VDR,C0004943,0.65
VDR,C0005586,0.6
VDR,C0006142,0.9
VDR,C0006287,0.8
VDR,C0007137,0.9
VDR,C0007138,0.75
VDR,C0008312,0.8
VDR,C0010054,0.7
VDR,C0010068,0.6
VDR,C0011615,0.75
VDR,C0011884,0.75
VDR,C0014556,0.55
VDR,C0014743,0.55
VDR,C0014869,0.55
VDR,C0015695,0.7
VDR,C0015696,0.45
VDR,C0018213,0.75
VDR,C0019163,0.8
VDR,C0019693,0.75
VDR,C0020538,0.9
VDR,C0023176,0.6
VDR,C0023434,0.6
VDR,C0023890,0.65
VDR,C0023892,0.45
VDR,C0024117,0.75
VDR,C0025202,0.85
VDR,C0026769,0.85
VDR,C0027092,0.75
VDR,C0029696,0.45
VDR,C0030567,0.75
VDR,C0032285,0.65
VDR,C0032460,0.75
VDR,C0033578,0.8
VDR,C0033860,0.8
VDR,C0035579,1.0
VDR,C0041295,0.45
VDR,C0041327,0.9
VDR,C0041408,0.65
VDR,C0041948,0.75
VDR,C0042870,1.0
VDR,C0042900,0.45
VDR,C0086132,0.6
VDR,C0151744,0.6
VDR,C0151779,0.8
VDR,C0152417,0.45
VDR,C0155567,0.45
VDR,C0206710,0.45
VDR,C0221002,0.8
VDR,C0221468,0.6
VDR,C0241910,0.7
VDR,C0264694,0.4
VDR,C0271846,0.45
VDR,C0279628,0.65
VDR,C0334265,0.4
VDR,C0342646,0.85
VDR,C0375489,0.4
VDR,C0376358,0.9
VDR,C0751688,0.45
VDR,C1332355,0.45
VDR,C1368295,0.45
VDR,C1458155,0.85
VDR,C1510586,0.8
VDR,C1527168,0.45
VDR,C2239176,0.85
VDR,C3272841,0.4
VDR,C3536983,1.0
VEGFA,C0001418,0.85
VEGFA,C0002395,0.95
VEGFA,C0003873,0.95
VEGFA,C0004096,0.9
VEGFA,C0004153,0.85
VEGFA,C0005586,0.7
VEGFA,C0006118,0.85
VEGFA,C0007131,1.0
VEGFA,C0007137,0.95
VEGFA,C0007873,0.75
VEGFA,C0008449,0.4
VEGFA,C0008677,0.6
VEGFA,C0009375,0.9
VEGFA,C0010054,0.9
VEGFA,C0010068,0.9
VEGFA,C0011570,0.85
VEGFA,C0011581,0.85
VEGFA,C0011871,0.5
VEGFA,C0011875,0.85
VEGFA,C0011881,1.0
VEGFA,C0011882,0.85
VEGFA,C0011884,1.0
VEGFA,C0014170,0.75
VEGFA,C0014556,0.6
VEGFA,C0017636,0.95
VEGFA,C0017658,0.85
VEGFA,C0018206,0.65
VEGFA,C0018213,0.9
VEGFA,C0018671,0.7
VEGFA,C0018798,0.75
VEGFA,C0018799,0.75
VEGFA,C0018801,0.85
VEGFA,C0018802,0.75
VEGFA,C0018923,0.75
VEGFA,C0019080,0.85
VEGFA,C0020538,1.0
VEGFA,C0020541,0.45
VEGFA,C0021368,0.95
VEGFA,C0022660,0.75
VEGFA,C0023186,0.4
VEGFA,C0023467,0.85
VEGFA,C0023470,0.7
VEGFA,C0023890,0.9
VEGFA,C0024115,0.85
VEGFA,C0024437,0.8
VEGFA,C0026691,0.85
VEGFA,C0026764,1.0
VEGFA,C0027055,0.4
VEGFA,C0027686,0.85
VEGFA,C0027832,0.85
VEGFA,C0027859,0.9
VEGFA,C0029422,0.4
VEGFA,C0029463,0.95
VEGFA,C0032914,1.0
VEGFA,C0033578,0.95
VEGFA,C0033687,0.85
VEGFA,C0033847,0.75
VEGFA,C0033860,0.95
VEGFA,C0035309,0.95
VEGFA,C0035328,0.9
VEGFA,C0035412,0.75
VEGFA,C0037929,0.8
VEGFA,C0038220,0.65
VEGFA,C0038358,0.75
VEGFA,C0042076,0.5
VEGFA,C0085109,0.9
VEGFA,C0151744,0.9
VEGFA,C0152021,0.75
VEGFA,C0206726,0.6
VEGFA,C0242350,0.75
VEGFA,C0242488,0.9
VEGFA,C0264694,0.7
VEGFA,C0270611,0.9
VEGFA,C0271051,0.9
VEGFA,C0271084,0.85
VEGFA,C0279543,0.9
VEGFA,C0279702,0.85
VEGFA,C0334401,0.45
VEGFA,C0342257,0.85
VEGFA,C0376358,0.9
VEGFA,C0524662,0.55
VEGFA,C0525045,0.7
VEGFA,C0600518,1.0
VEGFA,C0699790,0.75
VEGFA,C0742343,0.65
VEGFA,C0751688,0.6
VEGFA,C0752308,0.65
VEGFA,C0887833,0.65
VEGFA,C1269683,0.8
VEGFA,C1335062,0.45
VEGFA,C1514422,0.6
VEGFA,C1565662,0.4
VEGFA,C2063866,0.6
VEGFA,C2239176,1.0
VEGFA,C2609414,0.85
VEGFA,C2717961,0.75
VEGFA,C2937358,0.85
VEGFA,C3825727,0.4
VEGFA,C4277682,0.4
VEGFA,C4722327,0.4
VEGFC,C0018923,0.6
VEGFC,C0025202,0.75
VEGFC,C0678222,0.8
VEGFC,C0854893,0.4
VEGFC,C1458155,0.75
VEGFC,C4747769,0.5
VEGFC,C5680138,0.5
VIM,C0003873,0.8
VIM,C0004153,0.7
VIM,C0004943,0.55
VIM,C0007140,0.6
VIM,C0009691,0.65
VIM,C0016059,0.85
VIM,C0022658,0.65
VIM,C0023890,0.6
VIM,C0024141,0.65
VIM,C0027626,0.4
VIM,C0027720,0.6
VIM,C0029531,0.4
VIM,C0031149,0.4
VIM,C0033578,0.7
VIM,C0035126,0.5
VIM,C0035309,0.4
VIM,C0039101,0.65
VIM,C0043094,0.4
VIM,C0085084,0.4
VIM,C0086981,0.45
VIM,C0157946,0.4
VIM,C0205788,0.4
VIM,C0206627,0.4
VIM,C0278752,0.4
VIM,C0345967,0.7
VIM,C0392400,0.4
VIM,C0524851,0.4
VIM,C0948089,0.5
VIM,C1175175,0.4
VIM,C1285162,0.4
VIM,C1332338,0.4
VIM,C1334603,0.5
VIM,C1458155,0.85
VIM,C1527336,0.55
VIM,C1833118,0.7
VIM,C1862939,0.4
VIM,C3805411,0.65
VIM,C4277682,0.4
VIP,C0004352,0.6
VIP,C0005586,0.6
VIP,C0005686,0.4
VIP,C0013080,0.6
VIP,C0013604,0.4
VIP,C0015923,0.55
VIP,C0016382,0.6
VIP,C0020429,0.4
VIP,C0020649,0.55
VIP,C0025362,0.5
VIP,C0029227,0.4
VIP,C0030193,0.65
VIP,C0033578,0.5
VIP,C0035455,0.5
VIP,C0036205,0.45
VIP,C0036341,0.6
VIP,C0039231,0.5
VIP,C0085129,0.4
VIP,C0085762,0.45
VIP,C0242350,0.5
VIP,C0242488,0.7
VIP,C1542327,0.55
VLDLR,C0002395,0.8
VLDLR,C0004352,0.7
VLDLR,C0028754,0.7
VLDLR,C0036341,0.65
VLDLR,C0154319,0.45
VLDLR,C0232939,0.4
VLDLR,C0266470,0.7
VLDLR,C0394006,0.7
VLDLR,C0400966,0.65
VLDLR,C0497552,0.4
VLDLR,C3241937,0.4
VLDLR,C3714756,0.7
VLDLR,C4551552,0.8
VLDLR,C4551563,0.4
VLDLR,C5231391,0.4
VRK1,C0025362,0.45
VRK1,C0026847,0.8
VRK1,C0393541,0.7
VRK1,C0677776,0.4
VRK1,C1261175,0.7
VRK1,C1843504,0.8
VRK1,C3468114,0.4
VRK1,C3553449,0.5
VRK1,C4021727,0.45
VRK1,C4021745,0.4
VRK1,C4706585,0.45
VRK1,C5442006,0.8
VRK1,C5882703,0.6
VTN,C0008728,0.45
VTN,C0023890,0.65
VTN,C0040053,0.7
VTN,C0087086,0.55
VTN,C0156147,0.4
VTN,C1963943,0.45
VTN,C3495801,0.55
VWF,C0001956,0.6
VWF,C0001973,0.5
VWF,C0004238,0.85
VWF,C0004943,0.65
VWF,C0005129,0.8
VWF,C0006142,0.7
VWF,C0007222,0.85
VWF,C0015230,0.4
VWF,C0018801,0.8
VWF,C0018802,0.7
VWF,C0019069,0.95
VWF,C0019080,0.95
VWF,C0020538,0.8
VWF,C0020542,0.7
VWF,C0022661,0.85
VWF,C0038325,0.4
VWF,C0040028,0.75
VWF,C0040034,0.9
VWF,C0040053,0.95
VWF,C0042974,1.0
VWF,C0079102,0.4
VWF,C0087086,0.9
VWF,C0151529,0.45
VWF,C0752143,0.4
VWF,C0850715,0.4
VWF,C1264039,1.0
VWF,C1264040,1.0
VWF,C1264041,1.0
VWF,C1282968,0.8
VWF,C1282971,0.85
VWF,C1282974,0.75
VWF,C1282975,0.8
VWF,C1458140,0.8
VWF,C1510586,0.4
VWF,C1846821,0.4
VWF,C1848213,0.4
VWF,C1963943,0.65
VWF,C3541994,0.4
VWF,C4023022,0.45
VWF,C4024701,0.45
VWF,C4277682,0.45
VWF,C5703318,0.65
WARS2,C0751651,0.6
WARS2,C1535926,0.5
WARS2,C4540192,0.6
WARS2,C5676913,0.45
WEE1,C0007131,0.75
WEE1,C1168401,0.75
WNT1,C0009782,0.4
WNT1,C0022578,0.4
WNT1,C0029434,0.95
WNT1,C0029456,0.85
WNT1,C0268362,0.55
WNT1,C0268363,0.4
WNT1,C1458155,0.75
WNT1,C3714945,0.4
WNT1,C3808844,0.85
WNT3A,C0028754,0.4
WNT3A,C0035126,0.4
WNT5A,C0007873,0.4
WNT5A,C0024121,0.4
WNT5A,C0265205,0.8
WNT5A,C0349588,0.45
WNT5A,C1720887,0.4
WNT5A,C1800706,0.6
WNT5A,C4551475,0.6
WNT5A,C5200540,0.9
WT1,C0002395,0.65
WT1,C0003076,0.8
WT1,C0008370,0.4
WT1,C0009375,0.4
WT1,C0017636,0.8
WT1,C0017658,0.65
WT1,C0017668,0.9
WT1,C0018051,0.75
WT1,C0019284,0.75
WT1,C0022658,0.9
WT1,C0023418,0.95
WT1,C0023467,1.0
WT1,C0023487,0.85
WT1,C0024121,0.55
WT1,C0025500,0.85
WT1,C0027672,0.4
WT1,C0027708,1.0
WT1,C0027726,0.85
WT1,C0027809,0.6
WT1,C0029463,0.6
WT1,C0030297,0.55
WT1,C0031149,0.5
WT1,C0033687,0.8
WT1,C0085215,0.7
WT1,C0153458,0.4
WT1,C0153459,0.4
WT1,C0153460,0.4
WT1,C0153463,0.4
WT1,C0206115,0.85
WT1,C0206639,0.4
WT1,C0239937,0.45
WT1,C0266362,0.65
WT1,C0278752,0.45
WT1,C0278878,0.4
WT1,C0279543,0.85
WT1,C0281508,0.75
WT1,C0344542,0.4
WT1,C0345967,1.0
WT1,C0349636,0.6
WT1,C0392400,0.45
WT1,C0403397,0.75
WT1,C0403399,0.5
WT1,C0445118,0.4
WT1,C0950121,1.0
WT1,C0950122,1.0
WT1,C1332219,0.5
WT1,C1332338,0.45
WT1,C1333015,0.95
WT1,C1335062,0.45
WT1,C1458155,0.65
WT1,C1514422,0.4
WT1,C1561643,0.75
WT1,C1837026,0.8
WT1,C1857821,0.4
WT1,C1860268,0.45
WT1,C2826048,0.4
WT1,C2930619,0.5
WT1,C3151568,0.85
WT1,C4273714,0.55
WT1,C5681165,0.4
WWOX,C0002395,0.8
WWOX,C0007137,0.7
WWOX,C0014544,0.85
WWOX,C0014859,0.4
WWOX,C0016037,0.4
WWOX,C0036341,0.4
WWOX,C0037769,0.65
WWOX,C0038356,0.4
WWOX,C0042076,0.4
WWOX,C0087012,0.6
WWOX,C0157916,0.4
WWOX,C0157917,0.4
WWOX,C0157918,0.4
WWOX,C0279626,0.85
WWOX,C0376532,0.4
WWOX,C0393706,0.4
WWOX,C0409667,0.4
WWOX,C0424503,0.5
WWOX,C0424605,0.65
WWOX,C0497552,0.4
WWOX,C0543888,0.8
WWOX,C0546837,0.4
WWOX,C0557874,0.7
WWOX,C0677776,0.4
WWOX,C0751688,0.65
WWOX,C1458155,0.65
WWOX,C1510586,0.65
WWOX,C2930619,0.6
WWOX,C3280452,1.0
WWOX,C3463992,0.4
WWOX,C3714756,0.8
WWOX,C4015519,0.7
WWOX,C4016881,0.4
WWOX,C4022738,0.4
WWOX,C4510744,0.4
WWOX,C4551584,0.45
WWOX,C5680057,0.5
XBP1,C0005586,0.7
XBP1,C0006142,0.8
XBP1,C0015695,0.75
XBP1,C0015696,0.4
XBP1,C0017638,0.6
XBP1,C0021655,0.7
XBP1,C0026769,0.6
XBP1,C0036341,0.6
XBP1,C0037929,0.55
XBP1,C0271650,0.65
XBP1,C0400966,0.75
XBP1,C0555198,0.4
XBP1,C0853193,0.5
XBP1,C2700438,0.45
XBP1,C3241937,0.65
XDH,C0003868,0.4
XDH,C0004352,0.4
XDH,C0005684,0.55
XDH,C0005695,0.45
XDH,C0006142,0.75
XDH,C0007097,0.5
XDH,C0007222,0.7
XDH,C0007273,0.45
XDH,C0018099,0.7
XDH,C0018799,0.4
XDH,C0018801,0.8
XDH,C0018802,0.65
XDH,C0020538,0.9
XDH,C0022116,0.75
XDH,C0022661,0.45
XDH,C0023374,0.5
XDH,C0024517,0.4
XDH,C0026766,0.4
XDH,C0027746,0.5
XDH,C0034065,0.4
XDH,C0035126,0.65
XDH,C0040034,0.4
XDH,C0154409,0.4
XDH,C0220988,0.8
XDH,C0268118,1.0
XDH,C0553707,0.4
XDH,C0740392,0.4
XDH,C0740394,0.9
XDH,C1368683,0.4
XDH,C1863688,0.6
XIAP,C0014859,0.6
XIAP,C0024314,0.7
XIAP,C0027055,0.4
XIAP,C0033578,0.65
XIAP,C0036690,0.4
XIAP,C0085084,0.4
XIAP,C0239998,0.45
XIAP,C0376358,0.8
XIAP,C0451697,0.45
XIAP,C0549463,0.8
XIAP,C0919267,0.8
XIAP,C1845076,1.0
XIAP,C1862939,0.4
XIAP,C3552634,0.4
XIAP,C3554540,0.4
XIAP,C3890737,0.5
XIAP,C5399825,0.6
XPO1,C0004238,0.4
XPO1,C0007131,0.6
XPO1,C0009404,0.4
XPO1,C0033578,0.5
XPO1,C0036572,0.4
XPO1,C0232939,0.4
XPO1,C0278701,0.4
XPO1,C0346629,0.6
XPO1,C1292754,0.75
XPO1,C2239176,0.65
XRCC3,C0006142,0.8
XRCC3,C0010054,0.65
XRCC3,C0010068,0.45
XRCC3,C0014859,0.6
XRCC3,C0017638,0.75
XRCC3,C0018671,0.4
XRCC3,C0020538,0.45
XRCC3,C0023176,0.5
XRCC3,C0025202,0.6
XRCC3,C0025286,0.45
XRCC3,C0025500,0.4
XRCC3,C0026764,0.7
XRCC3,C0027051,0.55
XRCC3,C0027626,0.4
XRCC3,C0030297,0.45
XRCC3,C0037286,0.4
XRCC3,C0038356,0.4
XRCC3,C0085136,0.45
XRCC3,C0151744,0.45
XRCC3,C0151779,0.6
XRCC3,C0153458,0.45
XRCC3,C0153459,0.45
XRCC3,C0153460,0.45
XRCC3,C0153463,0.45
XRCC3,C0206710,0.4
XRCC3,C0264694,0.45
XRCC3,C0348374,0.45
XRCC3,C0555198,0.45
XRCC3,C1334698,0.45
XRCC3,C1368295,0.4
XRCC3,C1458155,0.4
XRCC3,C1512419,0.45
XRCC3,C3151417,0.4
XRCC3,C3469522,0.4
XRCC3,C3665419,0.45
XRCC6,C0152013,0.65
XRCC6,C1335060,0.4
YAP1,C0006118,0.6
YAP1,C0009363,0.65
YAP1,C0009404,0.6
YAP1,C0018916,0.7
YAP1,C0026764,0.65
YAP1,C0027626,0.4
YAP1,C0027819,0.7
YAP1,C0206656,0.65
YAP1,C0206732,0.75
YAP1,C0795902,0.45
YAP1,C0919267,0.75
YAP1,C1168401,0.85
YAP1,C1458155,0.75
YAP1,C2239176,0.85
YAP1,C3539878,0.85
YAP1,C3805432,0.4
YAP1,C4305003,0.4
YARS1,C0002871,0.45
YARS1,C0007959,0.8
YARS1,C0023522,0.4
YARS1,C0035304,0.5
YARS1,C0085605,0.5
YARS1,C0175754,0.45
YARS1,C0232939,0.45
YARS1,C0239998,0.4
YARS1,C0557874,0.5
YARS1,C0860204,0.45
YARS1,C1842237,1.0
YARS1,C1864903,0.5
YARS1,C2609414,0.4
YARS1,C2711227,0.45
YARS1,C3874334,0.4
YARS1,C4015728,0.4
YARS1,C4022738,0.4
YARS1,C5543623,0.45
YBX1,C0009375,0.4
YBX1,C0027643,0.4
YBX1,C1458155,0.7
YIF1B,C5436856,0.8
YWHAZ,C0005586,0.65
YWHAZ,C0007097,0.4
YWHAZ,C0027643,0.4
YWHAZ,C0036349,0.5
YWHAZ,C0553707,0.4
YWHAZ,C1368683,0.4
YWHAZ,C5680502,0.4
YY1,C0007873,0.4
YY1,C0011881,0.65
YY1,C0018801,0.7
YY1,C0018802,0.7
YY1,C0019693,0.5
YY1,C0021670,0.75
YY1,C0025362,0.45
YY1,C0026764,0.65
YY1,C1535926,0.6
YY1,C3714756,0.65
YY1,C4479652,0.9
YY1,C5231409,0.4
ZBTB16,C0023487,0.9
ZBTB16,C0027626,0.4
ZBTB16,C0033578,0.5
ZBTB16,C0041696,0.5
ZBTB16,C1269683,0.5
ZBTB16,C1961099,0.5
ZBTB16,C2676231,0.45
ZBTB7A,C0017636,0.6
ZBTB7A,C0023467,0.6
ZBTB7A,C0033578,0.4
ZBTB7A,C0278878,0.4
ZBTB7A,C1514422,0.4
ZBTB7A,C4022738,0.4
ZBTB7A,C5676928,0.5
ZEB1,C0010035,0.65
ZEB1,C0010036,0.65
ZEB1,C0014170,0.5
ZEB1,C0016781,0.75
ZEB1,C0017601,0.45
ZEB1,C0027626,0.4
ZEB1,C0029171,0.4
ZEB1,C0029172,0.6
ZEB1,C0036920,0.6
ZEB1,C0079773,0.65
ZEB1,C0151744,0.4
ZEB1,C0238463,0.6
ZEB1,C0339284,0.8
ZEB1,C0376407,0.4
ZEB1,C0919267,0.75
ZEB1,C1458155,0.75
ZEB1,C1836724,0.8
ZEB1,C1852555,0.65
ZEB1,C2750448,0.6
ZEB1,C3665386,0.45
ZFHX3,C0004238,1.0
ZFHX3,C0007131,0.6
ZFHX3,C0028754,0.7
ZFHX3,C0033578,0.75
ZFHX3,C0038454,0.75
ZFHX3,C0087012,0.4
ZFHX3,C0152013,0.5
ZFHX3,C0349588,0.4
ZFHX3,C0376358,1.0
ZFHX3,C0752122,0.7
ZFHX3,C1335060,0.4
ZFHX3,C1535926,0.5
ZFHX3,C1837014,0.4
ZFHX3,C1837812,0.4
ZFHX3,C1843687,0.4
ZFHX3,C1862394,0.4
ZFHX3,C1969099,0.4
ZFHX3,C2239176,0.6
ZFHX3,C2677106,0.4
ZFHX3,C2677294,0.4
ZFHX3,C2751607,0.45
ZFHX3,C3151431,0.4
ZFHX3,C3151464,0.4
ZFHX3,C3279693,0.4
ZFHX3,C3279695,0.4
ZFHX3,C3468561,0.4
ZFHX3,C3809311,0.4
ZFHX3,C3809312,0.4
ZFHX3,C4014269,0.4
ZFHX3,C4015779,0.4
ZFHX3,C5681261,0.4
ZHX2,C3888239,0.4
